author_id	manifestation_id
"7f0e2187-c125-4c55-9cab-2df8a7a16788"	"bcb42947-4b7c-4966-a9ae-3ded62aec4bf"
"4d23d8cf-82ba-4c4e-842a-70dd363c32c6"	"b5c489ab-3e36-4db0-bada-04d7df6b40bb"
"a8f4267a-4228-4edf-acc7-f723f42083a0"	"9161ebc9-7816-4f2e-8158-64eeaea26d85"
"a8f4267a-4228-4edf-acc7-f723f42083a0"	"2f0075c5-d5cb-4922-b491-57c26b0e7005"
"a8f4267a-4228-4edf-acc7-f723f42083a0"	"b44d899f-8a5d-44b5-bbd9-940a4e7bcacb"
"a8f4267a-4228-4edf-acc7-f723f42083a0"	"f4c94f5b-566f-43c0-a66a-140d982fba4b"
"a8f4267a-4228-4edf-acc7-f723f42083a0"	"29efc3f9-bbce-4374-bd0c-50a9b600a3ba"
"a8f4267a-4228-4edf-acc7-f723f42083a0"	"053931e8-4619-4c83-8b10-364e5ee8fb66"
"a8f4267a-4228-4edf-acc7-f723f42083a0"	"a40d2292-fa28-4332-87c5-f035178124ab"
"045ab6b3-8d3f-4735-844c-b79685b14e31"	"3e9d158a-fe7c-4611-8939-74823bbd09b0"
"e934c964-656c-44b7-a275-c68c89579d19"	"ddb32ce3-1209-4d1f-aa17-a32a3fc6c8ea"
"e934c964-656c-44b7-a275-c68c89579d19"	"65034498-c8a2-4757-bf5a-5d046255d758"
"d1a52871-00e5-4f85-98b2-489f5da9ab49"	"7638cb0c-149b-472e-936d-307d29a34839"
"46b433b4-076c-475d-aee3-2ca12fca6185"	"e10d9caa-a668-402c-8009-4f1437fd4320"
"46b433b4-076c-475d-aee3-2ca12fca6185"	"bf578f71-17b7-4007-99b8-bfb02fcf5cd6"
"25139354-cd96-4e76-9da8-f935e934812b"	"2f0b89ef-a0da-4b1c-b60a-49dbbff18e75"
"25139354-cd96-4e76-9da8-f935e934812b"	"8b93c30f-2cae-44c6-9ae5-b720d4f3f4d5"
"25139354-cd96-4e76-9da8-f935e934812b"	"780bb6df-e2c8-4a4a-b9f1-1d32930eee44"
"25139354-cd96-4e76-9da8-f935e934812b"	"ecd4bc57-219c-4332-bb48-8cc682c053db"
"def4253a-16f7-4d53-ac9c-d0f51fb13e89"	"230526fc-bf2a-47f0-9273-e47c85ddccda"
"80a194e9-b864-46eb-8347-88908ec82184"	"a08a2ad5-d38c-4e8f-81f4-b7bb261aca30"
"80a194e9-b864-46eb-8347-88908ec82184"	"dbc85cf3-743f-417c-b3d8-040217ea8d61"
"b209e8b8-a394-4641-85a8-000f7cba257b"	"ee93a8d9-2bef-4baa-8a03-07a859fc312b"
"b209e8b8-a394-4641-85a8-000f7cba257b"	"f374d548-228d-4ea7-b8e4-4ae164e210b8"
"5f17d317-2a86-4a97-a029-25201084086f"	"17352fb6-17f2-4320-a733-7fe260417c4b"
"5f17d317-2a86-4a97-a029-25201084086f"	"588576e4-c248-4442-8e8d-3e53e127e91a"
"ed27b328-73d7-48fe-a68f-9b4d7cc4464c"	"4e7c4351-1ae7-4b2d-86ad-02dde19d3297"
"41a0fb6d-50c3-4e74-b319-fad5eeaf67bb"	"946973b8-9e77-45d8-acce-a5c08d92476f"
"045ab6b3-8d3f-4735-844c-b79685b14e31"	"5f87d1b7-76c4-4e37-ba09-24459e84cf0c"
"f54fe889-1acf-4ac4-a72e-d2aed8c7af8d"	"aec0ed8a-47df-4ac7-90bf-cdeed8250050"
"f54fe889-1acf-4ac4-a72e-d2aed8c7af8d"	"a941a8ba-7f2d-4891-8c23-0a8fa4d4bc75"
"80a194e9-b864-46eb-8347-88908ec82184"	"9b422405-fab8-454f-8d44-386ef45b5d13"
"def4253a-16f7-4d53-ac9c-d0f51fb13e89"	"a6f76ee0-749b-42d4-bcd9-358b4e9b978b"
"def4253a-16f7-4d53-ac9c-d0f51fb13e89"	"0933e016-a371-4735-98ca-b72246a1c938"
"def4253a-16f7-4d53-ac9c-d0f51fb13e89"	"453c3d59-7aa2-4910-9d11-5b0904b69608"
"def4253a-16f7-4d53-ac9c-d0f51fb13e89"	"04ece791-9d41-4860-b43e-85cc99bc50fc"
"def4253a-16f7-4d53-ac9c-d0f51fb13e89"	"aab61506-afb7-4191-aaa5-d7b783d7f35f"
"1c83a0ac-f202-4ca4-b5e6-5f9268ac8b01"	"171dde55-3d7f-41f3-b16d-427abb6988c7"
"80a194e9-b864-46eb-8347-88908ec82184"	"2f07b81f-ee9a-474e-933f-9d3f58f3840a"
"80a194e9-b864-46eb-8347-88908ec82184"	"b93a7e3a-3f83-434c-bab2-5b20e8f46fba"
"ca5fd90f-e287-4427-bca6-da43931f0e58"	"a7f2b0e4-d6ab-4b91-9718-5966c4648867"
"ca5fd90f-e287-4427-bca6-da43931f0e58"	"0e6e7ffb-e55e-4a44-8b8a-8950b638a9d4"
"ca5fd90f-e287-4427-bca6-da43931f0e58"	"7cb76e58-8802-4682-9a6b-571b698f5ff2"
"ca5fd90f-e287-4427-bca6-da43931f0e58"	"05f879b0-3279-4f73-8f82-84651260bdc6"
"ca5fd90f-e287-4427-bca6-da43931f0e58"	"7883d9d1-bc65-47c9-8eb2-b7bc3df0418e"
"ca5fd90f-e287-4427-bca6-da43931f0e58"	"335094e2-9da4-405b-b5ff-c4138d3a0aa0"
"ca5fd90f-e287-4427-bca6-da43931f0e58"	"f5294589-d044-4096-9828-c4de8f18033d"
"ca5fd90f-e287-4427-bca6-da43931f0e58"	"2b932b2e-e2d1-4fae-884f-eef301046bd0"
"ca5fd90f-e287-4427-bca6-da43931f0e58"	"2e14af5a-4d6c-47ed-b52f-e4353ee49f92"
"ca5fd90f-e287-4427-bca6-da43931f0e58"	"24204698-0a9c-4099-818d-5e96d50963e2"
"ca5fd90f-e287-4427-bca6-da43931f0e58"	"fbf00d5e-4ba2-426c-8a45-948b22ca4c58"
"ca5fd90f-e287-4427-bca6-da43931f0e58"	"66bfe7e9-001d-450b-bcfd-4f469b8c3a9d"
"ca5fd90f-e287-4427-bca6-da43931f0e58"	"e375ade8-e69f-4fa3-afec-d4737ed1ddf4"
"ca5fd90f-e287-4427-bca6-da43931f0e58"	"487316c4-ca8c-46fb-8ca1-edc674f1942c"
"ca5fd90f-e287-4427-bca6-da43931f0e58"	"f734f7ff-658f-49a1-a3b5-91a86a1b333d"
"ca5fd90f-e287-4427-bca6-da43931f0e58"	"4382ffe0-8ade-4390-b8d3-676c4c548488"
"ca5fd90f-e287-4427-bca6-da43931f0e58"	"ca993765-dd14-4a38-8036-3fbaa7445e22"
"ca5fd90f-e287-4427-bca6-da43931f0e58"	"de64ab67-20cf-49c4-a8da-1dea303f8a2a"
"ca5fd90f-e287-4427-bca6-da43931f0e58"	"592a4d97-7113-40ef-9b17-e962cfb52959"
"ca5fd90f-e287-4427-bca6-da43931f0e58"	"2bb92c0e-27d9-4e4d-8a34-9fd2fe99833a"
"ca5fd90f-e287-4427-bca6-da43931f0e58"	"8b9343ed-0d92-4be2-92eb-ce3a0493760b"
"0ca228a8-e69a-48a2-b4c0-302594597bfc"	"80046511-63dc-444f-90de-88a3f2a10fb8"
"0ca228a8-e69a-48a2-b4c0-302594597bfc"	"f535c915-83e0-4027-8321-a4b25b5da245"
"0ca228a8-e69a-48a2-b4c0-302594597bfc"	"faf70438-4339-4949-b4f0-86c62a3a0103"
"dd0f7167-cfcc-45bc-a490-168c870e7cc8"	"ea13dedc-50ab-4845-96b8-54f28591afa2"
"dd0f7167-cfcc-45bc-a490-168c870e7cc8"	"1c1a5fb3-c9d0-4363-ae00-b7438ac154d6"
"dd0f7167-cfcc-45bc-a490-168c870e7cc8"	"717f721b-8cd7-4228-9f1e-5f2c891e3604"
"0ca228a8-e69a-48a2-b4c0-302594597bfc"	"0219d0b1-bb90-4a4d-ac87-93e6af8a6a5c"
"0ca228a8-e69a-48a2-b4c0-302594597bfc"	"0f76a4e7-2f68-4298-bbd2-5cb4f947666b"
"0ca228a8-e69a-48a2-b4c0-302594597bfc"	"633ffc57-d145-4c63-b28e-c8178ff5d66a"
"a5876d51-0526-40fc-bfca-be81eff48209"	"be815750-8ce7-451e-ab3e-d8c98a011a88"
"0ca228a8-e69a-48a2-b4c0-302594597bfc"	"61851a3d-1a7a-4d24-843a-e08834fc7ce7"
"0ca228a8-e69a-48a2-b4c0-302594597bfc"	"43504fa6-9558-4762-9b76-1a47804a0ec7"
"0ca228a8-e69a-48a2-b4c0-302594597bfc"	"a5e28f17-7323-4a87-b6a8-21050ee7eb32"
"dd0f7167-cfcc-45bc-a490-168c870e7cc8"	"d36651da-ae27-4722-8441-c5136bd6dd43"
"a5876d51-0526-40fc-bfca-be81eff48209"	"1f3da80e-ddcd-4601-9f96-279f37aa8f15"
"0ca228a8-e69a-48a2-b4c0-302594597bfc"	"ce660570-bef8-4b8a-a9b6-f6551dee0209"
"dd0f7167-cfcc-45bc-a490-168c870e7cc8"	"29c9af07-0a52-4719-bc1e-8d0c811742bc"
"1c83a0ac-f202-4ca4-b5e6-5f9268ac8b01"	"ce0a5a1b-450c-4021-8168-5d7560704c6d"
"1c83a0ac-f202-4ca4-b5e6-5f9268ac8b01"	"bf7e857a-0af7-48b6-9577-ab52fadbf0ab"
"1c83a0ac-f202-4ca4-b5e6-5f9268ac8b01"	"eceea297-b51f-4f29-b86c-ebcd2912b063"
"1c83a0ac-f202-4ca4-b5e6-5f9268ac8b01"	"ba0056f5-22c7-4fca-925f-3511c35a755c"
"1c83a0ac-f202-4ca4-b5e6-5f9268ac8b01"	"382257fc-52bb-4c0d-af84-6009935a569f"
"1c83a0ac-f202-4ca4-b5e6-5f9268ac8b01"	"ac310c0d-7267-4666-ba27-b3f0381a8334"
"1c83a0ac-f202-4ca4-b5e6-5f9268ac8b01"	"322102cf-49b4-449b-9ca5-57a8b856aa48"
"644a5700-be1b-4de2-be9b-4302bb384833"	"47c44883-076e-46f7-8174-626ee998ce62"
"a8f4267a-4228-4edf-acc7-f723f42083a0"	"538736ae-c554-4dd8-a1a9-d7c353c0bea3"
"a8f4267a-4228-4edf-acc7-f723f42083a0"	"556ac184-321b-4475-860e-7dcaee23109b"
"a8f4267a-4228-4edf-acc7-f723f42083a0"	"e0a2f5cc-0007-4848-b442-9fc6d46acd6c"
"a8f4267a-4228-4edf-acc7-f723f42083a0"	"2dd26ce5-eeca-4dca-a44f-ad234837d28e"
"a8f4267a-4228-4edf-acc7-f723f42083a0"	"95ed33ff-b9f7-4126-9593-e42d2ce00a61"
"a8f4267a-4228-4edf-acc7-f723f42083a0"	"80b756b6-2853-432f-89da-905188d7c5f4"
"4b1b1ab3-6f5b-49be-b664-d3e88e275b04"	"388462d6-328f-47cb-a3ba-6c9ad8a341cc"
"4b1b1ab3-6f5b-49be-b664-d3e88e275b04"	"98660324-294a-4cd6-acb4-7eb33b726f9a"
"d1a52871-00e5-4f85-98b2-489f5da9ab49"	"a293b685-ceaa-412c-9b3e-9f8856167ab4"
"9fc54ba9-5949-4794-bcc3-74c48ab79786"	"f674c8b7-8c0f-4b90-85fd-c69a3be4033a"
"64c89a9f-c0a8-4dd9-99df-1dd795dcbc80"	"cdb126b7-e557-4fd8-b9ba-fda98f23ede4"
"64c89a9f-c0a8-4dd9-99df-1dd795dcbc80"	"ed9685f0-71c1-4485-a067-2d3b36fed53b"
"64c89a9f-c0a8-4dd9-99df-1dd795dcbc80"	"322f749b-6f86-4e5c-97e3-5e950120fdb7"
"64c89a9f-c0a8-4dd9-99df-1dd795dcbc80"	"4cbda9c0-2a1d-4089-a72d-1c6c153d081c"
"64c89a9f-c0a8-4dd9-99df-1dd795dcbc80"	"3689cca3-2e61-4100-9c60-e6687a5cf943"
"64c89a9f-c0a8-4dd9-99df-1dd795dcbc80"	"6203b402-3691-4239-b970-a3445f13e525"
"64c89a9f-c0a8-4dd9-99df-1dd795dcbc80"	"a49cbfb2-c54e-440d-bfe0-1cda290620d8"
"64c89a9f-c0a8-4dd9-99df-1dd795dcbc80"	"1c28c459-9a44-4951-a45d-3c06538a48c5"
"64c89a9f-c0a8-4dd9-99df-1dd795dcbc80"	"39dbf449-67a5-43f3-8741-c9f50c548d9c"
"64c89a9f-c0a8-4dd9-99df-1dd795dcbc80"	"57e53fb0-c216-40eb-9d78-ff9366863c80"
"64c89a9f-c0a8-4dd9-99df-1dd795dcbc80"	"ac095dcf-21d2-4810-89b1-db35fe3504a4"
"64c89a9f-c0a8-4dd9-99df-1dd795dcbc80"	"d68e0317-2fa9-480c-a24e-3b6e826212e7"
"64c89a9f-c0a8-4dd9-99df-1dd795dcbc80"	"da5a285d-0fa1-46b8-b422-a7d9ce94d15a"
"64c89a9f-c0a8-4dd9-99df-1dd795dcbc80"	"1874e3b9-514e-40a6-8adf-71262c98291c"
"64c89a9f-c0a8-4dd9-99df-1dd795dcbc80"	"a78a7976-62ed-4fb0-9de1-83161a054709"
"64c89a9f-c0a8-4dd9-99df-1dd795dcbc80"	"8442c596-95a9-4f01-83e6-24470e488dfb"
"64c89a9f-c0a8-4dd9-99df-1dd795dcbc80"	"dc2b0a50-5ad0-4315-a691-99baa69c290b"
"64c89a9f-c0a8-4dd9-99df-1dd795dcbc80"	"7a69ec0b-82ad-467c-9905-676e4a2ac618"
"82dc3073-5846-4447-942c-11e5df43d084"	"efff411b-9907-4714-922f-cde0726cd00a"
"82dc3073-5846-4447-942c-11e5df43d084"	"efa1a4a0-1dc5-4482-afbe-6408200d3ba0"
"82dc3073-5846-4447-942c-11e5df43d084"	"3c58f1d7-fce2-4e58-b21a-0f42bd0ad269"
"ca5fd90f-e287-4427-bca6-da43931f0e58"	"b051ba84-a5ee-48b8-91c7-1d3c1105c253"
"03d9b3d3-4a0c-47d7-9bad-db9759f9a1a8"	"bbd0c7c4-368b-4eee-955d-340a5e6e16fd"
"03d9b3d3-4a0c-47d7-9bad-db9759f9a1a8"	"b4685920-cd28-44f2-baba-d05d0a31c125"
"03d9b3d3-4a0c-47d7-9bad-db9759f9a1a8"	"55896634-2410-49a0-8bcd-2bb53c5cc147"
"65061356-ff8e-4a18-a032-c8af57d7e566"	"70e210d8-9961-41aa-8af0-4b3c5514a118"
"65061356-ff8e-4a18-a032-c8af57d7e566"	"b58eb28e-95d9-49dd-84ca-f5cbe1caa9cd"
"82dc3073-5846-4447-942c-11e5df43d084"	"50dc0134-9dbd-4e7c-a95c-ae1e07b024a2"
"65061356-ff8e-4a18-a032-c8af57d7e566"	"8ba1d7d0-1877-4c64-a747-bd541b9e960f"
"82dc3073-5846-4447-942c-11e5df43d084"	"254052aa-0727-4d45-ad16-6f08bae7acc1"
"82dc3073-5846-4447-942c-11e5df43d084"	"9ed73071-5d4e-4f03-9e53-a5c0cb40ab8c"
"be09d770-1240-4cec-948b-52358b62087c"	"836d12ca-993d-4f63-a1fc-4d1e856d4ed1"
"8db49d4e-7448-4cbe-b4e7-31a9e8a3627a"	"62ed9c0e-a2ad-4d18-8498-5c7df9cebe8a"
"d1a52871-00e5-4f85-98b2-489f5da9ab49"	"25d8086c-a035-44aa-937b-d92386d9b8e9"
"eb1b4167-8ddd-4564-b769-e967f7e065fd"	"e8f6d848-0517-41a2-b432-12a505b28470"
"fc3525bb-d64c-490e-96c3-7ef467de0e43"	"0d514b1c-ae9c-4674-87c6-679d9c866553"
"fc3525bb-d64c-490e-96c3-7ef467de0e43"	"6bb1e054-68b2-48b5-a3f8-a105ac6e4422"
"b3d65013-e8f0-4989-b4bf-a5a4515e1cb2"	"2891ace9-e52c-47ff-be40-39e96fc8f51c"
"b3d65013-e8f0-4989-b4bf-a5a4515e1cb2"	"8d80fdbf-6ea7-4d0a-93ad-1abff59168e7"
"518c6efb-6333-4c68-b22a-c8f36ca44271"	"9cd11580-dd02-4f40-b5b5-509e640aa29e"
"8227d7c6-74d0-49a4-b2a2-7ef92101a635"	"c36f04d0-4f73-4cd2-be8c-2c10d22272db"
"ed27b328-73d7-48fe-a68f-9b4d7cc4464c"	"1c7a84e5-3a1f-422a-8aff-6744ceadf5e5"
"ed27b328-73d7-48fe-a68f-9b4d7cc4464c"	"8eac8e25-0fd6-41de-a559-f6675284acb5"
"9fc54ba9-5949-4794-bcc3-74c48ab79786"	"af63e928-57de-4328-ac25-e21764f54ca9"
"25139354-cd96-4e76-9da8-f935e934812b"	"cd983fd2-d905-49c8-a353-246fa12baf05"
"a8f4267a-4228-4edf-acc7-f723f42083a0"	"af1123f0-e06e-4cfa-9a50-bb8785e23a9d"
"a8f4267a-4228-4edf-acc7-f723f42083a0"	"443ace9e-6f55-4dc0-be82-1a9fed98defc"
"a8f4267a-4228-4edf-acc7-f723f42083a0"	"8b8e8cf4-ffaa-4332-b835-a26ad6b8d818"
"a8f4267a-4228-4edf-acc7-f723f42083a0"	"a1679d12-9c3c-49f2-ad2c-5339bc17bdd9"
"a6d818a0-4321-46ff-be7e-d9517d5c89a8"	"7fa39720-684f-410b-8140-738d4be2c341"
"def4253a-16f7-4d53-ac9c-d0f51fb13e89"	"4ee2cf42-67f7-4944-96a0-dbfbf8df8dde"
"a4e19fe9-f405-4785-bcc4-829a0d279ead"	"edbe7fab-9490-4932-b46c-3ad72751db19"
"97350925-7305-460b-8505-ae3a5babc320"	"a789a3e6-5400-4d42-9e49-d11d76b22775"
"4b1b1ab3-6f5b-49be-b664-d3e88e275b04"	"fa2751a2-6716-4493-957e-c580dcf574bb"
"4b1b1ab3-6f5b-49be-b664-d3e88e275b04"	"ec9381ff-fc61-46a7-ad65-01a169badc92"
"4b1b1ab3-6f5b-49be-b664-d3e88e275b04"	"34ffa0ff-0b74-49a7-bbbd-848db7faf0ef"
"4b1b1ab3-6f5b-49be-b664-d3e88e275b04"	"6c307ee8-161b-4fc1-9e4a-c9301ecb0490"
"4b1b1ab3-6f5b-49be-b664-d3e88e275b04"	"acedae5f-b3ec-4f71-9c39-0c60f7390ef0"
"4b1b1ab3-6f5b-49be-b664-d3e88e275b04"	"c01d2272-4870-4d85-9bf5-62b1bcded045"
"49c3943d-e59b-49ba-a2ef-30cab20c4c17"	"bc64c0c4-50c7-4048-b515-a8d0a9727d45"
"49c3943d-e59b-49ba-a2ef-30cab20c4c17"	"f85b2289-8611-4b34-8159-f0b27b96e3ba"
"8db49d4e-7448-4cbe-b4e7-31a9e8a3627a"	"73e515b0-102a-4a7e-ad62-bafd5e8254f8"
"8db49d4e-7448-4cbe-b4e7-31a9e8a3627a"	"3ef61831-ab84-43f7-bb15-e5c8474b3a3e"
"8db49d4e-7448-4cbe-b4e7-31a9e8a3627a"	"ac1ff9c5-c6e4-44db-a7e0-11e13b748a0f"
"8db49d4e-7448-4cbe-b4e7-31a9e8a3627a"	"19aa25eb-eb7d-4a75-9ba9-a5d5ef641af7"
"8db49d4e-7448-4cbe-b4e7-31a9e8a3627a"	"1b3e9fb0-8714-44ac-9ea5-6450d4642394"
"8db49d4e-7448-4cbe-b4e7-31a9e8a3627a"	"eac786c1-bdc6-43aa-8783-6bf1298f062c"
"8db49d4e-7448-4cbe-b4e7-31a9e8a3627a"	"709dac17-8672-472a-8942-93cc64b07d29"
"8db49d4e-7448-4cbe-b4e7-31a9e8a3627a"	"b2e726f8-34cf-4254-b3b6-3ba81a2a017a"
"d40701fa-bc76-4a3e-82d1-af230fb191aa"	"0f15e2e7-f17e-4efa-b0ac-2c80a2b1f79b"
"8db49d4e-7448-4cbe-b4e7-31a9e8a3627a"	"cd40439b-c996-4146-8915-b9eb76af4198"
"8db49d4e-7448-4cbe-b4e7-31a9e8a3627a"	"0206ca85-3449-4a08-85cf-2af26049bda0"
"8db49d4e-7448-4cbe-b4e7-31a9e8a3627a"	"c65015f4-3a29-4131-a409-84e1944c4d84"
"49c3943d-e59b-49ba-a2ef-30cab20c4c17"	"20558668-4171-422f-831e-0c25d23364a7"
"1bca3168-8aa0-43bf-a249-5ba7bb5d1583"	"3bea714f-4c19-4c79-ac5b-1e7369784c36"
"d40701fa-bc76-4a3e-82d1-af230fb191aa"	"673c51d3-20b4-401a-a4bc-36e33e6d948a"
"d40701fa-bc76-4a3e-82d1-af230fb191aa"	"1839f9f8-fdb1-4524-ba3a-24f8442aa262"
"9fc54ba9-5949-4794-bcc3-74c48ab79786"	"a39a6f57-d940-41e5-90f4-a6c2679c2926"
"4b8601a9-d25b-4dfe-9bdb-5e9b81a7d185"	"eee9033e-d3d9-45db-a00a-9bf86c446e6a"
"4b8601a9-d25b-4dfe-9bdb-5e9b81a7d185"	"fd0aecfc-72c8-48e5-9bbf-a2f878d42e0f"
"ed27b328-73d7-48fe-a68f-9b4d7cc4464c"	"b2b11a38-62d0-4fcd-9809-f67f3695ea21"
"0281db76-585b-4848-8e18-cc75dffbd23d"	"3932a26a-2161-4592-8122-1b62583cb74e"
"0281db76-585b-4848-8e18-cc75dffbd23d"	"300fad39-2438-469b-a988-6263aa039ba9"
"0281db76-585b-4848-8e18-cc75dffbd23d"	"c61b61cf-1888-4271-922b-4ec3462f0e67"
"045ab6b3-8d3f-4735-844c-b79685b14e31"	"20cda6d9-d0ed-4a25-bc90-8a484295ea6c"
"2888948b-8614-41d2-b453-425c7eb30c5b"	"45a3e14f-fc94-4cb1-89ce-5655bb459140"
"2888948b-8614-41d2-b453-425c7eb30c5b"	"456dd1ab-bb57-4e3a-9967-6270344a9929"
"045ab6b3-8d3f-4735-844c-b79685b14e31"	"371ec110-7f71-445b-8061-2695a6ba2ac6"
"41a0fb6d-50c3-4e74-b319-fad5eeaf67bb"	"120ed334-cbe4-4533-a71f-35477c2af61a"
"b209e8b8-a394-4641-85a8-000f7cba257b"	"9cbbf26e-67ef-4e00-add0-41976458ed5a"
"b3d65013-e8f0-4989-b4bf-a5a4515e1cb2"	"1a9adf7e-37ef-4ac1-a6a1-a76aa1bc0d41"
"827df0a3-0475-4675-95ca-16fa1b2e21ef"	"e8399227-24b2-46e2-86cc-7966046d40c0"
"b209e8b8-a394-4641-85a8-000f7cba257b"	"4fc3844d-2436-428d-b485-b0838e44cc46"
"b209e8b8-a394-4641-85a8-000f7cba257b"	"aefc7452-599f-4a75-b5e1-930c99c955fb"
"4b1b1ab3-6f5b-49be-b664-d3e88e275b04"	"f900fcc5-a06b-4539-a727-ca290671b2c4"
"4b1b1ab3-6f5b-49be-b664-d3e88e275b04"	"5af13dc9-0680-4b9e-99f5-d85e8e65f9f1"
"65061356-ff8e-4a18-a032-c8af57d7e566"	"1fed316b-d3ab-4603-947b-981d9effd7ed"
"65061356-ff8e-4a18-a032-c8af57d7e566"	"fea52e89-d826-46fb-82b6-c841e8767ada"
"65061356-ff8e-4a18-a032-c8af57d7e566"	"942a8803-6b9e-4a90-9f2a-94ee4b1a3f16"
"0ca228a8-e69a-48a2-b4c0-302594597bfc"	"87369cf8-a7ae-4ab8-a700-c16e85e906c6"
"4b1b1ab3-6f5b-49be-b664-d3e88e275b04"	"812f44b0-1b38-4081-828b-dd0c052782bb"
"4b1b1ab3-6f5b-49be-b664-d3e88e275b04"	"b9774058-77cf-4c52-9169-085a5ee0bdad"
"82dc3073-5846-4447-942c-11e5df43d084"	"1e8b5945-6261-4e69-a546-9bd3363d95d4"
"82dc3073-5846-4447-942c-11e5df43d084"	"8bb20c75-6550-4773-ac35-c7abacf33b1b"
"4b1b1ab3-6f5b-49be-b664-d3e88e275b04"	"0b6612de-f4d1-419f-9d77-b48e22aa5d6c"
"4b1b1ab3-6f5b-49be-b664-d3e88e275b04"	"251615fb-654b-45e6-8049-66f3a47b7a08"
"4b1b1ab3-6f5b-49be-b664-d3e88e275b04"	"0798a406-ca5c-425c-aa36-6d52499f3ff2"
"4b1b1ab3-6f5b-49be-b664-d3e88e275b04"	"e3471cb1-d9cc-4d90-996a-b1d9151c1c1d"
"4b1b1ab3-6f5b-49be-b664-d3e88e275b04"	"e00367f9-2ecd-41b1-8f11-67b94e8e3f11"
"4b1b1ab3-6f5b-49be-b664-d3e88e275b04"	"453432b2-2f01-463f-9383-9c49bf41caa5"
"4b1b1ab3-6f5b-49be-b664-d3e88e275b04"	"eb1a72e0-d563-476c-a971-2395c14d0e05"
"9fc54ba9-5949-4794-bcc3-74c48ab79786"	"24966be1-7294-42ab-a5f4-8c6391c635dd"
"9fc54ba9-5949-4794-bcc3-74c48ab79786"	"82f52057-f7ec-4fc0-b1ac-a5e18afa3dc3"
"b3d65013-e8f0-4989-b4bf-a5a4515e1cb2"	"4f55a29b-4bed-4fdf-a85d-2037bf7ef27c"
"b3d65013-e8f0-4989-b4bf-a5a4515e1cb2"	"1bce7fe1-bf9e-482f-8784-9792208cf706"
"b3d65013-e8f0-4989-b4bf-a5a4515e1cb2"	"6b1f2ad6-ce84-4bac-af9a-06b941c0b3b2"
"b3d65013-e8f0-4989-b4bf-a5a4515e1cb2"	"4cd33c79-5d84-4232-a604-1c6d0a059fc7"
"4b1b1ab3-6f5b-49be-b664-d3e88e275b04"	"d962be4f-92bc-4dd4-99d4-d068d1b2486c"
"4b1b1ab3-6f5b-49be-b664-d3e88e275b04"	"ca38b178-fc1b-46be-8bdb-32a955bfd74a"
"4b1b1ab3-6f5b-49be-b664-d3e88e275b04"	"781b5775-08cd-4bd3-a275-12df24a0f0ea"
"4b1b1ab3-6f5b-49be-b664-d3e88e275b04"	"033aaeed-93b5-4d35-b895-c2c4d97af02a"
"4b1b1ab3-6f5b-49be-b664-d3e88e275b04"	"74696a5f-beed-4e7e-b13c-b39ed3b0ae35"
"4b1b1ab3-6f5b-49be-b664-d3e88e275b04"	"c631400a-97bc-4573-9d8b-fd28b4964a96"
"4b1b1ab3-6f5b-49be-b664-d3e88e275b04"	"8eae2e53-47b0-4270-b600-71f963622475"
"4b1b1ab3-6f5b-49be-b664-d3e88e275b04"	"d667e367-53b3-417d-8254-f6d79c1784e7"
"a14a743f-382b-40df-8b37-148c02c63689"	"bc9b6ffa-a1b4-4b9f-87cf-82d0fbb85915"
"959b8280-f576-4291-a63d-41626c882515"	"984efeca-8e25-4260-8c18-59190986fb85"
"0ca228a8-e69a-48a2-b4c0-302594597bfc"	"e8290a99-1c9b-4970-b831-2d4e5c8ee610"
"dd0f7167-cfcc-45bc-a490-168c870e7cc8"	"9d8ec60e-6d38-4874-bf93-7b976f26ecc4"
"ca5fd90f-e287-4427-bca6-da43931f0e58"	"a5123d5e-5e07-4ebf-a185-2832fe35643d"
"959b8280-f576-4291-a63d-41626c882515"	"00829d21-14be-4057-a8dc-d461e047b068"
"9fc54ba9-5949-4794-bcc3-74c48ab79786"	"0e75ada3-b032-4f9d-9b14-30f45507cf26"
"9e818819-2249-423b-97bc-483793b61b78"	"35971539-7e4e-4eb6-833f-8a0c94323227"
"82dc3073-5846-4447-942c-11e5df43d084"	"80e8a86e-a580-4b79-9671-4c5c437fe8fd"
"82dc3073-5846-4447-942c-11e5df43d084"	"80b5c084-8dda-4892-9666-f410484f3369"
"82dc3073-5846-4447-942c-11e5df43d084"	"e590aa80-3e24-475a-8ae8-b47d68368272"
"8fe9e68b-d300-4f5c-90c8-8d6e59268381"	"ca83bcd1-f5da-49fa-bb90-cd7500d6f775"
"a8f4267a-4228-4edf-acc7-f723f42083a0"	"c55ba2c5-d424-4f9b-95de-9129f8c67ebc"
"a8f4267a-4228-4edf-acc7-f723f42083a0"	"b686922d-683b-4d18-a6f4-5beb90770574"
"a8f4267a-4228-4edf-acc7-f723f42083a0"	"580cfe9b-be6f-40b6-a02a-1042df412e93"
"a8f4267a-4228-4edf-acc7-f723f42083a0"	"bb61432f-33b4-4150-9c89-1fa107f3d45f"
"a8f4267a-4228-4edf-acc7-f723f42083a0"	"d31fcd80-088a-4b90-9948-88e859384b47"
"a8f4267a-4228-4edf-acc7-f723f42083a0"	"bf3a9a75-9ee1-4baa-a93b-0968cc8456d1"
"a8f4267a-4228-4edf-acc7-f723f42083a0"	"2b6006d5-237b-4657-835a-c5021f0fa208"
"a8f4267a-4228-4edf-acc7-f723f42083a0"	"e0528f48-717d-4e93-a382-38494c031cdc"
"a8f4267a-4228-4edf-acc7-f723f42083a0"	"8f19b3d3-cc13-4906-bc98-dcd79a4c3a0f"
"a8f4267a-4228-4edf-acc7-f723f42083a0"	"a116441c-c145-4d47-bedc-b6ab6cc17b42"
"a8f4267a-4228-4edf-acc7-f723f42083a0"	"9ecc4e4f-5054-49f0-9026-227ef7a33dd5"
"a8f4267a-4228-4edf-acc7-f723f42083a0"	"d82dd40b-bedd-4dd0-948a-18597ce8850b"
"a8f4267a-4228-4edf-acc7-f723f42083a0"	"c4ecbc89-56dd-4f6a-9dc1-6800f5750bcd"
"a8f4267a-4228-4edf-acc7-f723f42083a0"	"fc4e2101-9c89-497c-96a6-52823ccdb415"
"a8f4267a-4228-4edf-acc7-f723f42083a0"	"dffef42a-a71b-4f0e-b866-fffa43359d7b"
"a8f4267a-4228-4edf-acc7-f723f42083a0"	"7ec0e8d7-3bc6-41b0-97f0-c6eae3d80f2e"
"a8f4267a-4228-4edf-acc7-f723f42083a0"	"90446476-39f1-46bb-b07b-f726d0269e80"
"a8f4267a-4228-4edf-acc7-f723f42083a0"	"c39939d6-8a67-45ea-bcad-46d7d6bcde5b"
"a8f4267a-4228-4edf-acc7-f723f42083a0"	"33613f25-ceaa-4cab-bc23-a8901b6d9bb2"
"a8f4267a-4228-4edf-acc7-f723f42083a0"	"ce116f63-14db-46a0-b5dd-3daf7f1ec82b"
"a8f4267a-4228-4edf-acc7-f723f42083a0"	"1c0caaac-fc55-47ec-937e-19336485cd74"
"a8f4267a-4228-4edf-acc7-f723f42083a0"	"c5c28b5c-88e7-446b-8aa2-9249ede189b2"
"a8f4267a-4228-4edf-acc7-f723f42083a0"	"299ccc22-fcf4-4d3c-8235-a778d418c009"
"a8f4267a-4228-4edf-acc7-f723f42083a0"	"76742a36-412d-4066-ac61-6758222a1ad5"
"a8f4267a-4228-4edf-acc7-f723f42083a0"	"8e718eb2-e60c-458b-937e-bf7ecba843c4"
"a8f4267a-4228-4edf-acc7-f723f42083a0"	"db4c9e93-45cd-4fd6-ba22-1a06e964309b"
"a8f4267a-4228-4edf-acc7-f723f42083a0"	"02255717-7ca8-457d-ae16-b16185ad2080"
"a8f4267a-4228-4edf-acc7-f723f42083a0"	"24de020f-cbb4-4388-8282-95ca83a03184"
"a8f4267a-4228-4edf-acc7-f723f42083a0"	"f3050820-a2a3-4ec2-a594-a89fa14e0306"
"a8f4267a-4228-4edf-acc7-f723f42083a0"	"c5bc4e9d-d56b-4eac-a0a4-c19108a9337e"
"a8f4267a-4228-4edf-acc7-f723f42083a0"	"e3891195-d294-4721-b311-f6f1861c241b"
"a8f4267a-4228-4edf-acc7-f723f42083a0"	"d514a883-f48a-4072-9baf-05bc113f1909"
"a6d818a0-4321-46ff-be7e-d9517d5c89a8"	"e4bcbda0-c89f-42c6-84a6-430c90a670a0"
"a6d818a0-4321-46ff-be7e-d9517d5c89a8"	"24edb79b-660c-423f-962f-63e8afd8c645"
"a6d818a0-4321-46ff-be7e-d9517d5c89a8"	"69915b88-671d-453c-b6b0-27d5f40e1de9"
"a6d818a0-4321-46ff-be7e-d9517d5c89a8"	"16ea13a5-e9dd-4d44-89e2-cbaf4a00f65b"
"a6d818a0-4321-46ff-be7e-d9517d5c89a8"	"68307157-53a5-4945-9b1e-f24cca434c06"
"a6d818a0-4321-46ff-be7e-d9517d5c89a8"	"70b90922-da3b-440e-ade7-29489d365ffb"
"a6d818a0-4321-46ff-be7e-d9517d5c89a8"	"eadd5866-0b06-498a-84dd-4892efb36f8f"
"9e818819-2249-423b-97bc-483793b61b78"	"a3c9df6f-761e-4054-9723-e57a3b721708"
"a6d818a0-4321-46ff-be7e-d9517d5c89a8"	"95d83660-1a14-4a3e-98e6-5e041d86fbca"
"a6d818a0-4321-46ff-be7e-d9517d5c89a8"	"78029a9d-3e2d-4fba-9207-62c5f76fc573"
"a6d818a0-4321-46ff-be7e-d9517d5c89a8"	"03e774f3-fcac-412e-95b9-86e7af7736d7"
"a6d818a0-4321-46ff-be7e-d9517d5c89a8"	"4caa824d-8ba8-413d-b93e-c771d25ce1f5"
"a6d818a0-4321-46ff-be7e-d9517d5c89a8"	"dfbabe33-36b8-4321-bc99-d4c32bc53eb4"
"1bca3168-8aa0-43bf-a249-5ba7bb5d1583"	"203dd33e-f66d-4530-9cf9-3f57179e8f53"
"f54fe889-1acf-4ac4-a72e-d2aed8c7af8d"	"b0443a7a-39f5-4118-a40d-218586ad3552"
"f54fe889-1acf-4ac4-a72e-d2aed8c7af8d"	"c25906d4-0838-420d-8e22-2c3b46345b79"
"f54fe889-1acf-4ac4-a72e-d2aed8c7af8d"	"b5ca08ee-6a82-4244-959a-e6dc96c09a41"
"b702758e-f9bc-4777-9cb1-73d46487e02f"	"240b3f1e-d86f-4f89-a345-ae496fbe302e"
"def4253a-16f7-4d53-ac9c-d0f51fb13e89"	"ae14a77c-7d4c-4ad4-b37d-307bd02371e0"
"278bd454-d356-4ae1-974f-48fbbff6260a"	"78990143-70c6-4722-bb7b-7067b44087b8"
"5f17d317-2a86-4a97-a029-25201084086f"	"89e1e698-79e2-446f-bd6d-ef885a2737a9"
"e0253b47-ac3e-430c-b004-e11d08af5161"	"51641250-fe96-413e-b15d-aa60d2418a64"
"e0253b47-ac3e-430c-b004-e11d08af5161"	"2ac04e53-5545-433c-a97b-623c6f0c5a43"
"a8f4267a-4228-4edf-acc7-f723f42083a0"	"eb5dd61b-f99b-4735-aafc-a6fa32424f1e"
"a8f4267a-4228-4edf-acc7-f723f42083a0"	"bcda7a8e-0bb6-4fc7-b971-5d3f4de6438d"
"a8f4267a-4228-4edf-acc7-f723f42083a0"	"d0ab7797-836e-4aa7-aa6d-7e822121a529"
"a8f4267a-4228-4edf-acc7-f723f42083a0"	"feb5ce6f-dacd-4cc4-9910-c8a28ad8ee6d"
"a8f4267a-4228-4edf-acc7-f723f42083a0"	"6eae5638-adc5-4140-8e2b-417c27d5a8a3"
"a8f4267a-4228-4edf-acc7-f723f42083a0"	"95fe45ae-9ba0-4f08-b03e-d13bbb3416c8"
"a8f4267a-4228-4edf-acc7-f723f42083a0"	"5fbfcb4a-6734-49ec-b1b6-246389ceeca3"
"a8f4267a-4228-4edf-acc7-f723f42083a0"	"488ad751-930d-401a-91f8-4e1e407d8efb"
"a8f4267a-4228-4edf-acc7-f723f42083a0"	"ddbeb427-0791-4594-ae80-555be7a04c5c"
"a8f4267a-4228-4edf-acc7-f723f42083a0"	"2eaa46b9-6b35-40c4-8520-c3b9f76eb79d"
"a8f4267a-4228-4edf-acc7-f723f42083a0"	"7a342eb6-5812-4ccb-8733-a45c89b2e4eb"
"a8f4267a-4228-4edf-acc7-f723f42083a0"	"57ec439c-9590-44ad-b5d8-03112dc2ea3c"
"a8f4267a-4228-4edf-acc7-f723f42083a0"	"6f237a0f-4416-4e39-9542-b5f19dfad6e7"
"a8f4267a-4228-4edf-acc7-f723f42083a0"	"aea68f8f-4286-4fd5-9378-1c1681a9c846"
"a8f4267a-4228-4edf-acc7-f723f42083a0"	"1a143805-1d1a-4ddf-aa7a-9b7b227305c1"
"a8f4267a-4228-4edf-acc7-f723f42083a0"	"041068d8-14a4-4745-bf9f-07a0c7317797"
"a8f4267a-4228-4edf-acc7-f723f42083a0"	"285b3a95-bd44-4a66-8816-1d5a5930b858"
"65061356-ff8e-4a18-a032-c8af57d7e566"	"5e2e95c4-3c81-4442-974c-1d47e2ebc293"
"65061356-ff8e-4a18-a032-c8af57d7e566"	"aca0ee68-bd21-4617-888b-12b5b96feed8"
"1c83a0ac-f202-4ca4-b5e6-5f9268ac8b01"	"f4a12d25-1358-4933-b0f2-ef891869bef2"
"65061356-ff8e-4a18-a032-c8af57d7e566"	"ff49632c-d704-4090-b1eb-e09042ab4e12"
"8fe9e68b-d300-4f5c-90c8-8d6e59268381"	"2434efaa-2f78-4fad-8d13-917320b68599"
"65061356-ff8e-4a18-a032-c8af57d7e566"	"597b355d-ed8f-4bbc-bc57-5c71e5c874dd"
"1c83a0ac-f202-4ca4-b5e6-5f9268ac8b01"	"48a274b5-931e-4497-ab07-744e1c992758"
"65061356-ff8e-4a18-a032-c8af57d7e566"	"6cba5a07-fc88-4660-b3d9-4288e37c6743"
"ed27b328-73d7-48fe-a68f-9b4d7cc4464c"	"3756f359-5276-452d-a8fa-b577dacc752b"
"7f0e2187-c125-4c55-9cab-2df8a7a16788"	"edac5e8b-86bb-4a11-b2aa-4806702f2005"
"a8f4267a-4228-4edf-acc7-f723f42083a0"	"3adb24d9-cb38-4c9e-84f3-6b85a63b08eb"
"49666e0b-8ee7-4161-981c-15023a346828"	"dd67e945-c876-4603-ad8c-ea92336a4b7b"
"49666e0b-8ee7-4161-981c-15023a346828"	"cefa7be6-c874-4eb0-a4b4-04b27577ee17"
"49666e0b-8ee7-4161-981c-15023a346828"	"25706d95-ba5d-49de-93a9-f69ffe0661b8"
"49666e0b-8ee7-4161-981c-15023a346828"	"7c7ee1b1-0d43-4c9e-ab71-95e829918e75"
"80a194e9-b864-46eb-8347-88908ec82184"	"36ae605e-2a10-4546-a062-212b257d09e5"
"80a194e9-b864-46eb-8347-88908ec82184"	"e6138a14-e06d-48d5-a77e-0ee549aaf30b"
"80a194e9-b864-46eb-8347-88908ec82184"	"bc9e9c00-5af3-4c22-ae25-dc901879e51b"
"80a194e9-b864-46eb-8347-88908ec82184"	"ddca1b89-ed38-477a-aeec-f6c66486bcf7"
"80a194e9-b864-46eb-8347-88908ec82184"	"3e68c5c1-6fbd-4f54-9d13-08be3f6538c5"
"def4253a-16f7-4d53-ac9c-d0f51fb13e89"	"22ffd898-90c4-423b-949d-57fc6493a578"
"80a194e9-b864-46eb-8347-88908ec82184"	"a8d77837-3744-4d8f-aca7-e6e291823a79"
"5c4e20a4-d515-41a6-8d7c-b8852d6aedd5"	"283e7838-d05c-4ab6-8812-f8713953536d"
"80a194e9-b864-46eb-8347-88908ec82184"	"e916276c-6419-4e93-8e94-f62b226911c8"
"ed24dd49-c188-4eb3-ab6e-60e82029cf0c"	"6ccac23c-2094-4268-9da7-22537cfb7ffa"
"b209e8b8-a394-4641-85a8-000f7cba257b"	"bdb4860c-abcb-4383-ba9e-b98e9b2bfcb4"
"a8f4267a-4228-4edf-acc7-f723f42083a0"	"4845aa32-cd13-4be1-b796-e75f1cb8cb69"
"b209e8b8-a394-4641-85a8-000f7cba257b"	"d592251b-5261-43ab-a500-e6628b05f888"
"49c3943d-e59b-49ba-a2ef-30cab20c4c17"	"0283bf2f-c6fe-4a68-9fdb-9c2c616539fd"
"a8f4267a-4228-4edf-acc7-f723f42083a0"	"829c6d5c-fe7c-4fb6-bd2c-4e0122496f3f"
"a8f4267a-4228-4edf-acc7-f723f42083a0"	"533453a0-12fd-404e-b8b3-ff70decadeb3"
"a8f4267a-4228-4edf-acc7-f723f42083a0"	"82a54460-a2fc-4d7e-bd60-444ef104de9b"
"a8f4267a-4228-4edf-acc7-f723f42083a0"	"199a2b10-d423-4817-957b-b13fd0ff5809"
"a8f4267a-4228-4edf-acc7-f723f42083a0"	"03b0c068-1958-484f-9d48-f539e7635d4a"
"a8f4267a-4228-4edf-acc7-f723f42083a0"	"3b78fa23-8354-40d1-87e7-0e4d02708e83"
"a8f4267a-4228-4edf-acc7-f723f42083a0"	"d957d1f9-7c98-4d26-996d-f711cd63381a"
"a8f4267a-4228-4edf-acc7-f723f42083a0"	"37e3ed54-a831-4c6d-b415-0a8112407f60"
"a8f4267a-4228-4edf-acc7-f723f42083a0"	"5dde51df-94c2-4baf-a449-93bc5d56f1da"
"a8f4267a-4228-4edf-acc7-f723f42083a0"	"ad0079b1-96bb-43a7-ac67-bcc3ea94049f"
"a8f4267a-4228-4edf-acc7-f723f42083a0"	"451a6587-05c8-4c44-9e1b-1d4dfa09ea01"
"65061356-ff8e-4a18-a032-c8af57d7e566"	"d2efdb64-bdbb-45cd-bb8e-be7fd028415b"
"65061356-ff8e-4a18-a032-c8af57d7e566"	"a12c885a-7c2e-484e-b00c-c7a5a033b86e"
"82dc3073-5846-4447-942c-11e5df43d084"	"ac2e87a0-7b4f-4794-99e4-0011761e42c6"
"82dc3073-5846-4447-942c-11e5df43d084"	"9d06c6ef-2f1f-41a6-b09d-78ea7f13aee4"
"65061356-ff8e-4a18-a032-c8af57d7e566"	"a7b17869-9372-493e-8592-1d0f8b5a5851"
"65061356-ff8e-4a18-a032-c8af57d7e566"	"3ab526b5-6cc3-4037-8c97-2d0a261e10ee"
"82dc3073-5846-4447-942c-11e5df43d084"	"9fd4b27d-835b-4e16-9877-cfae662da14b"
"82dc3073-5846-4447-942c-11e5df43d084"	"1dabec50-289f-4ef6-9b51-0af46fd6d872"
"82dc3073-5846-4447-942c-11e5df43d084"	"6fd4bde3-e004-45a2-8f49-db2ebcb0cbcc"
"82dc3073-5846-4447-942c-11e5df43d084"	"c27de542-8043-4703-b8c6-6cae78601f1a"
"82dc3073-5846-4447-942c-11e5df43d084"	"0ab86a1a-09f9-4746-92b1-8257d35daf46"
"82dc3073-5846-4447-942c-11e5df43d084"	"7043bf04-8a5d-4e87-982d-0d82e3c5f16d"
"65061356-ff8e-4a18-a032-c8af57d7e566"	"d2344aa6-8150-455a-9353-0d8626af47c9"
"65061356-ff8e-4a18-a032-c8af57d7e566"	"b362cd0f-f493-49c7-ba5d-5f3b68bc9ee7"
"65061356-ff8e-4a18-a032-c8af57d7e566"	"6f398fef-5be3-47f8-8ea6-ddb41ab207b5"
"65061356-ff8e-4a18-a032-c8af57d7e566"	"742f384b-3e34-4c05-8594-58d6bf7ba0c1"
"65061356-ff8e-4a18-a032-c8af57d7e566"	"ed1cb492-7ef1-424c-9432-6bce2c8a5106"
"b209e8b8-a394-4641-85a8-000f7cba257b"	"670392b1-1232-443b-b797-8afe66c7b7da"
"a6d818a0-4321-46ff-be7e-d9517d5c89a8"	"788d7397-e0c6-467c-9720-4822717072cb"
"a6d818a0-4321-46ff-be7e-d9517d5c89a8"	"e327caa3-bfc0-4194-93b2-129bb9394a6a"
"a6d818a0-4321-46ff-be7e-d9517d5c89a8"	"d3735cc4-610c-4a7d-be37-88c2a9bdf90f"
"a6d818a0-4321-46ff-be7e-d9517d5c89a8"	"5110663f-3017-47d9-a9a9-02e1112efe76"
"a6d818a0-4321-46ff-be7e-d9517d5c89a8"	"b6a59bda-28ac-4cd7-a8bf-4a83aee7102d"
"a6d818a0-4321-46ff-be7e-d9517d5c89a8"	"a79682fb-04aa-42e4-a320-4fe53fbf5c90"
"a6d818a0-4321-46ff-be7e-d9517d5c89a8"	"4652390d-d159-4a85-9183-436c42c92fad"
"a6d818a0-4321-46ff-be7e-d9517d5c89a8"	"b981b846-1ce5-4ab2-a13d-05cc478775fb"
"a6d818a0-4321-46ff-be7e-d9517d5c89a8"	"8b450b83-cea1-4e66-b446-1112f98dcb5e"
"a6d818a0-4321-46ff-be7e-d9517d5c89a8"	"f01326d0-e3f2-416e-8b34-05e416662ec1"
"a6d818a0-4321-46ff-be7e-d9517d5c89a8"	"f7ddf176-0be9-4098-95ae-ae8c44125cf3"
"a6d818a0-4321-46ff-be7e-d9517d5c89a8"	"458ab0f4-9b31-42da-9e80-3e061175814e"
"a6d818a0-4321-46ff-be7e-d9517d5c89a8"	"37aa47df-cd1b-49d7-872a-c1fa48be6cb8"
"a6d818a0-4321-46ff-be7e-d9517d5c89a8"	"0c60ebd1-3f57-4c80-8065-1c17fb2a0f64"
"7f0e2187-c125-4c55-9cab-2df8a7a16788"	"369750d8-0044-4c62-b3a3-090e4cf8cd34"
"a6d818a0-4321-46ff-be7e-d9517d5c89a8"	"e1a53aa4-ab05-478b-8194-4b5f47a9fe11"
"a6d818a0-4321-46ff-be7e-d9517d5c89a8"	"a417c9ff-ad22-497a-920b-3f1833203c19"
"8c6eb854-decd-4852-b5e0-48c7c3a716b0"	"cd954c9a-426d-438d-9670-e583f5884e06"
"73fd54b3-7172-4346-8f05-3597832f7dca"	"72ec701d-5718-4a44-a351-78711edf6d79"
"73fd54b3-7172-4346-8f05-3597832f7dca"	"eca6dc39-c0c4-44b6-936a-64332c8dc18a"
"045ab6b3-8d3f-4735-844c-b79685b14e31"	"b1217d12-c7c2-4fb7-acc2-258440e8b66f"
"045ab6b3-8d3f-4735-844c-b79685b14e31"	"5fdc3946-01ab-4d11-b70e-b2ce96a50d25"
"045ab6b3-8d3f-4735-844c-b79685b14e31"	"bdb735da-2b9d-4741-9aad-1f56c033df2e"
"045ab6b3-8d3f-4735-844c-b79685b14e31"	"96d971f1-c359-483a-8a70-e14af5298d11"
"b209e8b8-a394-4641-85a8-000f7cba257b"	"1c77adc7-7afe-4b94-9f7d-c9e943ef5c17"
"49c3943d-e59b-49ba-a2ef-30cab20c4c17"	"837715c7-8bd6-44a6-8595-404521966ab6"
"1c83a0ac-f202-4ca4-b5e6-5f9268ac8b01"	"2d7ff338-bef6-467f-987c-294e28a7ef05"
"1c83a0ac-f202-4ca4-b5e6-5f9268ac8b01"	"a4d032f9-c177-4c74-9284-832fe4ce1d41"
"56efab22-dc37-4d5e-853b-9f4d84c35f7e"	"48060505-ddc1-4cc4-8bd6-1612c5094870"
"9e818819-2249-423b-97bc-483793b61b78"	"faf7800a-39c9-439e-bcf0-cd6a32e44962"
"9fc54ba9-5949-4794-bcc3-74c48ab79786"	"b91bd114-006b-43e1-a35a-3e2fb9b8778c"
"9fc54ba9-5949-4794-bcc3-74c48ab79786"	"43f06362-2051-4630-a6ed-49873046db37"
"959b8280-f576-4291-a63d-41626c882515"	"45d27df9-dc7d-4243-968d-0b5816275c10"
"9fc54ba9-5949-4794-bcc3-74c48ab79786"	"f5af9177-5252-40b8-8d5a-b4cc17a4a89b"
"9fc54ba9-5949-4794-bcc3-74c48ab79786"	"b270cf6b-9b4e-4405-be7e-e15d16361c9b"
"b209e8b8-a394-4641-85a8-000f7cba257b"	"ef3569bc-854a-4ee7-9463-d77c7f6be659"
"1c83a0ac-f202-4ca4-b5e6-5f9268ac8b01"	"718e3d23-99fa-41e4-b991-57760cb7804d"
"87220f86-6232-468f-8a42-f2203fdc97f6"	"87fdcd2b-bebe-4f4a-aeae-b6ea436dc32b"
"b209e8b8-a394-4641-85a8-000f7cba257b"	"337ee376-2f10-4598-9a84-ebebe593f33f"
"e934c964-656c-44b7-a275-c68c89579d19"	"a2c0f6f9-ffbf-4c0c-a018-23f379cb08ed"
"e934c964-656c-44b7-a275-c68c89579d19"	"a45e4223-c48e-4cd1-b23e-379576c16440"
"b3d65013-e8f0-4989-b4bf-a5a4515e1cb2"	"30087fef-3599-4898-8192-855899f37618"
"b3d65013-e8f0-4989-b4bf-a5a4515e1cb2"	"fcb093c9-b34d-4cba-a320-ce9e794150e8"
"8a5ef2e2-b7ba-4f1d-a551-9e52c121b3d4"	"ac823906-b3cf-40a3-8a58-adc8bebd8697"
"8a5ef2e2-b7ba-4f1d-a551-9e52c121b3d4"	"59c7b2d6-63f9-46e0-b474-6e86f4af32cf"
"8a5ef2e2-b7ba-4f1d-a551-9e52c121b3d4"	"c8f1ceec-481d-4944-8ccf-0d5cb0e523ae"
"8a5ef2e2-b7ba-4f1d-a551-9e52c121b3d4"	"04111b75-f6d4-42c8-bdc2-fbdad25cf959"
"8a5ef2e2-b7ba-4f1d-a551-9e52c121b3d4"	"9c1534e3-cf81-4626-92e7-020a1f324a92"
"8a5ef2e2-b7ba-4f1d-a551-9e52c121b3d4"	"0114d321-02b2-4554-869e-2a1a05bd5ac2"
"8a5ef2e2-b7ba-4f1d-a551-9e52c121b3d4"	"e452d99a-f84b-4a4c-9eca-f7d7e4f5b77e"
"8a5ef2e2-b7ba-4f1d-a551-9e52c121b3d4"	"bfebce13-2b83-4c3f-b134-20d91c69c245"
"8a5ef2e2-b7ba-4f1d-a551-9e52c121b3d4"	"f44e8fc6-d07f-4cd2-a40d-ba4d72a31b5a"
"8a5ef2e2-b7ba-4f1d-a551-9e52c121b3d4"	"5a1fec8f-8ea9-4e43-ae57-467e3fdce4d8"
"8a5ef2e2-b7ba-4f1d-a551-9e52c121b3d4"	"512d29a3-3094-45ad-8715-f854e04dab76"
"8a5ef2e2-b7ba-4f1d-a551-9e52c121b3d4"	"6fc329a5-6fd5-4cc6-9abd-24e997bb5abe"
"17c063c5-f4cd-4c09-83a6-0bb0b2bd9c19"	"b9f00231-fbf4-4632-8135-7362a6cbe961"
"17e03b5c-3ab2-42fc-9a74-1b5e179cd035"	"4932abc1-c252-4d49-81e0-b133029b68e7"
"b1268bb8-cb05-4586-aafe-5ee3dfb2aed9"	"411e9a2f-47d1-4cdd-a370-10158642d6ac"
"b1268bb8-cb05-4586-aafe-5ee3dfb2aed9"	"7c5f2dd7-81ab-4cf8-9a7e-14638829c9d9"
"b1268bb8-cb05-4586-aafe-5ee3dfb2aed9"	"1a7b7a48-00d9-4a11-adf7-04cea081e5d4"
"b1268bb8-cb05-4586-aafe-5ee3dfb2aed9"	"b38c62f7-2837-487d-a48d-acab16aec140"
"a7f3a49e-5cba-469a-9846-40e702ee9a4c"	"4b3d1930-56ee-4bf0-b819-b11a4e4ada7c"
"25139354-cd96-4e76-9da8-f935e934812b"	"9dc737c5-6c73-4e2a-9b05-9978143c6506"
"25139354-cd96-4e76-9da8-f935e934812b"	"8d7e8060-d719-402f-832c-fba9d3d457f5"
"25139354-cd96-4e76-9da8-f935e934812b"	"6563800b-c524-4933-95e6-276ab5d8d486"
"25139354-cd96-4e76-9da8-f935e934812b"	"28c68880-1dfd-4ed1-845c-fec7fa5044ff"
"25139354-cd96-4e76-9da8-f935e934812b"	"19149772-4ec0-4575-832e-06ba3ff22356"
"25139354-cd96-4e76-9da8-f935e934812b"	"927b45df-5ae8-4085-ac97-f4eac4139369"
"25139354-cd96-4e76-9da8-f935e934812b"	"6fdde9e1-6374-43de-b501-c1b55daecc4a"
"25139354-cd96-4e76-9da8-f935e934812b"	"c0dff04a-2211-4219-b221-19d9c5a782c0"
"5f17d317-2a86-4a97-a029-25201084086f"	"ef249617-5b76-44c8-82ce-0b64788f0e53"
"5f17d317-2a86-4a97-a029-25201084086f"	"d7f323b0-b742-4e9d-93be-232cf656bac2"
"5f17d317-2a86-4a97-a029-25201084086f"	"7fcc7a0f-fcd8-4f4e-9067-bdfdd53203cf"
"5f17d317-2a86-4a97-a029-25201084086f"	"47abf2a7-7f0a-46da-90d0-e149186f4ae3"
"5f17d317-2a86-4a97-a029-25201084086f"	"f2caa1ae-0851-4255-b268-31b9b6475998"
"d23a47dd-7459-4088-bdf3-90ba67435dd6"	"cdbaff33-5249-46b3-97c7-33af825a6167"
"d23a47dd-7459-4088-bdf3-90ba67435dd6"	"4d55318d-e544-4c05-9d1e-8a6e99b18469"
"5f17d317-2a86-4a97-a029-25201084086f"	"5ec71f72-cd0a-4b38-aa2d-209eb574a14b"
"5f17d317-2a86-4a97-a029-25201084086f"	"f08c2a49-e49c-43b5-8496-e64589cda548"
"5f17d317-2a86-4a97-a029-25201084086f"	"c9ef2cc7-6a70-43fc-aaf2-5f8a9b901614"
"5f17d317-2a86-4a97-a029-25201084086f"	"c5dd68a3-b256-458b-93fc-724316a96fa6"
"5f17d317-2a86-4a97-a029-25201084086f"	"12467a14-76e0-4a27-bad2-83d27edb7b53"
"5f17d317-2a86-4a97-a029-25201084086f"	"b7800d02-d8aa-40f5-bf64-101828957834"
"5f17d317-2a86-4a97-a029-25201084086f"	"8a7afa9b-7019-48ea-9c6d-6d75b94882f8"
"5f17d317-2a86-4a97-a029-25201084086f"	"a6f7cd59-d305-40b6-9d80-75b6a94dc008"
"5f17d317-2a86-4a97-a029-25201084086f"	"b9150c04-9f6d-44e8-b126-d5dc09a9e3cc"
"5f17d317-2a86-4a97-a029-25201084086f"	"f0245e49-0b3b-4a5e-8c4e-ac91fb5ec300"
"5f17d317-2a86-4a97-a029-25201084086f"	"0183bacd-8426-41db-82c5-9b6e2e7ccf33"
"5f17d317-2a86-4a97-a029-25201084086f"	"4e0a191d-5002-443f-9af7-26cf9daa5c7a"
"5f17d317-2a86-4a97-a029-25201084086f"	"5cb36548-43e6-499a-8446-62caed6e2a15"
"5f17d317-2a86-4a97-a029-25201084086f"	"2dbc869e-578b-4c4f-99c5-8f8844b386ce"
"5f17d317-2a86-4a97-a029-25201084086f"	"46aeb98d-59da-487e-a30d-df2b6a87abf3"
"045ab6b3-8d3f-4735-844c-b79685b14e31"	"ca03074a-a091-42ff-914d-cec7147e8287"
"0281db76-585b-4848-8e18-cc75dffbd23d"	"d03fcbf1-1dfe-465e-8409-9cc12d2eba75"
"0281db76-585b-4848-8e18-cc75dffbd23d"	"00a83d1f-5baa-4172-b8a3-c6c6cebb00f5"
"ed27b328-73d7-48fe-a68f-9b4d7cc4464c"	"0090e20d-9685-42d9-b93b-fa1f8fd24dd2"
"ed27b328-73d7-48fe-a68f-9b4d7cc4464c"	"08ac49b2-6208-49c7-8ddc-fe2c4cf099bd"
"045ab6b3-8d3f-4735-844c-b79685b14e31"	"387fdb77-9393-407c-b02f-b5bf637a1bbe"
"448238c7-bec6-4506-b8f0-d0c58cf43f9e"	"25f43f32-c997-40b7-9e83-364cb25acb4e"
"2888948b-8614-41d2-b453-425c7eb30c5b"	"fee3c6af-6296-4019-9772-8fd9e4e37497"
"fff0a10e-f5aa-451c-a56a-577096d284cb"	"c23a2dc2-b77a-43c7-a385-7ee69ae97b25"
"b209e8b8-a394-4641-85a8-000f7cba257b"	"77dc99cd-bc40-4d6b-a3c6-e0ca3629f414"
"1c83a0ac-f202-4ca4-b5e6-5f9268ac8b01"	"e5dac9b1-7897-4143-9c68-ff6cb8bc2135"
"1c83a0ac-f202-4ca4-b5e6-5f9268ac8b01"	"736a7780-6684-4c36-ab33-f899c93976e8"
"0ca228a8-e69a-48a2-b4c0-302594597bfc"	"fd1c3866-3800-48c7-92a3-8c3a7fbcf646"
"0ca228a8-e69a-48a2-b4c0-302594597bfc"	"a39f993a-bbd4-4698-a5af-0c35e3078fd2"
"0ca228a8-e69a-48a2-b4c0-302594597bfc"	"a82c0f8b-e7b5-4188-8373-3f9fcd29e933"
"65061356-ff8e-4a18-a032-c8af57d7e566"	"88417ea1-8b16-490b-9378-30d438d8e32d"
"65061356-ff8e-4a18-a032-c8af57d7e566"	"1d63c6bd-853d-4a68-837d-984a123e5421"
"03d9b3d3-4a0c-47d7-9bad-db9759f9a1a8"	"acfa0e6c-d437-4718-b2b1-e0ccf2bcc938"
"65061356-ff8e-4a18-a032-c8af57d7e566"	"3a478667-1f1f-4da6-9ded-a50316b507cd"
"03d9b3d3-4a0c-47d7-9bad-db9759f9a1a8"	"bab22fc6-f34d-4ca2-8dd7-0cbf8e4d59f1"
"65061356-ff8e-4a18-a032-c8af57d7e566"	"5b65a92a-90e3-4e78-b2b0-998ef9016c0e"
"65061356-ff8e-4a18-a032-c8af57d7e566"	"f6e3bbaf-323d-4457-aab3-79fbb0850e91"
"03d9b3d3-4a0c-47d7-9bad-db9759f9a1a8"	"a8325110-4119-4064-8a99-fd1ee8388b97"
"03d9b3d3-4a0c-47d7-9bad-db9759f9a1a8"	"77c8f0cc-c920-428b-80f8-4091d6201e31"
"65061356-ff8e-4a18-a032-c8af57d7e566"	"12c3703b-238f-4a41-b003-b3eac9325293"
"03d9b3d3-4a0c-47d7-9bad-db9759f9a1a8"	"2813bfc0-702f-4bd3-a6fe-b49f823b5136"
"82dc3073-5846-4447-942c-11e5df43d084"	"93ee15f0-98a9-46b1-9513-aaa795ebfa30"
"80a194e9-b864-46eb-8347-88908ec82184"	"9d37f165-91ee-4435-8a30-40bcc9b31c0a"
"80a194e9-b864-46eb-8347-88908ec82184"	"7d86776c-a5a2-48a3-b301-a619530be3d7"
"80a194e9-b864-46eb-8347-88908ec82184"	"78a33921-b318-42fb-9a97-9a0bf7fe4f6b"
"82dc3073-5846-4447-942c-11e5df43d084"	"ece34e0b-276e-4746-8391-a218477e565a"
"b3d65013-e8f0-4989-b4bf-a5a4515e1cb2"	"de551618-53fc-48db-abf6-19a28cdc3baf"
"ca5fd90f-e287-4427-bca6-da43931f0e58"	"f795485a-fc67-44de-b486-e4ae426b86c4"
"ca5fd90f-e287-4427-bca6-da43931f0e58"	"02a021d2-7ee9-4a33-b4e6-2feaa1184191"
"ca5fd90f-e287-4427-bca6-da43931f0e58"	"8d66e755-9763-4041-ae95-2916f1d892be"
"80a194e9-b864-46eb-8347-88908ec82184"	"c6870ac2-de18-499c-ac69-e5729f67ebb9"
"b209e8b8-a394-4641-85a8-000f7cba257b"	"1ef31324-2351-40f8-978f-b9b030aeb849"
"ca5fd90f-e287-4427-bca6-da43931f0e58"	"0c5f0b5f-0a0f-4257-9dee-42aeea94a312"
"ca5fd90f-e287-4427-bca6-da43931f0e58"	"42eb2b13-9550-4061-8f10-ea391e8e4e5a"
"ca5fd90f-e287-4427-bca6-da43931f0e58"	"867f406f-14ff-42ef-b15f-876b96bee511"
"ca5fd90f-e287-4427-bca6-da43931f0e58"	"7c2a1bfc-fc51-47d0-80ae-139ae58e8557"
"ca5fd90f-e287-4427-bca6-da43931f0e58"	"df2968f3-4b69-4a4f-a9e4-d5e5c9b21249"
"ca5fd90f-e287-4427-bca6-da43931f0e58"	"74bcc66d-7ba3-42e9-b576-1cce301aab31"
"ca5fd90f-e287-4427-bca6-da43931f0e58"	"bc4a88e2-e7f8-4164-84ee-e7d9cfcea29e"
"ca5fd90f-e287-4427-bca6-da43931f0e58"	"a3c4e28d-5979-4229-9709-f3d1bace44ad"
"ca5fd90f-e287-4427-bca6-da43931f0e58"	"3797dc6c-76bc-456d-a83e-a969746550d1"
"ca5fd90f-e287-4427-bca6-da43931f0e58"	"d0b777df-8117-4208-814e-9e350f159f04"
"ca5fd90f-e287-4427-bca6-da43931f0e58"	"017db0d6-92ac-4fb4-93ce-6b03e234b5ed"
"ca5fd90f-e287-4427-bca6-da43931f0e58"	"2b2c5907-4477-40cb-bba1-9c04e541ecf0"
"ca5fd90f-e287-4427-bca6-da43931f0e58"	"9c715404-0489-4e46-8150-837fb2e84eb9"
"ca5fd90f-e287-4427-bca6-da43931f0e58"	"d663b24b-985e-43a5-9bf3-9b637352d5d1"
"ca5fd90f-e287-4427-bca6-da43931f0e58"	"531ba595-f045-465d-a8b6-3ca6920b0038"
"ca5fd90f-e287-4427-bca6-da43931f0e58"	"0524053f-0034-4094-9342-14742723ed02"
"ca5fd90f-e287-4427-bca6-da43931f0e58"	"74e70e1c-cafe-401e-8923-f8fa7121e95b"
"ca5fd90f-e287-4427-bca6-da43931f0e58"	"cda61167-412b-4737-9beb-0de36a28e814"
"ca5fd90f-e287-4427-bca6-da43931f0e58"	"bf235420-0c7e-4610-a109-cc393ee96bbd"
"82dc3073-5846-4447-942c-11e5df43d084"	"d3ce9386-6e1c-49e2-8feb-2571e2cc041b"
"65061356-ff8e-4a18-a032-c8af57d7e566"	"4e02efae-7912-4b74-bad6-96566f14a000"
"49c3943d-e59b-49ba-a2ef-30cab20c4c17"	"281a8a5a-4c8e-4b1b-9957-dad034a159fe"
"82dc3073-5846-4447-942c-11e5df43d084"	"281a8a5a-4c8e-4b1b-9957-dad034a159fe"
"5c4e20a4-d515-41a6-8d7c-b8852d6aedd5"	"9f9aae89-93fa-4de3-b022-131d22afac28"
"82dc3073-5846-4447-942c-11e5df43d084"	"f57f30c5-6161-409b-9f98-42417041c934"
"82dc3073-5846-4447-942c-11e5df43d084"	"c052a0cf-23dc-4071-a3dd-d6d00723af75"
"65061356-ff8e-4a18-a032-c8af57d7e566"	"cc46d959-4569-4901-8fad-964c87ef3be1"
"65061356-ff8e-4a18-a032-c8af57d7e566"	"1620f7e7-c7f2-4948-9206-3e5e9990a939"
"82dc3073-5846-4447-942c-11e5df43d084"	"80ad057d-a926-43e6-a078-ae5b5b6c5f0f"
"65061356-ff8e-4a18-a032-c8af57d7e566"	"e6072399-c755-4327-a6da-a80b54fc92c3"
"82dc3073-5846-4447-942c-11e5df43d084"	"61296dad-0507-4c33-b290-c6f7efe94b14"
"82dc3073-5846-4447-942c-11e5df43d084"	"5749ba48-9e83-4f9a-9a91-d2580773e23f"
"03d9b3d3-4a0c-47d7-9bad-db9759f9a1a8"	"2683d2b8-f182-4d64-a348-c8e0ef5ea12c"
"82dc3073-5846-4447-942c-11e5df43d084"	"39147739-42bf-43fc-bff8-48f23f01d903"
"82dc3073-5846-4447-942c-11e5df43d084"	"126b15de-1a4e-42c7-a6f6-00ab5cfaf8ba"
"65061356-ff8e-4a18-a032-c8af57d7e566"	"8b810117-6863-4517-bcb1-e766ffc1aec8"
"82dc3073-5846-4447-942c-11e5df43d084"	"808e1680-3961-4cc1-b3e4-04b75f6f2497"
"0ca228a8-e69a-48a2-b4c0-302594597bfc"	"53c18056-c34c-428b-8ef3-9d7cd5a16f5a"
"182eadbb-6359-44c3-b68b-4bf69844fdd7"	"bac28ee1-fe24-4d99-af3e-5279d7f796e7"
"56efab22-dc37-4d5e-853b-9f4d84c35f7e"	"01432e3e-7768-4d4a-b89e-3b24ed9adef7"
"56efab22-dc37-4d5e-853b-9f4d84c35f7e"	"62fe2bd5-7519-46a8-beaf-fe0fe8046ed0"
"82dc3073-5846-4447-942c-11e5df43d084"	"47a2ecff-1773-4a7d-a273-3efc0f466ab5"
"82dc3073-5846-4447-942c-11e5df43d084"	"5144810b-61de-46f9-99b5-b65cecf1a815"
"03d9b3d3-4a0c-47d7-9bad-db9759f9a1a8"	"0d5b26b7-856a-493d-986a-785748b6aa29"
"4b1b1ab3-6f5b-49be-b664-d3e88e275b04"	"6df2db8d-7fc0-40ed-b2ce-9d37e8632108"
"82dc3073-5846-4447-942c-11e5df43d084"	"d63c9704-cd97-4aa1-9863-99b4eab94835"
"82dc3073-5846-4447-942c-11e5df43d084"	"5cdd7317-baaf-4ad5-aa43-c1e3c11c73c3"
"65061356-ff8e-4a18-a032-c8af57d7e566"	"7e534985-05fb-4930-a4c7-c0cdeebe00d5"
"4b1b1ab3-6f5b-49be-b664-d3e88e275b04"	"7ec925a5-b1ae-4e68-98fa-10a4c6c38eab"
"4b1b1ab3-6f5b-49be-b664-d3e88e275b04"	"f2b2622c-8a11-4f47-89ca-ac3801974d75"
"4b1b1ab3-6f5b-49be-b664-d3e88e275b04"	"a53be33c-4587-4614-a888-94c6506a80c1"
"82dc3073-5846-4447-942c-11e5df43d084"	"11242f28-6647-4f39-8b85-5c68e37adf24"
"82dc3073-5846-4447-942c-11e5df43d084"	"2bf2da15-235b-4745-a4b8-50741ab1076b"
"82dc3073-5846-4447-942c-11e5df43d084"	"dbb185ec-8184-4c5c-95a8-ec6f35975104"
"4b1b1ab3-6f5b-49be-b664-d3e88e275b04"	"fa93a28a-8b4d-4e7d-b57b-d9b9e7467b94"
"ca5fd90f-e287-4427-bca6-da43931f0e58"	"0c85e4e9-d034-4715-9ef4-08644b2e5e6f"
"4b1b1ab3-6f5b-49be-b664-d3e88e275b04"	"20cfa436-dad5-4805-afd9-28da1e73fb34"
"4b1b1ab3-6f5b-49be-b664-d3e88e275b04"	"4d4c11b8-35c5-47ea-8e66-f45adaa042c0"
"4b1b1ab3-6f5b-49be-b664-d3e88e275b04"	"a8502792-6c7b-4b06-9b99-3c32e02a3793"
"4b1b1ab3-6f5b-49be-b664-d3e88e275b04"	"084a768a-a82e-4493-9d5b-90b3c5c41c6f"
"4b1b1ab3-6f5b-49be-b664-d3e88e275b04"	"39d063d3-980f-44e6-a2fb-3ef871c9fe2f"
"4b1b1ab3-6f5b-49be-b664-d3e88e275b04"	"25bf5019-2427-47d5-a02e-7fa3abd8b801"
"4b1b1ab3-6f5b-49be-b664-d3e88e275b04"	"9c23a376-40e9-43f9-85f7-8dadafe5c956"
"4b1b1ab3-6f5b-49be-b664-d3e88e275b04"	"0413471b-5635-4e3d-af1f-29212fa1f797"
"4b1b1ab3-6f5b-49be-b664-d3e88e275b04"	"d0fd48da-735d-40bb-b0f7-216a7ccbe5be"
"4b1b1ab3-6f5b-49be-b664-d3e88e275b04"	"a0b8579f-cf10-4d4e-a6af-fc9b6866466b"
"4b1b1ab3-6f5b-49be-b664-d3e88e275b04"	"3f5b20ae-10bc-451e-b6db-b5bc15d82fa3"
"4b1b1ab3-6f5b-49be-b664-d3e88e275b04"	"749e1179-f3e9-4455-a8d0-232eff4b9014"
"4b1b1ab3-6f5b-49be-b664-d3e88e275b04"	"47cd0192-9867-42de-b73f-9271c68e2fc5"
"4b1b1ab3-6f5b-49be-b664-d3e88e275b04"	"7ac209bc-4bc8-454f-9a8b-54727623dd7e"
"4b1b1ab3-6f5b-49be-b664-d3e88e275b04"	"55b56552-d8af-40a0-9168-8064a90d7e68"
"4b1b1ab3-6f5b-49be-b664-d3e88e275b04"	"d1695c20-3030-4cab-8e77-7d091b930d08"
"4b1b1ab3-6f5b-49be-b664-d3e88e275b04"	"6836baa7-7e14-493f-aa0a-9557e70a1b15"
"4b1b1ab3-6f5b-49be-b664-d3e88e275b04"	"2530258a-b804-470a-a225-edd6cb3d6e36"
"4b1b1ab3-6f5b-49be-b664-d3e88e275b04"	"912e7f34-0bdf-440c-8714-53356ba023dc"
"4b1b1ab3-6f5b-49be-b664-d3e88e275b04"	"3e3567a6-e702-4384-96e8-ad87577bec2e"
"4b1b1ab3-6f5b-49be-b664-d3e88e275b04"	"aa13c619-f94a-4a14-8916-dab75ca07bd8"
"4b1b1ab3-6f5b-49be-b664-d3e88e275b04"	"2fb279fa-f8aa-4b5a-855a-0c1a3ff4db8e"
"4b1b1ab3-6f5b-49be-b664-d3e88e275b04"	"1d17acb5-20f0-463e-a534-e62f9f8489b1"
"4b1b1ab3-6f5b-49be-b664-d3e88e275b04"	"d302e53f-e63d-421c-aec1-fb0633670a38"
"518c6efb-6333-4c68-b22a-c8f36ca44271"	"da40a8d2-1b05-4081-8548-ed5c7eb6f902"
"1c83a0ac-f202-4ca4-b5e6-5f9268ac8b01"	"b9872e2e-71c3-47ef-a4df-a209caee369f"
"8fe9e68b-d300-4f5c-90c8-8d6e59268381"	"d98ea1a4-ece4-4c8a-ab5f-9e8bcb3772fc"
"518c6efb-6333-4c68-b22a-c8f36ca44271"	"64dd1655-8f30-449c-92e5-6e1760ea8475"
"518c6efb-6333-4c68-b22a-c8f36ca44271"	"27f6252a-937c-40f3-93a4-cbf9a1aaecd3"
"518c6efb-6333-4c68-b22a-c8f36ca44271"	"358b2f93-982b-4f57-8a34-153829cb135b"
"959b8280-f576-4291-a63d-41626c882515"	"67b18962-82c4-4d31-9f29-e71332366506"
"65903253-19ad-4179-9c9c-efc0202c39ef"	"a4093c47-0ade-4e67-9f46-0c05e0619e66"
"65903253-19ad-4179-9c9c-efc0202c39ef"	"d71ffe5e-cf5d-4aa4-b9c2-e7ea0256a989"
"0ca228a8-e69a-48a2-b4c0-302594597bfc"	"b261e057-4e47-477d-85b3-ec54bdc10c8e"
"dd0f7167-cfcc-45bc-a490-168c870e7cc8"	"a282785b-37fb-4174-bc50-c4e5120682ea"
"0ca228a8-e69a-48a2-b4c0-302594597bfc"	"59824919-63db-4738-b67c-201b58fd489b"
"0ca228a8-e69a-48a2-b4c0-302594597bfc"	"05f4e3e0-cfb6-4436-9a61-804485a9d818"
"0ca228a8-e69a-48a2-b4c0-302594597bfc"	"eb1474b5-f2dc-47e8-a8de-4253b30c1633"
"0ca228a8-e69a-48a2-b4c0-302594597bfc"	"cbe0055a-6ad7-4c78-8f96-26d76e43a3dc"
"dd0f7167-cfcc-45bc-a490-168c870e7cc8"	"aaaafe51-1618-40bf-8578-28b8323c8c9c"
"0ca228a8-e69a-48a2-b4c0-302594597bfc"	"6cbf4971-aa34-405a-8030-6d87e47f685c"
"ca5fd90f-e287-4427-bca6-da43931f0e58"	"a5550e50-32e2-4f58-a762-17058e1ba865"
"ca5fd90f-e287-4427-bca6-da43931f0e58"	"d34e1d00-cbc3-4ed7-8a15-7412ade878ba"
"ca5fd90f-e287-4427-bca6-da43931f0e58"	"98066e02-9297-4843-ab55-4532bfc8f7c6"
"ca5fd90f-e287-4427-bca6-da43931f0e58"	"109c230b-b0ac-4d30-8966-9c6db46b92b9"
"ca5fd90f-e287-4427-bca6-da43931f0e58"	"e4d76bc2-f0d7-4522-8414-faf949d30368"
"ca5fd90f-e287-4427-bca6-da43931f0e58"	"0f0e64a8-9fd4-40e4-a4d8-1ff929d0c153"
"ca5fd90f-e287-4427-bca6-da43931f0e58"	"dd71d90f-11ef-4896-aa2c-29312120271a"
"ca5fd90f-e287-4427-bca6-da43931f0e58"	"4b112dd7-54c1-4738-bb16-c67746f9988c"
"1bca3168-8aa0-43bf-a249-5ba7bb5d1583"	"85df7681-8906-43da-b988-42e4b5e71d9d"
"b1a1a056-c320-4981-a533-00dda64e2281"	"e293e067-2c39-4132-ba88-8ac13430bf26"
"6d0a98de-ebf7-45d7-92ff-2d83000513fd"	"84c904a0-d40b-4483-9dfa-dc4dd3f9f895"
"6d0a98de-ebf7-45d7-92ff-2d83000513fd"	"4a8cd163-35d5-41ea-be37-6ed9c0572e21"
"045ab6b3-8d3f-4735-844c-b79685b14e31"	"0b7abd27-e4c3-4389-852c-6cd2df1825fe"
"b209e8b8-a394-4641-85a8-000f7cba257b"	"3a25512a-719e-49b7-8c9a-1fba5cfe34c8"
"58eae563-793b-4353-b357-3277ce01ccf1"	"7f961278-42ee-41fd-a7bc-2811ee4dc798"
"6d2224e8-a3db-488a-9767-a847937ad2f0"	"e21dec7d-e4af-49ac-b594-b528b8945cfc"
"952fc602-3566-4b4a-916e-6eb6bbac821a"	"e21dec7d-e4af-49ac-b594-b528b8945cfc"
"a862c2b2-b4df-4d1b-9ac6-311f4ef035c9"	"c074cc51-e707-4f19-85cf-9a5e7ff876f7"
"a862c2b2-b4df-4d1b-9ac6-311f4ef035c9"	"072f3708-c28f-4722-a8d1-bcce14184c39"
"6d2224e8-a3db-488a-9767-a847937ad2f0"	"fadc3d6a-49f8-41ea-8289-0f110785c75c"
"952fc602-3566-4b4a-916e-6eb6bbac821a"	"fadc3d6a-49f8-41ea-8289-0f110785c75c"
"6d2224e8-a3db-488a-9767-a847937ad2f0"	"fe1ed3f2-2f94-4a3b-a158-75926ae2f6c7"
"952fc602-3566-4b4a-916e-6eb6bbac821a"	"fe1ed3f2-2f94-4a3b-a158-75926ae2f6c7"
"94812e07-78e6-4505-b799-f46ce8ca9a00"	"4f564871-3056-45f1-9a84-b2f75c20c666"
"d1a52871-00e5-4f85-98b2-489f5da9ab49"	"b3f8d8c9-5374-4cba-9bae-45d8236180e7"
"49c3943d-e59b-49ba-a2ef-30cab20c4c17"	"951f4407-3b77-4fe8-8270-13384f11fd98"
"49c3943d-e59b-49ba-a2ef-30cab20c4c17"	"2f645c01-fcb6-4a9a-80fb-c1e741912ec7"
"49c3943d-e59b-49ba-a2ef-30cab20c4c17"	"9d9a6bec-c8cc-47b0-9fca-51443e3c49ff"
"49c3943d-e59b-49ba-a2ef-30cab20c4c17"	"6a728b8c-28a4-44bb-9399-5980722ee143"
"49c3943d-e59b-49ba-a2ef-30cab20c4c17"	"97a64ed4-02b0-44af-aa64-b31883642f37"
"49c3943d-e59b-49ba-a2ef-30cab20c4c17"	"cdd072dc-fa48-4a5f-97c4-32629005ff28"
"49c3943d-e59b-49ba-a2ef-30cab20c4c17"	"af8386a7-fd67-49c9-864c-99d31e72191a"
"ca5fd90f-e287-4427-bca6-da43931f0e58"	"89e44340-5bd4-4ec6-a2b4-a1c1a7316155"
"ca5fd90f-e287-4427-bca6-da43931f0e58"	"3d3734e5-f055-454e-88c2-cc2915e55b1e"
"045ab6b3-8d3f-4735-844c-b79685b14e31"	"db5c7302-1785-4757-b530-2563b0d821f1"
"25139354-cd96-4e76-9da8-f935e934812b"	"9d2ad671-d579-4385-b9d7-a2069e6fb1a7"
"25139354-cd96-4e76-9da8-f935e934812b"	"70217069-9830-41a8-8062-49340f51e1d7"
"25139354-cd96-4e76-9da8-f935e934812b"	"4078575f-b8b3-41cb-9eab-fd40fb4a87bb"
"25139354-cd96-4e76-9da8-f935e934812b"	"e8cd710c-25f3-41c1-b5f4-a4ea31efa838"
"25139354-cd96-4e76-9da8-f935e934812b"	"37621641-2790-4718-9a03-eaf286af03a0"
"25139354-cd96-4e76-9da8-f935e934812b"	"49976e33-c550-4ac2-86d2-50015f55fabc"
"25139354-cd96-4e76-9da8-f935e934812b"	"b5e553b8-0084-4cb5-9b10-63d0ed2ccdcd"
"25139354-cd96-4e76-9da8-f935e934812b"	"75dd587f-6bd2-4f66-a77b-5d355c23390e"
"25139354-cd96-4e76-9da8-f935e934812b"	"ab599a38-f639-4db0-838c-bd00349ab6b3"
"25139354-cd96-4e76-9da8-f935e934812b"	"155a2885-3dab-4d55-8d3f-62928fbf7359"
"25139354-cd96-4e76-9da8-f935e934812b"	"c8bdc173-5e1f-41d4-8c16-f54413077671"
"25139354-cd96-4e76-9da8-f935e934812b"	"0a9fcfd1-848b-47fe-ac86-8af9b0ea7206"
"25139354-cd96-4e76-9da8-f935e934812b"	"1b3fafcd-ce12-4fc6-be7e-6af6bd20facf"
"25139354-cd96-4e76-9da8-f935e934812b"	"35264a00-36a3-4805-a7b4-196a4ee72791"
"25139354-cd96-4e76-9da8-f935e934812b"	"e2df3738-b6c2-4d34-a9de-fc01998d0e09"
"25139354-cd96-4e76-9da8-f935e934812b"	"4fabdf7b-3915-4e4c-aab5-9fe2af1f6b21"
"25139354-cd96-4e76-9da8-f935e934812b"	"7436900d-805d-4c2a-8a69-5dbd27f4cc49"
"25139354-cd96-4e76-9da8-f935e934812b"	"0b89ca7d-e3d1-4036-bc54-fa212ac90ea1"
"25139354-cd96-4e76-9da8-f935e934812b"	"101055e9-cc7c-4b9a-949e-fbf789b1e643"
"25139354-cd96-4e76-9da8-f935e934812b"	"40c3fbe9-3e0e-491d-a299-beda92131a93"
"25139354-cd96-4e76-9da8-f935e934812b"	"c2391e04-723d-4a0b-b0e4-f47668f6eb76"
"25139354-cd96-4e76-9da8-f935e934812b"	"137a0991-8bff-4fa7-8798-f855cb52498e"
"25139354-cd96-4e76-9da8-f935e934812b"	"4602d590-278a-48d7-af73-3c99e2118fc1"
"25139354-cd96-4e76-9da8-f935e934812b"	"f29e738e-6d9e-4ddf-8059-891b142a2565"
"25139354-cd96-4e76-9da8-f935e934812b"	"57985211-4fac-4523-bbae-c841f60f0bb3"
"25139354-cd96-4e76-9da8-f935e934812b"	"f70e581e-e9bc-4462-81a5-8059b1e20ace"
"25139354-cd96-4e76-9da8-f935e934812b"	"0ef21ef0-e317-4bf2-9dd4-1d1d7022fae6"
"25139354-cd96-4e76-9da8-f935e934812b"	"eaa484d8-f872-456d-8370-5fca83cf16e6"
"25139354-cd96-4e76-9da8-f935e934812b"	"b31ec711-ac26-48c1-970b-4a025fb78f1f"
"25139354-cd96-4e76-9da8-f935e934812b"	"da294a28-58f6-4f15-adca-046fa4c3fd40"
"25139354-cd96-4e76-9da8-f935e934812b"	"7b646dfb-166a-4add-b349-978c1f8ee88a"
"25139354-cd96-4e76-9da8-f935e934812b"	"77740ae0-eab0-4805-bd43-bd2639afea1d"
"25139354-cd96-4e76-9da8-f935e934812b"	"bd086ffe-72f6-467d-b750-122ce8f0b784"
"25139354-cd96-4e76-9da8-f935e934812b"	"d8cf0528-70f3-4298-868d-12207c1b6575"
"25139354-cd96-4e76-9da8-f935e934812b"	"a59504d1-6ffd-4b2a-9821-6c11adca6ba2"
"25139354-cd96-4e76-9da8-f935e934812b"	"0d9da33e-e3b9-4933-8640-bbe51ba4e32b"
"25139354-cd96-4e76-9da8-f935e934812b"	"87260620-77f5-4748-9f16-39c45a7079af"
"25139354-cd96-4e76-9da8-f935e934812b"	"d4fdc4ab-de53-4983-b803-e57396b4850c"
"25139354-cd96-4e76-9da8-f935e934812b"	"7fd583e7-adbb-445d-828f-0e6d4c0b13a4"
"25139354-cd96-4e76-9da8-f935e934812b"	"4edf88b3-8920-4fed-b4d9-2b2138eaaac0"
"25139354-cd96-4e76-9da8-f935e934812b"	"6120c73b-dcb8-445c-853a-29b2ac07ebc8"
"25139354-cd96-4e76-9da8-f935e934812b"	"0dafea41-b4ff-4a86-ba18-3f02eaa350f9"
"25139354-cd96-4e76-9da8-f935e934812b"	"4fb4b051-de83-40e6-9077-f94d2f8a528c"
"25139354-cd96-4e76-9da8-f935e934812b"	"601bed1a-e7c4-4a97-9d14-d73c53f54b1d"
"25139354-cd96-4e76-9da8-f935e934812b"	"4b1c7b65-2372-449a-9f1e-f1b4cd1be362"
"25139354-cd96-4e76-9da8-f935e934812b"	"9f034441-25c3-41fc-a2a2-df818520ac90"
"25139354-cd96-4e76-9da8-f935e934812b"	"f386aa4e-ef04-4399-ab1e-16715edace18"
"25139354-cd96-4e76-9da8-f935e934812b"	"34d689cf-61fc-4b37-a18e-83b6c16fec1e"
"25139354-cd96-4e76-9da8-f935e934812b"	"221c776d-f00c-47fc-a723-35448f0b02e0"
"25139354-cd96-4e76-9da8-f935e934812b"	"68a509db-a550-41c7-984f-658d3c76da80"
"25139354-cd96-4e76-9da8-f935e934812b"	"0152a11a-fbb5-4e8c-8378-647539fbe199"
"25139354-cd96-4e76-9da8-f935e934812b"	"b3fed4d5-9b3c-44c2-995d-d74d677972a5"
"25139354-cd96-4e76-9da8-f935e934812b"	"feee77b8-5c31-4c96-954e-de1b71e0a66b"
"25139354-cd96-4e76-9da8-f935e934812b"	"587089d9-8b73-4238-b081-e9c162ec06f4"
"25139354-cd96-4e76-9da8-f935e934812b"	"05da67b7-0ac8-4c76-b471-81d5ab2d970f"
"25139354-cd96-4e76-9da8-f935e934812b"	"b509fa5b-6ad2-44d1-879b-c00cb7bd6adc"
"25139354-cd96-4e76-9da8-f935e934812b"	"5fec05db-a48b-430c-bee1-1eafcd2ceec4"
"25139354-cd96-4e76-9da8-f935e934812b"	"ab5ecd67-9f9d-497f-a592-abab0d25c27e"
"25139354-cd96-4e76-9da8-f935e934812b"	"5f5c5902-d8d4-47c3-8a07-4ef875230ba9"
"25139354-cd96-4e76-9da8-f935e934812b"	"3edd3579-4066-4131-9f04-62c1aa00f18b"
"25139354-cd96-4e76-9da8-f935e934812b"	"378d358c-78ae-4b60-94ad-665493009970"
"25139354-cd96-4e76-9da8-f935e934812b"	"3adf54f7-2790-47a0-b856-f31e0c217f16"
"25139354-cd96-4e76-9da8-f935e934812b"	"eb261abd-9976-41f9-b9d9-f3770edc4145"
"25139354-cd96-4e76-9da8-f935e934812b"	"22cdafd4-2b7c-45bc-a181-d3a2420d0825"
"25139354-cd96-4e76-9da8-f935e934812b"	"44ad23d2-a4d0-4c2a-8208-8761ba3bed64"
"25139354-cd96-4e76-9da8-f935e934812b"	"2567122f-e577-42d1-81e8-7452cafef277"
"25139354-cd96-4e76-9da8-f935e934812b"	"472feae9-54af-498f-b17a-fcffd06bdccd"
"25139354-cd96-4e76-9da8-f935e934812b"	"8444a68c-e9c5-42aa-9a66-dee3a80d2202"
"25139354-cd96-4e76-9da8-f935e934812b"	"120b8626-dae4-46a3-9334-c686a844ecbc"
"25139354-cd96-4e76-9da8-f935e934812b"	"8d8169e7-34ee-41af-92de-3f447dc78c00"
"25139354-cd96-4e76-9da8-f935e934812b"	"7d442571-94d1-42bf-9260-8a19ce730c0e"
"25139354-cd96-4e76-9da8-f935e934812b"	"c199103b-ebf2-41e6-a671-1c4abccb8ccf"
"25139354-cd96-4e76-9da8-f935e934812b"	"c4e949a5-6f66-455d-a819-28a85c8889d8"
"25139354-cd96-4e76-9da8-f935e934812b"	"6700cc8d-47d3-466e-9a55-fe1b045b0086"
"80a194e9-b864-46eb-8347-88908ec82184"	"9fbbb9f5-5400-4120-a126-5b62850470b0"
"80a194e9-b864-46eb-8347-88908ec82184"	"9221c401-f419-4342-bd60-a68ab7650fd6"
"80a194e9-b864-46eb-8347-88908ec82184"	"64f8fc09-e227-47d2-8388-81e0cc89495c"
"80a194e9-b864-46eb-8347-88908ec82184"	"283d3a18-441c-4a0e-87e6-3c3cda20650d"
"80a194e9-b864-46eb-8347-88908ec82184"	"44fecc71-483c-429f-b91a-210ec77dad17"
"def4253a-16f7-4d53-ac9c-d0f51fb13e89"	"8d1af2cb-29c0-4fdd-a88b-a4b50b4a1dc6"
"80a194e9-b864-46eb-8347-88908ec82184"	"2b9a5941-28d0-4e60-ba3b-278e5c65cd09"
"80a194e9-b864-46eb-8347-88908ec82184"	"1e3f811b-cb0e-46da-9563-f1ff94107fa4"
"def4253a-16f7-4d53-ac9c-d0f51fb13e89"	"45be364f-62e3-448c-8c3d-f6fba2f4794b"
"80a194e9-b864-46eb-8347-88908ec82184"	"7b1183b5-ec7c-4f96-829b-d9144385603d"
"80a194e9-b864-46eb-8347-88908ec82184"	"516d9460-288b-44bc-be93-022581b964c6"
"80a194e9-b864-46eb-8347-88908ec82184"	"189ebd78-57e5-4c08-95f5-6df631ab462c"
"def4253a-16f7-4d53-ac9c-d0f51fb13e89"	"07137aea-e80e-4fe5-a18b-63136571bae4"
"80a194e9-b864-46eb-8347-88908ec82184"	"3831a9c7-a607-4759-b565-ef5caa76d50d"
"80a194e9-b864-46eb-8347-88908ec82184"	"5b628b67-85e4-4fc0-87b5-fcccb456289b"
"80a194e9-b864-46eb-8347-88908ec82184"	"79b4140c-c584-40f4-bd4a-c514df793bd0"
"80a194e9-b864-46eb-8347-88908ec82184"	"900d0325-8e76-4294-b20c-8b36fdb9d893"
"80a194e9-b864-46eb-8347-88908ec82184"	"33751a7e-81de-4aa0-a927-5e44189e34fb"
"def4253a-16f7-4d53-ac9c-d0f51fb13e89"	"dc24ed04-e1fe-47ce-8dde-413f36fd50f4"
"80a194e9-b864-46eb-8347-88908ec82184"	"5bf8270b-76ee-4b49-afff-6e87fec16283"
"80a194e9-b864-46eb-8347-88908ec82184"	"d5526bcf-b03d-4bbb-b478-bddde56c10ca"
"80a194e9-b864-46eb-8347-88908ec82184"	"be703b61-180e-4f2a-b0e5-fe40c03d5b27"
"def4253a-16f7-4d53-ac9c-d0f51fb13e89"	"5fa391d2-a2b5-40ed-9bc8-3001a14e87d5"
"80a194e9-b864-46eb-8347-88908ec82184"	"67c7b638-0bd1-45c6-9d9b-3bc02f392b8e"
"80a194e9-b864-46eb-8347-88908ec82184"	"6f50f416-be62-4739-8043-b4bf850e9600"
"80a194e9-b864-46eb-8347-88908ec82184"	"30993a89-728e-4db5-86ac-5ff38241e56d"
"80a194e9-b864-46eb-8347-88908ec82184"	"b404644a-9322-4cb5-8afc-e86ca2f949cd"
"def4253a-16f7-4d53-ac9c-d0f51fb13e89"	"7f76172f-c864-4bb7-ba99-12dc7fa55fdc"
"def4253a-16f7-4d53-ac9c-d0f51fb13e89"	"d91243bc-ef68-4724-943b-2b206f6b5a7e"
"80a194e9-b864-46eb-8347-88908ec82184"	"611db808-299e-4399-bcf8-486d7cc5ff53"
"80a194e9-b864-46eb-8347-88908ec82184"	"4cd16d66-913a-4c93-8f44-e4ff544a7fd6"
"80a194e9-b864-46eb-8347-88908ec82184"	"ab925609-7123-4bf5-96bf-eb873b9a2a0e"
"80a194e9-b864-46eb-8347-88908ec82184"	"ca4e5b6a-da00-40b9-8540-c23bf0e7993d"
"80a194e9-b864-46eb-8347-88908ec82184"	"0063b783-aac3-4656-8d27-f3f1eaea829e"
"def4253a-16f7-4d53-ac9c-d0f51fb13e89"	"51b48789-1ff3-4bf0-98ef-8e951396ab4c"
"80a194e9-b864-46eb-8347-88908ec82184"	"6abd22ae-874d-4002-90e1-b72ab1a5eb83"
"def4253a-16f7-4d53-ac9c-d0f51fb13e89"	"e6c40e13-1456-4961-8142-ca2a199904a2"
"80a194e9-b864-46eb-8347-88908ec82184"	"4ce02c19-fe42-4b47-b25a-d99cff8510f3"
"80a194e9-b864-46eb-8347-88908ec82184"	"b2225feb-5c24-43a5-a10b-f3dee7738e2b"
"80a194e9-b864-46eb-8347-88908ec82184"	"851730a4-0226-4b02-b17c-ff4f6fa3db04"
"80a194e9-b864-46eb-8347-88908ec82184"	"4a3b6a5a-1e93-40ed-b888-3a62565c3c30"
"80a194e9-b864-46eb-8347-88908ec82184"	"cf38eb79-0f42-4aa5-b763-c9b11ee14e69"
"80a194e9-b864-46eb-8347-88908ec82184"	"2856ff05-fb92-43c6-ac44-2f1db31513e9"
"80a194e9-b864-46eb-8347-88908ec82184"	"aa16799c-fc8a-4804-81a8-64e6b462e4cf"
"80a194e9-b864-46eb-8347-88908ec82184"	"aa3d31ab-430e-4e27-8d93-d257b24d4f25"
"80a194e9-b864-46eb-8347-88908ec82184"	"ef759bcd-98f7-4022-8d1b-edd568f96ef8"
"def4253a-16f7-4d53-ac9c-d0f51fb13e89"	"8d20a467-c82c-4f8f-94fb-6dd29b8ad595"
"80a194e9-b864-46eb-8347-88908ec82184"	"e8eef041-1da0-4568-8007-f64eab8923c9"
"80a194e9-b864-46eb-8347-88908ec82184"	"dd81a30e-3fe9-4b5b-8686-e1a6940da10a"
"80a194e9-b864-46eb-8347-88908ec82184"	"6e3b2631-1b41-460d-a47a-e85a87a0f23e"
"80a194e9-b864-46eb-8347-88908ec82184"	"6b9ee556-9d73-43a8-b362-8f268f8f3786"
"def4253a-16f7-4d53-ac9c-d0f51fb13e89"	"2f3b9e69-37b1-407f-9d18-5bd0467658b1"
"80a194e9-b864-46eb-8347-88908ec82184"	"73065969-1ded-4687-9122-cee347c2c2bf"
"80a194e9-b864-46eb-8347-88908ec82184"	"edf3b118-696c-4b78-9e73-321ce6e8b758"
"80a194e9-b864-46eb-8347-88908ec82184"	"78dbe9ad-05bb-4e2f-839e-3f011234710a"
"80a194e9-b864-46eb-8347-88908ec82184"	"f27d5df4-35f0-4add-afac-3e389496ba70"
"def4253a-16f7-4d53-ac9c-d0f51fb13e89"	"a8446cd3-9ee7-4e69-8b1d-4cfb41688739"
"80a194e9-b864-46eb-8347-88908ec82184"	"961ca9d8-39cd-4ecf-9166-62c33a0faca3"
"80a194e9-b864-46eb-8347-88908ec82184"	"a13fa401-2de2-4c78-9435-c3a0898eed47"
"def4253a-16f7-4d53-ac9c-d0f51fb13e89"	"8743c613-ea71-4852-9eb0-cb21752985ab"
"80a194e9-b864-46eb-8347-88908ec82184"	"b2c864c6-881f-41e1-8149-5123cd11d5fb"
"80a194e9-b864-46eb-8347-88908ec82184"	"8706001e-6dce-46a2-ba87-1da08b7295e6"
"80a194e9-b864-46eb-8347-88908ec82184"	"b1f20809-3008-4e8f-8dbb-6d0cc127c14c"
"def4253a-16f7-4d53-ac9c-d0f51fb13e89"	"4c935ffe-dbd6-4f7a-995b-587d6b796892"
"80a194e9-b864-46eb-8347-88908ec82184"	"f7ff664f-5f31-4481-9c37-8d5c2d8991b5"
"80a194e9-b864-46eb-8347-88908ec82184"	"b39179b5-f976-477f-944a-f0f571c42c6b"
"80a194e9-b864-46eb-8347-88908ec82184"	"1af1c46d-4c73-4c8b-b292-8a90e7cd25c0"
"80a194e9-b864-46eb-8347-88908ec82184"	"2e07fabb-5f40-49d2-aee6-2a92133b37a1"
"80a194e9-b864-46eb-8347-88908ec82184"	"12ea6268-cde8-4af5-b21f-f4c7997e2ea2"
"def4253a-16f7-4d53-ac9c-d0f51fb13e89"	"03314eee-3ec2-4186-a832-aa7b445617df"
"80a194e9-b864-46eb-8347-88908ec82184"	"05f08820-ebd2-4bbd-8eb7-6b29c23cda69"
"80a194e9-b864-46eb-8347-88908ec82184"	"7bbf94fd-ceb5-4fc1-a7db-a1df53a6b494"
"def4253a-16f7-4d53-ac9c-d0f51fb13e89"	"f0d5a74c-e925-4f6c-884a-b1bb5b483a88"
"80a194e9-b864-46eb-8347-88908ec82184"	"8e23c6f5-4bcb-4691-875c-927f2731b82d"
"80a194e9-b864-46eb-8347-88908ec82184"	"36563142-7a5f-4ee2-9321-4731158fa01d"
"80a194e9-b864-46eb-8347-88908ec82184"	"c3d39923-3584-48eb-b2d2-88889e8e8e4c"
"80a194e9-b864-46eb-8347-88908ec82184"	"ebc9f614-3fe3-4dd1-8c60-c18da8fe3b8a"
"80a194e9-b864-46eb-8347-88908ec82184"	"01d0b0c8-6592-4fc9-aeb9-d255854d56ec"
"80a194e9-b864-46eb-8347-88908ec82184"	"12349cdc-ab57-473f-b058-44d106ec854a"
"def4253a-16f7-4d53-ac9c-d0f51fb13e89"	"4600aa3b-0bca-4512-a3ee-e285de544396"
"def4253a-16f7-4d53-ac9c-d0f51fb13e89"	"7cebc1ee-47ce-484c-a398-f779b207ae94"
"25139354-cd96-4e76-9da8-f935e934812b"	"fa8afdba-7c1a-4de9-bc6f-fb66303d0bf8"
"25139354-cd96-4e76-9da8-f935e934812b"	"0ca462ec-fbfc-42fb-b243-088713866f37"
"25139354-cd96-4e76-9da8-f935e934812b"	"2e7910b5-876e-43f1-aa26-fd9341302ea8"
"25139354-cd96-4e76-9da8-f935e934812b"	"394b8732-3f13-4157-8061-dbe7f213affb"
"25139354-cd96-4e76-9da8-f935e934812b"	"6144a30f-5164-425c-a275-6c2fdf1cba14"
"25139354-cd96-4e76-9da8-f935e934812b"	"6f71477d-dfbd-4fa5-b3ae-1eb2002c718f"
"25139354-cd96-4e76-9da8-f935e934812b"	"da245cb2-2712-406c-8df3-1215ddb925e1"
"25139354-cd96-4e76-9da8-f935e934812b"	"ed99b4ef-8805-4436-9c0e-dcb6579e1368"
"25139354-cd96-4e76-9da8-f935e934812b"	"6eecd9e9-64e0-4397-ac90-7d3b583d02f2"
"25139354-cd96-4e76-9da8-f935e934812b"	"a9b04c3b-cc2a-42ae-ada0-b3cca2fc05ad"
"25139354-cd96-4e76-9da8-f935e934812b"	"64a559c1-a91b-41b2-8924-2e1521113724"
"25139354-cd96-4e76-9da8-f935e934812b"	"566dd079-d87d-4e45-a344-27bc1a588e8e"
"25139354-cd96-4e76-9da8-f935e934812b"	"0d749554-e6e5-48f2-bde4-d0cce23075f3"
"25139354-cd96-4e76-9da8-f935e934812b"	"9fac3db8-c46b-4600-94b6-7ba71bcedb5a"
"25139354-cd96-4e76-9da8-f935e934812b"	"abe2d5bc-b6f9-4530-81a7-59efd2de5088"
"25139354-cd96-4e76-9da8-f935e934812b"	"c2e39160-a534-47ef-86c1-437a19147ec3"
"25139354-cd96-4e76-9da8-f935e934812b"	"885a16d5-b328-4d00-bbe6-3af974a4cb77"
"25139354-cd96-4e76-9da8-f935e934812b"	"ce56b6a3-4f06-4f5b-ab5b-f75ee55d230a"
"25139354-cd96-4e76-9da8-f935e934812b"	"d92fe647-92ab-4f3f-b84d-b3a72b5331e0"
"25139354-cd96-4e76-9da8-f935e934812b"	"c2b504e5-fb25-42ba-bf7d-11c50f8f5e28"
"25139354-cd96-4e76-9da8-f935e934812b"	"e6d2b820-99e2-4c3f-bd3b-9162b2ba9aa1"
"25139354-cd96-4e76-9da8-f935e934812b"	"316ec61a-435d-4fa6-9c70-a6677b16bbe0"
"25139354-cd96-4e76-9da8-f935e934812b"	"c4e4d062-6eeb-47f0-a784-6651c5740f22"
"25139354-cd96-4e76-9da8-f935e934812b"	"cf1688ac-70be-46e4-acae-b2379a6fa865"
"25139354-cd96-4e76-9da8-f935e934812b"	"c4608cca-ab02-4cc6-b1b3-d0819ca581f9"
"25139354-cd96-4e76-9da8-f935e934812b"	"7a94cd60-17e4-4c9c-b1b9-daccad6ec031"
"25139354-cd96-4e76-9da8-f935e934812b"	"29d09e97-7ad7-4bbf-a392-4edd85b4840d"
"25139354-cd96-4e76-9da8-f935e934812b"	"a2509c10-d6e9-40ae-96bd-994f2cfe8d86"
"ed27b328-73d7-48fe-a68f-9b4d7cc4464c"	"b074ce4b-d63c-4ee8-a0c7-56efc59e468c"
"ed27b328-73d7-48fe-a68f-9b4d7cc4464c"	"fc3eb17b-5152-4480-9f96-0744f9ac6243"
"ed27b328-73d7-48fe-a68f-9b4d7cc4464c"	"c4526329-020e-4141-b105-017ec86eb0f2"
"49c3943d-e59b-49ba-a2ef-30cab20c4c17"	"b8668110-3ab2-4051-b886-60ff9fd4fdee"
"a6d818a0-4321-46ff-be7e-d9517d5c89a8"	"47527f08-091f-4900-acc2-97cdea35f505"
"a6d818a0-4321-46ff-be7e-d9517d5c89a8"	"d9a03823-597b-4eab-8ae7-27e88cb8c700"
"4d23d8cf-82ba-4c4e-842a-70dd363c32c6"	"eb5b9d5e-3a28-4396-b7ac-989d5e4f0ed6"
"80a194e9-b864-46eb-8347-88908ec82184"	"b1f79bec-46f7-485c-90f8-bf87798a7626"
"80a194e9-b864-46eb-8347-88908ec82184"	"4c83f0e0-1a22-4091-bca5-1b63cba76ce4"
"80a194e9-b864-46eb-8347-88908ec82184"	"c5398d4d-85ce-4a75-b4e7-b23e400023be"
"12a28655-3f1d-4abd-87a5-fe91df35b2fb"	"dc408677-6a5e-4f63-b1a7-24660931e02b"
"cc1e1f45-94b5-42e4-86c0-13690c0f80d6"	"fdb48ecf-d63e-448a-a7c5-b56004e4c30e"
"dd60f977-bb8b-4e84-ab54-1f271b4b585d"	"f133e0e4-ee78-4e79-baf7-1fdf6a797a6a"
"8db49d4e-7448-4cbe-b4e7-31a9e8a3627a"	"25a43358-5fb2-470e-ba5b-e7587c5e94d8"
"8db49d4e-7448-4cbe-b4e7-31a9e8a3627a"	"f6fe29f7-d60c-4ed9-b4c5-c211eddefb55"
"ed27b328-73d7-48fe-a68f-9b4d7cc4464c"	"fa340209-84c3-48d9-a7be-71242d3f3632"
"25139354-cd96-4e76-9da8-f935e934812b"	"4e386d16-4e36-4f48-a8d2-8572e594cfce"
"25139354-cd96-4e76-9da8-f935e934812b"	"83cf3b24-aa0c-473e-ac84-594694ba11ff"
"a6d818a0-4321-46ff-be7e-d9517d5c89a8"	"e862bf22-1de1-40fe-9907-fe74cd4f31f6"
"a6d818a0-4321-46ff-be7e-d9517d5c89a8"	"9d3f997c-544e-4ac3-91f0-c8359597be5c"
"a6d818a0-4321-46ff-be7e-d9517d5c89a8"	"3f748575-7183-459e-95bc-5c0f4589edc8"
"a6d818a0-4321-46ff-be7e-d9517d5c89a8"	"3de4b041-b01f-4181-8ec3-13d25aa9d31b"
"a6d818a0-4321-46ff-be7e-d9517d5c89a8"	"d73e1d3f-81e4-445b-9b13-fa0fcfb2c3fa"
"a6d818a0-4321-46ff-be7e-d9517d5c89a8"	"a69c4f71-18a9-4ad7-9094-2816d6ca7e15"
"a6d818a0-4321-46ff-be7e-d9517d5c89a8"	"fcfac806-abcf-49ff-8117-9622826654ef"
"ed27b328-73d7-48fe-a68f-9b4d7cc4464c"	"48997c77-393e-4d1c-86e5-99bec522ced0"
"ed27b328-73d7-48fe-a68f-9b4d7cc4464c"	"34825c5c-2d9d-4138-918d-d18c7933a562"
"a6d818a0-4321-46ff-be7e-d9517d5c89a8"	"462661ee-d0f9-4697-aa5a-ab9db19cad96"
"b1268bb8-cb05-4586-aafe-5ee3dfb2aed9"	"ce31b5bb-310a-4332-bd84-bc14fc1963e6"
"b1268bb8-cb05-4586-aafe-5ee3dfb2aed9"	"1d19c493-d379-4bce-b3c2-39914c726cd7"
"b1268bb8-cb05-4586-aafe-5ee3dfb2aed9"	"cc07945b-c484-497f-a38d-9e7b8e4d745b"
"045ab6b3-8d3f-4735-844c-b79685b14e31"	"f26adf21-a2c0-4d9e-92cc-d47f3eb80805"
"1c83a0ac-f202-4ca4-b5e6-5f9268ac8b01"	"407c8c18-9c7c-4b30-92f7-29b25847d359"
"1c83a0ac-f202-4ca4-b5e6-5f9268ac8b01"	"4e076fe2-ab06-4364-a903-29dc36455aa9"
"045ab6b3-8d3f-4735-844c-b79685b14e31"	"0fa8b306-b8ac-4164-967f-8cedd920c403"
"045ab6b3-8d3f-4735-844c-b79685b14e31"	"958eacc8-1ea9-4f2e-81b4-43c1e1c10529"
"045ab6b3-8d3f-4735-844c-b79685b14e31"	"29d25acb-403a-417b-b63c-938d467a5c76"
"045ab6b3-8d3f-4735-844c-b79685b14e31"	"71f48e77-be18-45f5-a89e-656c10d1383f"
"9fc54ba9-5949-4794-bcc3-74c48ab79786"	"6e246a64-f2b2-4544-856e-83d453047af2"
"a6d818a0-4321-46ff-be7e-d9517d5c89a8"	"d1bba939-60f8-48a0-90e8-97de93a516d9"
"9fc54ba9-5949-4794-bcc3-74c48ab79786"	"6cbd3eaa-22c6-482f-8911-bf26fde97552"
"9fc54ba9-5949-4794-bcc3-74c48ab79786"	"8da1e0bb-a5a4-4ed4-a63b-593eb8a4186d"
"ed27b328-73d7-48fe-a68f-9b4d7cc4464c"	"53adc54f-b658-4a4e-b2b5-9713ef338d7f"
"9e818819-2249-423b-97bc-483793b61b78"	"2dfa97c3-e3e8-42a3-9db3-2f038013036d"
"a6d818a0-4321-46ff-be7e-d9517d5c89a8"	"d2712b17-d2ec-4bc8-a818-80c4765f5264"
"9e818819-2249-423b-97bc-483793b61b78"	"c8962d11-abd1-41e4-9110-fd3048c4f03e"
"4d23d8cf-82ba-4c4e-842a-70dd363c32c6"	"56c63373-a03e-4623-8eba-b1350e867bd8"
"a6d818a0-4321-46ff-be7e-d9517d5c89a8"	"7c31eeae-aa59-47f8-8bde-bbdfe994fe1d"
"a6d818a0-4321-46ff-be7e-d9517d5c89a8"	"077ba325-3a88-4704-ab86-474c561e297c"
"045ab6b3-8d3f-4735-844c-b79685b14e31"	"b5619c3e-d0cc-45b4-96aa-53228fe1f6f4"
"045ab6b3-8d3f-4735-844c-b79685b14e31"	"121cde11-942c-4053-9c5a-7356f0063bf5"
"f54fe889-1acf-4ac4-a72e-d2aed8c7af8d"	"d969ab65-9ed3-428d-9780-6f44f5461c15"
"f54fe889-1acf-4ac4-a72e-d2aed8c7af8d"	"7f3bec64-867c-4c7d-9d7a-6114eddb0a6f"
"41a0fb6d-50c3-4e74-b319-fad5eeaf67bb"	"d0658b1e-da55-440e-b68c-fce4db0ea177"
"045ab6b3-8d3f-4735-844c-b79685b14e31"	"8371f5f8-6cb9-483e-92a8-bc955d6e9174"
"304d665e-6cb2-4249-a157-92770652501b"	"a5df0899-c086-488d-930f-7c6537f7a359"
"304d665e-6cb2-4249-a157-92770652501b"	"641606fa-f30d-453b-bd26-2de2d0638771"
"304d665e-6cb2-4249-a157-92770652501b"	"41a37099-2910-4920-ae2b-97c529fdb5c5"
"304d665e-6cb2-4249-a157-92770652501b"	"bde07e27-829a-46fd-a1d2-4973abae8e3b"
"304d665e-6cb2-4249-a157-92770652501b"	"0634bc94-2cf4-487c-9871-b283558c8c6e"
"304d665e-6cb2-4249-a157-92770652501b"	"20df20b4-4232-4ada-96f9-5a9d2224fc7c"
"304d665e-6cb2-4249-a157-92770652501b"	"97ec1df3-0c88-4c15-91bb-c0090743ccb9"
"304d665e-6cb2-4249-a157-92770652501b"	"91c4729f-2fad-4448-af15-859927f533d4"
"304d665e-6cb2-4249-a157-92770652501b"	"2a8ae082-92b5-40e3-a3f7-4759e45bbc95"
"304d665e-6cb2-4249-a157-92770652501b"	"c41a758a-8284-4738-8239-a5be92ed742f"
"304d665e-6cb2-4249-a157-92770652501b"	"e6f32a16-9130-4f8c-8c55-a542fe0e415e"
"304d665e-6cb2-4249-a157-92770652501b"	"b91f7b0f-c60c-4a00-9569-4f847a57f7d9"
"304d665e-6cb2-4249-a157-92770652501b"	"3a7d8a43-ad8c-420b-84f8-71f39658e137"
"304d665e-6cb2-4249-a157-92770652501b"	"f4c6ea61-67b2-4e4d-b540-ca0740e4efb6"
"304d665e-6cb2-4249-a157-92770652501b"	"68392cfb-51bf-4da5-bdfa-dd13d83ef569"
"304d665e-6cb2-4249-a157-92770652501b"	"03c5bfee-133a-4507-8eb1-c9a7c768eeba"
"304d665e-6cb2-4249-a157-92770652501b"	"d4bddeaa-79df-4776-9b59-f1e975fe509e"
"304d665e-6cb2-4249-a157-92770652501b"	"589f7f4b-3335-400d-a142-e0d18194531a"
"82dc3073-5846-4447-942c-11e5df43d084"	"0ba4ef2c-048b-4e36-a9d5-dadc47f5876c"
"03d9b3d3-4a0c-47d7-9bad-db9759f9a1a8"	"ad98c89c-a88c-4374-9541-043fac4067cf"
"5f17d317-2a86-4a97-a029-25201084086f"	"82a96853-b678-4df4-9448-d24658080140"
"8db49d4e-7448-4cbe-b4e7-31a9e8a3627a"	"ba6fbaf9-73d2-461d-8034-59c175cc451d"
"65061356-ff8e-4a18-a032-c8af57d7e566"	"e2169a1b-b529-41ae-a76b-836d729a80d9"
"4b1b1ab3-6f5b-49be-b664-d3e88e275b04"	"a752f8dd-fdbc-4673-9bce-043bdd7fdb9d"
"f54fe889-1acf-4ac4-a72e-d2aed8c7af8d"	"73a40378-3de5-4d78-84a4-dbbdcfdbc06e"
"f54fe889-1acf-4ac4-a72e-d2aed8c7af8d"	"ed1f6aa7-3ed8-4704-aa8d-b6d000a04a6d"
"82dc3073-5846-4447-942c-11e5df43d084"	"f2e12717-7001-44c9-8401-fef6a17ad770"
"4b1b1ab3-6f5b-49be-b664-d3e88e275b04"	"49d58994-b94d-4979-adb6-3dde4a2c3c1a"
"4b1b1ab3-6f5b-49be-b664-d3e88e275b04"	"def3f0b2-debe-431f-8bbf-9793e96a9d97"
"4b1b1ab3-6f5b-49be-b664-d3e88e275b04"	"3951a2e3-1840-4846-901d-850fee330c69"
"a8f4267a-4228-4edf-acc7-f723f42083a0"	"0f45ed1a-4648-46f4-a792-5ec638135430"
"a8f4267a-4228-4edf-acc7-f723f42083a0"	"8cb6779d-522f-4975-ba76-97ad7c824f23"
"9fc54ba9-5949-4794-bcc3-74c48ab79786"	"0eb6d653-ebe9-46c9-bbc6-7f0549e66d2e"
"61896250-a42a-48c9-85a5-dc5e56a856c5"	"b13f11e7-6da3-4f31-8be4-ed179b4036f6"
"80a194e9-b864-46eb-8347-88908ec82184"	"2abcfd97-f7ca-46d9-b94d-69748ca1f455"
"def4253a-16f7-4d53-ac9c-d0f51fb13e89"	"cad65d71-a7bd-42b3-ae84-6f5c94536add"
"80a194e9-b864-46eb-8347-88908ec82184"	"97f9a625-2e9a-437b-936c-3c96a01be5ad"
"80a194e9-b864-46eb-8347-88908ec82184"	"453b65ac-601d-483d-a503-c4c64b356a5a"
"80a194e9-b864-46eb-8347-88908ec82184"	"98a7db98-3e5b-4552-9397-7b557b2c5358"
"80a194e9-b864-46eb-8347-88908ec82184"	"53d2ce3e-5d1e-4ecb-941e-4964a642b3f3"
"80a194e9-b864-46eb-8347-88908ec82184"	"b7d9e356-8221-4959-bdbe-781ab5fd6742"
"80a194e9-b864-46eb-8347-88908ec82184"	"a885f0a4-c975-4ecc-98b8-adbcdf672556"
"80a194e9-b864-46eb-8347-88908ec82184"	"54cf76ad-67e5-41be-92a4-a5eaca644e8e"
"80a194e9-b864-46eb-8347-88908ec82184"	"ebb49a6d-9195-4107-a369-85f62ac89372"
"def4253a-16f7-4d53-ac9c-d0f51fb13e89"	"08abdbce-dc4b-4bf3-a895-b3da83f35787"
"80a194e9-b864-46eb-8347-88908ec82184"	"1d261e73-cbd1-4c81-b1d1-e65b7d8060ae"
"80a194e9-b864-46eb-8347-88908ec82184"	"004677b9-ea2f-447e-8329-c976fbaf877f"
"80a194e9-b864-46eb-8347-88908ec82184"	"32709812-916b-4080-9323-ba3095d959e1"
"80a194e9-b864-46eb-8347-88908ec82184"	"6365ca56-540e-4cfb-9aa2-8b9e7f3a83e7"
"def4253a-16f7-4d53-ac9c-d0f51fb13e89"	"1bc1a837-94dc-4c9f-a822-c1793876c46c"
"80a194e9-b864-46eb-8347-88908ec82184"	"f0a1f9d2-77f7-4cfa-9241-6fdcec831539"
"80a194e9-b864-46eb-8347-88908ec82184"	"62fa372a-660c-4877-bd70-23371f6b97f9"
"80a194e9-b864-46eb-8347-88908ec82184"	"94724aa7-1acc-42cf-b1d0-5baf0fc3be3f"
"80a194e9-b864-46eb-8347-88908ec82184"	"f7bafdee-849c-4b55-b46a-08d1be1e4108"
"80a194e9-b864-46eb-8347-88908ec82184"	"69a0e125-8824-4517-8804-2d9385b38a52"
"def4253a-16f7-4d53-ac9c-d0f51fb13e89"	"2d216aec-5e28-4673-9a06-416e5528d6f7"
"80a194e9-b864-46eb-8347-88908ec82184"	"13df195d-22ff-4ec4-bcca-da9b7759ea5f"
"def4253a-16f7-4d53-ac9c-d0f51fb13e89"	"a1b555ea-2b40-4fac-a5e3-0d7ad388fdf1"
"def4253a-16f7-4d53-ac9c-d0f51fb13e89"	"fcccc46f-0f0f-4003-9381-a5bd19bd5f2c"
"def4253a-16f7-4d53-ac9c-d0f51fb13e89"	"d17fefa0-c91a-43cf-b6d4-3e56d9be570c"
"80a194e9-b864-46eb-8347-88908ec82184"	"a3e764d7-bd6a-4e80-9316-56b36574bc12"
"80a194e9-b864-46eb-8347-88908ec82184"	"57231be9-2649-41b1-a493-c78b90b4ee17"
"def4253a-16f7-4d53-ac9c-d0f51fb13e89"	"6c8a5c15-f8d6-48f8-91c4-9095a5d37ff7"
"def4253a-16f7-4d53-ac9c-d0f51fb13e89"	"3b4556f2-1844-4b38-b136-71ef307ce635"
"80a194e9-b864-46eb-8347-88908ec82184"	"b3ee801c-9de2-4042-aaf7-f437940d4936"
"80a194e9-b864-46eb-8347-88908ec82184"	"9133544e-2509-4ba1-82d3-27f714321c94"
"80a194e9-b864-46eb-8347-88908ec82184"	"ca28fee6-ddae-4bb9-bd15-0d3e033919c0"
"80a194e9-b864-46eb-8347-88908ec82184"	"39ec69bb-2b01-436b-bc4b-267b1ff40ca6"
"80a194e9-b864-46eb-8347-88908ec82184"	"d6a2d8fd-d343-46ba-b6c6-0b7bfd87ed9e"
"80a194e9-b864-46eb-8347-88908ec82184"	"5b05ca4d-0b82-4a52-ab4f-12870e2587ef"
"def4253a-16f7-4d53-ac9c-d0f51fb13e89"	"469e032a-8b76-4da8-8af2-11e09948e52c"
"def4253a-16f7-4d53-ac9c-d0f51fb13e89"	"29a66ad3-3eea-4e6d-97ea-273cd19e71e9"
"80a194e9-b864-46eb-8347-88908ec82184"	"745fc68a-b6b2-45b0-90b3-3cdb12a82b60"
"80a194e9-b864-46eb-8347-88908ec82184"	"5dbd74ce-c785-4b1f-ad5e-6a431bd8008e"
"80a194e9-b864-46eb-8347-88908ec82184"	"ff4f8b25-a507-4d04-8f9f-bf97d98ce6f8"
"80a194e9-b864-46eb-8347-88908ec82184"	"daf943d4-5e0c-4f4e-901e-033be440415b"
"80a194e9-b864-46eb-8347-88908ec82184"	"e733cdf5-6925-4d98-9b59-5ea136e5e6ee"
"def4253a-16f7-4d53-ac9c-d0f51fb13e89"	"8677da49-989b-449c-898e-6b5024f9df71"
"80a194e9-b864-46eb-8347-88908ec82184"	"b6050971-11c8-445f-91a5-a582a130d9ac"
"80a194e9-b864-46eb-8347-88908ec82184"	"002f2e54-b244-4dea-ba55-828cebf9a55e"
"80a194e9-b864-46eb-8347-88908ec82184"	"a2178665-37de-4414-96a3-43cf21c34b36"
"80a194e9-b864-46eb-8347-88908ec82184"	"0ebfa84a-0cd5-4ec6-8f01-e7ad83de794b"
"80a194e9-b864-46eb-8347-88908ec82184"	"3b11ecc1-9d1f-435b-9f1b-1addb6b82a68"
"80a194e9-b864-46eb-8347-88908ec82184"	"87ff41b9-d33b-41df-8a2d-3aef4ffb7ccd"
"80a194e9-b864-46eb-8347-88908ec82184"	"39e3950e-b563-4b47-9548-4df18f7ca796"
"b3d65013-e8f0-4989-b4bf-a5a4515e1cb2"	"8ef8afff-430d-4c3b-ba03-64c6af153178"
"b3d65013-e8f0-4989-b4bf-a5a4515e1cb2"	"ea27661c-74a7-452c-a4e1-579bd5095a5b"
"b3d65013-e8f0-4989-b4bf-a5a4515e1cb2"	"97bf57d5-e7b0-4b5f-922f-9dfc80ad002a"
"9fc54ba9-5949-4794-bcc3-74c48ab79786"	"54c19864-8d16-41e8-b7a4-6eefc9fb615e"
"0ca228a8-e69a-48a2-b4c0-302594597bfc"	"246f3460-697e-453f-bfa3-c8a0fc7c7ceb"
"6f7f96ba-7a81-4093-9b9f-451f33e0d640"	"2299ab1f-c9ed-477b-ab7e-440f02a2a1d1"
"1c83a0ac-f202-4ca4-b5e6-5f9268ac8b01"	"be0e0502-c795-4628-a484-5b3a9df2f401"
"1c83a0ac-f202-4ca4-b5e6-5f9268ac8b01"	"247e516e-5973-4f5c-bf34-aded1c93ef3b"
"1c83a0ac-f202-4ca4-b5e6-5f9268ac8b01"	"3b8dd324-d973-4e67-a946-ee22c471ab2e"
"1c83a0ac-f202-4ca4-b5e6-5f9268ac8b01"	"3e9926a7-00db-4f53-be69-3d0f76a2fca3"
"8fe9e68b-d300-4f5c-90c8-8d6e59268381"	"2e3e3cb8-0833-4b9f-a49d-2e50e05e84ad"
"1c83a0ac-f202-4ca4-b5e6-5f9268ac8b01"	"1e94b250-4b46-490f-8c67-913abc0b7068"
"a64c520b-eff6-4ec2-8854-8d66e05e7eee"	"d93055a4-a3ff-48bf-82e4-5da09c7ef9ee"
"9fc54ba9-5949-4794-bcc3-74c48ab79786"	"622cde6e-07ad-4562-ae9f-33fea4037152"
"9fc54ba9-5949-4794-bcc3-74c48ab79786"	"76aa9121-2624-4a2d-a578-07160c248d90"
"ed27b328-73d7-48fe-a68f-9b4d7cc4464c"	"cb5ac4d0-5247-449b-b619-76695981fc25"
"b209e8b8-a394-4641-85a8-000f7cba257b"	"dd9ce334-a002-4eaf-89fc-c81d32f71c1d"
"80a194e9-b864-46eb-8347-88908ec82184"	"2f54f148-3014-430f-9d6c-ab2cd821479e"
"b209e8b8-a394-4641-85a8-000f7cba257b"	"5d8d1e15-af76-4a49-a44c-77847b4bdb30"
"b209e8b8-a394-4641-85a8-000f7cba257b"	"4c335bfa-f4b9-4065-9957-a638ee30b317"
"25139354-cd96-4e76-9da8-f935e934812b"	"e21404cd-9746-4268-b078-02fedf551aa8"
"25139354-cd96-4e76-9da8-f935e934812b"	"a58f67e6-2252-41a8-97c3-11172431ed9e"
"4b1b1ab3-6f5b-49be-b664-d3e88e275b04"	"724a9902-b201-419d-8cf5-3831bfdd6e2f"
"4b1b1ab3-6f5b-49be-b664-d3e88e275b04"	"56bf2c32-5d8f-43c8-b466-0b3ab23555b3"
"82dc3073-5846-4447-942c-11e5df43d084"	"a8383e3a-b654-49ba-909a-efce6342dfd7"
"03d9b3d3-4a0c-47d7-9bad-db9759f9a1a8"	"cf19b0ff-2d69-433d-84f6-66498661854f"
"4b1b1ab3-6f5b-49be-b664-d3e88e275b04"	"ce03ed74-e992-416e-8a5c-c3a6f959d8c3"
"4b1b1ab3-6f5b-49be-b664-d3e88e275b04"	"dcea8e1e-a3c9-4b65-9a03-795d57a18663"
"4b1b1ab3-6f5b-49be-b664-d3e88e275b04"	"b217e597-f4e5-47ed-8f7f-7d088b78b50d"
"4b1b1ab3-6f5b-49be-b664-d3e88e275b04"	"e50e2396-82fb-4ba7-a9ac-b0b14fc51c1c"
"70c1f6ce-f7a8-464c-9943-24450190a234"	"d9646916-bddd-4615-ab15-a876faec3365"
"70c1f6ce-f7a8-464c-9943-24450190a234"	"d7762225-fc28-4985-93e3-959313ec3908"
"a6d818a0-4321-46ff-be7e-d9517d5c89a8"	"91847f0e-f145-44c8-8e54-3db1ab76f634"
"ed27b328-73d7-48fe-a68f-9b4d7cc4464c"	"c1a90126-3760-4f87-97d0-43848099c24e"
"ed27b328-73d7-48fe-a68f-9b4d7cc4464c"	"5f3dc959-5d8e-447e-87fc-fee6f655e5fc"
"4d23d8cf-82ba-4c4e-842a-70dd363c32c6"	"3026c3fb-7774-4fbe-9895-b846a302f1f0"
"4d23d8cf-82ba-4c4e-842a-70dd363c32c6"	"2cbb7a22-5f34-4164-b92b-b661ef68459c"
"9fc54ba9-5949-4794-bcc3-74c48ab79786"	"9a24c268-9c38-4e41-a28d-f2b4305d4e0c"
"9fc54ba9-5949-4794-bcc3-74c48ab79786"	"2a32e05e-6db9-45e3-b1d8-d7f65db2d58e"
"a6d818a0-4321-46ff-be7e-d9517d5c89a8"	"3292cfb5-7ae8-440b-bd3e-c44552d32d5f"
"a6d818a0-4321-46ff-be7e-d9517d5c89a8"	"50760186-3ab2-4ee4-a319-be5853631af5"
"a6d818a0-4321-46ff-be7e-d9517d5c89a8"	"8df12251-a615-45ac-9f3a-567df91bb847"
"a6d818a0-4321-46ff-be7e-d9517d5c89a8"	"aebe49f5-8eb5-4ae3-b6bb-958d2a9f2961"
"b209e8b8-a394-4641-85a8-000f7cba257b"	"1775361b-74e3-46d2-8bd0-ae11a4d6a0ce"
"b209e8b8-a394-4641-85a8-000f7cba257b"	"d73b7125-e244-4335-9bd8-1a275888a9dd"
"4b1b1ab3-6f5b-49be-b664-d3e88e275b04"	"e79a2a95-c449-44b4-be8c-2f33b97b89a6"
"4b1b1ab3-6f5b-49be-b664-d3e88e275b04"	"2cdd01f2-d4f5-49a2-aa9e-6777968e228d"
"4b1b1ab3-6f5b-49be-b664-d3e88e275b04"	"71c84293-27c2-4036-ab94-f4b31cfc2ef1"
"4b1b1ab3-6f5b-49be-b664-d3e88e275b04"	"2a81f715-6e36-491c-9f67-fcbca6e35c24"
"4b1b1ab3-6f5b-49be-b664-d3e88e275b04"	"6698b821-5ed1-41aa-9230-d01d24eaf8fd"
"4b1b1ab3-6f5b-49be-b664-d3e88e275b04"	"f00c892c-c181-4c77-9539-64c546010e4c"
"4b1b1ab3-6f5b-49be-b664-d3e88e275b04"	"ea9fa2df-9931-4616-957c-69685ac6066b"
"4b1b1ab3-6f5b-49be-b664-d3e88e275b04"	"381ed5dc-9570-4c73-85a8-72cfcad78761"
"4b1b1ab3-6f5b-49be-b664-d3e88e275b04"	"7128d536-c50a-4831-9d03-408ea88f6eca"
"4b1b1ab3-6f5b-49be-b664-d3e88e275b04"	"606a3ee4-ed4e-4f3a-b283-f1b8a4202a9c"
"4b1b1ab3-6f5b-49be-b664-d3e88e275b04"	"45f709ab-a62c-4cf2-ac5d-2bff6ebc3f1f"
"4b1b1ab3-6f5b-49be-b664-d3e88e275b04"	"20566354-67db-4b03-997a-3ba827b2c20e"
"4b1b1ab3-6f5b-49be-b664-d3e88e275b04"	"8c214582-a150-4d69-8b2e-9177495cd14b"
"4b1b1ab3-6f5b-49be-b664-d3e88e275b04"	"17a4bd67-72b2-4539-81d5-ad05bf910aaa"
"4b1b1ab3-6f5b-49be-b664-d3e88e275b04"	"3ac0decf-b107-456b-a3f3-3f540f576c0b"
"4b1b1ab3-6f5b-49be-b664-d3e88e275b04"	"9539cc8c-b2a1-47f2-969d-30d990764f94"
"4b1b1ab3-6f5b-49be-b664-d3e88e275b04"	"1154c13e-96c0-41b5-8a8a-6efce7138997"
"4b1b1ab3-6f5b-49be-b664-d3e88e275b04"	"1f997d75-89d6-408a-b5ec-9121c927b8d6"
"4b1b1ab3-6f5b-49be-b664-d3e88e275b04"	"83b3d647-05c5-4baa-a1be-c9a9abb2f5cf"
"4b1b1ab3-6f5b-49be-b664-d3e88e275b04"	"25ae7e63-7ae4-47d6-84f7-68229756b96b"
"4b1b1ab3-6f5b-49be-b664-d3e88e275b04"	"77ba115d-25d6-4360-8675-b33cfe09237d"
"4b1b1ab3-6f5b-49be-b664-d3e88e275b04"	"1b3366f1-9568-4608-838c-e17b4d860a94"
"4b1b1ab3-6f5b-49be-b664-d3e88e275b04"	"9be035c5-3125-4ce1-ab63-0366818c4a80"
"4b1b1ab3-6f5b-49be-b664-d3e88e275b04"	"590d9c2b-f6d8-473a-8913-27de67ca5564"
"5f17d317-2a86-4a97-a029-25201084086f"	"46b34b80-72b5-4f89-947e-01a559198a08"
"5f17d317-2a86-4a97-a029-25201084086f"	"60325998-cc97-46c5-a7f6-47adf90c252f"
"5f17d317-2a86-4a97-a029-25201084086f"	"43f97386-0760-41a6-b0d6-e843b8803631"
"5f17d317-2a86-4a97-a029-25201084086f"	"d3ccbb9c-e777-407b-9a97-7d80f26365ba"
"518c6efb-6333-4c68-b22a-c8f36ca44271"	"6ee5c331-fc1a-4d8c-ad45-02394a79f2bf"
"5f17d317-2a86-4a97-a029-25201084086f"	"c2b88e69-fdd2-4c99-b247-dd897ca7bc47"
"5f17d317-2a86-4a97-a029-25201084086f"	"80ae4a8c-bdb3-4771-a5da-5bc7c375bb4c"
"a5876d51-0526-40fc-bfca-be81eff48209"	"6e7db8da-e003-40ee-aa9e-06011223250b"
"a5876d51-0526-40fc-bfca-be81eff48209"	"03e3e9e8-30cd-4a8a-8d18-4b6b9af6b6c9"
"5f17d317-2a86-4a97-a029-25201084086f"	"c2e0b4ca-9ce7-4685-85c9-27054a3ba689"
"a5876d51-0526-40fc-bfca-be81eff48209"	"a3591b81-0ab7-49b1-a57b-4ef58955720e"
"5f17d317-2a86-4a97-a029-25201084086f"	"978df2a9-47e5-4338-ab23-5dac4d7a51e7"
"5f17d317-2a86-4a97-a029-25201084086f"	"db74487f-1e30-4bf2-9661-0c853eb6b2f1"
"5f17d317-2a86-4a97-a029-25201084086f"	"50e8e484-43b5-4ebe-8b35-e35746089ab1"
"5f17d317-2a86-4a97-a029-25201084086f"	"bd25a916-9871-40df-8a3e-ac9342b8e27d"
"a6d818a0-4321-46ff-be7e-d9517d5c89a8"	"21d9cc96-72e0-4664-b1f3-e2c14b21f2c9"
"9fc54ba9-5949-4794-bcc3-74c48ab79786"	"d1db17ea-04f5-4116-b568-2662d0d3b32a"
"a6d818a0-4321-46ff-be7e-d9517d5c89a8"	"0e2c976f-71e6-4cff-b8be-65f0eb83eba6"
"644a5700-be1b-4de2-be9b-4302bb384833"	"af409252-e28e-4fd0-a50e-b3cabbb0084c"
"a6d818a0-4321-46ff-be7e-d9517d5c89a8"	"c9b86566-083b-42e6-a69a-fb10849359ff"
"ed27b328-73d7-48fe-a68f-9b4d7cc4464c"	"eba5c298-ade8-455f-b673-1eeb60fc580c"
"4d23d8cf-82ba-4c4e-842a-70dd363c32c6"	"84b63468-1945-4338-80e4-9f689e7de3ee"
"9e818819-2249-423b-97bc-483793b61b78"	"789ea1cf-ac7d-47fd-bf77-653bfcf0d232"
"1c83a0ac-f202-4ca4-b5e6-5f9268ac8b01"	"fd786322-af20-4e4c-bcf0-f3a19eb6287f"
"8fe9e68b-d300-4f5c-90c8-8d6e59268381"	"478b8040-e412-40c2-973c-78b3bcd3187c"
"1c83a0ac-f202-4ca4-b5e6-5f9268ac8b01"	"1c1e2821-aed2-4b20-a4af-cb6b482f190c"
"8fe9e68b-d300-4f5c-90c8-8d6e59268381"	"2543ea21-aaf6-4edc-bb43-4999a0790ced"
"ca5fd90f-e287-4427-bca6-da43931f0e58"	"d47f5770-8b27-415d-9dc3-9aa7f8628ea4"
"ca5fd90f-e287-4427-bca6-da43931f0e58"	"5bbbd62e-72cf-4387-b74d-45e827339bfa"
"65061356-ff8e-4a18-a032-c8af57d7e566"	"6a114dc0-559f-4712-a644-003c0f8a5b12"
"65061356-ff8e-4a18-a032-c8af57d7e566"	"77731d3f-be04-448f-ab63-15ad7d919ce9"
"ca5fd90f-e287-4427-bca6-da43931f0e58"	"cbc7fb7b-ce92-435d-a9c3-08799309f20b"
"82dc3073-5846-4447-942c-11e5df43d084"	"af83124e-ce47-41ba-94df-a86b3a1a42c4"
"ca5fd90f-e287-4427-bca6-da43931f0e58"	"6a067353-69ad-4008-9ca8-920a117983f1"
"4b1b1ab3-6f5b-49be-b664-d3e88e275b04"	"75247b6f-b052-4e9a-a5ee-264c951cdda9"
"82dc3073-5846-4447-942c-11e5df43d084"	"22e457b9-5e21-43c9-8448-b0c8bd13bb23"
"82dc3073-5846-4447-942c-11e5df43d084"	"de10c44d-c03c-43d7-951f-9eef823970f4"
"65061356-ff8e-4a18-a032-c8af57d7e566"	"cda0f4ca-e856-4d58-9fa2-84e8790c024e"
"65061356-ff8e-4a18-a032-c8af57d7e566"	"d9fd081c-3a45-4bbd-8b14-8c12ec84bf65"
"4b1b1ab3-6f5b-49be-b664-d3e88e275b04"	"620646b3-b246-4095-b871-246b7d604c67"
"82dc3073-5846-4447-942c-11e5df43d084"	"f9f17115-2f7a-43f8-80fa-df026c702445"
"65061356-ff8e-4a18-a032-c8af57d7e566"	"2211ffde-6aaa-4de9-82fa-0b8862c84c2a"
"4b1b1ab3-6f5b-49be-b664-d3e88e275b04"	"69b95f20-a4ad-4879-a578-3d5802dc4613"
"82dc3073-5846-4447-942c-11e5df43d084"	"1389b97e-661e-4f0f-baa0-1063b81b237f"
"82dc3073-5846-4447-942c-11e5df43d084"	"52f19599-6777-4443-b3ee-2c4a1ab94b52"
"82dc3073-5846-4447-942c-11e5df43d084"	"b50f8835-cd89-450d-ae1f-cb57d459289f"
"82dc3073-5846-4447-942c-11e5df43d084"	"9903c370-6da5-4f71-b727-3c47580f9bdf"
"65061356-ff8e-4a18-a032-c8af57d7e566"	"7ef84e96-f212-4e77-b29c-84cd7fb3a316"
"82dc3073-5846-4447-942c-11e5df43d084"	"a6389eeb-e584-4ef3-9f37-69100a149022"
"82dc3073-5846-4447-942c-11e5df43d084"	"d4b4702d-bc07-4504-b4c7-88fbe6da1437"
"82dc3073-5846-4447-942c-11e5df43d084"	"9899b684-ac9f-4abe-be77-5df7cbf505f0"
"65061356-ff8e-4a18-a032-c8af57d7e566"	"cf2656e7-770f-4efc-a500-fb7e5efe5175"
"82dc3073-5846-4447-942c-11e5df43d084"	"b507ba55-42af-44ef-9cf5-9a13f24d2fe5"
"82dc3073-5846-4447-942c-11e5df43d084"	"39759bf5-34de-4bab-8bd7-20102bc63433"
"65061356-ff8e-4a18-a032-c8af57d7e566"	"7e740e4c-f282-4fbb-b7ee-8f1557250aed"
"82dc3073-5846-4447-942c-11e5df43d084"	"f384f0e6-aebb-4d81-9b45-17bf04971cc0"
"82dc3073-5846-4447-942c-11e5df43d084"	"b6828118-f07c-4da9-aa21-2eeb728fd51f"
"82dc3073-5846-4447-942c-11e5df43d084"	"bd1e110b-94ca-46c6-8135-b1fe969aa06a"
"82dc3073-5846-4447-942c-11e5df43d084"	"cc7b3b36-0471-424e-8476-6b7e37e73990"
"82dc3073-5846-4447-942c-11e5df43d084"	"f116333d-0217-49e8-ac45-2e0e19a0b70f"
"82dc3073-5846-4447-942c-11e5df43d084"	"9280038c-6e85-4f88-854a-fad2a80965ef"
"82dc3073-5846-4447-942c-11e5df43d084"	"8be15897-1f73-44c4-8a83-edc397846cdd"
"82dc3073-5846-4447-942c-11e5df43d084"	"2675984a-25c1-44fe-aab7-eea2526cc7b1"
"82dc3073-5846-4447-942c-11e5df43d084"	"06e7b547-e811-46a9-a5a9-2fb03d91110b"
"a6cfdb30-bc35-40c9-89e7-36009cbdb9b5"	"a5b2149f-f73b-4fad-a805-0f3afe3f0e8a"
"a6cfdb30-bc35-40c9-89e7-36009cbdb9b5"	"da356fe2-45a2-406b-ae83-7f3700577e70"
"a6cfdb30-bc35-40c9-89e7-36009cbdb9b5"	"153f436e-add8-4e4a-afdc-47f70229e0ed"
"82dc3073-5846-4447-942c-11e5df43d084"	"185d8e56-2f3f-4ee4-889c-9750ae1955d2"
"a6cfdb30-bc35-40c9-89e7-36009cbdb9b5"	"1a497a4c-2b9c-403b-81aa-707aa3c69706"
"82dc3073-5846-4447-942c-11e5df43d084"	"602c392c-01d6-4059-aa29-8674c0a360e1"
"82dc3073-5846-4447-942c-11e5df43d084"	"dbe61336-6572-4c30-91c7-e7da54f2c9f9"
"82dc3073-5846-4447-942c-11e5df43d084"	"e51d064f-9967-42bb-b9b8-55a811a4a20e"
"82dc3073-5846-4447-942c-11e5df43d084"	"4785e344-e888-4360-b3a9-cf42e8195231"
"82dc3073-5846-4447-942c-11e5df43d084"	"c681726b-f146-43c0-891b-755bb5f20bad"
"82dc3073-5846-4447-942c-11e5df43d084"	"bf475c2a-915e-4c7e-93f3-49ff5d716a15"
"ac6fa732-b76f-4bd5-b032-ca74c07e58a3"	"7691dd04-c2b3-4d49-88f2-b5946d091e94"
"82dc3073-5846-4447-942c-11e5df43d084"	"3e8a3ba2-2bde-4fff-af3d-d1dcb87b16ed"
"82dc3073-5846-4447-942c-11e5df43d084"	"0df66c73-92f3-4294-a5b4-6a6443935bbe"
"82dc3073-5846-4447-942c-11e5df43d084"	"9ccd396f-383d-4073-8095-a0df6a4df685"
"82dc3073-5846-4447-942c-11e5df43d084"	"cfa2777e-e1f8-45a0-b0e7-f6e71c77f0a0"
"82dc3073-5846-4447-942c-11e5df43d084"	"6efa5b40-259e-455e-abbe-860182274409"
"82dc3073-5846-4447-942c-11e5df43d084"	"d470ccec-e9cd-49ae-817e-cadf281a95f5"
"82dc3073-5846-4447-942c-11e5df43d084"	"3ff6f560-8442-48e8-8992-63604a88481f"
"82dc3073-5846-4447-942c-11e5df43d084"	"e3dfeee6-5c0f-4990-8206-23775c51d646"
"82dc3073-5846-4447-942c-11e5df43d084"	"60a32e19-377d-42a2-a214-2ac906b016fd"
"82dc3073-5846-4447-942c-11e5df43d084"	"5953cca8-b5fd-43da-b69f-8bd73304c96d"
"82dc3073-5846-4447-942c-11e5df43d084"	"4b4254c7-e613-4471-b7ad-a14a1552e4e1"
"82dc3073-5846-4447-942c-11e5df43d084"	"19917443-f785-408a-8ccb-86a4405d83b8"
"82dc3073-5846-4447-942c-11e5df43d084"	"71565459-25e7-475e-be5c-340fa0c91206"
"82dc3073-5846-4447-942c-11e5df43d084"	"197f9191-3cf0-4f1c-916e-0bc24dd4d2e6"
"82dc3073-5846-4447-942c-11e5df43d084"	"6247b299-ea40-411d-826a-22f1c18a1251"
"82dc3073-5846-4447-942c-11e5df43d084"	"b898c656-51a0-4a23-82fd-2775484365fc"
"82dc3073-5846-4447-942c-11e5df43d084"	"fce878a1-7fe2-4350-8a3e-db06cfabcacd"
"82dc3073-5846-4447-942c-11e5df43d084"	"038b2e25-8011-49be-97ab-b285738623ec"
"82dc3073-5846-4447-942c-11e5df43d084"	"1a0513c0-e8cb-4bd4-96b4-ff710a1e5434"
"82dc3073-5846-4447-942c-11e5df43d084"	"c83b8906-4fd6-445a-83e3-39e9cbb17d75"
"82dc3073-5846-4447-942c-11e5df43d084"	"bfd42f18-5a87-410a-afbe-8683feabf292"
"82dc3073-5846-4447-942c-11e5df43d084"	"bceda0f9-6f7c-4e8e-aa34-fcf4003b5ad0"
"c7afd824-c9b9-4bbb-896f-4634fd0c148d"	"047a0eef-f316-492c-97e4-4f71a02f5ae6"
"6d0a98de-ebf7-45d7-92ff-2d83000513fd"	"21a0adad-48ac-45d4-b812-58449b42f4d6"
"f65a18f7-6cbe-4aa6-b365-ddec7b92daab"	"646e335e-ec1b-4fcf-a8fe-a453f34cd9b8"
"5f17d317-2a86-4a97-a029-25201084086f"	"ce453f9e-bf93-45da-bc29-9de4e60c8fca"
"82dc3073-5846-4447-942c-11e5df43d084"	"aca68721-2f7c-4b8a-809f-b79eed92d10d"
"ca5fd90f-e287-4427-bca6-da43931f0e58"	"ed39be2f-af28-4a86-894f-264b48742fc7"
"82dc3073-5846-4447-942c-11e5df43d084"	"0404bc5a-1197-4c50-b8e7-1b2090f7c58c"
"82dc3073-5846-4447-942c-11e5df43d084"	"8d7142cd-499d-465e-83ae-a359591ab205"
"ca5fd90f-e287-4427-bca6-da43931f0e58"	"88f37843-b995-4c1f-9dde-578da70977a5"
"82dc3073-5846-4447-942c-11e5df43d084"	"6d003e84-9448-4a44-96b4-9c09537b5b2a"
"ca5fd90f-e287-4427-bca6-da43931f0e58"	"5ddf1c50-4266-4860-b35c-f752433d29c6"
"82dc3073-5846-4447-942c-11e5df43d084"	"bb59755d-b2d9-41ca-882e-a27043e723de"
"82dc3073-5846-4447-942c-11e5df43d084"	"48e77520-50d7-4964-9855-9055893eb2c6"
"65061356-ff8e-4a18-a032-c8af57d7e566"	"f1da5213-c723-42bc-9e98-ce9c70a20d70"
"82dc3073-5846-4447-942c-11e5df43d084"	"fe92a304-b77a-436f-ac64-b83c4e7127fa"
"82dc3073-5846-4447-942c-11e5df43d084"	"c654b2db-edbb-4580-9fa4-23bd30db5173"
"03d9b3d3-4a0c-47d7-9bad-db9759f9a1a8"	"97034367-f9fc-4158-ba9d-f455e046d01f"
"65061356-ff8e-4a18-a032-c8af57d7e566"	"d3603b05-a5a8-4290-a802-3c3f480bb0c0"
"82dc3073-5846-4447-942c-11e5df43d084"	"d5e8baeb-6b11-44bb-b854-b763e8ec95fa"
"82dc3073-5846-4447-942c-11e5df43d084"	"3e98f7da-5023-4cc6-b6b9-950d34ab7a89"
"25139354-cd96-4e76-9da8-f935e934812b"	"f0c3d61e-8211-4ddf-929b-6b046a71a3ae"
"25139354-cd96-4e76-9da8-f935e934812b"	"33a0a684-472c-4370-a863-8ea22c3debd6"
"a8f4267a-4228-4edf-acc7-f723f42083a0"	"20b6c5f9-bcf0-41ef-954e-25b875d59e3d"
"a8f4267a-4228-4edf-acc7-f723f42083a0"	"eb04fc98-0968-450a-bdf0-89ef7c1d8348"
"a8f4267a-4228-4edf-acc7-f723f42083a0"	"46031ccd-72cf-47a9-98d4-660fa470c554"
"a8f4267a-4228-4edf-acc7-f723f42083a0"	"f1a8ff5a-9237-4f33-bfd1-5fd88f631697"
"a8f4267a-4228-4edf-acc7-f723f42083a0"	"10c2abd9-f3e1-44f9-b486-d1957741f1db"
"a8f4267a-4228-4edf-acc7-f723f42083a0"	"337b85ad-ee9f-4a56-a9fa-12852d43ef3c"
"a8f4267a-4228-4edf-acc7-f723f42083a0"	"d50537c9-71d6-473e-85c2-f2e796c247af"
"a8f4267a-4228-4edf-acc7-f723f42083a0"	"ad7943f9-f988-44de-bd1e-7d9aa11ff947"
"a8f4267a-4228-4edf-acc7-f723f42083a0"	"90c77d9f-6f0c-43ed-91dc-d15a898f8fbd"
"a8f4267a-4228-4edf-acc7-f723f42083a0"	"8178ab67-16da-4a08-b0b5-6c60d76513a0"
"a8f4267a-4228-4edf-acc7-f723f42083a0"	"841ec542-42fc-43ad-a0b6-923ed41639be"
"a8f4267a-4228-4edf-acc7-f723f42083a0"	"5a7235c1-633e-44cd-bd9b-414cc1922a9e"
"a8f4267a-4228-4edf-acc7-f723f42083a0"	"eb7f7566-1a8b-4e7a-94e1-3942fd4f08c8"
"a8f4267a-4228-4edf-acc7-f723f42083a0"	"97eac5ef-3392-4698-b4e7-833e2f029946"
"a8f4267a-4228-4edf-acc7-f723f42083a0"	"3dc633e8-8b42-48dd-8d87-553837075e31"
"a8f4267a-4228-4edf-acc7-f723f42083a0"	"b401ae0a-60cc-4458-8515-3dfdbe5dca4e"
"a8f4267a-4228-4edf-acc7-f723f42083a0"	"a819cfae-5ab7-4d7c-97f5-c2aa269551f3"
"a8f4267a-4228-4edf-acc7-f723f42083a0"	"8cfb5278-88f6-46c0-bb82-de9955b78213"
"a8f4267a-4228-4edf-acc7-f723f42083a0"	"2aeb5e35-9d47-4dc5-a73e-9064d46cf4d1"
"a8f4267a-4228-4edf-acc7-f723f42083a0"	"cc327551-fdfc-4ad7-8b31-5a4278f6bf24"
"a8f4267a-4228-4edf-acc7-f723f42083a0"	"c9b058be-a187-491d-af92-3120f721aa52"
"a6d818a0-4321-46ff-be7e-d9517d5c89a8"	"30dc87e7-654d-4b28-be31-b74c136f71dd"
"a6d818a0-4321-46ff-be7e-d9517d5c89a8"	"ee51177c-175f-4746-bd6d-53d8c36b76b2"
"a6d818a0-4321-46ff-be7e-d9517d5c89a8"	"ee393021-566c-48bb-b7b3-0398f14be791"
"a6d818a0-4321-46ff-be7e-d9517d5c89a8"	"82d7b718-7c30-4751-86e4-2319814f4265"
"a6d818a0-4321-46ff-be7e-d9517d5c89a8"	"c3045dc7-b3bf-4355-8743-97bdfb5b647e"
"9fc54ba9-5949-4794-bcc3-74c48ab79786"	"d4984151-9a72-43f4-81ca-4c358350ee1b"
"9fc54ba9-5949-4794-bcc3-74c48ab79786"	"4d31154d-22d7-482f-8b03-c73c0dbd71f4"
"a8f4267a-4228-4edf-acc7-f723f42083a0"	"da976d99-9c2c-44dc-8be6-5deae3ce58e3"
"a8f4267a-4228-4edf-acc7-f723f42083a0"	"161c696f-6ae7-4366-8b22-0233946b8e51"
"a8f4267a-4228-4edf-acc7-f723f42083a0"	"be8126c0-f5dd-42d8-a8e6-b0c8344c9200"
"a8f4267a-4228-4edf-acc7-f723f42083a0"	"354574d1-d9d2-434d-b3fc-ff4b9e98f500"
"a8f4267a-4228-4edf-acc7-f723f42083a0"	"57e9e0cb-dc22-4bb8-af39-f40743b9fa20"
"a8f4267a-4228-4edf-acc7-f723f42083a0"	"03eb9c36-3ab8-4912-b6ba-23d48df43112"
"b209e8b8-a394-4641-85a8-000f7cba257b"	"768bba0d-6448-4292-b897-b415bcd2c465"
"b209e8b8-a394-4641-85a8-000f7cba257b"	"de6e4902-c7b3-4cd2-a572-1299798e2aaa"
"b209e8b8-a394-4641-85a8-000f7cba257b"	"dbd75695-b153-4dec-b2c0-eaf9221bb92d"
"b209e8b8-a394-4641-85a8-000f7cba257b"	"ee1575f9-2a36-4781-9f4f-8cc1f5a1bc20"
"b209e8b8-a394-4641-85a8-000f7cba257b"	"51f10096-512f-420d-8e7f-d2263b0b08a4"
"a5876d51-0526-40fc-bfca-be81eff48209"	"14a2d7fb-b94b-43cc-850d-8b765f2df2ad"
"0ca228a8-e69a-48a2-b4c0-302594597bfc"	"bbb37dc0-9879-4cff-bd68-4bc7b0f2a3a9"
"0ca228a8-e69a-48a2-b4c0-302594597bfc"	"ee69ecdb-bb54-45e7-986d-c36bdc0904e2"
"a5876d51-0526-40fc-bfca-be81eff48209"	"4ed9870f-bf87-4302-9e66-abf9c13229bf"
"0ca228a8-e69a-48a2-b4c0-302594597bfc"	"8969580d-2f61-41a9-a1dd-2aa1d89b9863"
"0ca228a8-e69a-48a2-b4c0-302594597bfc"	"09096398-9a91-43ef-aecb-aa225b2ca16b"
"0ca228a8-e69a-48a2-b4c0-302594597bfc"	"5ce0a5e6-2f56-4d08-9410-fb3acd7f7999"
"0ca228a8-e69a-48a2-b4c0-302594597bfc"	"6e654394-3e04-49c2-8c1a-60bdf9afe04a"
"0ca228a8-e69a-48a2-b4c0-302594597bfc"	"85d98147-e81c-4e7d-a823-8fe889d07a6f"
"0ca228a8-e69a-48a2-b4c0-302594597bfc"	"511bda64-45e9-4e52-92fb-338d689d74e8"
"0ca228a8-e69a-48a2-b4c0-302594597bfc"	"ec7d2211-e6bc-485a-9a7b-4550132daed2"
"0ca228a8-e69a-48a2-b4c0-302594597bfc"	"3ae17e0a-b032-45c0-a965-5ed9ce0e4fac"
"0ca228a8-e69a-48a2-b4c0-302594597bfc"	"1f64e76b-6de8-41a5-8782-a70f1ff73ec8"
"0ca228a8-e69a-48a2-b4c0-302594597bfc"	"58a04489-66d2-494b-90df-9a41a968f821"
"0ca228a8-e69a-48a2-b4c0-302594597bfc"	"e842fd4b-e56b-480a-a041-e006f2dc172b"
"0ca228a8-e69a-48a2-b4c0-302594597bfc"	"b2264dae-b885-4c0c-8ede-b2d9fcb81119"
"dd0f7167-cfcc-45bc-a490-168c870e7cc8"	"02481b74-c448-4dd0-9fdc-5e116325d234"
"a5876d51-0526-40fc-bfca-be81eff48209"	"1da4eaa3-4b2d-4271-ac64-ced488b99d89"
"ca5fd90f-e287-4427-bca6-da43931f0e58"	"8e29e435-e4f6-4fff-bafc-51bf01d9ff1c"
"0ca228a8-e69a-48a2-b4c0-302594597bfc"	"483aa948-eaa6-4487-b952-e3614b2af7bc"
"a5876d51-0526-40fc-bfca-be81eff48209"	"c215e8b2-ac83-4bbf-aa66-f20886a23169"
"0ca228a8-e69a-48a2-b4c0-302594597bfc"	"814d0590-f0fe-455c-abf9-0a3b6d7cafa2"
"0ca228a8-e69a-48a2-b4c0-302594597bfc"	"dd84c2be-d38d-4260-af54-eed50781678a"
"0ca228a8-e69a-48a2-b4c0-302594597bfc"	"646bb669-cd15-4504-b082-3261eb278702"
"0ca228a8-e69a-48a2-b4c0-302594597bfc"	"3cc35d3f-9373-4dbb-9c95-0f2803310cbd"
"ca5fd90f-e287-4427-bca6-da43931f0e58"	"67c20ce7-19cd-4120-b458-40d883ec0d0d"
"0ca228a8-e69a-48a2-b4c0-302594597bfc"	"91e3c357-560d-4aa1-8a24-7d564ad0e2ef"
"ca5fd90f-e287-4427-bca6-da43931f0e58"	"bfc59793-29b5-46b2-b227-0866b1c3a3e2"
"0ca228a8-e69a-48a2-b4c0-302594597bfc"	"319ec48c-b647-4783-8624-d0a75930636f"
"0ca228a8-e69a-48a2-b4c0-302594597bfc"	"5078b647-954c-46d0-be69-2c7c10a110a0"
"0ca228a8-e69a-48a2-b4c0-302594597bfc"	"3bc9671b-d093-4780-af94-012b033adaa9"
"a5876d51-0526-40fc-bfca-be81eff48209"	"85025139-7a4f-4911-bb9c-4d2bda3e74eb"
"ca5fd90f-e287-4427-bca6-da43931f0e58"	"e6b4dcc2-456d-4910-a999-d4eb759f440a"
"0ca228a8-e69a-48a2-b4c0-302594597bfc"	"f07d1e5a-356f-49ea-a2a7-7ac864bf6e40"
"0ca228a8-e69a-48a2-b4c0-302594597bfc"	"9bf8ac27-3281-4d1f-b081-31174cc76ecc"
"a5876d51-0526-40fc-bfca-be81eff48209"	"eb9e9199-d0e8-48aa-86f7-e2de2943a8ee"
"0ca228a8-e69a-48a2-b4c0-302594597bfc"	"0ab82746-e385-45a5-8850-e7d04b25cf20"
"ca5fd90f-e287-4427-bca6-da43931f0e58"	"d794635b-d5f8-4a4d-81f0-2f39d7f1d42e"
"a5876d51-0526-40fc-bfca-be81eff48209"	"3c913866-5d78-4971-a6e4-4918f05b7a88"
"0ca228a8-e69a-48a2-b4c0-302594597bfc"	"88baee10-bc30-4dac-977d-3c215160e6f9"
"0ca228a8-e69a-48a2-b4c0-302594597bfc"	"4aa49e45-1b9b-440a-b65a-e533c99fefec"
"0ca228a8-e69a-48a2-b4c0-302594597bfc"	"184e689f-bc60-41b2-b2c2-1e0919ff2c24"
"a5876d51-0526-40fc-bfca-be81eff48209"	"8aaf22ba-e062-4a20-b3a0-3ba5cff56bdc"
"a5876d51-0526-40fc-bfca-be81eff48209"	"63a25633-254a-4531-b0d1-a5beecaaa43a"
"0ca228a8-e69a-48a2-b4c0-302594597bfc"	"f9d74c70-1778-475e-a52a-ad310b968068"
"0ca228a8-e69a-48a2-b4c0-302594597bfc"	"89ff1a57-b1f2-44a5-88e8-06f00524f6e4"
"0ca228a8-e69a-48a2-b4c0-302594597bfc"	"94ac2b4b-b8f2-4663-a1e7-fd9c523b6944"
"0ca228a8-e69a-48a2-b4c0-302594597bfc"	"71819007-7c88-48e2-8a75-006ac1a2809a"
"0ca228a8-e69a-48a2-b4c0-302594597bfc"	"fb225f55-eea7-4a3e-87e4-b83f1db8e373"
"0ca228a8-e69a-48a2-b4c0-302594597bfc"	"3721e89a-314f-45ab-93f4-63115952dad0"
"a5876d51-0526-40fc-bfca-be81eff48209"	"770a829e-7b66-4c11-add7-02f18a16a415"
"0ca228a8-e69a-48a2-b4c0-302594597bfc"	"a5149b81-ac78-4e4c-bcfe-a5e2bf9dfdd1"
"0ca228a8-e69a-48a2-b4c0-302594597bfc"	"12b6934c-8d60-47b0-b186-3510778d5b58"
"0ca228a8-e69a-48a2-b4c0-302594597bfc"	"69316ea5-21f5-43fa-b15c-874789b008a3"
"0ca228a8-e69a-48a2-b4c0-302594597bfc"	"f3fc867a-a45c-4d18-88c4-40ec4b47b77d"
"0ca228a8-e69a-48a2-b4c0-302594597bfc"	"e40fc7cb-5900-4f11-9a3d-be0b93e281f8"
"a5876d51-0526-40fc-bfca-be81eff48209"	"8228311e-9b6a-476a-b5f7-a5fdc80b39a0"
"0ca228a8-e69a-48a2-b4c0-302594597bfc"	"3da35b05-4e14-44e9-afdd-c873b107d15c"
"a5876d51-0526-40fc-bfca-be81eff48209"	"717fa3a6-01fb-4aed-b573-05eb56ca7df0"
"0ca228a8-e69a-48a2-b4c0-302594597bfc"	"73011a12-e248-4808-bd62-1328d79df343"
"0ca228a8-e69a-48a2-b4c0-302594597bfc"	"0480a604-1ebb-4d1a-be45-7a5415ae0c89"
"0ca228a8-e69a-48a2-b4c0-302594597bfc"	"64ab4e73-7f1b-4f24-bad5-b769fd29bb59"
"0ca228a8-e69a-48a2-b4c0-302594597bfc"	"bf9ba15f-448f-48f2-89d7-8dbc9b4c3af1"
"a5876d51-0526-40fc-bfca-be81eff48209"	"56c91ecc-44e8-4304-9417-aa1bfd8bb816"
"0ca228a8-e69a-48a2-b4c0-302594597bfc"	"113fc41e-3025-45a9-a882-713585520947"
"0ca228a8-e69a-48a2-b4c0-302594597bfc"	"f32da249-b611-4641-92b0-07ec53e33175"
"0ca228a8-e69a-48a2-b4c0-302594597bfc"	"0184b93d-31ea-4295-8396-489e4cadde44"
"0ca228a8-e69a-48a2-b4c0-302594597bfc"	"c3b7472c-eb12-41f8-bf8b-ce08ad6a3039"
"0ca228a8-e69a-48a2-b4c0-302594597bfc"	"77e9bdda-3174-4abe-ab37-f0613dcf04b3"
"0ca228a8-e69a-48a2-b4c0-302594597bfc"	"e9ab036c-99af-4ea5-b8c7-c4f0d2e9e643"
"0ca228a8-e69a-48a2-b4c0-302594597bfc"	"90280db7-50f4-4740-badd-aa848a2ec78c"
"e934c964-656c-44b7-a275-c68c89579d19"	"6c6f7601-032e-4805-b7de-f41a75f2ecca"
"e934c964-656c-44b7-a275-c68c89579d19"	"48e29bd7-212f-4c38-a775-f39c6d3fba27"
"0ca228a8-e69a-48a2-b4c0-302594597bfc"	"10d79994-f20d-4404-8e1e-53d9a7b5f18f"
"a5876d51-0526-40fc-bfca-be81eff48209"	"c3459bd4-8a53-4da7-9734-abbed521ee07"
"0ca228a8-e69a-48a2-b4c0-302594597bfc"	"451399d1-353b-4b1a-9890-eb4ffc5d19a0"
"dd0f7167-cfcc-45bc-a490-168c870e7cc8"	"aea6af51-298e-4609-861d-8de85de80059"
"dd0f7167-cfcc-45bc-a490-168c870e7cc8"	"d200ae17-1757-4ed1-8930-e10e043dc90c"
"0ca228a8-e69a-48a2-b4c0-302594597bfc"	"e23d56c0-36c1-4c37-b8d3-42e9b44679b9"
"0ca228a8-e69a-48a2-b4c0-302594597bfc"	"68e2de4d-c071-478f-a08f-d9570daad79b"
"0ca228a8-e69a-48a2-b4c0-302594597bfc"	"73f0745d-5670-4bdc-9968-a097f2c77ebe"
"0ca228a8-e69a-48a2-b4c0-302594597bfc"	"5e439334-e74a-43fb-968f-6fe638201cbc"
"0ca228a8-e69a-48a2-b4c0-302594597bfc"	"ac862436-2502-469e-8b46-efeb28398c09"
"0ca228a8-e69a-48a2-b4c0-302594597bfc"	"1d54a67a-20ef-4a3b-8a71-0d43e5a0a0da"
"0ca228a8-e69a-48a2-b4c0-302594597bfc"	"e9793434-3c14-4417-bb20-0edce3fc2f48"
"0ca228a8-e69a-48a2-b4c0-302594597bfc"	"c7eaa124-e117-4996-9ed8-93abd9d3805e"
"0ca228a8-e69a-48a2-b4c0-302594597bfc"	"5f6f7a7b-e858-4764-a1e0-b3c2af45f087"
"0ca228a8-e69a-48a2-b4c0-302594597bfc"	"2f24abe8-a869-45a4-b56c-4ada6378d82e"
"0ca228a8-e69a-48a2-b4c0-302594597bfc"	"77ecb0e7-28d1-4cb2-a60a-9ac6a2b37f28"
"313dafca-6d7f-48fe-955d-45f3812302e8"	"bb5d1b2c-240a-4c7b-a69a-38ad4f4cbf94"
"0ca228a8-e69a-48a2-b4c0-302594597bfc"	"f619fac7-a961-488c-9feb-89d64994f457"
"0ca228a8-e69a-48a2-b4c0-302594597bfc"	"b6749b6e-d711-4c29-9960-7d886adc3f2e"
"0ca228a8-e69a-48a2-b4c0-302594597bfc"	"659ceb6a-c952-4a8b-9703-e4eeba1a544e"
"0ca228a8-e69a-48a2-b4c0-302594597bfc"	"e9e73313-8211-4dd0-96b6-3b50f3475387"
"0ca228a8-e69a-48a2-b4c0-302594597bfc"	"9bbb2588-f3c0-4a1d-8710-32475717cf77"
"0ca228a8-e69a-48a2-b4c0-302594597bfc"	"2579dbb8-9bea-4586-906f-c4f70a2e733f"
"0ca228a8-e69a-48a2-b4c0-302594597bfc"	"61af075d-d642-498d-a449-2bcad7e9ec9a"
"0ca228a8-e69a-48a2-b4c0-302594597bfc"	"fc36c356-bea5-47ef-bbb1-a56950dc62f0"
"0ca228a8-e69a-48a2-b4c0-302594597bfc"	"f6d228e2-af86-40f4-830e-e25256045359"
"0ca228a8-e69a-48a2-b4c0-302594597bfc"	"7651956d-a055-463c-8486-5bd6b9bf597d"
"0ca228a8-e69a-48a2-b4c0-302594597bfc"	"b59ca8e1-2a11-40eb-b8d4-8fcbdc78ca39"
"0ca228a8-e69a-48a2-b4c0-302594597bfc"	"a898ed62-43c1-48fc-9e00-4fa957276d56"
"03d9b3d3-4a0c-47d7-9bad-db9759f9a1a8"	"a249f4cd-e963-43b7-a4ce-a7681cdcb5f2"
"03d9b3d3-4a0c-47d7-9bad-db9759f9a1a8"	"77ded907-fd2e-475e-9430-761bcf50d86b"
"cf824382-f46c-456e-8dff-d82243dcf5ec"	"fea7733a-b195-4af2-bdbf-a8ac530e12c1"
"a4e19fe9-f405-4785-bcc4-829a0d279ead"	"947d0a70-4b65-4197-8f82-4b8c9ccdb54d"
"a8f4267a-4228-4edf-acc7-f723f42083a0"	"936fa79b-7979-4722-bf09-1f327c67cb03"
"a8f4267a-4228-4edf-acc7-f723f42083a0"	"ecc13d8d-2631-4202-adf8-3f73ffdad3b6"
"a8f4267a-4228-4edf-acc7-f723f42083a0"	"f38aaa8b-26fe-4b2f-bffb-9906c1631bea"
"a8f4267a-4228-4edf-acc7-f723f42083a0"	"9000e9bc-544b-4fc3-94e3-8fc40fe4af3a"
"a8f4267a-4228-4edf-acc7-f723f42083a0"	"a204608d-6e10-4784-9fc7-367498b04ec0"
"a8f4267a-4228-4edf-acc7-f723f42083a0"	"f5e68de8-8385-489b-a3a8-c5f861e342ad"
"a8f4267a-4228-4edf-acc7-f723f42083a0"	"6fdf2349-96f2-489b-accf-74c1e8d897ce"
"a8f4267a-4228-4edf-acc7-f723f42083a0"	"e257ddca-c35a-4514-913e-f4f6d7ee12d8"
"a8f4267a-4228-4edf-acc7-f723f42083a0"	"c970a8c2-e28b-457a-8273-005c68aa0903"
"a8f4267a-4228-4edf-acc7-f723f42083a0"	"5052ffe7-8fbf-45f0-826e-228bd9a2f659"
"a8f4267a-4228-4edf-acc7-f723f42083a0"	"40ae1dd8-e417-4f33-aac3-d2b128334dde"
"a8f4267a-4228-4edf-acc7-f723f42083a0"	"516f1702-3db2-4e4e-88f6-93f52416dddf"
"a8f4267a-4228-4edf-acc7-f723f42083a0"	"63b236c0-e7f2-426c-aa2f-7a34f01bb08f"
"a8f4267a-4228-4edf-acc7-f723f42083a0"	"176c93fe-71c9-49a7-b263-e989641f9b96"
"8db49d4e-7448-4cbe-b4e7-31a9e8a3627a"	"f24dae12-f262-47de-aa19-f77c39610773"
"8db49d4e-7448-4cbe-b4e7-31a9e8a3627a"	"5faa2fb3-7184-4d63-93f0-6c29931f2850"
"8db49d4e-7448-4cbe-b4e7-31a9e8a3627a"	"c5bd4383-e249-4bd0-b02a-b2aefa65186a"
"8db49d4e-7448-4cbe-b4e7-31a9e8a3627a"	"0735a0aa-195f-4e0b-8f86-e92871e68515"
"8db49d4e-7448-4cbe-b4e7-31a9e8a3627a"	"60ed3883-652b-4937-994f-1c38a1967268"
"8db49d4e-7448-4cbe-b4e7-31a9e8a3627a"	"a9934727-3d02-4472-8bca-2a7254632dc0"
"8db49d4e-7448-4cbe-b4e7-31a9e8a3627a"	"a341a87a-8995-42aa-a6de-4751094483aa"
"8db49d4e-7448-4cbe-b4e7-31a9e8a3627a"	"927e6e9b-9da0-4c54-9a3b-9ce97fecbd99"
"8db49d4e-7448-4cbe-b4e7-31a9e8a3627a"	"67bc8a3c-1e0f-4c35-81b5-8e068025ae18"
"8db49d4e-7448-4cbe-b4e7-31a9e8a3627a"	"6f6481f9-2cc1-4174-8983-e96ccf8aba78"
"8db49d4e-7448-4cbe-b4e7-31a9e8a3627a"	"6cfa00be-ebb1-4156-9ee0-fa238117a673"
"8db49d4e-7448-4cbe-b4e7-31a9e8a3627a"	"d38b9f4c-8514-4535-8241-58774d01e5e1"
"8db49d4e-7448-4cbe-b4e7-31a9e8a3627a"	"b89e957f-950d-4391-b226-72a5e56d1d88"
"8db49d4e-7448-4cbe-b4e7-31a9e8a3627a"	"bdad705d-3e0f-4b0f-8c7e-c1f59b3d0811"
"5f17d317-2a86-4a97-a029-25201084086f"	"00f2efc7-ebd0-4737-962b-38fea3a187dd"
"def4253a-16f7-4d53-ac9c-d0f51fb13e89"	"36538413-84a7-4eb4-b55d-069159211b90"
"def4253a-16f7-4d53-ac9c-d0f51fb13e89"	"07375849-b738-4a5b-b5ed-9ea5bc1f6698"
"def4253a-16f7-4d53-ac9c-d0f51fb13e89"	"babd2def-c01b-4ef0-a3bc-2641f9f3347f"
"8db49d4e-7448-4cbe-b4e7-31a9e8a3627a"	"e1f0681b-9421-4e12-a78d-6624946cd31d"
"49c3943d-e59b-49ba-a2ef-30cab20c4c17"	"6320de90-48dd-4ecf-83a3-66be6efc3e87"
"49c3943d-e59b-49ba-a2ef-30cab20c4c17"	"6cf0a9e5-3dc8-446d-b646-3079840cbf87"
"49c3943d-e59b-49ba-a2ef-30cab20c4c17"	"2c4a4461-fa65-4e86-8d1d-eb575c151482"
"8db49d4e-7448-4cbe-b4e7-31a9e8a3627a"	"c4774608-353e-4816-bbb4-0623241b4bae"
"8db49d4e-7448-4cbe-b4e7-31a9e8a3627a"	"a7bcd54b-beb6-424d-972d-ac948639799d"
"908f0d6c-57c5-4ac1-8e8f-8cc18bb39607"	"76a12e5d-1709-43fa-ba18-99a9273e95df"
"0ca228a8-e69a-48a2-b4c0-302594597bfc"	"911a138c-3d9c-4952-8520-e6f3a8837848"
"959b8280-f576-4291-a63d-41626c882515"	"eb2af3db-a9a0-4e1e-853b-807938717631"
"0ca228a8-e69a-48a2-b4c0-302594597bfc"	"1c265519-5391-4edf-9b03-b4329539cf5d"
"959b8280-f576-4291-a63d-41626c882515"	"bed1a80d-25e5-48d6-8b4c-a0c8dbfe82af"
"dd0f7167-cfcc-45bc-a490-168c870e7cc8"	"b96670b5-e4da-4273-affe-8a7964d46dfb"
"959b8280-f576-4291-a63d-41626c882515"	"f4b529db-f2b8-45f0-8fac-e402c817e32b"
"dd0f7167-cfcc-45bc-a490-168c870e7cc8"	"283aa44b-792f-45ea-817c-194463e39ca0"
"0ca228a8-e69a-48a2-b4c0-302594597bfc"	"f67a8668-1bba-44fd-96f4-f7cc54f9d915"
"0ca228a8-e69a-48a2-b4c0-302594597bfc"	"da95f0f0-6f32-4fc4-91cc-a5e7015ff3d0"
"959b8280-f576-4291-a63d-41626c882515"	"aa8718ce-5f89-482e-a1e5-94ca41857996"
"518c6efb-6333-4c68-b22a-c8f36ca44271"	"63cdd7d6-7749-46a4-864e-7351b37cf395"
"518c6efb-6333-4c68-b22a-c8f36ca44271"	"2cb22dd0-c920-4825-bd98-3c0439770bda"
"518c6efb-6333-4c68-b22a-c8f36ca44271"	"b83fdcff-d6e6-4299-994c-3010cf667965"
"959b8280-f576-4291-a63d-41626c882515"	"6196d7c8-4692-4c14-a5bc-90ecf33a2dc2"
"959b8280-f576-4291-a63d-41626c882515"	"9d546709-fa86-48a3-9810-392947d57397"
"959b8280-f576-4291-a63d-41626c882515"	"6516e38d-2851-49d2-b96d-c818a38cb3a8"
"959b8280-f576-4291-a63d-41626c882515"	"dd51994a-60f2-485f-b8c8-8ed8f7b76857"
"959b8280-f576-4291-a63d-41626c882515"	"486a6527-7568-47a0-a82e-c54210e05779"
"518c6efb-6333-4c68-b22a-c8f36ca44271"	"16afb16a-6058-4f95-a6d3-daf888dbacc5"
"518c6efb-6333-4c68-b22a-c8f36ca44271"	"5a01134d-6758-408d-93b4-d9b5eea6ba9b"
"941f230e-ba6e-45da-9d1d-704c84cbc326"	"be6f8d08-142a-4e95-ad55-ad3c07da8c19"
"304d665e-6cb2-4249-a157-92770652501b"	"88b04ad6-6c9c-481a-be72-425ace30cb0d"
"304d665e-6cb2-4249-a157-92770652501b"	"9a9537be-8c81-4827-8f0c-13c20559c2a0"
"304d665e-6cb2-4249-a157-92770652501b"	"2c5629e7-9805-42c8-9a45-038626724958"
"304d665e-6cb2-4249-a157-92770652501b"	"7f0d08af-b732-4e04-98a3-b68bac3c364f"
"304d665e-6cb2-4249-a157-92770652501b"	"25ab9d01-e99d-498d-a955-49b69fdcc63f"
"304d665e-6cb2-4249-a157-92770652501b"	"dd3c9703-d4d3-46d8-bb33-2dfc03ff182c"
"ca5fd90f-e287-4427-bca6-da43931f0e58"	"9bd8396a-7015-48fe-8fe7-b3fd9354f19e"
"ca5fd90f-e287-4427-bca6-da43931f0e58"	"57258886-6fe7-4cd8-8f75-a14629f585e3"
"518c6efb-6333-4c68-b22a-c8f36ca44271"	"b1cb9f7a-3fb1-4721-aa5a-3183036c6551"
"959b8280-f576-4291-a63d-41626c882515"	"b4a6a4b8-9f22-4ae3-a2cd-a82a83d5f872"
"dd0f7167-cfcc-45bc-a490-168c870e7cc8"	"33424ebc-f05f-4167-9f1e-7082419b11cf"
"959b8280-f576-4291-a63d-41626c882515"	"da44190a-ef73-479e-b637-5b5fcdad23c6"
"045ab6b3-8d3f-4735-844c-b79685b14e31"	"e1c77b65-6de6-4688-a944-d709f696f0cd"
"5f17d317-2a86-4a97-a029-25201084086f"	"1f5456f7-5383-44d6-a5ad-23f5fec4f2ef"
"5f17d317-2a86-4a97-a029-25201084086f"	"c097266f-2a36-4283-a5e1-42ef8613a7e3"
"ca5fd90f-e287-4427-bca6-da43931f0e58"	"63c4791f-ac76-47c6-8cb2-c20c84702984"
"5f17d317-2a86-4a97-a029-25201084086f"	"d6b5e261-4e24-4742-a352-5ca40c1b8f3a"
"5f17d317-2a86-4a97-a029-25201084086f"	"9d053b78-5540-4183-8a85-9598a9dd013c"
"5f17d317-2a86-4a97-a029-25201084086f"	"991eb816-023f-44aa-a537-bd94e65b5c2c"
"5f17d317-2a86-4a97-a029-25201084086f"	"83f3c1d6-0c08-41a1-a8f4-4cc9b600128d"
"5f17d317-2a86-4a97-a029-25201084086f"	"1f7f965a-6ea6-40bc-9b9d-3adb35fde41e"
"a5876d51-0526-40fc-bfca-be81eff48209"	"35e141c5-eb08-418b-955f-1c7885eb7f48"
"5f17d317-2a86-4a97-a029-25201084086f"	"4f78a609-924a-40db-8dc0-00023b8132a0"
"5f17d317-2a86-4a97-a029-25201084086f"	"8dd875db-459c-4bc9-83b5-b88aa7ae51c7"
"5f17d317-2a86-4a97-a029-25201084086f"	"31c0a45b-d0c6-4051-ad8c-31802eee383a"
"5f17d317-2a86-4a97-a029-25201084086f"	"c52d3b05-b4ac-4bbc-9864-47c5d65b4c18"
"dd60f977-bb8b-4e84-ab54-1f271b4b585d"	"11576038-6165-445e-bdc4-678e5e2e3513"
"045ab6b3-8d3f-4735-844c-b79685b14e31"	"c9bd0adf-cda8-4e69-83a3-55aee8c6945d"
"045ab6b3-8d3f-4735-844c-b79685b14e31"	"81bceb00-2835-476b-ba53-e45705058a01"
"9fc54ba9-5949-4794-bcc3-74c48ab79786"	"a4cfc241-3b5a-48b4-b9ad-e0ce9e82fc33"
"80a194e9-b864-46eb-8347-88908ec82184"	"2ebd078c-d69b-4b48-a49c-acf532fa69c6"
"cf824382-f46c-456e-8dff-d82243dcf5ec"	"33d195df-00ec-46c2-859b-493c74c11976"
"1c83a0ac-f202-4ca4-b5e6-5f9268ac8b01"	"dae4a63a-bdce-40d3-b01d-58b564b0acfe"
"1c83a0ac-f202-4ca4-b5e6-5f9268ac8b01"	"c43d226b-d96d-4438-8455-3a45e76c93d5"
"1c83a0ac-f202-4ca4-b5e6-5f9268ac8b01"	"c7bf48c9-0854-40db-92e2-8905bc4454a9"
"045ab6b3-8d3f-4735-844c-b79685b14e31"	"67a18352-4de5-4b6e-8124-1a1843f6759d"
"4b1b1ab3-6f5b-49be-b664-d3e88e275b04"	"3fbf2cf4-a049-42d1-8609-822d90732377"
"4b1b1ab3-6f5b-49be-b664-d3e88e275b04"	"f8f94a16-6ce1-464d-a02b-37323e7cdd35"
"4b1b1ab3-6f5b-49be-b664-d3e88e275b04"	"732c47b9-f99a-4116-8cee-083bb854eba8"
"4b1b1ab3-6f5b-49be-b664-d3e88e275b04"	"0c1110d5-4abe-4b80-843b-105deb4b6e45"
"045ab6b3-8d3f-4735-844c-b79685b14e31"	"e96f2a40-ee3e-4383-bc95-e6458ae4f3d3"
"045ab6b3-8d3f-4735-844c-b79685b14e31"	"1ff9aeae-17d7-40c1-b1ab-91bb6e607758"
"a8f4267a-4228-4edf-acc7-f723f42083a0"	"f8a0bae9-a243-4fdb-aa66-f7bc6be32cce"
"a8f4267a-4228-4edf-acc7-f723f42083a0"	"3f4767dc-f90a-4ea6-b2cb-ae1c269a1617"
"a8f4267a-4228-4edf-acc7-f723f42083a0"	"65f7940d-4fde-43ae-8426-e5f36259e926"
"97350925-7305-460b-8505-ae3a5babc320"	"c4d39c67-54f9-4020-962e-9527a1add08c"
"9fc54ba9-5949-4794-bcc3-74c48ab79786"	"1078cb2a-1afb-4d19-a221-990faa4a0d55"
"5f17d317-2a86-4a97-a029-25201084086f"	"db9d4d19-2a24-46b1-8d29-cb32f759f12a"
"5f17d317-2a86-4a97-a029-25201084086f"	"2e5903a9-d502-49c3-940f-520b58459d0a"
"a5876d51-0526-40fc-bfca-be81eff48209"	"4a6dad91-391e-4ee1-b1c3-defb09d60448"
"a5876d51-0526-40fc-bfca-be81eff48209"	"bf185fe4-2bcc-4f02-8fbf-8660f7c05012"
"a5876d51-0526-40fc-bfca-be81eff48209"	"c0f24005-71b5-42d8-bceb-9bcbf6335e2f"
"a5876d51-0526-40fc-bfca-be81eff48209"	"15ca4856-e7ec-4966-a4eb-458f412696a7"
"dd0f7167-cfcc-45bc-a490-168c870e7cc8"	"c0f6bede-7296-48f1-a7c3-01a8584b3119"
"65061356-ff8e-4a18-a032-c8af57d7e566"	"701402ad-db9c-4a87-a691-a3d782f21b56"
"b209e8b8-a394-4641-85a8-000f7cba257b"	"9b87f0a1-a897-4915-8f7f-8816f21028ec"
"b209e8b8-a394-4641-85a8-000f7cba257b"	"da14a509-04a3-445b-8e6c-bcdd31f959a4"
"d1a52871-00e5-4f85-98b2-489f5da9ab49"	"af422e0f-0654-47e5-a00e-4a64e2b8f180"
"0ca228a8-e69a-48a2-b4c0-302594597bfc"	"eabd88b5-eee1-47ad-938b-68e0292c6aed"
"0ca228a8-e69a-48a2-b4c0-302594597bfc"	"5fcb550c-cb1f-472c-80ac-f7aa211958ba"
"0ca228a8-e69a-48a2-b4c0-302594597bfc"	"e997469a-603a-4a15-a241-da19d575f017"
"0ca228a8-e69a-48a2-b4c0-302594597bfc"	"41ee703b-0d5e-40f0-a2f8-ef5c95d7076f"
"65061356-ff8e-4a18-a032-c8af57d7e566"	"109772ef-780e-4391-b7eb-22280bcc14d7"
"b209e8b8-a394-4641-85a8-000f7cba257b"	"d5cd4c6c-30f1-4eb5-a27c-93990f048870"
"b209e8b8-a394-4641-85a8-000f7cba257b"	"5e7ceec1-111b-4b3b-852c-3753502857c4"
"b209e8b8-a394-4641-85a8-000f7cba257b"	"d229f811-d763-4878-ad7f-b3d1da9da129"
"b209e8b8-a394-4641-85a8-000f7cba257b"	"98c9619c-e775-4451-909d-cf43012c8b92"
"1c83a0ac-f202-4ca4-b5e6-5f9268ac8b01"	"1a0e0649-39ae-46cc-93ff-c299b1f9aaed"
"80a194e9-b864-46eb-8347-88908ec82184"	"73bdb17d-225e-4129-a33d-438f3879d17e"
"0ca228a8-e69a-48a2-b4c0-302594597bfc"	"f96b5d4f-7119-44ce-bd0e-211a5c4ec960"
"0ca228a8-e69a-48a2-b4c0-302594597bfc"	"18d88562-0c24-485c-bb9e-7b2a12ea8105"
"0ca228a8-e69a-48a2-b4c0-302594597bfc"	"f6500985-151e-41bf-8378-c9cf7acedfca"
"0ca228a8-e69a-48a2-b4c0-302594597bfc"	"e26f6159-8488-4eaa-be74-67b85b6ea9a2"
"0ca228a8-e69a-48a2-b4c0-302594597bfc"	"b324ddff-198f-49d9-ad64-8a99316c3a26"
"0ca228a8-e69a-48a2-b4c0-302594597bfc"	"984dae80-1d59-4793-acc6-87e3f7b81080"
"a5876d51-0526-40fc-bfca-be81eff48209"	"2965488d-032f-4f10-bb1e-f66f199a1d7a"
"0ca228a8-e69a-48a2-b4c0-302594597bfc"	"0bad3b14-a673-448b-811b-27975edaddbb"
"0ca228a8-e69a-48a2-b4c0-302594597bfc"	"4e7300ce-51c0-4a99-b56e-cd5300b25c0d"
"0ca228a8-e69a-48a2-b4c0-302594597bfc"	"8b832940-6782-4d92-b7bc-41dad640f7d0"
"0ca228a8-e69a-48a2-b4c0-302594597bfc"	"bee40ff8-eb6f-4901-8f3f-8de8b84a303c"
"0ca228a8-e69a-48a2-b4c0-302594597bfc"	"a60a7f05-2868-4cea-ba4b-b8cdf237f80d"
"4b1b1ab3-6f5b-49be-b664-d3e88e275b04"	"5e7ba632-4bd2-4cf7-a5d7-52e08f70dc6b"
"0ca228a8-e69a-48a2-b4c0-302594597bfc"	"22fd9f66-0a17-47bb-aa72-94323694b9ac"
"ca5fd90f-e287-4427-bca6-da43931f0e58"	"042d8765-9334-47f8-971a-f263ec32f1d0"
"ca5fd90f-e287-4427-bca6-da43931f0e58"	"bd17996c-6063-4f9b-9e77-406faa5721b9"
"82dc3073-5846-4447-942c-11e5df43d084"	"ecfb36f0-8619-423f-896e-b46785948ed8"
"56efab22-dc37-4d5e-853b-9f4d84c35f7e"	"d61c2976-8990-49e9-8f21-22560e0f5e96"
"56efab22-dc37-4d5e-853b-9f4d84c35f7e"	"9ef882a2-af59-4cd7-a0f7-96cd3e7df57d"
"56efab22-dc37-4d5e-853b-9f4d84c35f7e"	"39ffdfe8-ab15-4e56-86da-ec674e757ed0"
"56efab22-dc37-4d5e-853b-9f4d84c35f7e"	"afc10371-4198-4f2e-a9a2-708cb4a40af9"
"58eae563-793b-4353-b357-3277ce01ccf1"	"16a4cf1b-3b8d-4a5b-82f1-1b35b9d57bcf"
"58eae563-793b-4353-b357-3277ce01ccf1"	"c2456e50-7e4e-4063-9247-61301900cea9"
"9fc54ba9-5949-4794-bcc3-74c48ab79786"	"701dd15f-8816-426a-8793-365500130150"
"49c3943d-e59b-49ba-a2ef-30cab20c4c17"	"fddd96ad-9895-4329-ac1a-29b06b9b6274"
"82dc3073-5846-4447-942c-11e5df43d084"	"fddd96ad-9895-4329-ac1a-29b06b9b6274"
"4d23d8cf-82ba-4c4e-842a-70dd363c32c6"	"8180f341-7e0f-46de-a12c-d4f56c55891e"
"9fc54ba9-5949-4794-bcc3-74c48ab79786"	"b2591dfe-a13b-490e-b5ae-c21225555402"
"a14a743f-382b-40df-8b37-148c02c63689"	"512abea4-4e9e-4de9-b21e-87edc811f537"
"a14a743f-382b-40df-8b37-148c02c63689"	"9b4ece96-9239-4e27-997d-e6d8617591b6"
"a14a743f-382b-40df-8b37-148c02c63689"	"e225b2f0-4d71-4065-a2e0-4761869d3c10"
"4b1b1ab3-6f5b-49be-b664-d3e88e275b04"	"cc6173a2-03f8-4db9-8f7d-9a32f8ab186e"
"4b1b1ab3-6f5b-49be-b664-d3e88e275b04"	"a561c531-566b-4f38-9247-af40db2bd53a"
"a14a743f-382b-40df-8b37-148c02c63689"	"383cb6f9-1323-4bd6-9ba7-db4c50c78f9d"
"4b1b1ab3-6f5b-49be-b664-d3e88e275b04"	"5734b9ed-26db-455f-9c7e-a08541614edc"
"4b1b1ab3-6f5b-49be-b664-d3e88e275b04"	"09e93e38-e490-45e1-bf07-7eda4fe21c3a"
"65061356-ff8e-4a18-a032-c8af57d7e566"	"f6bd5f07-6c86-4d1d-b3e2-ca3b3d59bc6b"
"1c83a0ac-f202-4ca4-b5e6-5f9268ac8b01"	"5bfb9e22-64df-401f-9fd9-4ad8534105b4"
"82dc3073-5846-4447-942c-11e5df43d084"	"5c326541-498d-4b07-b8f5-aa01963ab8b1"
"82dc3073-5846-4447-942c-11e5df43d084"	"e7a1ad93-dda4-460f-80c1-16d8c952e813"
"82dc3073-5846-4447-942c-11e5df43d084"	"fbc09324-18d8-40ee-8062-d1083590200a"
"82dc3073-5846-4447-942c-11e5df43d084"	"c2d7d440-249a-4f18-8e8a-b6a9fb27620a"
"313dafca-6d7f-48fe-955d-45f3812302e8"	"08b93012-5286-4ed3-bc64-7a92c72ce1fb"
"82dc3073-5846-4447-942c-11e5df43d084"	"90171dec-d0ff-4dc4-948b-885dc05a4b04"
"82dc3073-5846-4447-942c-11e5df43d084"	"8c8e6a4c-a33a-49c6-8e3d-08eb9eeb57e9"
"82dc3073-5846-4447-942c-11e5df43d084"	"a308732e-a50a-404c-acd9-970f731deada"
"82dc3073-5846-4447-942c-11e5df43d084"	"62ca8fd5-2988-4d4b-8fee-07276a29b752"
"82dc3073-5846-4447-942c-11e5df43d084"	"4288271a-d520-4bef-9249-d5c1a05b4d6c"
"82dc3073-5846-4447-942c-11e5df43d084"	"c024e294-5b5c-4b07-bc4b-3b3a276cd3d6"
"82dc3073-5846-4447-942c-11e5df43d084"	"e3bf5ce6-d97a-4139-9384-8305a515bb6e"
"82dc3073-5846-4447-942c-11e5df43d084"	"d61a046b-cd4e-40e2-9d3c-cbce162e216f"
"82dc3073-5846-4447-942c-11e5df43d084"	"37652bba-91e6-4234-b5ea-a4260220114a"
"82dc3073-5846-4447-942c-11e5df43d084"	"27a635d8-1546-4eb5-951e-be24d3e92007"
"a14a743f-382b-40df-8b37-148c02c63689"	"a248a764-d123-495d-8bf8-c37403e30e55"
"82dc3073-5846-4447-942c-11e5df43d084"	"351bd518-fe4c-4f44-926e-f75078b548db"
"82dc3073-5846-4447-942c-11e5df43d084"	"045c436c-c785-4ff5-b5de-c1bfb25fd6ee"
"82dc3073-5846-4447-942c-11e5df43d084"	"f0a9d290-2c3e-45d6-b659-a6e840a26048"
"82dc3073-5846-4447-942c-11e5df43d084"	"52075a9c-3efc-4a6f-819d-5e541df662ea"
"82dc3073-5846-4447-942c-11e5df43d084"	"edc2bf5b-95b6-4ce4-aff6-4cee366c2a0f"
"82dc3073-5846-4447-942c-11e5df43d084"	"fe4a01e0-2a5c-44f3-a5fd-dfc2c3df3b11"
"82dc3073-5846-4447-942c-11e5df43d084"	"992bc3a9-081c-4fec-923b-7375708042b7"
"82dc3073-5846-4447-942c-11e5df43d084"	"ceba3e66-c500-49e5-8cf6-b1d1b8cef178"
"82dc3073-5846-4447-942c-11e5df43d084"	"e1522246-9b40-4b7f-a1cf-5c1d745e23a2"
"82dc3073-5846-4447-942c-11e5df43d084"	"1ba5ce02-8c87-4915-8e09-101502384133"
"82dc3073-5846-4447-942c-11e5df43d084"	"bb1cf574-46ab-44a2-98ed-e9c95bbfc0ae"
"82dc3073-5846-4447-942c-11e5df43d084"	"60f50210-2887-4385-884c-e83cc9734a85"
"82dc3073-5846-4447-942c-11e5df43d084"	"0b34c62e-e838-409a-85cb-ec3df5c4cfd9"
"82dc3073-5846-4447-942c-11e5df43d084"	"1f9e66f2-335f-4e8e-9868-d7c15872b239"
"82dc3073-5846-4447-942c-11e5df43d084"	"0b071c60-2b29-4a8e-b3f9-68ae8a88aa96"
"82dc3073-5846-4447-942c-11e5df43d084"	"3593f882-cb79-4574-91f8-901212b5dbe4"
"82dc3073-5846-4447-942c-11e5df43d084"	"b09e4f98-31e5-4732-a7cc-bba4e215ca88"
"a14a743f-382b-40df-8b37-148c02c63689"	"d6380f2a-883f-4ad6-b63c-666646fccdae"
"a14a743f-382b-40df-8b37-148c02c63689"	"827ef0c2-2ef9-4985-817c-20349b4d2842"
"b209e8b8-a394-4641-85a8-000f7cba257b"	"762804e9-03e3-4de4-90b1-467ad9ca2322"
"b209e8b8-a394-4641-85a8-000f7cba257b"	"a2beeffd-92a0-49d1-8762-571093c5ff2e"
"b209e8b8-a394-4641-85a8-000f7cba257b"	"ce6560d6-8deb-4e62-9c67-c6040fdcd523"
"b209e8b8-a394-4641-85a8-000f7cba257b"	"f86ba0fe-498d-40d8-935f-506a96db3a90"
"b209e8b8-a394-4641-85a8-000f7cba257b"	"af74cc1c-e925-416d-971d-913e92e6c0c3"
"80a194e9-b864-46eb-8347-88908ec82184"	"42b60cac-d595-48b8-870b-f587ba538fad"
"80a194e9-b864-46eb-8347-88908ec82184"	"dbcb4843-df52-45d2-8bbf-a671ffed8eb6"
"b209e8b8-a394-4641-85a8-000f7cba257b"	"774c8bcb-ba2e-47e1-bcaa-2d283d4a513c"
"b209e8b8-a394-4641-85a8-000f7cba257b"	"b8930c41-c146-4ba1-8773-bd6cde297c4e"
"80a194e9-b864-46eb-8347-88908ec82184"	"9d39c05d-4fc7-433d-b244-95296665cdeb"
"b209e8b8-a394-4641-85a8-000f7cba257b"	"074d82bf-bcd0-44c7-a60a-4ccd671bd318"
"b209e8b8-a394-4641-85a8-000f7cba257b"	"fcbaab6f-2e22-4c88-bcab-f47e5f6d1934"
"80a194e9-b864-46eb-8347-88908ec82184"	"7a4d4d91-a7e2-40f7-96b2-f247515762d6"
"b209e8b8-a394-4641-85a8-000f7cba257b"	"a6726818-2542-461f-b2ab-4cfd547fed39"
"b209e8b8-a394-4641-85a8-000f7cba257b"	"d8dab5b8-c0d2-46b6-9e79-abbf6146e4c4"
"80a194e9-b864-46eb-8347-88908ec82184"	"69e0859e-8f5c-43fc-a52b-c7c202f3c47e"
"82dc3073-5846-4447-942c-11e5df43d084"	"53d4dbbc-931d-4f41-a889-efadc0b5a108"
"b209e8b8-a394-4641-85a8-000f7cba257b"	"8201f3d5-ce71-436a-b2c0-ef8231af7aca"
"b209e8b8-a394-4641-85a8-000f7cba257b"	"266a0fb9-b0b9-43b1-9cf1-5fdf4d888873"
"b209e8b8-a394-4641-85a8-000f7cba257b"	"014bf0b3-1d81-4ad4-ab5d-b93e2128bbaa"
"b209e8b8-a394-4641-85a8-000f7cba257b"	"95355efe-2af1-4d67-af6f-242ace76cfa3"
"b209e8b8-a394-4641-85a8-000f7cba257b"	"7e37168c-8268-47fb-b792-e71c790ed143"
"b209e8b8-a394-4641-85a8-000f7cba257b"	"5e7c9510-9cd4-4a59-8273-ec522fe6b64a"
"b209e8b8-a394-4641-85a8-000f7cba257b"	"e39a3acf-807a-4df8-8259-b1ef5331cb96"
"b209e8b8-a394-4641-85a8-000f7cba257b"	"a7dfdd75-4af6-42ed-a395-3c345d36c026"
"b209e8b8-a394-4641-85a8-000f7cba257b"	"f3f791c0-4ddf-4d4c-b9ae-b26535c66181"
"b209e8b8-a394-4641-85a8-000f7cba257b"	"933997a5-3459-4f59-a633-2310d3ae83b8"
"b209e8b8-a394-4641-85a8-000f7cba257b"	"39ae4b9a-0ac9-4cdf-a34f-1496f6def332"
"b209e8b8-a394-4641-85a8-000f7cba257b"	"3923c81b-7d12-486c-9d95-5b8e4c4cf87b"
"b209e8b8-a394-4641-85a8-000f7cba257b"	"999451a8-c71a-4e51-bb8e-ed158b5e81f5"
"b209e8b8-a394-4641-85a8-000f7cba257b"	"2ece5e85-93c6-4917-991a-cfa5679bd1cf"
"b209e8b8-a394-4641-85a8-000f7cba257b"	"e531a9ac-3eb7-43c3-88db-b4c7d7aa47c9"
"b209e8b8-a394-4641-85a8-000f7cba257b"	"88e24d23-cff5-4d28-859e-1cf62098f0e9"
"b209e8b8-a394-4641-85a8-000f7cba257b"	"bad627a1-52da-42f0-bd3d-a4821b38da36"
"b209e8b8-a394-4641-85a8-000f7cba257b"	"d4b9327e-6942-4176-818b-8a5315f1be3d"
"e934c964-656c-44b7-a275-c68c89579d19"	"c60d0d7a-0edf-43ec-834f-570109ab6406"
"e934c964-656c-44b7-a275-c68c89579d19"	"080a21b1-485f-413e-aeb8-3a496ab6ee83"
"b209e8b8-a394-4641-85a8-000f7cba257b"	"3a0ab008-6d02-4451-8de5-69acbfaae490"
"b209e8b8-a394-4641-85a8-000f7cba257b"	"174015bc-8745-43d5-9066-18ffe92fa271"
"80a194e9-b864-46eb-8347-88908ec82184"	"0d53eab5-8dba-4c36-a932-7b269f4e867c"
"b209e8b8-a394-4641-85a8-000f7cba257b"	"ab97be6a-04eb-4044-818a-d7f4d2f97862"
"e9cfc496-4e69-4a2f-b3e3-5b0ca7544d15"	"0aa9360b-cd63-4276-9f91-a68a51b11298"
"959b8280-f576-4291-a63d-41626c882515"	"8995379b-e1ef-41cc-a9a9-e244b4ca29ab"
"dd0f7167-cfcc-45bc-a490-168c870e7cc8"	"e3b5ddf7-8022-47aa-a7c2-a5e90eb3407b"
"959b8280-f576-4291-a63d-41626c882515"	"df77bdc3-f1a0-4925-90b2-8786cd2aa2be"
"a5876d51-0526-40fc-bfca-be81eff48209"	"0202d81a-7145-41e6-87e3-6d6f472e4093"
"dd0f7167-cfcc-45bc-a490-168c870e7cc8"	"e9c90d5f-e508-4166-ab9f-24c9e7f5ca4c"
"959b8280-f576-4291-a63d-41626c882515"	"dcc47f49-a7d1-42cc-b0d6-94bedbcb0586"
"959b8280-f576-4291-a63d-41626c882515"	"fde281ad-ba74-42df-85d0-edfe18b0369a"
"dd0f7167-cfcc-45bc-a490-168c870e7cc8"	"4e24125f-a7e6-4f25-a6db-af136951c0d2"
"959b8280-f576-4291-a63d-41626c882515"	"6c1a919c-82e4-44b0-8642-09c92ae03a83"
"959b8280-f576-4291-a63d-41626c882515"	"fc490278-f3e2-48c2-892b-b12c5d183d31"
"959b8280-f576-4291-a63d-41626c882515"	"a43170d4-a730-4d10-8e81-fc285fdd7d7a"
"518c6efb-6333-4c68-b22a-c8f36ca44271"	"dff3bd03-e277-4a1c-9a5e-18a73a48f899"
"518c6efb-6333-4c68-b22a-c8f36ca44271"	"bc61bd47-8b24-4f3a-907b-77d52416efa3"
"959b8280-f576-4291-a63d-41626c882515"	"603f7af9-8d94-4805-b89b-fefd3adbdb8f"
"959b8280-f576-4291-a63d-41626c882515"	"444c07eb-5003-4cde-bc1f-d22f681b7aff"
"518c6efb-6333-4c68-b22a-c8f36ca44271"	"2ab8dd8f-8aad-4685-901c-4ed725b0cf10"
"959b8280-f576-4291-a63d-41626c882515"	"6dcac089-7a88-403b-bd38-b2f7739545c3"
"959b8280-f576-4291-a63d-41626c882515"	"9f1beacd-5277-4df0-8517-88e38495623a"
"dd0f7167-cfcc-45bc-a490-168c870e7cc8"	"0677eb15-aec0-4885-a867-ace61e7f621d"
"b209e8b8-a394-4641-85a8-000f7cba257b"	"ac261a96-7ff6-4ca6-b858-40d7b87933c0"
"65061356-ff8e-4a18-a032-c8af57d7e566"	"d9f75a02-9614-4fd6-adb6-b8d985aa0d40"
"0ca228a8-e69a-48a2-b4c0-302594597bfc"	"31d8f8b7-a880-4c89-8eaa-3cad4b0dda14"
"045ab6b3-8d3f-4735-844c-b79685b14e31"	"06058399-5f4e-4409-97c4-431f3a81641f"
"045ab6b3-8d3f-4735-844c-b79685b14e31"	"ea6c7c06-91e2-48c8-bff4-cd8fa3855c69"
"045ab6b3-8d3f-4735-844c-b79685b14e31"	"b7f75767-e4f1-4c47-8ada-1d6289a6d043"
"045ab6b3-8d3f-4735-844c-b79685b14e31"	"8c0531f3-9f05-4cc4-8257-65b4044d6533"
"a8f4267a-4228-4edf-acc7-f723f42083a0"	"10090f9d-85ce-4808-8a07-9c0b7c17282d"
"a8f4267a-4228-4edf-acc7-f723f42083a0"	"a33f840a-4461-4d8f-a41e-f05dc98d4953"
"a8f4267a-4228-4edf-acc7-f723f42083a0"	"dd11208c-6f21-446c-b59b-5b1a6e2ff3a5"
"a8f4267a-4228-4edf-acc7-f723f42083a0"	"5ab43da0-b1eb-4388-90ea-9ad70cf5a41c"
"a8f4267a-4228-4edf-acc7-f723f42083a0"	"8db7dd29-49f5-407a-8443-9829ad5938f7"
"a8f4267a-4228-4edf-acc7-f723f42083a0"	"cfdca52b-146e-4db3-9e50-84152436538d"
"a8f4267a-4228-4edf-acc7-f723f42083a0"	"5674b9f5-b662-4352-9824-72d5803850c4"
"a8f4267a-4228-4edf-acc7-f723f42083a0"	"48d3228c-b137-4dec-a40d-e2a1b339f084"
"706dda0a-0c59-4192-835e-1f87dcb07866"	"48d3228c-b137-4dec-a40d-e2a1b339f084"
"a5876d51-0526-40fc-bfca-be81eff48209"	"1631368b-7365-4962-9e94-01cb17644e44"
"a5876d51-0526-40fc-bfca-be81eff48209"	"d9f50e3e-86b2-44d5-86bd-bdc51814e947"
"a5876d51-0526-40fc-bfca-be81eff48209"	"670f292d-a631-467a-a8a5-d8a3240a5627"
"0ca228a8-e69a-48a2-b4c0-302594597bfc"	"fd899691-4d28-4d03-9e04-d4f2a922a97a"
"0ca228a8-e69a-48a2-b4c0-302594597bfc"	"72f1c930-c3c4-4979-8557-9729a77685c9"
"a5876d51-0526-40fc-bfca-be81eff48209"	"a83129f8-fc2a-44f4-83f3-8858ed58a696"
"da59827b-a998-4bd9-9831-ac47df06c9aa"	"5fc50199-6b75-4d87-ae41-56b5ddb76584"
"82dc3073-5846-4447-942c-11e5df43d084"	"53e4b9d7-fd46-49ea-b6a8-ed918fbd5edd"
"1c83a0ac-f202-4ca4-b5e6-5f9268ac8b01"	"50900b8e-0fcb-41bc-92b3-276c658dc1c7"
"1c83a0ac-f202-4ca4-b5e6-5f9268ac8b01"	"069d0ac9-4a11-4a55-a2f0-90255ed36da5"
"1c83a0ac-f202-4ca4-b5e6-5f9268ac8b01"	"52718714-9c2a-497a-aa6c-0ff75827593c"
"82dc3073-5846-4447-942c-11e5df43d084"	"27b19b0a-e94e-4c43-8558-c70e9ff27b56"
"80a194e9-b864-46eb-8347-88908ec82184"	"9f43ed75-2fa5-4950-be55-87d825b2fb5f"
"80a194e9-b864-46eb-8347-88908ec82184"	"9ba1899a-9914-46eb-857c-a810b38a08e3"
"65061356-ff8e-4a18-a032-c8af57d7e566"	"f13177a6-dad3-4799-be1f-bb111d7b447f"
"1c83a0ac-f202-4ca4-b5e6-5f9268ac8b01"	"85eae25a-0be6-4fff-b7bb-189c3401b8e5"
"a6d818a0-4321-46ff-be7e-d9517d5c89a8"	"d51e4ba1-7cac-4d80-a4c1-3c8c704c300a"
"b209e8b8-a394-4641-85a8-000f7cba257b"	"4c96a05a-3018-4b2c-8528-988cc18b34ea"
"e579ae48-403a-4047-a71b-c24132a93c96"	"e6147971-4546-412a-9b31-84e2b72c624c"
"82dc3073-5846-4447-942c-11e5df43d084"	"5c91c4eb-0beb-4f1a-9725-f7432e1ef53e"
"80a194e9-b864-46eb-8347-88908ec82184"	"20e2180e-0b19-4017-b678-6cf2fc8eaa9a"
"b209e8b8-a394-4641-85a8-000f7cba257b"	"3d40c35e-b78a-4ba8-87e3-b0361a0a649c"
"80a194e9-b864-46eb-8347-88908ec82184"	"b27a9541-6e1f-4374-bf77-089461d8a13f"
"65061356-ff8e-4a18-a032-c8af57d7e566"	"782640c8-2ae1-492f-b79b-8bdbc5a20bc1"
"25139354-cd96-4e76-9da8-f935e934812b"	"4b17d634-fe2f-434e-955a-ca27c65463ec"
"1c83a0ac-f202-4ca4-b5e6-5f9268ac8b01"	"6b6cc92a-2622-4054-8c19-d3fcfd5d4e2f"
"82dc3073-5846-4447-942c-11e5df43d084"	"32a79da0-b12c-457e-b58b-7bd4caddcc0f"
"82dc3073-5846-4447-942c-11e5df43d084"	"3e8328c3-ab55-4195-bc98-cb0b252c5f7d"
"65061356-ff8e-4a18-a032-c8af57d7e566"	"fbb8f351-ada2-437d-aca8-54e820833c8d"
"25139354-cd96-4e76-9da8-f935e934812b"	"8409de94-824c-470e-bbfd-c1911c0683fd"
"80a194e9-b864-46eb-8347-88908ec82184"	"00bbf924-1c6b-49cb-b4e2-790091bfdaf8"
"25139354-cd96-4e76-9da8-f935e934812b"	"4c2f88c9-73d7-4cb0-8e03-f26ad96f3cba"
"25139354-cd96-4e76-9da8-f935e934812b"	"98219f3e-f222-483c-9934-802f29f854b5"
"25139354-cd96-4e76-9da8-f935e934812b"	"bfe1638c-b411-4213-84a0-5ce5e4dc60a5"
"def4253a-16f7-4d53-ac9c-d0f51fb13e89"	"a626e57e-3c10-4861-bcda-9dbdaf5d8524"
"25139354-cd96-4e76-9da8-f935e934812b"	"e9d3e791-acf9-454f-92d0-5bf0838c62b0"
"25139354-cd96-4e76-9da8-f935e934812b"	"c7810672-0368-4ab0-8dc9-eba2463ea934"
"80a194e9-b864-46eb-8347-88908ec82184"	"674b17ac-a0b9-4f7c-b1e8-152c06715235"
"ca32c55a-01a9-45c8-a2cf-8e0fbd4197b1"	"59111051-936a-4ad1-bb42-fb9489483032"
"80a194e9-b864-46eb-8347-88908ec82184"	"3e1eb858-7117-466a-8233-a646f0146637"
"25139354-cd96-4e76-9da8-f935e934812b"	"733c2e1f-4d18-45d9-a542-a2c5e2392ea8"
"80a194e9-b864-46eb-8347-88908ec82184"	"89c9c253-c320-456a-a992-fe2c719dfbbe"
"b209e8b8-a394-4641-85a8-000f7cba257b"	"7432579e-5ac5-4863-a2ca-21cd748ff2bb"
"25139354-cd96-4e76-9da8-f935e934812b"	"a1f175a5-ac2e-4027-92dc-85f96fb560c9"
"25139354-cd96-4e76-9da8-f935e934812b"	"c7743ff2-9e10-47cf-ad2c-69276a50f035"
"1c83a0ac-f202-4ca4-b5e6-5f9268ac8b01"	"dad3f586-2341-4d0b-8eff-74ffc667388c"
"1c83a0ac-f202-4ca4-b5e6-5f9268ac8b01"	"5f576659-9254-48c1-b0ca-9829ed053deb"
"b209e8b8-a394-4641-85a8-000f7cba257b"	"2d710060-fc9d-40f7-a742-0370e39876e6"
"25139354-cd96-4e76-9da8-f935e934812b"	"8f0b273a-4c40-4057-8b6c-aec36d23038b"
"25139354-cd96-4e76-9da8-f935e934812b"	"9ca58a65-a818-4c1a-a8f5-0cb366fed1bb"
"644a5700-be1b-4de2-be9b-4302bb384833"	"b512d5f2-6806-4b4b-889e-929c7191d70f"
"25139354-cd96-4e76-9da8-f935e934812b"	"eaa83983-ad1f-4f40-9346-8afb8970b13d"
"25139354-cd96-4e76-9da8-f935e934812b"	"ed9e977f-139b-4330-be14-33dc3e61dfa3"
"25139354-cd96-4e76-9da8-f935e934812b"	"d29cea07-774d-45aa-b56e-2c02a7e49b26"
"80a194e9-b864-46eb-8347-88908ec82184"	"e0bdeda5-2641-4305-b55a-bef8d8939469"
"0ca228a8-e69a-48a2-b4c0-302594597bfc"	"53d5c7cb-3e68-4edb-8464-664643527b0e"
"25139354-cd96-4e76-9da8-f935e934812b"	"b419c6cf-0e82-42ce-bfc3-39d72eaf7884"
"4b1b1ab3-6f5b-49be-b664-d3e88e275b04"	"5e0d07c1-705c-4775-afea-f4ae8608f912"
"25139354-cd96-4e76-9da8-f935e934812b"	"86cdd84e-7675-4c53-88ab-936442a14630"
"25139354-cd96-4e76-9da8-f935e934812b"	"2c49aaf6-6f52-4cdd-a1b9-06945b41ee37"
"504eae16-5759-4c87-88d9-085632764489"	"55f3ae97-1b4b-4866-90b2-04154311c441"
"c56cb72d-1be7-4616-b4a3-f62af2ee29aa"	"a4935599-58cb-4ff1-bf78-5685a0477b22"
"c56cb72d-1be7-4616-b4a3-f62af2ee29aa"	"65b3a639-f77d-46f1-8648-5ce81380bf29"
"c56cb72d-1be7-4616-b4a3-f62af2ee29aa"	"272c28ca-415b-447e-9d97-18c33688345c"
"0ca228a8-e69a-48a2-b4c0-302594597bfc"	"3f4da1a8-72fe-4b60-b413-bb417556ae19"
"c56cb72d-1be7-4616-b4a3-f62af2ee29aa"	"c8fdf550-3649-47f8-8b6d-4f9af30f7d0b"
"80a194e9-b864-46eb-8347-88908ec82184"	"3a7821ee-de4b-4399-b70f-9ccacd08e77f"
"80a194e9-b864-46eb-8347-88908ec82184"	"3f94231c-ce33-4393-b7af-09bd585c40d9"
"c56cb72d-1be7-4616-b4a3-f62af2ee29aa"	"4545c78c-c9e7-4cb2-b19e-3d1df9ff1872"
"c56cb72d-1be7-4616-b4a3-f62af2ee29aa"	"6c534395-2db1-4c29-9d89-2fddc01f8543"
"80a194e9-b864-46eb-8347-88908ec82184"	"b27b6a73-d17e-46f4-89d0-30b2315758fb"
"c56cb72d-1be7-4616-b4a3-f62af2ee29aa"	"837403a4-d09a-49dd-a5ab-87d2d7d7891e"
"c56cb72d-1be7-4616-b4a3-f62af2ee29aa"	"e575750e-862d-4eb2-898a-6da54329c98c"
"25139354-cd96-4e76-9da8-f935e934812b"	"b57527b5-6ab0-4771-bcee-1229a2d3f6bf"
"e934c964-656c-44b7-a275-c68c89579d19"	"5001076d-c76e-4497-a24e-bd24e780ca93"
"c56cb72d-1be7-4616-b4a3-f62af2ee29aa"	"5001076d-c76e-4497-a24e-bd24e780ca93"
"b209e8b8-a394-4641-85a8-000f7cba257b"	"7ca6114f-2885-4d5b-83aa-1d7f8b9dcfb4"
"25139354-cd96-4e76-9da8-f935e934812b"	"3a7472e5-9a08-436e-9085-21dc52cf55df"
"80a194e9-b864-46eb-8347-88908ec82184"	"085dffbb-6654-4146-a629-32f62ce58f32"
"1c83a0ac-f202-4ca4-b5e6-5f9268ac8b01"	"a9ad8c5c-ffc9-49fb-9851-daa5a2b03dd0"
"25139354-cd96-4e76-9da8-f935e934812b"	"4983a499-c536-40b4-8fd3-6f4597d42092"
"4b1b1ab3-6f5b-49be-b664-d3e88e275b04"	"7bcf6d9f-0e81-49d1-b7e5-f732ef30d535"
"25139354-cd96-4e76-9da8-f935e934812b"	"30f39d2f-b29e-48d3-a50d-04b9feb11c7b"
"b209e8b8-a394-4641-85a8-000f7cba257b"	"12b988b8-a70b-4344-81ca-69efd284e095"
"25139354-cd96-4e76-9da8-f935e934812b"	"7d111829-6ffc-4f29-b903-54aae3e5a49e"
"25139354-cd96-4e76-9da8-f935e934812b"	"f8170cc1-18df-40dc-b184-9ce308f5f271"
"80a194e9-b864-46eb-8347-88908ec82184"	"b2de27d6-2b5a-4bfa-932f-5d55fae1ef35"
"25139354-cd96-4e76-9da8-f935e934812b"	"96538a96-fcfb-43c7-abb4-b393a136521e"
"80a194e9-b864-46eb-8347-88908ec82184"	"5583be0c-d99f-4486-b6f5-314b5f1e9f9f"
"25139354-cd96-4e76-9da8-f935e934812b"	"2eef61ca-74a8-41bb-a935-6ca0d0df7e6b"
"25139354-cd96-4e76-9da8-f935e934812b"	"ab1f1e20-ca35-472d-8cb4-c26f195d9a46"
"25139354-cd96-4e76-9da8-f935e934812b"	"fe178cd2-108b-4748-8235-bd7bc0e31101"
"0ca228a8-e69a-48a2-b4c0-302594597bfc"	"9e71ed18-152f-4cdb-b1c2-05f7802c4c8d"
"25139354-cd96-4e76-9da8-f935e934812b"	"7e3829ab-5756-40f1-b1ca-3b95ab7cad07"
"25139354-cd96-4e76-9da8-f935e934812b"	"e5a7b69b-32aa-4faa-ac2e-be1d392b7cca"
"25139354-cd96-4e76-9da8-f935e934812b"	"83eeb227-6f34-4fe0-81d4-0f97d0b8f7fc"
"dd0f7167-cfcc-45bc-a490-168c870e7cc8"	"baa97bad-d329-4ed4-9507-e4f3bd699ab5"
"5f17d317-2a86-4a97-a029-25201084086f"	"d88aeab0-5863-46ff-8864-04858ed8d6aa"
"0ca228a8-e69a-48a2-b4c0-302594597bfc"	"998595fe-6df0-415a-8076-f6869404aa75"
"25139354-cd96-4e76-9da8-f935e934812b"	"d913f0ab-b083-4507-a409-3a6739ea303c"
"76539ca9-679b-492c-afc8-9080c788f1fe"	"06188a5b-7f55-4c2d-9aa8-7c2bfc26c852"
"80a194e9-b864-46eb-8347-88908ec82184"	"12498005-2991-4dbc-b584-871df8028939"
"4b1b1ab3-6f5b-49be-b664-d3e88e275b04"	"406fd989-b5e3-4bcf-b11a-19351e423886"
"25139354-cd96-4e76-9da8-f935e934812b"	"7d054c12-b536-4405-a1cf-a7e68313dc5b"
"1c83a0ac-f202-4ca4-b5e6-5f9268ac8b01"	"0547fb0a-ff9d-464e-89ee-164c5c3b1227"
"25139354-cd96-4e76-9da8-f935e934812b"	"ad03d52b-0a63-4955-8222-5b796a05e444"
"25139354-cd96-4e76-9da8-f935e934812b"	"92a153d4-a04d-4c40-8813-7650a64c3ab7"
"25139354-cd96-4e76-9da8-f935e934812b"	"e3219ad6-1f0f-4ed3-9ae4-b03015675752"
"25139354-cd96-4e76-9da8-f935e934812b"	"ff4ca61f-4bc5-4f97-a507-c8bb9824774d"
"25139354-cd96-4e76-9da8-f935e934812b"	"09f4c2b2-dbef-4360-b664-4c41259b0c1c"
"0281db76-585b-4848-8e18-cc75dffbd23d"	"aab2347c-78d9-4e30-bebe-8a4c9122fec2"
"25139354-cd96-4e76-9da8-f935e934812b"	"b4ef2bc5-11a0-4856-9a6e-bdac8d8e4d34"
"25139354-cd96-4e76-9da8-f935e934812b"	"509fef04-581b-4517-b39d-272412089d60"
"25139354-cd96-4e76-9da8-f935e934812b"	"7d3c1926-fdf9-4cf9-9904-96c412c457ac"
"25139354-cd96-4e76-9da8-f935e934812b"	"111ffe44-3900-4d84-81eb-b041aeef4fc9"
"25139354-cd96-4e76-9da8-f935e934812b"	"c957eaa2-4cb2-4938-86e6-ccb450180725"
"25139354-cd96-4e76-9da8-f935e934812b"	"203b386b-a3b5-432d-924d-f75970e6e926"
"25139354-cd96-4e76-9da8-f935e934812b"	"780cd20b-fdca-4eab-9aea-7b7e3a878b27"
"25139354-cd96-4e76-9da8-f935e934812b"	"cc588948-1126-44b2-b4f4-cd2410e2f999"
"25139354-cd96-4e76-9da8-f935e934812b"	"d2bdbc99-387c-4d26-984d-246175ed6fb4"
"25139354-cd96-4e76-9da8-f935e934812b"	"9c4cdaf1-8b40-4f8c-a117-7565ad93c63a"
"25139354-cd96-4e76-9da8-f935e934812b"	"7018cf5a-d67f-43a5-9f3d-3ccdd191cf9a"
"25139354-cd96-4e76-9da8-f935e934812b"	"7bfd2773-5d25-496c-9cca-b4d93d27fd51"
"25139354-cd96-4e76-9da8-f935e934812b"	"5b854d68-fa41-4b9e-b9c9-71eac44c0a9c"
"25139354-cd96-4e76-9da8-f935e934812b"	"00772486-259e-4d9a-b97f-8aee4c8eb353"
"25139354-cd96-4e76-9da8-f935e934812b"	"7de062b5-9006-4737-9774-aadbe4952a32"
"7f0e2187-c125-4c55-9cab-2df8a7a16788"	"f14ca2b4-0244-4cab-bd03-386dd43d7969"
"25139354-cd96-4e76-9da8-f935e934812b"	"c127deed-0e86-415a-8963-993d9a2d73e0"
"25139354-cd96-4e76-9da8-f935e934812b"	"03509955-92e5-49e7-9cc0-2af710ec8c47"
"25139354-cd96-4e76-9da8-f935e934812b"	"32775d2b-ff53-41ad-b382-4a5fbfbb128c"
"25139354-cd96-4e76-9da8-f935e934812b"	"8aab3f97-5e9a-43bb-8b7f-4479a12d8519"
"25139354-cd96-4e76-9da8-f935e934812b"	"157e0e28-4ec6-4e3b-b1f8-4dc002135228"
"25139354-cd96-4e76-9da8-f935e934812b"	"9c9d2538-98ae-4518-a066-c39d1ba0f732"
"25139354-cd96-4e76-9da8-f935e934812b"	"946f14cc-6ba4-4aac-97dc-22fa661f6f6e"
"25139354-cd96-4e76-9da8-f935e934812b"	"9f997f74-0c8c-495c-b075-c43fcd188d5b"
"25139354-cd96-4e76-9da8-f935e934812b"	"873e67e6-b724-4cf5-a8a6-952200aa7480"
"25139354-cd96-4e76-9da8-f935e934812b"	"60a204e6-6c3d-4713-b081-f3b88eea0645"
"25139354-cd96-4e76-9da8-f935e934812b"	"429ce736-255f-414f-9149-b4a583afca05"
"ca5fd90f-e287-4427-bca6-da43931f0e58"	"b14b4662-6b47-463e-9552-372726e13a49"
"25139354-cd96-4e76-9da8-f935e934812b"	"1ed83e93-4376-445f-b0b1-1120465f96e5"
"25139354-cd96-4e76-9da8-f935e934812b"	"00d5f5c7-fe7e-4271-9018-5acaa73d33a9"
"25139354-cd96-4e76-9da8-f935e934812b"	"2769ea2d-e1a2-483c-81c4-ca6bd8881acd"
"25139354-cd96-4e76-9da8-f935e934812b"	"3420f6a6-6db0-48c4-9a15-ec92be398a62"
"25139354-cd96-4e76-9da8-f935e934812b"	"702edc68-ae97-4bc2-954a-1e4f0ef6a04d"
"0ca228a8-e69a-48a2-b4c0-302594597bfc"	"b9dec291-51ec-486d-9002-cf6b9fb40343"
"5f17d317-2a86-4a97-a029-25201084086f"	"5c1dfd84-45d1-49fb-8ce8-401d70c06c6e"
"25139354-cd96-4e76-9da8-f935e934812b"	"5648e7e9-4ee8-4770-b8a8-55379ba400ed"
"25139354-cd96-4e76-9da8-f935e934812b"	"2d81048f-cc01-4e42-a3e0-96191fe62faf"
"ca5fd90f-e287-4427-bca6-da43931f0e58"	"b010798f-9815-412a-a106-ce8c74c5c420"
"25139354-cd96-4e76-9da8-f935e934812b"	"8aaf6cac-b152-4be4-b933-900f5e0879ad"
"25139354-cd96-4e76-9da8-f935e934812b"	"8d71b03b-1636-4af5-9615-f1bfb0f88f46"
"25139354-cd96-4e76-9da8-f935e934812b"	"ee7aaac3-08c2-4a0a-b872-b4dd8ae3095b"
"82dc3073-5846-4447-942c-11e5df43d084"	"30a6f856-5213-4ba6-9715-24a3255cc243"
"25139354-cd96-4e76-9da8-f935e934812b"	"735aea7a-e95a-4840-850a-5e4c27ea30f6"
"82dc3073-5846-4447-942c-11e5df43d084"	"545e534c-1912-433b-9b6f-3315ba20151f"
"25139354-cd96-4e76-9da8-f935e934812b"	"8e9842d6-763b-45be-8643-517d85e044e5"
"25139354-cd96-4e76-9da8-f935e934812b"	"36f90257-7ad9-4c24-8273-e661d1e2df65"
"4d23d8cf-82ba-4c4e-842a-70dd363c32c6"	"89a99497-d058-4776-ab6a-0bcc129f206d"
"a8f4267a-4228-4edf-acc7-f723f42083a0"	"a184ddb2-8981-4951-a5fe-4a287a9b447c"
"25139354-cd96-4e76-9da8-f935e934812b"	"0753037b-6b53-417d-b577-e98ae556939c"
"25139354-cd96-4e76-9da8-f935e934812b"	"cab34ba1-90e9-4a01-89a7-439aa383888e"
"0ca228a8-e69a-48a2-b4c0-302594597bfc"	"4fb55a75-5127-44e1-a70e-8ba6b9a6790f"
"a8f4267a-4228-4edf-acc7-f723f42083a0"	"16a74baf-5701-4833-8f38-08464a0b36a2"
"0ca228a8-e69a-48a2-b4c0-302594597bfc"	"078953f4-b1a3-41be-a21c-5b5c8a114a09"
"25139354-cd96-4e76-9da8-f935e934812b"	"ec09fd4b-e8d1-4fc8-ba45-0eedf8b660c8"
"ca5fd90f-e287-4427-bca6-da43931f0e58"	"cb53bcbb-844e-42da-8000-9f22c38596ec"
"def4253a-16f7-4d53-ac9c-d0f51fb13e89"	"a0c76832-6f3e-4123-9e89-2d49bf2e930d"
"ca5fd90f-e287-4427-bca6-da43931f0e58"	"1183d9fe-2223-4d1c-b95c-90a14abba754"
"a8f4267a-4228-4edf-acc7-f723f42083a0"	"cfc519a3-5a7b-48c4-b646-1c9be8e9a45d"
"25139354-cd96-4e76-9da8-f935e934812b"	"dfbdc387-d884-4c32-bebe-22699ab1ae81"
"0ca228a8-e69a-48a2-b4c0-302594597bfc"	"3845179d-f793-4482-9efd-be754c8dbb82"
"25139354-cd96-4e76-9da8-f935e934812b"	"67349a3e-32f0-4691-86a5-77ddc527ea58"
"25139354-cd96-4e76-9da8-f935e934812b"	"c3bccb01-2ec2-4f8b-b9d7-88506c063900"
"25139354-cd96-4e76-9da8-f935e934812b"	"3f6bd8aa-bac5-47de-928c-09da6ec71c44"
"b209e8b8-a394-4641-85a8-000f7cba257b"	"628e8640-c38f-4fa4-bbed-7d501d7963ff"
"25139354-cd96-4e76-9da8-f935e934812b"	"60f51f24-55cf-4367-b2a2-91f5196b3713"
"25139354-cd96-4e76-9da8-f935e934812b"	"79aaf007-9ec9-435b-abd1-0b733a3122ec"
"0ca228a8-e69a-48a2-b4c0-302594597bfc"	"12d3e59a-fd68-4a1d-b4b2-8ae05f13b0e4"
"a4e19fe9-f405-4785-bcc4-829a0d279ead"	"01525393-dd5a-4cc5-9d3e-c0a4b7c41de7"
"ca5fd90f-e287-4427-bca6-da43931f0e58"	"34a60ddb-aa55-4783-9ea6-e5266906acc3"
"a6d818a0-4321-46ff-be7e-d9517d5c89a8"	"4f850139-bfb8-4853-b6eb-afb077b1fbff"
"a5876d51-0526-40fc-bfca-be81eff48209"	"2cd99f24-26ad-4f31-b116-8621b48c3e0d"
"ca5fd90f-e287-4427-bca6-da43931f0e58"	"f48bba04-2f03-4848-be9d-567a7eab465d"
"ca5fd90f-e287-4427-bca6-da43931f0e58"	"f75066e3-905d-4f28-8956-129efe89ce44"
"25139354-cd96-4e76-9da8-f935e934812b"	"28316e64-e95a-4335-9ea7-c06eb53ec7d5"
"25139354-cd96-4e76-9da8-f935e934812b"	"5bbee63a-3f9e-49ba-bbdf-1ad618955899"
"4987b576-2461-4211-b08a-c3fb1f2c7865"	"733a29e4-57c6-48e1-8d60-f5059115775a"
"0ca228a8-e69a-48a2-b4c0-302594597bfc"	"b3f85aec-a861-488c-996a-888026d748fc"
"4987b576-2461-4211-b08a-c3fb1f2c7865"	"06485beb-a9bc-4fcb-9e5a-98eb01d538d0"
"25139354-cd96-4e76-9da8-f935e934812b"	"dafd2c02-98da-4cc7-868e-a701bba53015"
"b1268bb8-cb05-4586-aafe-5ee3dfb2aed9"	"d8db9a82-8c81-43a6-aabd-586447451fe7"
"25139354-cd96-4e76-9da8-f935e934812b"	"60455bfb-ad6a-47f1-b954-36c65c57109e"
"5f17d317-2a86-4a97-a029-25201084086f"	"679c3ca3-0e56-458b-a523-83e8faf85980"
"25139354-cd96-4e76-9da8-f935e934812b"	"92b4c04f-758d-4464-8395-1473ec4d51ca"
"25139354-cd96-4e76-9da8-f935e934812b"	"9c9e75a0-f52f-403f-8286-c7e161e41353"
"25139354-cd96-4e76-9da8-f935e934812b"	"aaff1f89-c8e4-4b01-a369-740f6445ec37"
"ca5fd90f-e287-4427-bca6-da43931f0e58"	"51478fb5-c61d-4716-b501-b6cf07f56ab6"
"25139354-cd96-4e76-9da8-f935e934812b"	"12d42f82-c3a7-4eea-a50f-2a7f5a515069"
"80a194e9-b864-46eb-8347-88908ec82184"	"a7f1a7ef-70e3-4779-84e5-fb90ac1e1319"
"4987b576-2461-4211-b08a-c3fb1f2c7865"	"4c7dd379-bb91-4854-807b-8531ba708670"
"25139354-cd96-4e76-9da8-f935e934812b"	"bbd3992e-2dca-4b01-90e3-895f7072cb22"
"e596d6b3-cb64-47e3-abba-b1630fb830ef"	"4e9c12ac-69b0-4379-8250-8f48e1a88134"
"0ca228a8-e69a-48a2-b4c0-302594597bfc"	"c3133a06-5b14-485b-8285-15fdb8293d98"
"25139354-cd96-4e76-9da8-f935e934812b"	"10c84560-9113-4d13-8cf3-5122c24c2744"
"e596d6b3-cb64-47e3-abba-b1630fb830ef"	"34b14522-b2f6-4a20-80a3-1c224c4d7de0"
"25139354-cd96-4e76-9da8-f935e934812b"	"d920096b-966b-4ba8-a7f2-acbadae18864"
"ca5fd90f-e287-4427-bca6-da43931f0e58"	"0ce00359-8f9a-4062-9967-a16190614f86"
"0ca228a8-e69a-48a2-b4c0-302594597bfc"	"a8a82d7f-0990-44c2-8964-d908ad510f76"
"b209e8b8-a394-4641-85a8-000f7cba257b"	"aa749db5-c75a-43c4-8227-62a147772fcf"
"25139354-cd96-4e76-9da8-f935e934812b"	"2abe9931-4e95-45cb-989a-48b3378f22e0"
"25139354-cd96-4e76-9da8-f935e934812b"	"0b5605f9-727f-4c7b-9859-3869c78ac71d"
"25139354-cd96-4e76-9da8-f935e934812b"	"efd07afc-c011-414b-944b-f83ab7679f36"
"b209e8b8-a394-4641-85a8-000f7cba257b"	"0680291a-eb68-4035-aada-ed9b4fd81179"
"709a0368-6c29-412a-875c-208b7a980d46"	"7e8be956-bb48-4c41-9857-70e2c666fa6b"
"a14a743f-382b-40df-8b37-148c02c63689"	"fe1c6482-0299-46dd-8d05-141ea70250ea"
"0ca228a8-e69a-48a2-b4c0-302594597bfc"	"c68f3466-3c84-4f48-8316-c8dbcecc1b47"
"a8f4267a-4228-4edf-acc7-f723f42083a0"	"22848ca5-a4cb-4916-aa48-07c8aa46df5e"
"4b1b1ab3-6f5b-49be-b664-d3e88e275b04"	"d4ec10ea-222b-4032-b3b5-fcde511fcb85"
"1c83a0ac-f202-4ca4-b5e6-5f9268ac8b01"	"0be395bb-2cb3-4f89-96f0-68aa2a807813"
"25139354-cd96-4e76-9da8-f935e934812b"	"080e71af-360c-496f-bddc-5d838a509bf6"
"a8f4267a-4228-4edf-acc7-f723f42083a0"	"06b558b7-6ea7-487a-b40a-96d141253c87"
"25139354-cd96-4e76-9da8-f935e934812b"	"8403b361-4600-4afb-b4b1-b579773da0df"
"b209e8b8-a394-4641-85a8-000f7cba257b"	"d65c5aa6-9699-4028-8e8b-31816d32b269"
"a8f4267a-4228-4edf-acc7-f723f42083a0"	"f2350764-2253-422c-b9c0-1f6308323ed4"
"b209e8b8-a394-4641-85a8-000f7cba257b"	"cea15e30-7b50-44c9-9536-d7a53a8526c8"
"25139354-cd96-4e76-9da8-f935e934812b"	"4ad36b5c-4fb4-49fc-9832-84040790ea98"
"1c83a0ac-f202-4ca4-b5e6-5f9268ac8b01"	"f01e419a-7cd2-45c8-b48e-af4c480da9c3"
"a8f4267a-4228-4edf-acc7-f723f42083a0"	"addb98e3-8ee2-41dc-aee2-aa168e811037"
"25139354-cd96-4e76-9da8-f935e934812b"	"21d0e4ae-7d04-44b4-8f9d-fb6a84be688a"
"25139354-cd96-4e76-9da8-f935e934812b"	"412296a1-c6a6-49a8-b4f7-0bd96be65732"
"25139354-cd96-4e76-9da8-f935e934812b"	"fedaed0d-97a7-4446-8d29-bbbaf9465e24"
"25139354-cd96-4e76-9da8-f935e934812b"	"44bfd4d6-75a5-499e-8d28-f35d3f492e5d"
"a8f4267a-4228-4edf-acc7-f723f42083a0"	"78b4adec-600b-40e5-809b-b54899c461ef"
"25139354-cd96-4e76-9da8-f935e934812b"	"79cdec07-84e0-4e5b-883e-39683c5e8edc"
"25139354-cd96-4e76-9da8-f935e934812b"	"cbeccaba-79bf-458e-bb51-e2155e1bb4b7"
"25139354-cd96-4e76-9da8-f935e934812b"	"cc27e7cd-3118-408d-8b07-0cf15fbebd70"
"82dc3073-5846-4447-942c-11e5df43d084"	"ac974a83-10e6-4ddd-9ec3-c46de58427c8"
"25139354-cd96-4e76-9da8-f935e934812b"	"407d740e-049f-408b-b238-4abb5bdc462a"
"82dc3073-5846-4447-942c-11e5df43d084"	"7acd3e14-45e7-49ba-b20f-f4613d4d9ca7"
"82dc3073-5846-4447-942c-11e5df43d084"	"5c7bc082-989e-445d-bffa-7b1db1d2efef"
"25139354-cd96-4e76-9da8-f935e934812b"	"809d33ce-ce8a-4490-beeb-2d175af8ebb8"
"25139354-cd96-4e76-9da8-f935e934812b"	"609c211a-8f85-44a0-97d0-46481102d4ef"
"25139354-cd96-4e76-9da8-f935e934812b"	"de1fb16e-ee67-43ea-93a5-78cbe794a75a"
"25139354-cd96-4e76-9da8-f935e934812b"	"6efec431-d7d4-4f77-b1a3-1ebf9c4d13e7"
"25139354-cd96-4e76-9da8-f935e934812b"	"5804cac6-4df0-4173-a4dd-40df335cf660"
"25139354-cd96-4e76-9da8-f935e934812b"	"418d405c-b56a-455f-ac9c-d277530e73bc"
"cf575bac-a2b6-4adb-846e-e93df5afee97"	"4db49bb1-7744-4893-b8f6-09c89588eb51"
"25139354-cd96-4e76-9da8-f935e934812b"	"f39f2582-47e1-498f-b991-e43657fd594e"
"25139354-cd96-4e76-9da8-f935e934812b"	"a9d4603e-f635-405a-a3db-58681b8184da"
"25139354-cd96-4e76-9da8-f935e934812b"	"d1a542ac-5716-43d7-9de1-97346b3894b9"
"25139354-cd96-4e76-9da8-f935e934812b"	"f25dbb73-3e53-4824-a627-b351f98d4c00"
"25139354-cd96-4e76-9da8-f935e934812b"	"bebee030-404f-44eb-8357-372c53d09f1a"
"25139354-cd96-4e76-9da8-f935e934812b"	"a9c13b6f-5ee3-4c11-96cb-aa94ac32b429"
"25139354-cd96-4e76-9da8-f935e934812b"	"a54da2f8-95d5-48e5-aded-5a14eb8d3702"
"25139354-cd96-4e76-9da8-f935e934812b"	"a5259a1a-92f5-4a00-9895-87fcc9afdac6"
"25139354-cd96-4e76-9da8-f935e934812b"	"1731d1ca-f891-4393-bed3-733a2e0d24ef"
"25139354-cd96-4e76-9da8-f935e934812b"	"6d06ce54-34fe-4447-908e-1269dfcba932"
"25139354-cd96-4e76-9da8-f935e934812b"	"1f4e2dc6-2992-404a-b7e0-709165ea8bf3"
"25139354-cd96-4e76-9da8-f935e934812b"	"1d6749f6-c83b-46ac-8844-6294dd8589df"
"25139354-cd96-4e76-9da8-f935e934812b"	"6ba0d37e-75d5-4555-aec4-628a1c783830"
"25139354-cd96-4e76-9da8-f935e934812b"	"559ff0e8-3427-44de-9cda-e7ad95b0a0ff"
"25139354-cd96-4e76-9da8-f935e934812b"	"4b14ae8b-ed38-4e32-9b0f-087c8971b2d8"
"82dc3073-5846-4447-942c-11e5df43d084"	"72254820-55b5-4791-83d8-7c42b14f1973"
"25139354-cd96-4e76-9da8-f935e934812b"	"008010cc-6573-490b-8a6c-77d1086d6a7a"
"82dc3073-5846-4447-942c-11e5df43d084"	"1290eebf-5d80-42b5-b9ec-1a19380e49dd"
"25139354-cd96-4e76-9da8-f935e934812b"	"7da23f7c-95f5-41b1-afda-811e8d8dd396"
"80a194e9-b864-46eb-8347-88908ec82184"	"9fadb306-0274-4d61-8c1f-c989754ce916"
"25139354-cd96-4e76-9da8-f935e934812b"	"62744dd3-ebc7-4c34-ac43-c6ac043d64fc"
"955d1a88-59b6-4762-a9b1-91d7736907b4"	"154fcdb7-8b83-415e-9059-fab76d0d2a90"
"25139354-cd96-4e76-9da8-f935e934812b"	"89bf0b78-b28b-4f28-a0a9-59e170750b1c"
"837ee207-6d47-47b2-b9e4-0201463b9641"	"fb350d1a-3c22-4010-93ad-8de446ba6eed"
"61896250-a42a-48c9-85a5-dc5e56a856c5"	"623ee455-167f-45b7-95cf-06b123639a73"
"25139354-cd96-4e76-9da8-f935e934812b"	"0e91c774-cf98-4077-b62b-0af70e78cb34"
"82dc3073-5846-4447-942c-11e5df43d084"	"f3f0b06c-1a30-4e79-aa32-614302883658"
"82dc3073-5846-4447-942c-11e5df43d084"	"44e2acfe-6219-4245-b95f-2f8b7652c7b5"
"61896250-a42a-48c9-85a5-dc5e56a856c5"	"ef2cd371-db4b-4d53-aebb-0d0f93bf3ffe"
"25139354-cd96-4e76-9da8-f935e934812b"	"b5be48ff-636e-4d86-a0bf-11064db00606"
"837ee207-6d47-47b2-b9e4-0201463b9641"	"bb62464a-bd87-4a6e-a5db-1fb7ebc4de73"
"25139354-cd96-4e76-9da8-f935e934812b"	"3e96f1c3-29b1-48e2-b23d-d99e0729bbf1"
"b209e8b8-a394-4641-85a8-000f7cba257b"	"10a6a158-9b5b-489f-b750-9cb19d99d0c3"
"b209e8b8-a394-4641-85a8-000f7cba257b"	"af3d066f-0f71-4692-acf8-339cca086cf6"
"b209e8b8-a394-4641-85a8-000f7cba257b"	"2b8ccb14-8c41-4bfc-b413-143a2946dd44"
"25139354-cd96-4e76-9da8-f935e934812b"	"180805c2-2c43-4f20-adb9-59dd67817566"
"25139354-cd96-4e76-9da8-f935e934812b"	"22883738-3bd3-43de-ae55-450d9c8d2d4d"
"25139354-cd96-4e76-9da8-f935e934812b"	"36f18035-7589-4ec6-8523-cbe86fee9ddd"
"25139354-cd96-4e76-9da8-f935e934812b"	"e7c0938e-2eb3-4a79-a24b-bbf1717eb4d8"
"25139354-cd96-4e76-9da8-f935e934812b"	"7ab2cfa9-a2bd-4cb7-a2e2-c21e6a483523"
"25139354-cd96-4e76-9da8-f935e934812b"	"78f7aa2b-b02b-43ba-884f-230be4fcadf4"
"82dc3073-5846-4447-942c-11e5df43d084"	"d3f6be13-d794-4bc6-bd37-b5fd8d181a51"
"25139354-cd96-4e76-9da8-f935e934812b"	"5feb7c25-6f10-48ee-b889-0019b7d427df"
"25139354-cd96-4e76-9da8-f935e934812b"	"0d034eba-7d20-4207-82e6-5f65979ea057"
"25139354-cd96-4e76-9da8-f935e934812b"	"f3933712-e6ea-4306-a8ef-e7b8d444093d"
"a14a743f-382b-40df-8b37-148c02c63689"	"c8b46c1e-396d-4466-a031-9879f8aa080e"
"def4253a-16f7-4d53-ac9c-d0f51fb13e89"	"6d08e44e-6a6d-4541-ba4c-5bc2813d9ad3"
"80a194e9-b864-46eb-8347-88908ec82184"	"f9defa79-8eef-48b3-921b-000f12823d69"
"80a194e9-b864-46eb-8347-88908ec82184"	"4bac8bda-ebe4-4989-86e6-ceb93b391030"
"e596d6b3-cb64-47e3-abba-b1630fb830ef"	"f7c07e96-0ac4-4783-85b8-b397df65c9f4"
"80a194e9-b864-46eb-8347-88908ec82184"	"ff24a78a-f4bc-472c-b5fe-dbcf6daac394"
"e596d6b3-cb64-47e3-abba-b1630fb830ef"	"650592bf-979f-40d0-867d-7c39e57ec85c"
"25139354-cd96-4e76-9da8-f935e934812b"	"e3003dd0-0400-444c-8af3-ee38809708c8"
"b1268bb8-cb05-4586-aafe-5ee3dfb2aed9"	"b78bd063-aa83-4c15-983e-6673ad25532f"
"b1268bb8-cb05-4586-aafe-5ee3dfb2aed9"	"213d5ef2-cc8d-474e-b7fe-213139e5ff23"
"b1268bb8-cb05-4586-aafe-5ee3dfb2aed9"	"13efb100-e638-45a2-8466-fc047d41db8d"
"25139354-cd96-4e76-9da8-f935e934812b"	"95369e24-edd7-4e96-b00a-d264efc1ce94"
"b1268bb8-cb05-4586-aafe-5ee3dfb2aed9"	"51162099-2ee5-4eca-8cc8-a18e1903bdc1"
"25139354-cd96-4e76-9da8-f935e934812b"	"5a06d1df-f664-4c76-be79-0cc637d97934"
"25139354-cd96-4e76-9da8-f935e934812b"	"917bbaa9-a24d-4f71-80d4-6733095b101d"
"25139354-cd96-4e76-9da8-f935e934812b"	"8c986b53-74d4-4a0e-bdae-3b36e09a0b4e"
"25139354-cd96-4e76-9da8-f935e934812b"	"8aa475d0-8520-4dad-b416-24347207419a"
"25139354-cd96-4e76-9da8-f935e934812b"	"c292d65d-058d-42e7-b9b9-ac77d955d370"
"25139354-cd96-4e76-9da8-f935e934812b"	"625ad9af-1ccb-46cf-a9ff-97f6edbda31a"
"4b1b1ab3-6f5b-49be-b664-d3e88e275b04"	"2c962fda-b7a9-4fb4-b45d-1fa1004c3a5d"
"25139354-cd96-4e76-9da8-f935e934812b"	"5c96a4fc-47a1-4611-93eb-671edfbd544b"
"25139354-cd96-4e76-9da8-f935e934812b"	"ed532526-e0d9-4495-93a8-0927a9fe83ab"
"0ca228a8-e69a-48a2-b4c0-302594597bfc"	"8c37bc3a-713c-4730-bb92-1cfee28aa71e"
"80a194e9-b864-46eb-8347-88908ec82184"	"f23cb138-9857-454b-8d8c-d964916c0e59"
"504eae16-5759-4c87-88d9-085632764489"	"f23cb138-9857-454b-8d8c-d964916c0e59"
"a8f4267a-4228-4edf-acc7-f723f42083a0"	"8115c375-a28a-4085-9b08-fc01ebcc69f8"
"a8f4267a-4228-4edf-acc7-f723f42083a0"	"2af5dffe-829f-456a-bc50-58e06ab24846"
"a8f4267a-4228-4edf-acc7-f723f42083a0"	"90fb4ebe-aec4-4731-9c38-f62c9fb12034"
"a8f4267a-4228-4edf-acc7-f723f42083a0"	"713beccc-96b7-459e-afa8-96fd42c5e613"
"a8f4267a-4228-4edf-acc7-f723f42083a0"	"90e1ee8e-1574-4e05-b15a-5c1f66a447d4"
"a8f4267a-4228-4edf-acc7-f723f42083a0"	"24df915f-a567-4363-ad99-8473d6974551"
"a8f4267a-4228-4edf-acc7-f723f42083a0"	"91ea8723-8702-465f-aa86-4e0cc9bacc39"
"045ab6b3-8d3f-4735-844c-b79685b14e31"	"1df7b306-7168-42f0-810e-72c9ab1be948"
"80a194e9-b864-46eb-8347-88908ec82184"	"b06cb625-9dc6-4366-92c4-6b9fe65b1638"
"ca32c55a-01a9-45c8-a2cf-8e0fbd4197b1"	"224913ad-577f-426a-bbfb-77eb1250fe43"
"25139354-cd96-4e76-9da8-f935e934812b"	"233a60f4-7e1e-4e5a-92b9-8b458ff67d02"
"25139354-cd96-4e76-9da8-f935e934812b"	"2e459356-f0b9-4464-9b6d-ab7ebaac444e"
"def4253a-16f7-4d53-ac9c-d0f51fb13e89"	"496a56cc-c7cf-4e05-96a5-d8e165d24447"
"0a803045-a1c5-40e7-866e-7ae53f3fd01d"	"f5c5d03d-90d9-43f4-ad51-f4875a32c78d"
"0a803045-a1c5-40e7-866e-7ae53f3fd01d"	"b6a9a5cb-022d-4dee-87da-49b4fbc97e1c"
"4b1b1ab3-6f5b-49be-b664-d3e88e275b04"	"a7c1351d-8389-4ac9-be69-eb44aa6b4254"
"91cb9ace-a507-4c13-aa59-63670ccddb0b"	"95e4ccc3-d5c9-42fe-81a2-f9d26636e9c7"
"91cb9ace-a507-4c13-aa59-63670ccddb0b"	"e0248ff5-b57d-4b27-81aa-76226b1935f3"
"91cb9ace-a507-4c13-aa59-63670ccddb0b"	"85d6d5be-0f27-439c-9af5-61da2d60dcba"
"91cb9ace-a507-4c13-aa59-63670ccddb0b"	"3dd306a9-cbd9-4b81-ae31-bc16afaf44e5"
"91cb9ace-a507-4c13-aa59-63670ccddb0b"	"c333cc69-8f99-4c40-bd2e-fdb39c0f4406"
"91cb9ace-a507-4c13-aa59-63670ccddb0b"	"509267ee-d804-41a7-a9f8-3553153003ee"
"91cb9ace-a507-4c13-aa59-63670ccddb0b"	"ab750acd-fb8a-488c-8115-07864fc4bd1c"
"7f0e2187-c125-4c55-9cab-2df8a7a16788"	"3566889f-4487-4850-930e-c3c1c75ad977"
"7f0e2187-c125-4c55-9cab-2df8a7a16788"	"4ecb0eaf-b15a-486e-9fa2-1afbf75d49a5"
"7f0e2187-c125-4c55-9cab-2df8a7a16788"	"89f6d327-7030-4f56-b89d-a408918190d2"
"709a0368-6c29-412a-875c-208b7a980d46"	"4137d9d9-cc0a-4803-a4a7-ab38379d1d92"
"61896250-a42a-48c9-85a5-dc5e56a856c5"	"6026ce61-53cf-42ce-81a8-44ade54dab23"
"61896250-a42a-48c9-85a5-dc5e56a856c5"	"c595ea1a-a726-4704-b8d2-3962d7f03e14"
"61896250-a42a-48c9-85a5-dc5e56a856c5"	"91bd6c08-2982-4b8f-a7b1-d8b9db63c48a"
"61896250-a42a-48c9-85a5-dc5e56a856c5"	"d52c2849-acea-40eb-8f2d-743c4968b3ac"
"61896250-a42a-48c9-85a5-dc5e56a856c5"	"b9d18d3c-b8ad-4e12-b608-52742b8d7928"
"61896250-a42a-48c9-85a5-dc5e56a856c5"	"6257b4a1-9b02-4730-be54-fe5b20d2e4fa"
"61896250-a42a-48c9-85a5-dc5e56a856c5"	"692e2390-8b7c-40e3-80d7-cfda3022cfe9"
"61896250-a42a-48c9-85a5-dc5e56a856c5"	"0a7d41e3-716d-4b00-86cf-7e9b7c6383b3"
"61896250-a42a-48c9-85a5-dc5e56a856c5"	"ff765130-01c0-47a4-b1dc-fad5ddc5321d"
"61896250-a42a-48c9-85a5-dc5e56a856c5"	"ab97bd74-900d-4e6b-8d05-8ef6351c5d43"
"61896250-a42a-48c9-85a5-dc5e56a856c5"	"8c2de90a-02b2-4741-9b70-6ab9a93b13e7"
"61896250-a42a-48c9-85a5-dc5e56a856c5"	"830d56c1-6f30-4ed5-84f2-dfbb618f63df"
"61896250-a42a-48c9-85a5-dc5e56a856c5"	"ab927ad8-d130-4382-89a1-6abfea719377"
"61896250-a42a-48c9-85a5-dc5e56a856c5"	"b8387d05-f34f-4506-96c5-9f060e0099fa"
"61896250-a42a-48c9-85a5-dc5e56a856c5"	"fb7b2181-3c66-468b-a4c0-403ec00fe189"
"61896250-a42a-48c9-85a5-dc5e56a856c5"	"41556492-31b3-41f5-a429-39577f013f87"
"61896250-a42a-48c9-85a5-dc5e56a856c5"	"1e54cb68-ca06-48f3-b4da-749c57993ac3"
"61896250-a42a-48c9-85a5-dc5e56a856c5"	"9702cdbc-b720-40b8-ad98-c6b90c109f20"
"f1ed4d42-5b30-4912-ac62-afe93363f85f"	"6972f5c8-8454-42ec-8138-eafa6632a9c0"
"61896250-a42a-48c9-85a5-dc5e56a856c5"	"ed42df7d-bba0-4ea5-b3f0-5ac47a4e4bfb"
"f1ed4d42-5b30-4912-ac62-afe93363f85f"	"30ea419d-422e-4c55-b60d-0a7286d26318"
"97b6f415-755c-40cf-8f6d-52d836faf4e2"	"95905c57-36a3-42dc-bfa9-c01ddccec53f"
"ce562082-c4ee-472f-a16c-9f8e2dacc518"	"50f8f2c8-ad68-4dc5-8317-9cc3861d69b0"
"49c3943d-e59b-49ba-a2ef-30cab20c4c17"	"dadb5a85-eb8a-4ec1-9751-6b509b9c1fd1"
"82dc3073-5846-4447-942c-11e5df43d084"	"dadb5a85-eb8a-4ec1-9751-6b509b9c1fd1"
"36607d71-1fa2-41af-b3ca-63887020b879"	"d4ca7445-f2ac-4de2-8729-3e7c4e704864"
"f54fe889-1acf-4ac4-a72e-d2aed8c7af8d"	"6d669150-7991-4bbc-a2f2-5db38420ef4f"
"49c3943d-e59b-49ba-a2ef-30cab20c4c17"	"7c5943a9-ba6d-41e1-a2e2-b9d2fd63464e"
"ce562082-c4ee-472f-a16c-9f8e2dacc518"	"887b59ba-fb31-40f2-88da-8c48f99369d5"
"58eae563-793b-4353-b357-3277ce01ccf1"	"b5a7a489-d37a-464b-9ac6-d89eda34db87"
"f1ed4d42-5b30-4912-ac62-afe93363f85f"	"7bb2099c-3fdd-4675-9cd1-55160e34f102"
"58eae563-793b-4353-b357-3277ce01ccf1"	"c9b44571-7df2-42d9-ae4b-05c92b9ff977"
"65061356-ff8e-4a18-a032-c8af57d7e566"	"97a904f6-bb77-476a-9a2e-5b013f3d5b4f"
"e934c964-656c-44b7-a275-c68c89579d19"	"66bcd2e0-e6a2-4c6a-806e-93b4af8f51a3"
"def4253a-16f7-4d53-ac9c-d0f51fb13e89"	"dd29d2ea-8141-49a9-af14-6af8cbf56879"
"e934c964-656c-44b7-a275-c68c89579d19"	"20e7408d-88e1-4210-8ee6-de43f0064919"
"def4253a-16f7-4d53-ac9c-d0f51fb13e89"	"2acd1628-ca50-4aab-a5b5-6233cabd365b"
"e934c964-656c-44b7-a275-c68c89579d19"	"f870aa2b-6ff4-43bd-be56-26968b20f4f2"
"c13848a8-72b2-45e6-8394-577dd1b8b338"	"05a37384-3ba8-432c-b4e1-1509e72a702c"
"c13848a8-72b2-45e6-8394-577dd1b8b338"	"17af4998-f191-4e10-a8ff-f5d467f5e482"
"e934c964-656c-44b7-a275-c68c89579d19"	"2fbbf85b-3488-4d0f-8dc1-87b3778ad1c8"
"e934c964-656c-44b7-a275-c68c89579d19"	"2c7c3ac7-3096-4cd3-85cc-0eb287ef1bfe"
"e934c964-656c-44b7-a275-c68c89579d19"	"3bb524e0-9185-436a-ac41-65f7a6393565"
"e934c964-656c-44b7-a275-c68c89579d19"	"e850a121-c37a-47b1-8190-3487d0f73dcc"
"e934c964-656c-44b7-a275-c68c89579d19"	"36c9480a-e773-4055-a6ff-27eb5ad1309c"
"e934c964-656c-44b7-a275-c68c89579d19"	"51df50b3-d869-480a-8dd3-ae9dc07f0154"
"e934c964-656c-44b7-a275-c68c89579d19"	"26682441-9472-4a12-93fc-10a72f0c19d6"
"e934c964-656c-44b7-a275-c68c89579d19"	"134ff5cd-eb02-4eb0-a581-8a7f517ff2b4"
"e934c964-656c-44b7-a275-c68c89579d19"	"0f1a00bd-ddda-4235-9513-823242f4f9ed"
"e934c964-656c-44b7-a275-c68c89579d19"	"af91a3ad-1aa5-447c-8cdb-e8e1dc18fd53"
"e934c964-656c-44b7-a275-c68c89579d19"	"a5ba4382-0c38-490a-8629-388557cb9f3f"
"e934c964-656c-44b7-a275-c68c89579d19"	"77d51ec4-5411-4e67-8c8b-306de7c13811"
"e934c964-656c-44b7-a275-c68c89579d19"	"5bba3d48-cc3f-4538-8b94-ea9122c3ff29"
"e934c964-656c-44b7-a275-c68c89579d19"	"dd2894ef-8af9-45b0-8ed4-4870c3031db5"
"e934c964-656c-44b7-a275-c68c89579d19"	"ed68b4b3-e898-4bda-a049-3bd423fea829"
"e934c964-656c-44b7-a275-c68c89579d19"	"b15382da-64b1-4a3d-86dd-aab074fdec2c"
"e934c964-656c-44b7-a275-c68c89579d19"	"bbd95228-bc7a-4a4f-952d-5a4c8d6df39c"
"e934c964-656c-44b7-a275-c68c89579d19"	"136ea0be-ff8a-4e23-a404-ea754fe7870a"
"e934c964-656c-44b7-a275-c68c89579d19"	"225e2017-7f25-4c6c-a2f1-b6e905ce3871"
"e934c964-656c-44b7-a275-c68c89579d19"	"de48072a-20c3-484b-ae11-4929018a2ca9"
"e934c964-656c-44b7-a275-c68c89579d19"	"9e7014c9-c4f7-495b-906a-e6a94cb6326d"
"e934c964-656c-44b7-a275-c68c89579d19"	"6e381270-64d5-4496-a746-ed2c598ff160"
"e934c964-656c-44b7-a275-c68c89579d19"	"1edb49cd-23d3-47d5-bf96-d26cddeeebe1"
"e934c964-656c-44b7-a275-c68c89579d19"	"34758890-127e-4cba-900f-167c0bc93e1d"
"e934c964-656c-44b7-a275-c68c89579d19"	"2654f869-9759-4cbe-b01e-a0ca814aa3eb"
"e934c964-656c-44b7-a275-c68c89579d19"	"a4258309-5dd1-437a-a245-d46f19ec91b7"
"e934c964-656c-44b7-a275-c68c89579d19"	"fae05e34-5b6c-40b5-88cc-3c713f7a2d34"
"e934c964-656c-44b7-a275-c68c89579d19"	"592f4008-d288-4aea-ac64-c68ecf21eace"
"e934c964-656c-44b7-a275-c68c89579d19"	"ed21be19-1173-467c-a4dd-02f66f2c3cd6"
"e934c964-656c-44b7-a275-c68c89579d19"	"f7f39f3f-964b-4a22-88f2-84fb350d4150"
"e934c964-656c-44b7-a275-c68c89579d19"	"41d31849-7bdf-4a57-8511-1fd07eeac0b6"
"e934c964-656c-44b7-a275-c68c89579d19"	"297bf307-e695-4e0f-9e7d-e778bab25e8c"
"e934c964-656c-44b7-a275-c68c89579d19"	"f0ce0fdd-2c1f-4e50-92a3-267b2337d46c"
"e934c964-656c-44b7-a275-c68c89579d19"	"904fdd3c-3abd-4d68-8dc7-229398784c32"
"e934c964-656c-44b7-a275-c68c89579d19"	"e11d92ae-6f5a-4b36-bd07-ba03c283b523"
"e934c964-656c-44b7-a275-c68c89579d19"	"9b0ca9d1-a074-44c4-95c9-f00914e582fe"
"e934c964-656c-44b7-a275-c68c89579d19"	"ea9b8920-aba8-4ff0-9aba-7de685f9f188"
"e934c964-656c-44b7-a275-c68c89579d19"	"1f8f9028-eb46-4f17-a54d-d6038e959636"
"e934c964-656c-44b7-a275-c68c89579d19"	"b858d28f-e057-47b1-b5f2-2ff6483400bd"
"e934c964-656c-44b7-a275-c68c89579d19"	"ea928417-a5f1-4cd8-bf7a-791317080a3f"
"e934c964-656c-44b7-a275-c68c89579d19"	"a908f42b-9c99-40b4-b907-f5855c5af9c2"
"e934c964-656c-44b7-a275-c68c89579d19"	"dca1c75a-a158-4e9b-a3d6-0c2dea271da7"
"e934c964-656c-44b7-a275-c68c89579d19"	"42fa14c7-859a-4bff-ac77-e4eacfc3dbf8"
"e934c964-656c-44b7-a275-c68c89579d19"	"a5376dd7-9e1c-403c-9366-b9dfe4fadfb5"
"e934c964-656c-44b7-a275-c68c89579d19"	"7b4ff92b-595e-4407-97b3-e72208542eac"
"e934c964-656c-44b7-a275-c68c89579d19"	"1f9fa614-4a26-45a2-a786-42f54f49ca4b"
"e934c964-656c-44b7-a275-c68c89579d19"	"5ba003f7-4d7c-4ff9-831f-29b051014439"
"e934c964-656c-44b7-a275-c68c89579d19"	"6b4d888c-9f73-431f-9ebb-844da74c2e67"
"ca5fd90f-e287-4427-bca6-da43931f0e58"	"9fe76dfd-b5c1-4a9c-aa0a-939aa65c82bb"
"4b1b1ab3-6f5b-49be-b664-d3e88e275b04"	"d9527922-07b4-4acd-9ebf-d3095ceeb76e"
"e934c964-656c-44b7-a275-c68c89579d19"	"60f68929-7a3d-48e8-aec2-2759e23ab145"
"80a194e9-b864-46eb-8347-88908ec82184"	"a5e2658e-65c9-4152-b678-01f5d9093ba6"
"b3d65013-e8f0-4989-b4bf-a5a4515e1cb2"	"92ff2efa-087f-491c-8125-dac4dd780e26"
"b3d65013-e8f0-4989-b4bf-a5a4515e1cb2"	"7aa1686f-5789-451e-b8cc-0355b94576ed"
"80a194e9-b864-46eb-8347-88908ec82184"	"3f8e2bbd-1ed0-4ade-ad7b-c57f42cdca2b"
"def4253a-16f7-4d53-ac9c-d0f51fb13e89"	"5d2ce8f5-134b-42a8-9ada-bd3a2b7c8430"
"4b1b1ab3-6f5b-49be-b664-d3e88e275b04"	"5ef9155c-fd85-4014-b65b-52f1fd9d17df"
"ca32c55a-01a9-45c8-a2cf-8e0fbd4197b1"	"392a7dc9-bf3b-42a0-8ef2-15fcb28a935b"
"a8f4267a-4228-4edf-acc7-f723f42083a0"	"1f5331a9-a2df-451c-b629-c117e619409b"
"a8f4267a-4228-4edf-acc7-f723f42083a0"	"2d6492fe-5cef-40cd-92e0-facd2482b6a0"
"f1ed4d42-5b30-4912-ac62-afe93363f85f"	"0d50f09f-bc62-4dfd-ac0e-c58bf661dd3e"
"5f17d317-2a86-4a97-a029-25201084086f"	"5e642f15-9ad0-441e-a5ed-9aedf7b542fa"
"a8f4267a-4228-4edf-acc7-f723f42083a0"	"ae239d0a-478f-4a74-a94d-288b9fec98e4"
"c3e5caa7-6842-468d-81a5-bb49f86ad5ca"	"5946126b-8a5e-4b73-a96b-7f263ac8fec1"
"b209e8b8-a394-4641-85a8-000f7cba257b"	"fd79633c-021c-4a2a-877a-f64ee10695ef"
"a8f4267a-4228-4edf-acc7-f723f42083a0"	"6b246e15-5531-47f1-bb74-3828cdc52e16"
"5f17d317-2a86-4a97-a029-25201084086f"	"1c2eb63c-f131-4b7d-bb65-c5d1ab3ed9e8"
"e0253b47-ac3e-430c-b004-e11d08af5161"	"f79afd77-859f-410d-84b6-eacf6432fcf8"
"e0253b47-ac3e-430c-b004-e11d08af5161"	"f83fd1de-dc57-450a-8306-8ab2d99801e1"
"e0253b47-ac3e-430c-b004-e11d08af5161"	"cb9fab34-cee3-473a-ab55-75ec417d616d"
"82dc3073-5846-4447-942c-11e5df43d084"	"c10ca14b-5638-40ed-8d9c-5bd5c0d7f6af"
"6d0a98de-ebf7-45d7-92ff-2d83000513fd"	"d06c8e19-9130-44b7-bfb9-69cc0d37369b"
"da59827b-a998-4bd9-9831-ac47df06c9aa"	"e89a443d-eeee-45e9-8060-8311004f419c"
"e0253b47-ac3e-430c-b004-e11d08af5161"	"f4e64e45-a1c2-4ca8-9772-8d999869739c"
"e0253b47-ac3e-430c-b004-e11d08af5161"	"0986fdc4-5d7b-440b-837f-fa834b3c913a"
"e0253b47-ac3e-430c-b004-e11d08af5161"	"8fcdccb5-3359-4f41-a4b0-32c3113db525"
"e0253b47-ac3e-430c-b004-e11d08af5161"	"2873d7a0-f94c-4ed4-b473-e37c1050da1c"
"e0253b47-ac3e-430c-b004-e11d08af5161"	"b5b5ed7b-7c97-41f2-88ab-d4f9c77cb4a7"
"e0253b47-ac3e-430c-b004-e11d08af5161"	"de071939-57cd-401b-9649-921a1d692aad"
"e0253b47-ac3e-430c-b004-e11d08af5161"	"8c944e2d-1cea-4293-ac7d-1ef657190d85"
"b3d65013-e8f0-4989-b4bf-a5a4515e1cb2"	"fa34c207-c25b-412a-aff4-4ed20154841c"
"82dc3073-5846-4447-942c-11e5df43d084"	"c56e4aed-ca61-461c-95c8-85a4a7fd4bac"
"8fe9e68b-d300-4f5c-90c8-8d6e59268381"	"cd2e6e63-7a61-4dd0-9c22-5248a550504b"
"5f17d317-2a86-4a97-a029-25201084086f"	"01827a45-2fb0-47a4-8b85-813d82ba3d99"
"b209e8b8-a394-4641-85a8-000f7cba257b"	"1f1b2200-b850-4764-a2d0-12c592ac148b"
"6d0a98de-ebf7-45d7-92ff-2d83000513fd"	"4f410fd7-f8d6-42d1-b8d8-b860aa6420af"
"6d0a98de-ebf7-45d7-92ff-2d83000513fd"	"71c447d9-3903-48b9-aca0-7b85c3bd3f45"
"65061356-ff8e-4a18-a032-c8af57d7e566"	"a4fc2b50-1b8f-481d-b179-265559b22da0"
"5f17d317-2a86-4a97-a029-25201084086f"	"40f4ff8b-187e-4a9b-97e7-84ec5b85d07f"
"e934c964-656c-44b7-a275-c68c89579d19"	"c6e56cd1-9fbd-4cfe-afba-0218e4b33829"
"dd60f977-bb8b-4e84-ab54-1f271b4b585d"	"f6a599fd-bb24-4f44-afae-7fbb0c04864e"
"80a194e9-b864-46eb-8347-88908ec82184"	"d9a43481-7637-4443-a548-748490fa32d8"
"80a194e9-b864-46eb-8347-88908ec82184"	"8d6e66d6-f879-4238-a188-e9fffee0c959"
"80a194e9-b864-46eb-8347-88908ec82184"	"37e2b893-12e6-4e43-84a5-b0956d2a12a7"
"045ab6b3-8d3f-4735-844c-b79685b14e31"	"c3aa04c1-4ed2-430b-8e33-a8a46ebf1ccb"
"bf42245c-bfa5-4c1c-baa3-f3b9a22c8798"	"1e67c8fd-9b5e-44c0-b922-7db6b8e1faeb"
"65061356-ff8e-4a18-a032-c8af57d7e566"	"7f97690d-694b-49d6-9f24-67e482bf68eb"
"b209e8b8-a394-4641-85a8-000f7cba257b"	"f76e7ad3-f72c-4958-b15f-70d16292c464"
"03d9b3d3-4a0c-47d7-9bad-db9759f9a1a8"	"99d85d28-644e-4bd6-8ad1-f3b2c13d7fc0"
"b209e8b8-a394-4641-85a8-000f7cba257b"	"43a5d574-4e58-4361-ad01-95a2331f8c6e"
"65061356-ff8e-4a18-a032-c8af57d7e566"	"a17ae5b7-1ae7-4765-992c-2c146ad30b28"
"959b8280-f576-4291-a63d-41626c882515"	"fb9a71bd-ec0e-4aea-952a-eb78a9682a1a"
"0ca228a8-e69a-48a2-b4c0-302594597bfc"	"4b1862d6-5709-4c8f-9139-b023dbcaf393"
"65061356-ff8e-4a18-a032-c8af57d7e566"	"7bb9d8ab-f9f6-4c62-851e-8817d164f497"
"b209e8b8-a394-4641-85a8-000f7cba257b"	"1d0eeca6-ad22-4819-b30a-774b848a060a"
"1c83a0ac-f202-4ca4-b5e6-5f9268ac8b01"	"ad000f62-ada2-4b5b-bbbf-71c672184199"
"b209e8b8-a394-4641-85a8-000f7cba257b"	"a6cf63a2-b2e8-4711-94ce-32e8003e0c87"
"b209e8b8-a394-4641-85a8-000f7cba257b"	"d1a0dd15-1725-43bc-932c-871bdcc82ea8"
"82dc3073-5846-4447-942c-11e5df43d084"	"7a558eec-f76a-4ff2-b191-bb4ea2017518"
"def4253a-16f7-4d53-ac9c-d0f51fb13e89"	"2c7a5afe-06dd-4a83-b29c-da5c4505e461"
"b209e8b8-a394-4641-85a8-000f7cba257b"	"04537047-7b25-40b4-bd2a-f01053688fdd"
"80a194e9-b864-46eb-8347-88908ec82184"	"3734e0bd-493b-48ab-94f0-61f70eab2bc2"
"b209e8b8-a394-4641-85a8-000f7cba257b"	"4398a198-95a2-4940-a9c1-90fd4651ca57"
"b209e8b8-a394-4641-85a8-000f7cba257b"	"1da3cf85-52bd-4a6f-bd8e-fa541db0d1b3"
"b209e8b8-a394-4641-85a8-000f7cba257b"	"f647f49c-364e-4bf0-b42b-e2d4e1bfad08"
"dd0f7167-cfcc-45bc-a490-168c870e7cc8"	"42214612-5cee-4f54-a8e1-343c52a34929"
"b209e8b8-a394-4641-85a8-000f7cba257b"	"6cf4ea08-1f2b-4f1d-89b1-472c49a3a7be"
"ca5fd90f-e287-4427-bca6-da43931f0e58"	"b11e8bf0-e9e9-4696-9a5f-b3d3113ae529"
"a6d818a0-4321-46ff-be7e-d9517d5c89a8"	"906413f5-fe90-44cd-a3a7-f1017a726c26"
"b209e8b8-a394-4641-85a8-000f7cba257b"	"aaaac2a9-9436-46ae-84a3-890d15b3a816"
"1c83a0ac-f202-4ca4-b5e6-5f9268ac8b01"	"26a7e7c7-d5d0-4f42-bd6d-1bd2f7e64f2f"
"32ae9282-1710-42e1-b8dd-20ec50690460"	"bd160701-623b-4ea6-b2f4-d69e7b19e4af"
"b209e8b8-a394-4641-85a8-000f7cba257b"	"c3981328-4539-4376-97bb-29dfd4645f72"
"1c83a0ac-f202-4ca4-b5e6-5f9268ac8b01"	"06a73be2-58ad-4fe0-a268-39c15a935e22"
"b3d65013-e8f0-4989-b4bf-a5a4515e1cb2"	"4d112374-ddfc-4591-a3b8-256081055a6f"
"0ca228a8-e69a-48a2-b4c0-302594597bfc"	"d4a749b7-61c0-4e1f-bc43-11eed5560d10"
"b209e8b8-a394-4641-85a8-000f7cba257b"	"33e5b0e6-2a12-46ae-93e2-00250f877ee3"
"959b8280-f576-4291-a63d-41626c882515"	"7c8feb34-3e02-4432-be85-6a85a955f10e"
"5f17d317-2a86-4a97-a029-25201084086f"	"7a08eb2b-6a44-4b09-8391-942ca88c5ea6"
"b209e8b8-a394-4641-85a8-000f7cba257b"	"bc594a80-a6dc-4504-adcf-2b66b874197a"
"b209e8b8-a394-4641-85a8-000f7cba257b"	"4fab0818-8312-4340-8fdd-aaaf47538ef8"
"80a194e9-b864-46eb-8347-88908ec82184"	"dce42a54-9901-4404-9a47-93cc3adafc3a"
"1c83a0ac-f202-4ca4-b5e6-5f9268ac8b01"	"6ce76305-3809-4d99-b5ef-475cd087b003"
"1c83a0ac-f202-4ca4-b5e6-5f9268ac8b01"	"0c0b83b5-3e13-48fd-9f64-c490481cf6f1"
"b209e8b8-a394-4641-85a8-000f7cba257b"	"e8a70a67-a9aa-4c8b-8159-1a1f5aa4db04"
"8fe9e68b-d300-4f5c-90c8-8d6e59268381"	"165c36c8-abbf-451d-98b8-8eb7f1fc9dc9"
"4f856def-1ceb-477f-9596-3fab52c18604"	"40c4847b-be2b-4ed4-b487-074064d792d8"
"b3d65013-e8f0-4989-b4bf-a5a4515e1cb2"	"ac800a66-6c8e-4d4f-945b-daac2ede5e22"
"b209e8b8-a394-4641-85a8-000f7cba257b"	"91d46be6-4f95-46ab-9998-d7625e8a3d56"
"4f856def-1ceb-477f-9596-3fab52c18604"	"99364bfb-863e-4e0e-83d7-c9ca5263db11"
"def4253a-16f7-4d53-ac9c-d0f51fb13e89"	"15943e38-3d63-4935-a1c1-2a6bd80780cd"
"6d0a98de-ebf7-45d7-92ff-2d83000513fd"	"128a469a-dcfe-48a2-a9fa-73bb785f0c1a"
"80a194e9-b864-46eb-8347-88908ec82184"	"53a44dfa-e2d5-4dcb-bf6c-81607e511664"
"6d0a98de-ebf7-45d7-92ff-2d83000513fd"	"6d0104fa-c6b5-42b2-96d5-0f23ac9b26fd"
"6d0a98de-ebf7-45d7-92ff-2d83000513fd"	"ccc4babf-e1c2-4cb1-86e5-c53d89b51c50"
"80a194e9-b864-46eb-8347-88908ec82184"	"0d81dedf-655d-45cc-96ab-cbe8bb40dbb2"
"80a194e9-b864-46eb-8347-88908ec82184"	"2b880ec8-185b-4d6c-8a1f-062dfdf3c404"
"80a194e9-b864-46eb-8347-88908ec82184"	"456c2c6e-90d3-4d94-981e-0ce12b3b7509"
"e934c964-656c-44b7-a275-c68c89579d19"	"a231e744-d155-438c-8622-433416248a8c"
"65061356-ff8e-4a18-a032-c8af57d7e566"	"53693430-1340-4a97-94ca-a18ebe1407d0"
"80a194e9-b864-46eb-8347-88908ec82184"	"55bf97dc-fb00-40e8-8331-10a6ada2eb2e"
"80a194e9-b864-46eb-8347-88908ec82184"	"560b31e4-8f91-4662-aeb7-34b18596cc46"
"80a194e9-b864-46eb-8347-88908ec82184"	"69614cc2-fc17-4a59-ae05-fe8b6e037446"
"da59827b-a998-4bd9-9831-ac47df06c9aa"	"24d69bbf-c9dc-48ff-9be5-c9c0d802ff52"
"e934c964-656c-44b7-a275-c68c89579d19"	"f8e2c13f-12e9-4aa5-b626-69be1af7d517"
"b209e8b8-a394-4641-85a8-000f7cba257b"	"bb38c71a-d7a2-4a8a-9eac-716aadd1a977"
"9fdac373-38a6-4eb1-bcac-73f427876bba"	"da2825a2-122a-4cfd-a768-72b9f5fcbf48"
"a6d818a0-4321-46ff-be7e-d9517d5c89a8"	"3b2741d5-b660-4fd3-bab5-0a5b224290da"
"5f17d317-2a86-4a97-a029-25201084086f"	"de8dca27-57e2-4f10-9c0e-b88099a3abef"
"b3d65013-e8f0-4989-b4bf-a5a4515e1cb2"	"a91a589b-0fc4-442d-bd7c-d2f6dfebe7b0"
"1c83a0ac-f202-4ca4-b5e6-5f9268ac8b01"	"4cc0a332-17cd-4931-bae2-76b5fe254d8e"
"80a194e9-b864-46eb-8347-88908ec82184"	"401459e9-c2cd-467a-b752-b7fad48794d8"
"80a194e9-b864-46eb-8347-88908ec82184"	"be3f007e-6cf8-4fc4-a6e7-70af201dfa37"
"65061356-ff8e-4a18-a032-c8af57d7e566"	"a14c08f0-e651-4d47-bf22-94504aae0f6d"
"80a194e9-b864-46eb-8347-88908ec82184"	"1e6d0db8-244f-4b5b-97a7-ab708d22ced7"
"58eae563-793b-4353-b357-3277ce01ccf1"	"da6a09cf-d39c-4700-92ba-ecaaacc1c3f2"
"80a194e9-b864-46eb-8347-88908ec82184"	"1c46f7c3-9158-4199-b997-cb314d0ec6fd"
"1c83a0ac-f202-4ca4-b5e6-5f9268ac8b01"	"0aff47f3-d9d9-496a-88ca-132d0a768a63"
"b209e8b8-a394-4641-85a8-000f7cba257b"	"471cc66f-f48a-451e-98d5-0ed3a690380d"
"80a194e9-b864-46eb-8347-88908ec82184"	"5dac6454-84fe-4248-a7f7-c8f5b04b15c3"
"a5876d51-0526-40fc-bfca-be81eff48209"	"7ec76bc5-f32d-423d-ba24-f89cddc62aa1"
"b209e8b8-a394-4641-85a8-000f7cba257b"	"ddc9aeff-51c6-428e-8847-8fb2d0ec7a0e"
"1c83a0ac-f202-4ca4-b5e6-5f9268ac8b01"	"c80fc0b5-339c-4b3e-8dbe-713bd27e7655"
"b209e8b8-a394-4641-85a8-000f7cba257b"	"73eb28d7-7bd2-427d-8554-96ce1ae082d7"
"b209e8b8-a394-4641-85a8-000f7cba257b"	"1f127c03-9fe4-4c6c-8f2d-8cf986a99873"
"80a194e9-b864-46eb-8347-88908ec82184"	"5928b491-548b-4776-b955-6a4e5e709c5b"
"b209e8b8-a394-4641-85a8-000f7cba257b"	"872829ff-0b45-4cc5-9643-3d286e43b019"
"b209e8b8-a394-4641-85a8-000f7cba257b"	"c9cdc65b-be11-4614-bde3-c36abb8ac067"
"82dc3073-5846-4447-942c-11e5df43d084"	"6f08cc22-8bc1-4fdd-8537-251bea79e2bc"
"1c83a0ac-f202-4ca4-b5e6-5f9268ac8b01"	"9143a8cd-d14b-4867-8583-0ce4755d3891"
"518c6efb-6333-4c68-b22a-c8f36ca44271"	"5129ee75-b2fe-4a70-8987-3410a7cbad77"
"b209e8b8-a394-4641-85a8-000f7cba257b"	"850ae906-193b-4a1a-9c79-190c1890709c"
"a6d818a0-4321-46ff-be7e-d9517d5c89a8"	"57f926a0-a624-4fbb-a503-f6ab4a87f10b"
"b209e8b8-a394-4641-85a8-000f7cba257b"	"3b322d0f-f941-4036-bb07-42eb6d41c7f4"
"b209e8b8-a394-4641-85a8-000f7cba257b"	"35ee3768-2424-4638-b520-056513688ff9"
"b209e8b8-a394-4641-85a8-000f7cba257b"	"5f9535f5-e28c-4c23-99a8-aff2fd20c9d3"
"80a194e9-b864-46eb-8347-88908ec82184"	"56252a89-443a-46ee-8b4c-70985484954d"
"1c83a0ac-f202-4ca4-b5e6-5f9268ac8b01"	"57857803-db84-4704-b057-494a087a0dad"
"82dc3073-5846-4447-942c-11e5df43d084"	"8425b644-99a1-4d48-ad86-a5c3210d4703"
"82dc3073-5846-4447-942c-11e5df43d084"	"3786fecf-6c7e-429b-8ef0-8abe4c64d291"
"ca5fd90f-e287-4427-bca6-da43931f0e58"	"cb3defab-822f-4b55-b604-1509b473a91b"
"518c6efb-6333-4c68-b22a-c8f36ca44271"	"f6bed87e-5ddb-4bf8-be21-9b05c8c7dd33"
"e934c964-656c-44b7-a275-c68c89579d19"	"dc0d601a-921f-4e47-a809-11799325dc3c"
"b209e8b8-a394-4641-85a8-000f7cba257b"	"42d66d6e-d003-4d0f-a71a-3d20dfd32cdf"
"1c83a0ac-f202-4ca4-b5e6-5f9268ac8b01"	"03079648-2132-43ca-9ece-9ec2ae8ba1b2"
"e934c964-656c-44b7-a275-c68c89579d19"	"bac3292d-26a7-44a1-851d-6a0f71083353"
"a62e6ba3-5c50-46be-9de9-471d2a8f90c7"	"ab4741c1-43e4-49b0-86db-484912a81082"
"a8f4267a-4228-4edf-acc7-f723f42083a0"	"90b34833-93cf-4d47-83d9-db333f01d260"
"ca5fd90f-e287-4427-bca6-da43931f0e58"	"479926b2-e640-4cbe-b1c0-3b2293cbb8fb"
"4b1b1ab3-6f5b-49be-b664-d3e88e275b04"	"75c4bd8c-21a2-4155-ac1f-17d33ef248fe"
"ca5fd90f-e287-4427-bca6-da43931f0e58"	"abb6ab43-99c6-4aa2-a161-d30478274ee5"
"b209e8b8-a394-4641-85a8-000f7cba257b"	"4790c604-0cb5-49e2-a3bc-059b61c0687b"
"e934c964-656c-44b7-a275-c68c89579d19"	"1fe98a1a-51f9-4593-b8f8-43718169b52b"
"9fc54ba9-5949-4794-bcc3-74c48ab79786"	"43d69b4e-66c2-427f-a544-1b83b7d69b80"
"ca5fd90f-e287-4427-bca6-da43931f0e58"	"b7460e80-ce95-4dd9-8419-85aaccf67ee6"
"b209e8b8-a394-4641-85a8-000f7cba257b"	"01c82e8f-321c-4060-b76d-f5d4e6d6aae6"
"8fe9e68b-d300-4f5c-90c8-8d6e59268381"	"f82fc0a1-ca5d-4d2f-80dd-be2c7144f140"
"ca5fd90f-e287-4427-bca6-da43931f0e58"	"c775176b-3a53-4bca-bc8c-89826d8b9c80"
"ca5fd90f-e287-4427-bca6-da43931f0e58"	"de956ae6-d707-4fe6-8212-f2cb5ff7f74d"
"ca5fd90f-e287-4427-bca6-da43931f0e58"	"c6e77c6a-9907-4c92-8e53-05a563719b76"
"ca5fd90f-e287-4427-bca6-da43931f0e58"	"044dc99b-c7d2-429d-84a8-7c43801c89b6"
"ca5fd90f-e287-4427-bca6-da43931f0e58"	"c7d0d427-a032-4ea2-a28d-1f46d83728af"
"b209e8b8-a394-4641-85a8-000f7cba257b"	"9e910b6f-9fdc-4f9b-80f1-fd820fc3e48c"
"b1268bb8-cb05-4586-aafe-5ee3dfb2aed9"	"bc0e49cc-d714-4e6e-a8df-23361f25f664"
"ca5fd90f-e287-4427-bca6-da43931f0e58"	"4ca77445-b80a-4e13-904f-2b554c9149ec"
"4b1b1ab3-6f5b-49be-b664-d3e88e275b04"	"20b6a9b0-c768-42d1-930d-143aed48ca7c"
"ca5fd90f-e287-4427-bca6-da43931f0e58"	"b0e83f8e-5337-4f8b-a443-1b12833698d0"
"ca5fd90f-e287-4427-bca6-da43931f0e58"	"effc8248-ccbd-4435-876e-a34649f30f86"
"ca5fd90f-e287-4427-bca6-da43931f0e58"	"e768a52b-0643-4f9c-89a1-1c75e9c12108"
"ca5fd90f-e287-4427-bca6-da43931f0e58"	"79cd897d-288b-42fd-a043-86dba20804f3"
"82dc3073-5846-4447-942c-11e5df43d084"	"6a4d2f18-ba83-456e-b9a9-2f742f6c3110"
"ca5fd90f-e287-4427-bca6-da43931f0e58"	"abe67196-a866-43cc-a0ed-c7e2640979c2"
"def4253a-16f7-4d53-ac9c-d0f51fb13e89"	"422eb572-2666-4364-b779-1aab735f1e43"
"4b1b1ab3-6f5b-49be-b664-d3e88e275b04"	"be88f6fc-cdfe-40c8-a9db-cf291c0b6304"
"b1268bb8-cb05-4586-aafe-5ee3dfb2aed9"	"f4b66100-bc39-44d8-b598-5cee5af1f913"
"4b1b1ab3-6f5b-49be-b664-d3e88e275b04"	"1b2e08bd-0f54-49ad-8e0e-dbd902241c80"
"b209e8b8-a394-4641-85a8-000f7cba257b"	"b416e521-4957-4edc-b6e2-d9d0f01fbd89"
"def4253a-16f7-4d53-ac9c-d0f51fb13e89"	"83c11f7f-ce93-4717-b236-a21b9d7cb91b"
"25139354-cd96-4e76-9da8-f935e934812b"	"ff06d5e2-bc41-4dea-a1d0-28ddbde25ba6"
"25139354-cd96-4e76-9da8-f935e934812b"	"1d49a4a0-d9c9-440d-8f2e-9a2b8535c92c"
"ca5fd90f-e287-4427-bca6-da43931f0e58"	"e8bf2a17-9334-455b-ae75-24d529adac8e"
"b1268bb8-cb05-4586-aafe-5ee3dfb2aed9"	"f6f5ceb6-a855-4646-aad7-87c13e7c9a2c"
"80a194e9-b864-46eb-8347-88908ec82184"	"a1ac9dbd-3470-4d07-8ba7-7a819920311b"
"ca5fd90f-e287-4427-bca6-da43931f0e58"	"2a8b4b1c-5c34-4c56-94fa-3c1916b245a1"
"25139354-cd96-4e76-9da8-f935e934812b"	"c98ede7b-9eab-42df-9ffc-f09fa2ecc33e"
"ca5fd90f-e287-4427-bca6-da43931f0e58"	"e91de3a1-3001-4fd5-94c3-300d3b3687e7"
"ca5fd90f-e287-4427-bca6-da43931f0e58"	"d8aedddb-a498-4c82-9c0b-2ece99c17f99"
"b1268bb8-cb05-4586-aafe-5ee3dfb2aed9"	"28f785b7-d201-41d1-b16b-ac13130ad37f"
"b3d65013-e8f0-4989-b4bf-a5a4515e1cb2"	"88b638cb-7672-46b7-ba2a-e6adba59c27e"
"ca5fd90f-e287-4427-bca6-da43931f0e58"	"2095672c-32a5-4d6d-87e5-013a236d8be4"
"0281db76-585b-4848-8e18-cc75dffbd23d"	"b23bcd91-2af0-4c71-b670-fbdd18fc2206"
"5f17d317-2a86-4a97-a029-25201084086f"	"de773d3f-4f09-4b8e-a60c-c78280c2d9d3"
"8fe9e68b-d300-4f5c-90c8-8d6e59268381"	"f95a356d-8511-4e8f-8de2-e9bae1b4dc79"
"e579ae48-403a-4047-a71b-c24132a93c96"	"22beb5ad-9497-4172-818b-8ff3c83cb3ec"
"8fe9e68b-d300-4f5c-90c8-8d6e59268381"	"dc83ab12-f2c1-4387-98ef-e3419861ce7d"
"80a194e9-b864-46eb-8347-88908ec82184"	"ded2512e-7b29-4764-80bc-a79b013377c2"
"ca5fd90f-e287-4427-bca6-da43931f0e58"	"f6c74bf7-735e-46a3-854f-3958be146192"
"ca5fd90f-e287-4427-bca6-da43931f0e58"	"f8e89a07-9b7c-4791-bc8d-d3cb70ffe254"
"8fe9e68b-d300-4f5c-90c8-8d6e59268381"	"dbb23eb6-eee0-4d14-8eee-ed4f97870a51"
"80a194e9-b864-46eb-8347-88908ec82184"	"a6d335b6-53ba-4355-84b5-87bdc25d41d4"
"65061356-ff8e-4a18-a032-c8af57d7e566"	"f3893d8a-9495-4d71-8fcd-9e9008b2ff52"
"65061356-ff8e-4a18-a032-c8af57d7e566"	"1efb94c0-97e5-4a22-ba24-b4b642b31904"
"ca5fd90f-e287-4427-bca6-da43931f0e58"	"e95695a3-5c40-4179-88d7-e88b4cfed4f6"
"ca5fd90f-e287-4427-bca6-da43931f0e58"	"71b01b31-bbeb-4f12-bd94-38cc50ccaa1e"
"1c83a0ac-f202-4ca4-b5e6-5f9268ac8b01"	"c0bd0475-69a1-4523-b1a1-9ca88616b9c4"
"ca5fd90f-e287-4427-bca6-da43931f0e58"	"f3e3e421-8d64-4890-9bff-f5f0f45cae47"
"ca5fd90f-e287-4427-bca6-da43931f0e58"	"2252c176-b474-45cf-90c7-8a8b3de304ba"
"8fe9e68b-d300-4f5c-90c8-8d6e59268381"	"95c49d7f-a7a8-4d89-92e2-e4cb26bb00ee"
"80a194e9-b864-46eb-8347-88908ec82184"	"0d669440-2be9-4537-ae48-2db138d4cf1c"
"ca5fd90f-e287-4427-bca6-da43931f0e58"	"179a3d72-700c-47e1-8b20-2a9b03cf35a3"
"82dc3073-5846-4447-942c-11e5df43d084"	"2486f91b-77f7-4e61-bbf0-6d56b73aa357"
"b209e8b8-a394-4641-85a8-000f7cba257b"	"56f8ae12-1b63-408c-b2c8-9ff5ac2e3969"
"82dc3073-5846-4447-942c-11e5df43d084"	"e3592b32-8cef-43c6-8acf-afd7fa0f4cd0"
"82dc3073-5846-4447-942c-11e5df43d084"	"c1d49d19-ff66-4513-b258-d1812cd2d8bf"
"b209e8b8-a394-4641-85a8-000f7cba257b"	"14f73b8d-f676-4593-881e-dfd641e11028"
"5f17d317-2a86-4a97-a029-25201084086f"	"ad61ad7a-a07a-4044-b7f5-89502088ac77"
"65061356-ff8e-4a18-a032-c8af57d7e566"	"6f7da357-b229-4052-9f9d-e088d8d921e3"
"65061356-ff8e-4a18-a032-c8af57d7e566"	"e9abf5d5-0459-4db2-b4bd-a7f85fb8b4e2"
"82dc3073-5846-4447-942c-11e5df43d084"	"5f81bd12-f50a-425b-80db-35d55faa9c89"
"b1268bb8-cb05-4586-aafe-5ee3dfb2aed9"	"5b6357c7-3b88-42ef-9102-bbdd8afcf2aa"
"65061356-ff8e-4a18-a032-c8af57d7e566"	"3a6d5ee4-bf8c-4b65-97bf-c0fecba3266d"
"65061356-ff8e-4a18-a032-c8af57d7e566"	"93a31570-4d65-49ea-b8e7-ba08da257055"
"b209e8b8-a394-4641-85a8-000f7cba257b"	"69462806-c205-4644-ada0-4f1ffc6fa301"
"b209e8b8-a394-4641-85a8-000f7cba257b"	"bd926a8b-e0bc-475b-8b4f-bfe07c6c106b"
"b209e8b8-a394-4641-85a8-000f7cba257b"	"47104b53-7929-4584-bf8f-7f8c3f7fa032"
"b1268bb8-cb05-4586-aafe-5ee3dfb2aed9"	"87249d2c-9dc8-4a41-953f-7cc3c4e99eb1"
"b209e8b8-a394-4641-85a8-000f7cba257b"	"ec1ffae7-d07a-463d-8e7e-8f50b9b45796"
"65061356-ff8e-4a18-a032-c8af57d7e566"	"5884a948-22f6-4f8b-a3f0-6927f5d12146"
"e934c964-656c-44b7-a275-c68c89579d19"	"035fba51-db0e-4ff1-abff-737f9d86dae1"
"b209e8b8-a394-4641-85a8-000f7cba257b"	"2923e23a-94db-4d4f-a0dd-82f77792c2dd"
"b209e8b8-a394-4641-85a8-000f7cba257b"	"c5060ccc-8572-46e7-8e5a-9dcc6dbbb584"
"65061356-ff8e-4a18-a032-c8af57d7e566"	"1ce77e89-85a5-485b-bc14-2d473200a336"
"1c83a0ac-f202-4ca4-b5e6-5f9268ac8b01"	"218b9e67-0009-47c8-a004-c0bfb0daa0bd"
"b209e8b8-a394-4641-85a8-000f7cba257b"	"2be66ed0-a9ce-4270-9aca-78727d02f5f8"
"65061356-ff8e-4a18-a032-c8af57d7e566"	"d3020918-46a5-4e3e-bce8-bf325c93e46c"
"1c83a0ac-f202-4ca4-b5e6-5f9268ac8b01"	"390a8900-8bb2-415b-9a82-37f673d8721d"
"03d9b3d3-4a0c-47d7-9bad-db9759f9a1a8"	"3694cdf5-77b8-4b47-9122-3fde646c8008"
"65061356-ff8e-4a18-a032-c8af57d7e566"	"ef84891e-aef2-4498-bed8-429849a9ed07"
"e934c964-656c-44b7-a275-c68c89579d19"	"5dec9262-c8f4-48d7-8b19-b2a792a3ef58"
"80a194e9-b864-46eb-8347-88908ec82184"	"c3959a1b-74f4-459c-bd9c-61a07a79942e"
"82dc3073-5846-4447-942c-11e5df43d084"	"dff46df4-07d6-4218-88b8-b8aca1cd4ffc"
"b209e8b8-a394-4641-85a8-000f7cba257b"	"5d4fb64d-0882-4357-a6ce-e035bbe37be1"
"1c83a0ac-f202-4ca4-b5e6-5f9268ac8b01"	"2de7f3d7-b386-40c8-9b9d-a56646269d3a"
