expression_id	manifestation_id
"abaf5ef8-8bab-4986-8be5-a6171abe60a3"	"5fc50199-6b75-4d87-ae41-56b5ddb76584"
"abaf5ef8-8bab-4986-8be5-a6171abe60a3"	"e89a443d-eeee-45e9-8060-8311004f419c"
"abaf5ef8-8bab-4986-8be5-a6171abe60a3"	"24d69bbf-c9dc-48ff-9be5-c9c0d802ff52"
"1d956c44-aeb0-479c-8eb5-3c4a0377ea4f"	"43f06362-2051-4630-a6ed-49873046db37"
"1d956c44-aeb0-479c-8eb5-3c4a0377ea4f"	"76aa9121-2624-4a2d-a578-07160c248d90"
"1d956c44-aeb0-479c-8eb5-3c4a0377ea4f"	"9a24c268-9c38-4e41-a28d-f2b4305d4e0c"
"1d956c44-aeb0-479c-8eb5-3c4a0377ea4f"	"6e246a64-f2b2-4544-856e-83d453047af2"
"1d956c44-aeb0-479c-8eb5-3c4a0377ea4f"	"b91bd114-006b-43e1-a35a-3e2fb9b8778c"
"1d956c44-aeb0-479c-8eb5-3c4a0377ea4f"	"2a32e05e-6db9-45e3-b1d8-d7f65db2d58e"
"1d956c44-aeb0-479c-8eb5-3c4a0377ea4f"	"6cbd3eaa-22c6-482f-8911-bf26fde97552"
"1d956c44-aeb0-479c-8eb5-3c4a0377ea4f"	"622cde6e-07ad-4562-ae9f-33fea4037152"
"1d956c44-aeb0-479c-8eb5-3c4a0377ea4f"	"24966be1-7294-42ab-a5f4-8c6391c635dd"
"1d956c44-aeb0-479c-8eb5-3c4a0377ea4f"	"8da1e0bb-a5a4-4ed4-a63b-593eb8a4186d"
"1d956c44-aeb0-479c-8eb5-3c4a0377ea4f"	"82f52057-f7ec-4fc0-b1ac-a5e18afa3dc3"
"1d956c44-aeb0-479c-8eb5-3c4a0377ea4f"	"d1db17ea-04f5-4116-b568-2662d0d3b32a"
"1d956c44-aeb0-479c-8eb5-3c4a0377ea4f"	"af63e928-57de-4328-ac25-e21764f54ca9"
"1d956c44-aeb0-479c-8eb5-3c4a0377ea4f"	"0eb6d653-ebe9-46c9-bbc6-7f0549e66d2e"
"1d956c44-aeb0-479c-8eb5-3c4a0377ea4f"	"b2591dfe-a13b-490e-b5ae-c21225555402"
"1d956c44-aeb0-479c-8eb5-3c4a0377ea4f"	"1078cb2a-1afb-4d19-a221-990faa4a0d55"
"1d956c44-aeb0-479c-8eb5-3c4a0377ea4f"	"f5af9177-5252-40b8-8d5a-b4cc17a4a89b"
"1d956c44-aeb0-479c-8eb5-3c4a0377ea4f"	"701dd15f-8816-426a-8793-365500130150"
"1d956c44-aeb0-479c-8eb5-3c4a0377ea4f"	"b270cf6b-9b4e-4405-be7e-e15d16361c9b"
"1d956c44-aeb0-479c-8eb5-3c4a0377ea4f"	"d4984151-9a72-43f4-81ca-4c358350ee1b"
"1d956c44-aeb0-479c-8eb5-3c4a0377ea4f"	"4d31154d-22d7-482f-8b03-c73c0dbd71f4"
"0df67691-b6af-4780-b929-7310b24eac03"	"b512d5f2-6806-4b4b-889e-929c7191d70f"
"0df67691-b6af-4780-b929-7310b24eac03"	"47c44883-076e-46f7-8174-626ee998ce62"
"0df67691-b6af-4780-b929-7310b24eac03"	"af409252-e28e-4fd0-a50e-b3cabbb0084c"
"7e63fa02-c291-4dae-9815-0c1727a45102"	"3026c3fb-7774-4fbe-9895-b846a302f1f0"
"7e63fa02-c291-4dae-9815-0c1727a45102"	"2cbb7a22-5f34-4164-b92b-b661ef68459c"
"8a4e5538-8f53-410a-aef5-4e9212675cb8"	"89a99497-d058-4776-ab6a-0bcc129f206d"
"8a4e5538-8f53-410a-aef5-4e9212675cb8"	"b5c489ab-3e36-4db0-bada-04d7df6b40bb"
"8a4e5538-8f53-410a-aef5-4e9212675cb8"	"56c63373-a03e-4623-8eba-b1350e867bd8"
"5512f225-0a4b-4ee2-b479-062a50544f25"	"e4bcbda0-c89f-42c6-84a6-430c90a670a0"
"5512f225-0a4b-4ee2-b479-062a50544f25"	"95d83660-1a14-4a3e-98e6-5e041d86fbca"
"5512f225-0a4b-4ee2-b479-062a50544f25"	"03e774f3-fcac-412e-95b9-86e7af7736d7"
"5512f225-0a4b-4ee2-b479-062a50544f25"	"077ba325-3a88-4704-ab86-474c561e297c"
"5512f225-0a4b-4ee2-b479-062a50544f25"	"ee51177c-175f-4746-bd6d-53d8c36b76b2"
"5512f225-0a4b-4ee2-b479-062a50544f25"	"f7ddf176-0be9-4098-95ae-ae8c44125cf3"
"5512f225-0a4b-4ee2-b479-062a50544f25"	"c3045dc7-b3bf-4355-8743-97bdfb5b647e"
"5512f225-0a4b-4ee2-b479-062a50544f25"	"16ea13a5-e9dd-4d44-89e2-cbaf4a00f65b"
"493211cf-4acf-4b9a-b74b-3fccf6f9d1ed"	"24edb79b-660c-423f-962f-63e8afd8c645"
"493211cf-4acf-4b9a-b74b-3fccf6f9d1ed"	"78029a9d-3e2d-4fba-9207-62c5f76fc573"
"493211cf-4acf-4b9a-b74b-3fccf6f9d1ed"	"4caa824d-8ba8-413d-b93e-c771d25ce1f5"
"493211cf-4acf-4b9a-b74b-3fccf6f9d1ed"	"a69c4f71-18a9-4ad7-9094-2816d6ca7e15"
"493211cf-4acf-4b9a-b74b-3fccf6f9d1ed"	"7c31eeae-aa59-47f8-8bde-bbdfe994fe1d"
"493211cf-4acf-4b9a-b74b-3fccf6f9d1ed"	"30dc87e7-654d-4b28-be31-b74c136f71dd"
"493211cf-4acf-4b9a-b74b-3fccf6f9d1ed"	"a79682fb-04aa-42e4-a320-4fe53fbf5c90"
"493211cf-4acf-4b9a-b74b-3fccf6f9d1ed"	"82d7b718-7c30-4751-86e4-2319814f4265"
"493211cf-4acf-4b9a-b74b-3fccf6f9d1ed"	"69915b88-671d-453c-b6b0-27d5f40e1de9"
"9ab7fbf8-8d11-437a-8539-7b446a91597f"	"b074ce4b-d63c-4ee8-a0c7-56efc59e468c"
"9ab7fbf8-8d11-437a-8539-7b446a91597f"	"0090e20d-9685-42d9-b93b-fa1f8fd24dd2"
"9ab7fbf8-8d11-437a-8539-7b446a91597f"	"fc3eb17b-5152-4480-9f96-0744f9ac6243"
"9ab7fbf8-8d11-437a-8539-7b446a91597f"	"1c7a84e5-3a1f-422a-8aff-6744ceadf5e5"
"9ab7fbf8-8d11-437a-8539-7b446a91597f"	"53adc54f-b658-4a4e-b2b5-9713ef338d7f"
"9ab7fbf8-8d11-437a-8539-7b446a91597f"	"c4526329-020e-4141-b105-017ec86eb0f2"
"9ab7fbf8-8d11-437a-8539-7b446a91597f"	"4e7c4351-1ae7-4b2d-86ad-02dde19d3297"
"9ab7fbf8-8d11-437a-8539-7b446a91597f"	"eba5c298-ade8-455f-b673-1eeb60fc580c"
"9ab7fbf8-8d11-437a-8539-7b446a91597f"	"8eac8e25-0fd6-41de-a559-f6675284acb5"
"9ab7fbf8-8d11-437a-8539-7b446a91597f"	"08ac49b2-6208-49c7-8ddc-fe2c4cf099bd"
"9ab7fbf8-8d11-437a-8539-7b446a91597f"	"48997c77-393e-4d1c-86e5-99bec522ced0"
"9ab7fbf8-8d11-437a-8539-7b446a91597f"	"3756f359-5276-452d-a8fa-b577dacc752b"
"9ab7fbf8-8d11-437a-8539-7b446a91597f"	"fa340209-84c3-48d9-a7be-71242d3f3632"
"9ab7fbf8-8d11-437a-8539-7b446a91597f"	"cb5ac4d0-5247-449b-b619-76695981fc25"
"9ab7fbf8-8d11-437a-8539-7b446a91597f"	"34825c5c-2d9d-4138-918d-d18c7933a562"
"9ab7fbf8-8d11-437a-8539-7b446a91597f"	"5f3dc959-5d8e-447e-87fc-fee6f655e5fc"
"9ab7fbf8-8d11-437a-8539-7b446a91597f"	"b2b11a38-62d0-4fcd-9809-f67f3695ea21"
"9ab7fbf8-8d11-437a-8539-7b446a91597f"	"c1a90126-3760-4f87-97d0-43848099c24e"
"cd2a55e0-15f3-4176-a852-bbe2e187d92b"	"68307157-53a5-4945-9b1e-f24cca434c06"
"cd2a55e0-15f3-4176-a852-bbe2e187d92b"	"3b2741d5-b660-4fd3-bab5-0a5b224290da"
"cd2a55e0-15f3-4176-a852-bbe2e187d92b"	"3f748575-7183-459e-95bc-5c0f4589edc8"
"cd2a55e0-15f3-4176-a852-bbe2e187d92b"	"3de4b041-b01f-4181-8ec3-13d25aa9d31b"
"cd2a55e0-15f3-4176-a852-bbe2e187d92b"	"f01326d0-e3f2-416e-8b34-05e416662ec1"
"f9252eef-92cf-452f-a85b-339fd40bb475"	"70b90922-da3b-440e-ade7-29489d365ffb"
"f9252eef-92cf-452f-a85b-339fd40bb475"	"47527f08-091f-4900-acc2-97cdea35f505"
"f9252eef-92cf-452f-a85b-339fd40bb475"	"d2712b17-d2ec-4bc8-a818-80c4765f5264"
"f9252eef-92cf-452f-a85b-339fd40bb475"	"9d3f997c-544e-4ac3-91f0-c8359597be5c"
"f9252eef-92cf-452f-a85b-339fd40bb475"	"788d7397-e0c6-467c-9720-4822717072cb"
"f9252eef-92cf-452f-a85b-339fd40bb475"	"458ab0f4-9b31-42da-9e80-3e061175814e"
"8279b6f6-d8b4-400b-9ec5-ecd326dafbf2"	"3292cfb5-7ae8-440b-bd3e-c44552d32d5f"
"8279b6f6-d8b4-400b-9ec5-ecd326dafbf2"	"eadd5866-0b06-498a-84dd-4892efb36f8f"
"8279b6f6-d8b4-400b-9ec5-ecd326dafbf2"	"0e2c976f-71e6-4cff-b8be-65f0eb83eba6"
"8279b6f6-d8b4-400b-9ec5-ecd326dafbf2"	"fcfac806-abcf-49ff-8117-9622826654ef"
"8279b6f6-d8b4-400b-9ec5-ecd326dafbf2"	"aebe49f5-8eb5-4ae3-b6bb-958d2a9f2961"
"8279b6f6-d8b4-400b-9ec5-ecd326dafbf2"	"4652390d-d159-4a85-9183-436c42c92fad"
"f5396952-b15a-4bb8-9ceb-7e648d5c1ef3"	"a3c9df6f-761e-4054-9723-e57a3b721708"
"f5396952-b15a-4bb8-9ceb-7e648d5c1ef3"	"35971539-7e4e-4eb6-833f-8a0c94323227"
"f5396952-b15a-4bb8-9ceb-7e648d5c1ef3"	"2dfa97c3-e3e8-42a3-9db3-2f038013036d"
"f5396952-b15a-4bb8-9ceb-7e648d5c1ef3"	"c8962d11-abd1-41e4-9110-fd3048c4f03e"
"f5396952-b15a-4bb8-9ceb-7e648d5c1ef3"	"789ea1cf-ac7d-47fd-bf77-653bfcf0d232"
"f5396952-b15a-4bb8-9ceb-7e648d5c1ef3"	"faf7800a-39c9-439e-bcf0-cd6a32e44962"
"e6eecdf3-df88-440b-ac9d-b214cd0f7882"	"50760186-3ab2-4ee4-a319-be5853631af5"
"e6eecdf3-df88-440b-ac9d-b214cd0f7882"	"906413f5-fe90-44cd-a3a7-f1017a726c26"
"e6eecdf3-df88-440b-ac9d-b214cd0f7882"	"c9b86566-083b-42e6-a69a-fb10849359ff"
"e6eecdf3-df88-440b-ac9d-b214cd0f7882"	"57f926a0-a624-4fbb-a503-f6ab4a87f10b"
"e6eecdf3-df88-440b-ac9d-b214cd0f7882"	"91847f0e-f145-44c8-8e54-3db1ab76f634"
"e6eecdf3-df88-440b-ac9d-b214cd0f7882"	"e327caa3-bfc0-4194-93b2-129bb9394a6a"
"594b569f-11f4-4c9a-bfa0-d99138a5ff83"	"8180f341-7e0f-46de-a12c-d4f56c55891e"
"594b569f-11f4-4c9a-bfa0-d99138a5ff83"	"84b63468-1945-4338-80e4-9f689e7de3ee"
"594b569f-11f4-4c9a-bfa0-d99138a5ff83"	"eb5b9d5e-3a28-4396-b7ac-989d5e4f0ed6"
"ea505b47-d94f-4a39-ba70-0b2da2af4b09"	"dfbabe33-36b8-4321-bc99-d4c32bc53eb4"
"ea505b47-d94f-4a39-ba70-0b2da2af4b09"	"e1a53aa4-ab05-478b-8194-4b5f47a9fe11"
"ea505b47-d94f-4a39-ba70-0b2da2af4b09"	"21d9cc96-72e0-4664-b1f3-e2c14b21f2c9"
"ea505b47-d94f-4a39-ba70-0b2da2af4b09"	"d9a03823-597b-4eab-8ae7-27e88cb8c700"
"ea505b47-d94f-4a39-ba70-0b2da2af4b09"	"b981b846-1ce5-4ab2-a13d-05cc478775fb"
"a13eb0ff-7c5e-4615-ad77-71fefecfd8e9"	"a417c9ff-ad22-497a-920b-3f1833203c19"
"a13eb0ff-7c5e-4615-ad77-71fefecfd8e9"	"e862bf22-1de1-40fe-9907-fe74cd4f31f6"
"a13eb0ff-7c5e-4615-ad77-71fefecfd8e9"	"d73e1d3f-81e4-445b-9b13-fa0fcfb2c3fa"
"a13eb0ff-7c5e-4615-ad77-71fefecfd8e9"	"462661ee-d0f9-4697-aa5a-ab9db19cad96"
"a13eb0ff-7c5e-4615-ad77-71fefecfd8e9"	"d51e4ba1-7cac-4d80-a4c1-3c8c704c300a"
"a13eb0ff-7c5e-4615-ad77-71fefecfd8e9"	"d3735cc4-610c-4a7d-be37-88c2a9bdf90f"
"a13eb0ff-7c5e-4615-ad77-71fefecfd8e9"	"ee393021-566c-48bb-b7b3-0398f14be791"
"a13eb0ff-7c5e-4615-ad77-71fefecfd8e9"	"d1bba939-60f8-48a0-90e8-97de93a516d9"
"a13eb0ff-7c5e-4615-ad77-71fefecfd8e9"	"7fa39720-684f-410b-8140-738d4be2c341"
"f051f7bf-aaf8-4462-9b9a-1f2c2f4c43e3"	"a4cfc241-3b5a-48b4-b9ad-e0ce9e82fc33"
"f051f7bf-aaf8-4462-9b9a-1f2c2f4c43e3"	"0e75ada3-b032-4f9d-9b14-30f45507cf26"
"01a7bad4-9819-4f36-b971-a3a69aaa9ff4"	"f674c8b7-8c0f-4b90-85fd-c69a3be4033a"
"01a7bad4-9819-4f36-b971-a3a69aaa9ff4"	"a39a6f57-d940-41e5-90f4-a6c2679c2926"
"01a7bad4-9819-4f36-b971-a3a69aaa9ff4"	"54c19864-8d16-41e8-b7a4-6eefc9fb615e"
"4372e856-f778-438b-9b37-685a9610e190"	"8df12251-a615-45ac-9f3a-567df91bb847"
"4372e856-f778-438b-9b37-685a9610e190"	"8b450b83-cea1-4e66-b446-1112f98dcb5e"
"8ef1a642-ca8a-4220-a931-2a164b9f5bac"	"fea7733a-b195-4af2-bdbf-a8ac530e12c1"
"8ef1a642-ca8a-4220-a931-2a164b9f5bac"	"33d195df-00ec-46c2-859b-493c74c11976"
"f8961645-4ce7-487f-88ba-ff6f8570660f"	"5110663f-3017-47d9-a9a9-02e1112efe76"
"f8961645-4ce7-487f-88ba-ff6f8570660f"	"b6a59bda-28ac-4cd7-a8bf-4a83aee7102d"
"48192fa2-0888-4404-ba4e-25f004c2ed12"	"369750d8-0044-4c62-b3a3-090e4cf8cd34"
"48192fa2-0888-4404-ba4e-25f004c2ed12"	"bcb42947-4b7c-4966-a9ae-3ded62aec4bf"
"3e16ce42-011a-464a-9285-1c2782b6a81c"	"af1123f0-e06e-4cfa-9a50-bb8785e23a9d"
"3e16ce42-011a-464a-9285-1c2782b6a81c"	"f2350764-2253-422c-b9c0-1f6308323ed4"
"3e16ce42-011a-464a-9285-1c2782b6a81c"	"f4c94f5b-566f-43c0-a66a-140d982fba4b"
"3e16ce42-011a-464a-9285-1c2782b6a81c"	"9000e9bc-544b-4fc3-94e3-8fc40fe4af3a"
"3e16ce42-011a-464a-9285-1c2782b6a81c"	"bb61432f-33b4-4150-9c89-1fa107f3d45f"
"3e16ce42-011a-464a-9285-1c2782b6a81c"	"90e1ee8e-1574-4e05-b15a-5c1f66a447d4"
"3e16ce42-011a-464a-9285-1c2782b6a81c"	"a116441c-c145-4d47-bedc-b6ab6cc17b42"
"3e16ce42-011a-464a-9285-1c2782b6a81c"	"c5c28b5c-88e7-446b-8aa2-9249ede189b2"
"3e16ce42-011a-464a-9285-1c2782b6a81c"	"f3050820-a2a3-4ec2-a594-a89fa14e0306"
"3e16ce42-011a-464a-9285-1c2782b6a81c"	"40ae1dd8-e417-4f33-aac3-d2b128334dde"
"3e16ce42-011a-464a-9285-1c2782b6a81c"	"37e3ed54-a831-4c6d-b415-0a8112407f60"
"3e16ce42-011a-464a-9285-1c2782b6a81c"	"ddbeb427-0791-4594-ae80-555be7a04c5c"
"3e16ce42-011a-464a-9285-1c2782b6a81c"	"f1a8ff5a-9237-4f33-bfd1-5fd88f631697"
"3e16ce42-011a-464a-9285-1c2782b6a81c"	"97eac5ef-3392-4698-b4e7-833e2f029946"
"a52008bd-9b08-49b7-a26b-f7b2656c8634"	"16a74baf-5701-4833-8f38-08464a0b36a2"
"a52008bd-9b08-49b7-a26b-f7b2656c8634"	"cfc519a3-5a7b-48c4-b646-1c9be8e9a45d"
"a52008bd-9b08-49b7-a26b-f7b2656c8634"	"a1679d12-9c3c-49f2-ad2c-5339bc17bdd9"
"a52008bd-9b08-49b7-a26b-f7b2656c8634"	"addb98e3-8ee2-41dc-aee2-aa168e811037"
"0ea77dd7-1047-4338-8cdf-1229927138fd"	"3adb24d9-cb38-4c9e-84f3-6b85a63b08eb"
"0ea77dd7-1047-4338-8cdf-1229927138fd"	"443ace9e-6f55-4dc0-be82-1a9fed98defc"
"0ea77dd7-1047-4338-8cdf-1229927138fd"	"78b4adec-600b-40e5-809b-b54899c461ef"
"0ea77dd7-1047-4338-8cdf-1229927138fd"	"a40d2292-fa28-4332-87c5-f035178124ab"
"0ea77dd7-1047-4338-8cdf-1229927138fd"	"6fdf2349-96f2-489b-accf-74c1e8d897ce"
"0ea77dd7-1047-4338-8cdf-1229927138fd"	"bf3a9a75-9ee1-4baa-a93b-0968cc8456d1"
"0ea77dd7-1047-4338-8cdf-1229927138fd"	"91ea8723-8702-465f-aa86-4e0cc9bacc39"
"0ea77dd7-1047-4338-8cdf-1229927138fd"	"d82dd40b-bedd-4dd0-948a-18597ce8850b"
"0ea77dd7-1047-4338-8cdf-1229927138fd"	"76742a36-412d-4066-ac61-6758222a1ad5"
"0ea77dd7-1047-4338-8cdf-1229927138fd"	"8e718eb2-e60c-458b-937e-bf7ecba843c4"
"0ea77dd7-1047-4338-8cdf-1229927138fd"	"ae239d0a-478f-4a74-a94d-288b9fec98e4"
"0ea77dd7-1047-4338-8cdf-1229927138fd"	"e3891195-d294-4721-b311-f6f1861c241b"
"0ea77dd7-1047-4338-8cdf-1229927138fd"	"63b236c0-e7f2-426c-aa2f-7a34f01bb08f"
"0ea77dd7-1047-4338-8cdf-1229927138fd"	"6b246e15-5531-47f1-bb74-3828cdc52e16"
"0ea77dd7-1047-4338-8cdf-1229927138fd"	"65f7940d-4fde-43ae-8426-e5f36259e926"
"0ea77dd7-1047-4338-8cdf-1229927138fd"	"451a6587-05c8-4c44-9e1b-1d4dfa09ea01"
"0ea77dd7-1047-4338-8cdf-1229927138fd"	"aea68f8f-4286-4fd5-9378-1c1681a9c846"
"0ea77dd7-1047-4338-8cdf-1229927138fd"	"337b85ad-ee9f-4a56-a9fa-12852d43ef3c"
"0ea77dd7-1047-4338-8cdf-1229927138fd"	"0f45ed1a-4648-46f4-a792-5ec638135430"
"0ea77dd7-1047-4338-8cdf-1229927138fd"	"8cb6779d-522f-4975-ba76-97ad7c824f23"
"0ea77dd7-1047-4338-8cdf-1229927138fd"	"90b34833-93cf-4d47-83d9-db333f01d260"
"36160517-22a6-4c9a-acc6-3ca335eeb399"	"4845aa32-cd13-4be1-b796-e75f1cb8cb69"
"36160517-22a6-4c9a-acc6-3ca335eeb399"	"8b8e8cf4-ffaa-4332-b835-a26ad6b8d818"
"36160517-22a6-4c9a-acc6-3ca335eeb399"	"06b558b7-6ea7-487a-b40a-96d141253c87"
"36160517-22a6-4c9a-acc6-3ca335eeb399"	"b44d899f-8a5d-44b5-bbd9-940a4e7bcacb"
"36160517-22a6-4c9a-acc6-3ca335eeb399"	"f38aaa8b-26fe-4b2f-bffb-9906c1631bea"
"36160517-22a6-4c9a-acc6-3ca335eeb399"	"580cfe9b-be6f-40b6-a02a-1042df412e93"
"36160517-22a6-4c9a-acc6-3ca335eeb399"	"713beccc-96b7-459e-afa8-96fd42c5e613"
"36160517-22a6-4c9a-acc6-3ca335eeb399"	"8f19b3d3-cc13-4906-bc98-dcd79a4c3a0f"
"36160517-22a6-4c9a-acc6-3ca335eeb399"	"1c0caaac-fc55-47ec-937e-19336485cd74"
"36160517-22a6-4c9a-acc6-3ca335eeb399"	"24de020f-cbb4-4388-8282-95ca83a03184"
"36160517-22a6-4c9a-acc6-3ca335eeb399"	"5052ffe7-8fbf-45f0-826e-228bd9a2f659"
"36160517-22a6-4c9a-acc6-3ca335eeb399"	"d957d1f9-7c98-4d26-996d-f711cd63381a"
"36160517-22a6-4c9a-acc6-3ca335eeb399"	"488ad751-930d-401a-91f8-4e1e407d8efb"
"36160517-22a6-4c9a-acc6-3ca335eeb399"	"46031ccd-72cf-47a9-98d4-660fa470c554"
"36160517-22a6-4c9a-acc6-3ca335eeb399"	"eb7f7566-1a8b-4e7a-94e1-3942fd4f08c8"
"f1197558-7cc2-4ddc-9e51-1bc7daf438a6"	"01525393-dd5a-4cc5-9d3e-c0a4b7c41de7"
"f1197558-7cc2-4ddc-9e51-1bc7daf438a6"	"947d0a70-4b65-4197-8f82-4b8c9ccdb54d"
"f1197558-7cc2-4ddc-9e51-1bc7daf438a6"	"edbe7fab-9490-4932-b46c-3ad72751db19"
"1264cd14-fedd-4721-8d88-ea21c3968537"	"733a29e4-57c6-48e1-8d60-f5059115775a"
"1264cd14-fedd-4721-8d88-ea21c3968537"	"4c7dd379-bb91-4854-807b-8531ba708670"
"b095e2c4-e682-4dd6-a091-447fdd54ecef"	"4e9c12ac-69b0-4379-8250-8f48e1a88134"
"b095e2c4-e682-4dd6-a091-447fdd54ecef"	"f7c07e96-0ac4-4783-85b8-b397df65c9f4"
"6abe3d9d-8c81-4621-b1f8-63d4230682a0"	"34b14522-b2f6-4a20-80a3-1c224c4d7de0"
"6abe3d9d-8c81-4621-b1f8-63d4230682a0"	"650592bf-979f-40d0-867d-7c39e57ec85c"
"c46e8511-3898-4cef-9419-262c8f26dfcf"	"22848ca5-a4cb-4916-aa48-07c8aa46df5e"
"c46e8511-3898-4cef-9419-262c8f26dfcf"	"9161ebc9-7816-4f2e-8158-64eeaea26d85"
"c46e8511-3898-4cef-9419-262c8f26dfcf"	"936fa79b-7979-4722-bf09-1f327c67cb03"
"c46e8511-3898-4cef-9419-262c8f26dfcf"	"c55ba2c5-d424-4f9b-95de-9129f8c67ebc"
"c46e8511-3898-4cef-9419-262c8f26dfcf"	"2af5dffe-829f-456a-bc50-58e06ab24846"
"c46e8511-3898-4cef-9419-262c8f26dfcf"	"2b6006d5-237b-4657-835a-c5021f0fa208"
"c46e8511-3898-4cef-9419-262c8f26dfcf"	"33613f25-ceaa-4cab-bc23-a8901b6d9bb2"
"c46e8511-3898-4cef-9419-262c8f26dfcf"	"db4c9e93-45cd-4fd6-ba22-1a06e964309b"
"c46e8511-3898-4cef-9419-262c8f26dfcf"	"e257ddca-c35a-4514-913e-f4f6d7ee12d8"
"c46e8511-3898-4cef-9419-262c8f26dfcf"	"03b0c068-1958-484f-9d48-f539e7635d4a"
"c46e8511-3898-4cef-9419-262c8f26dfcf"	"95fe45ae-9ba0-4f08-b03e-d13bbb3416c8"
"c46e8511-3898-4cef-9419-262c8f26dfcf"	"20b6c5f9-bcf0-41ef-954e-25b875d59e3d"
"c46e8511-3898-4cef-9419-262c8f26dfcf"	"5a7235c1-633e-44cd-bd9b-414cc1922a9e"
"dc2dea3b-d654-49dc-81d5-c8f05910468d"	"2f0075c5-d5cb-4922-b491-57c26b0e7005"
"dc2dea3b-d654-49dc-81d5-c8f05910468d"	"ecc13d8d-2631-4202-adf8-3f73ffdad3b6"
"dc2dea3b-d654-49dc-81d5-c8f05910468d"	"b686922d-683b-4d18-a6f4-5beb90770574"
"dc2dea3b-d654-49dc-81d5-c8f05910468d"	"90fb4ebe-aec4-4731-9c38-f62c9fb12034"
"dc2dea3b-d654-49dc-81d5-c8f05910468d"	"e0528f48-717d-4e93-a382-38494c031cdc"
"dc2dea3b-d654-49dc-81d5-c8f05910468d"	"ce116f63-14db-46a0-b5dd-3daf7f1ec82b"
"dc2dea3b-d654-49dc-81d5-c8f05910468d"	"02255717-7ca8-457d-ae16-b16185ad2080"
"dc2dea3b-d654-49dc-81d5-c8f05910468d"	"c970a8c2-e28b-457a-8273-005c68aa0903"
"dc2dea3b-d654-49dc-81d5-c8f05910468d"	"f8a0bae9-a243-4fdb-aa66-f7bc6be32cce"
"dc2dea3b-d654-49dc-81d5-c8f05910468d"	"3b78fa23-8354-40d1-87e7-0e4d02708e83"
"dc2dea3b-d654-49dc-81d5-c8f05910468d"	"5fbfcb4a-6734-49ec-b1b6-246389ceeca3"
"dc2dea3b-d654-49dc-81d5-c8f05910468d"	"eb04fc98-0968-450a-bdf0-89ef7c1d8348"
"dc2dea3b-d654-49dc-81d5-c8f05910468d"	"841ec542-42fc-43ad-a0b6-923ed41639be"
"ce23805f-8377-4911-9e5f-d99822b25b27"	"29efc3f9-bbce-4374-bd0c-50a9b600a3ba"
"ce23805f-8377-4911-9e5f-d99822b25b27"	"a204608d-6e10-4784-9fc7-367498b04ec0"
"ce23805f-8377-4911-9e5f-d99822b25b27"	"dd11208c-6f21-446c-b59b-5b1a6e2ff3a5"
"ce23805f-8377-4911-9e5f-d99822b25b27"	"d514a883-f48a-4072-9baf-05bc113f1909"
"ce23805f-8377-4911-9e5f-d99822b25b27"	"176c93fe-71c9-49a7-b263-e989641f9b96"
"ce23805f-8377-4911-9e5f-d99822b25b27"	"3f4767dc-f90a-4ea6-b2cb-ae1c269a1617"
"ce23805f-8377-4911-9e5f-d99822b25b27"	"5dde51df-94c2-4baf-a449-93bc5d56f1da"
"ce23805f-8377-4911-9e5f-d99822b25b27"	"7a342eb6-5812-4ccb-8733-a45c89b2e4eb"
"ce23805f-8377-4911-9e5f-d99822b25b27"	"b401ae0a-60cc-4458-8515-3dfdbe5dca4e"
"39c6b541-2e20-4f8e-896d-4b3d33f66790"	"053931e8-4619-4c83-8b10-364e5ee8fb66"
"39c6b541-2e20-4f8e-896d-4b3d33f66790"	"f5e68de8-8385-489b-a3a8-c5f861e342ad"
"39c6b541-2e20-4f8e-896d-4b3d33f66790"	"d31fcd80-088a-4b90-9948-88e859384b47"
"39c6b541-2e20-4f8e-896d-4b3d33f66790"	"24df915f-a567-4363-ad99-8473d6974551"
"39c6b541-2e20-4f8e-896d-4b3d33f66790"	"9ecc4e4f-5054-49f0-9026-227ef7a33dd5"
"39c6b541-2e20-4f8e-896d-4b3d33f66790"	"299ccc22-fcf4-4d3c-8235-a778d418c009"
"39c6b541-2e20-4f8e-896d-4b3d33f66790"	"c5bc4e9d-d56b-4eac-a0a4-c19108a9337e"
"39c6b541-2e20-4f8e-896d-4b3d33f66790"	"516f1702-3db2-4e4e-88f6-93f52416dddf"
"39c6b541-2e20-4f8e-896d-4b3d33f66790"	"ad0079b1-96bb-43a7-ac67-bcc3ea94049f"
"39c6b541-2e20-4f8e-896d-4b3d33f66790"	"57ec439c-9590-44ad-b5d8-03112dc2ea3c"
"39c6b541-2e20-4f8e-896d-4b3d33f66790"	"10c2abd9-f3e1-44f9-b486-d1957741f1db"
"39c6b541-2e20-4f8e-896d-4b3d33f66790"	"a819cfae-5ab7-4d7c-97f5-c2aa269551f3"
"768227fe-553d-4b90-9d3a-812f5d08addc"	"8115c375-a28a-4085-9b08-fc01ebcc69f8"
"768227fe-553d-4b90-9d3a-812f5d08addc"	"a33f840a-4461-4d8f-a41e-f05dc98d4953"
"768227fe-553d-4b90-9d3a-812f5d08addc"	"fc4e2101-9c89-497c-96a6-52823ccdb415"
"768227fe-553d-4b90-9d3a-812f5d08addc"	"161c696f-6ae7-4366-8b22-0233946b8e51"
"768227fe-553d-4b90-9d3a-812f5d08addc"	"e0a2f5cc-0007-4848-b442-9fc6d46acd6c"
"768227fe-553d-4b90-9d3a-812f5d08addc"	"feb5ce6f-dacd-4cc4-9910-c8a28ad8ee6d"
"768227fe-553d-4b90-9d3a-812f5d08addc"	"90c77d9f-6f0c-43ed-91dc-d15a898f8fbd"
"77b17d36-da4e-4e74-a93e-751a0dfcada9"	"10090f9d-85ce-4808-8a07-9c0b7c17282d"
"77b17d36-da4e-4e74-a93e-751a0dfcada9"	"82a54460-a2fc-4d7e-bd60-444ef104de9b"
"77b17d36-da4e-4e74-a93e-751a0dfcada9"	"d0ab7797-836e-4aa7-aa6d-7e822121a529"
"77b17d36-da4e-4e74-a93e-751a0dfcada9"	"ad7943f9-f988-44de-bd1e-7d9aa11ff947"
"bbcc4591-2583-4dc3-8cab-e62038022335"	"5ab43da0-b1eb-4388-90ea-9ad70cf5a41c"
"bbcc4591-2583-4dc3-8cab-e62038022335"	"7ec0e8d7-3bc6-41b0-97f0-c6eae3d80f2e"
"bbcc4591-2583-4dc3-8cab-e62038022335"	"354574d1-d9d2-434d-b3fc-ff4b9e98f500"
"bbcc4591-2583-4dc3-8cab-e62038022335"	"538736ae-c554-4dd8-a1a9-d7c353c0bea3"
"bbcc4591-2583-4dc3-8cab-e62038022335"	"6f237a0f-4416-4e39-9542-b5f19dfad6e7"
"bbcc4591-2583-4dc3-8cab-e62038022335"	"8cfb5278-88f6-46c0-bb82-de9955b78213"
"67cf50eb-cd2b-47d6-8aa1-b10966794205"	"8db7dd29-49f5-407a-8443-9829ad5938f7"
"67cf50eb-cd2b-47d6-8aa1-b10966794205"	"90446476-39f1-46bb-b07b-f726d0269e80"
"67cf50eb-cd2b-47d6-8aa1-b10966794205"	"57e9e0cb-dc22-4bb8-af39-f40743b9fa20"
"67cf50eb-cd2b-47d6-8aa1-b10966794205"	"95ed33ff-b9f7-4126-9593-e42d2ce00a61"
"67cf50eb-cd2b-47d6-8aa1-b10966794205"	"1a143805-1d1a-4ddf-aa7a-9b7b227305c1"
"67cf50eb-cd2b-47d6-8aa1-b10966794205"	"2aeb5e35-9d47-4dc5-a73e-9064d46cf4d1"
"8fad081b-0765-4ab5-b2f8-f29de1445f1c"	"cfdca52b-146e-4db3-9e50-84152436538d"
"8fad081b-0765-4ab5-b2f8-f29de1445f1c"	"829c6d5c-fe7c-4fb6-bd2c-4e0122496f3f"
"8fad081b-0765-4ab5-b2f8-f29de1445f1c"	"285b3a95-bd44-4a66-8816-1d5a5930b858"
"8fad081b-0765-4ab5-b2f8-f29de1445f1c"	"c9b058be-a187-491d-af92-3120f721aa52"
"076d4c9e-edfb-4bcd-af63-ce7280736aa8"	"3e9d158a-fe7c-4611-8939-74823bbd09b0"
"076d4c9e-edfb-4bcd-af63-ce7280736aa8"	"371ec110-7f71-445b-8061-2695a6ba2ac6"
"076d4c9e-edfb-4bcd-af63-ce7280736aa8"	"e1c77b65-6de6-4688-a944-d709f696f0cd"
"df9551b3-4e1e-4658-9ba5-5cb4d1018b7d"	"c4ecbc89-56dd-4f6a-9dc1-6800f5750bcd"
"df9551b3-4e1e-4658-9ba5-5cb4d1018b7d"	"da976d99-9c2c-44dc-8be6-5deae3ce58e3"
"df9551b3-4e1e-4658-9ba5-5cb4d1018b7d"	"556ac184-321b-4475-860e-7dcaee23109b"
"df9551b3-4e1e-4658-9ba5-5cb4d1018b7d"	"eb5dd61b-f99b-4735-aafc-a6fa32424f1e"
"c9f15763-67a6-4a0c-8b43-912fb3fefa6a"	"dffef42a-a71b-4f0e-b866-fffa43359d7b"
"c9f15763-67a6-4a0c-8b43-912fb3fefa6a"	"be8126c0-f5dd-42d8-a8e6-b0c8344c9200"
"c9f15763-67a6-4a0c-8b43-912fb3fefa6a"	"2dd26ce5-eeca-4dca-a44f-ad234837d28e"
"c9f15763-67a6-4a0c-8b43-912fb3fefa6a"	"2eaa46b9-6b35-40c4-8520-c3b9f76eb79d"
"c9f15763-67a6-4a0c-8b43-912fb3fefa6a"	"3dc633e8-8b42-48dd-8d87-553837075e31"
"8398b475-2c5b-4a46-9f99-26285b7ad451"	"c39939d6-8a67-45ea-bcad-46d7d6bcde5b"
"8398b475-2c5b-4a46-9f99-26285b7ad451"	"03eb9c36-3ab8-4912-b6ba-23d48df43112"
"8398b475-2c5b-4a46-9f99-26285b7ad451"	"80b756b6-2853-432f-89da-905188d7c5f4"
"8398b475-2c5b-4a46-9f99-26285b7ad451"	"041068d8-14a4-4745-bf9f-07a0c7317797"
"8398b475-2c5b-4a46-9f99-26285b7ad451"	"cc327551-fdfc-4ad7-8b31-5a4278f6bf24"
"8ce91e54-b6ca-45cf-8f79-72333e745e1e"	"1f5331a9-a2df-451c-b629-c117e619409b"
"8ce91e54-b6ca-45cf-8f79-72333e745e1e"	"533453a0-12fd-404e-b8b3-ff70decadeb3"
"8ce91e54-b6ca-45cf-8f79-72333e745e1e"	"bcda7a8e-0bb6-4fc7-b971-5d3f4de6438d"
"8ce91e54-b6ca-45cf-8f79-72333e745e1e"	"d50537c9-71d6-473e-85c2-f2e796c247af"
"428d6b55-aa2d-4aee-9895-63d9a34b97d8"	"2d6492fe-5cef-40cd-92e0-facd2482b6a0"
"428d6b55-aa2d-4aee-9895-63d9a34b97d8"	"199a2b10-d423-4817-957b-b13fd0ff5809"
"428d6b55-aa2d-4aee-9895-63d9a34b97d8"	"6eae5638-adc5-4140-8e2b-417c27d5a8a3"
"428d6b55-aa2d-4aee-9895-63d9a34b97d8"	"8178ab67-16da-4a08-b0b5-6c60d76513a0"
"bd9f93b3-fdd9-4434-b2d2-c11bd470d4f0"	"f133e0e4-ee78-4e79-baf7-1fdf6a797a6a"
"bd9f93b3-fdd9-4434-b2d2-c11bd470d4f0"	"f6a599fd-bb24-4f44-afae-7fbb0c04864e"
"7746743f-4ac1-43be-b985-87ba2f3e385a"	"1ff9aeae-17d7-40c1-b1ab-91bb6e607758"
"7746743f-4ac1-43be-b985-87ba2f3e385a"	"5f87d1b7-76c4-4e37-ba09-24459e84cf0c"
"7746743f-4ac1-43be-b985-87ba2f3e385a"	"8371f5f8-6cb9-483e-92a8-bc955d6e9174"
"7746743f-4ac1-43be-b985-87ba2f3e385a"	"ea6c7c06-91e2-48c8-bff4-cd8fa3855c69"
"7746743f-4ac1-43be-b985-87ba2f3e385a"	"b7f75767-e4f1-4c47-8ada-1d6289a6d043"
"7746743f-4ac1-43be-b985-87ba2f3e385a"	"121cde11-942c-4053-9c5a-7356f0063bf5"
"7746743f-4ac1-43be-b985-87ba2f3e385a"	"b1217d12-c7c2-4fb7-acc2-258440e8b66f"
"7746743f-4ac1-43be-b985-87ba2f3e385a"	"c9bd0adf-cda8-4e69-83a3-55aee8c6945d"
"7746743f-4ac1-43be-b985-87ba2f3e385a"	"bdb735da-2b9d-4741-9aad-1f56c033df2e"
"7746743f-4ac1-43be-b985-87ba2f3e385a"	"f26adf21-a2c0-4d9e-92cc-d47f3eb80805"
"7746743f-4ac1-43be-b985-87ba2f3e385a"	"29d25acb-403a-417b-b63c-938d467a5c76"
"7746743f-4ac1-43be-b985-87ba2f3e385a"	"db5c7302-1785-4757-b530-2563b0d821f1"
"7746743f-4ac1-43be-b985-87ba2f3e385a"	"0b7abd27-e4c3-4389-852c-6cd2df1825fe"
"7746743f-4ac1-43be-b985-87ba2f3e385a"	"0fa8b306-b8ac-4164-967f-8cedd920c403"
"7746743f-4ac1-43be-b985-87ba2f3e385a"	"958eacc8-1ea9-4f2e-81b4-43c1e1c10529"
"7746743f-4ac1-43be-b985-87ba2f3e385a"	"20cda6d9-d0ed-4a25-bc90-8a484295ea6c"
"a56b4617-7823-41c1-ac2f-9530c6cabd62"	"837715c7-8bd6-44a6-8595-404521966ab6"
"a56b4617-7823-41c1-ac2f-9530c6cabd62"	"2c4a4461-fa65-4e86-8d1d-eb575c151482"
"a56b4617-7823-41c1-ac2f-9530c6cabd62"	"97a64ed4-02b0-44af-aa64-b31883642f37"
"c6b33f3d-cd86-439c-9d5c-f034132a13e7"	"20558668-4171-422f-831e-0c25d23364a7"
"c6b33f3d-cd86-439c-9d5c-f034132a13e7"	"6320de90-48dd-4ecf-83a3-66be6efc3e87"
"0d57e875-3d30-4c90-af2d-0a396cc7ffbd"	"62ed9c0e-a2ad-4d18-8498-5c7df9cebe8a"
"0d57e875-3d30-4c90-af2d-0a396cc7ffbd"	"1b3e9fb0-8714-44ac-9ea5-6450d4642394"
"0d57e875-3d30-4c90-af2d-0a396cc7ffbd"	"60ed3883-652b-4937-994f-1c38a1967268"
"b0c8814c-01d2-4b51-b034-75ea6cc487da"	"0d50f09f-bc62-4dfd-ac0e-c58bf661dd3e"
"b0c8814c-01d2-4b51-b034-75ea6cc487da"	"6972f5c8-8454-42ec-8138-eafa6632a9c0"
"f88d6184-f39d-4064-811c-ebd0f9dd9370"	"bc64c0c4-50c7-4048-b515-a8d0a9727d45"
"f88d6184-f39d-4064-811c-ebd0f9dd9370"	"6a728b8c-28a4-44bb-9399-5980722ee143"
"97999d9b-e0bd-4d9f-a786-883f90ab84c9"	"7638cb0c-149b-472e-936d-307d29a34839"
"97999d9b-e0bd-4d9f-a786-883f90ab84c9"	"af422e0f-0654-47e5-a00e-4a64e2b8f180"
"97999d9b-e0bd-4d9f-a786-883f90ab84c9"	"25d8086c-a035-44aa-937b-d92386d9b8e9"
"97999d9b-e0bd-4d9f-a786-883f90ab84c9"	"b3f8d8c9-5374-4cba-9bae-45d8236180e7"
"97999d9b-e0bd-4d9f-a786-883f90ab84c9"	"a293b685-ceaa-412c-9b3e-9f8856167ab4"
"54be67ea-d811-4807-97a6-7a8b1c44ad4f"	"f85b2289-8611-4b34-8159-f0b27b96e3ba"
"54be67ea-d811-4807-97a6-7a8b1c44ad4f"	"9d9a6bec-c8cc-47b0-9fca-51443e3c49ff"
"c24bf90b-aff1-4a25-b724-7153760cee8b"	"36ae605e-2a10-4546-a062-212b257d09e5"
"c24bf90b-aff1-4a25-b724-7153760cee8b"	"89c9c253-c320-456a-a992-fe2c719dfbbe"
"b0b3511f-1eec-449a-a6be-260ca54b7ac7"	"d06c8e19-9130-44b7-bfb9-69cc0d37369b"
"b0b3511f-1eec-449a-a6be-260ca54b7ac7"	"4f410fd7-f8d6-42d1-b8d8-b860aa6420af"
"b0b3511f-1eec-449a-a6be-260ca54b7ac7"	"128a469a-dcfe-48a2-a9fa-73bb785f0c1a"
"0688e362-4e69-47d2-b3fb-da86430d6a62"	"84c904a0-d40b-4483-9dfa-dc4dd3f9f895"
"0688e362-4e69-47d2-b3fb-da86430d6a62"	"21a0adad-48ac-45d4-b812-58449b42f4d6"
"0688e362-4e69-47d2-b3fb-da86430d6a62"	"6d0104fa-c6b5-42b2-96d5-0f23ac9b26fd"
"a38b9bef-4ad9-4568-b9b0-acf745b965f7"	"73a40378-3de5-4d78-84a4-dbbdcfdbc06e"
"a38b9bef-4ad9-4568-b9b0-acf745b965f7"	"b5ca08ee-6a82-4244-959a-e6dc96c09a41"
"a38b9bef-4ad9-4568-b9b0-acf745b965f7"	"a941a8ba-7f2d-4891-8c23-0a8fa4d4bc75"
"a38b9bef-4ad9-4568-b9b0-acf745b965f7"	"7f3bec64-867c-4c7d-9d7a-6114eddb0a6f"
"885df60b-b633-4bf5-a785-9b46c4ea8845"	"b8668110-3ab2-4051-b886-60ff9fd4fdee"
"885df60b-b633-4bf5-a785-9b46c4ea8845"	"2f645c01-fcb6-4a9a-80fb-c1e741912ec7"
"114aeaff-2d8b-40ce-a846-816a1c20ffc2"	"c25906d4-0838-420d-8e22-2c3b46345b79"
"114aeaff-2d8b-40ce-a846-816a1c20ffc2"	"aec0ed8a-47df-4ac7-90bf-cdeed8250050"
"114aeaff-2d8b-40ce-a846-816a1c20ffc2"	"d969ab65-9ed3-428d-9780-6f44f5461c15"
"cc81d319-6354-4bc4-846b-69812452e6c3"	"c4774608-353e-4816-bbb4-0623241b4bae"
"cc81d319-6354-4bc4-846b-69812452e6c3"	"eac786c1-bdc6-43aa-8783-6bf1298f062c"
"cc81d319-6354-4bc4-846b-69812452e6c3"	"a9934727-3d02-4472-8bca-2a7254632dc0"
"01704c9e-262b-4b57-8997-1f1664e6ca0e"	"73e515b0-102a-4a7e-ad62-bafd5e8254f8"
"01704c9e-262b-4b57-8997-1f1664e6ca0e"	"b2e726f8-34cf-4254-b3b6-3ba81a2a017a"
"01704c9e-262b-4b57-8997-1f1664e6ca0e"	"6cfa00be-ebb1-4156-9ee0-fa238117a673"
"ca31ca82-cdcc-46bc-b5db-15ed501414e3"	"25a43358-5fb2-470e-ba5b-e7587c5e94d8"
"ca31ca82-cdcc-46bc-b5db-15ed501414e3"	"3ef61831-ab84-43f7-bb15-e5c8474b3a3e"
"ca31ca82-cdcc-46bc-b5db-15ed501414e3"	"f24dae12-f262-47de-aa19-f77c39610773"
"48c99095-8a07-4690-bd51-5d8ea3dc8c7f"	"f6fe29f7-d60c-4ed9-b4c5-c211eddefb55"
"48c99095-8a07-4690-bd51-5d8ea3dc8c7f"	"ac1ff9c5-c6e4-44db-a7e0-11e13b748a0f"
"48c99095-8a07-4690-bd51-5d8ea3dc8c7f"	"5faa2fb3-7184-4d63-93f0-6c29931f2850"
"978759e2-e64b-4623-8837-8e3339afa428"	"71c447d9-3903-48b9-aca0-7b85c3bd3f45"
"978759e2-e64b-4623-8837-8e3339afa428"	"ccc4babf-e1c2-4cb1-86e5-c53d89b51c50"
"533c4863-fb72-4b26-83d4-0951042b4fd3"	"cdd072dc-fa48-4a5f-97c4-32629005ff28"
"533c4863-fb72-4b26-83d4-0951042b4fd3"	"0283bf2f-c6fe-4a68-9fdb-9c2c616539fd"
"0e98dd31-6c8c-43e6-a10f-295274d9d471"	"4c335bfa-f4b9-4065-9957-a638ee30b317"
"0e98dd31-6c8c-43e6-a10f-295274d9d471"	"77dc99cd-bc40-4d6b-a3c6-e0ca3629f414"
"0e98dd31-6c8c-43e6-a10f-295274d9d471"	"628e8640-c38f-4fa4-bbed-7d501d7963ff"
"9fc19fa1-02ba-48d0-84b5-381b28479d2a"	"a7bcd54b-beb6-424d-972d-ac948639799d"
"9fc19fa1-02ba-48d0-84b5-381b28479d2a"	"6f6481f9-2cc1-4174-8983-e96ccf8aba78"
"09ead625-5e56-4cae-b59d-92b9667bb20e"	"387fdb77-9393-407c-b02f-b5bf637a1bbe"
"09ead625-5e56-4cae-b59d-92b9667bb20e"	"e96f2a40-ee3e-4383-bc95-e6458ae4f3d3"
"09ead625-5e56-4cae-b59d-92b9667bb20e"	"ca03074a-a091-42ff-914d-cec7147e8287"
"09ead625-5e56-4cae-b59d-92b9667bb20e"	"67a18352-4de5-4b6e-8124-1a1843f6759d"
"b5a6f6cc-a53e-48d3-87db-eeaae026873a"	"19aa25eb-eb7d-4a75-9ba9-a5d5ef641af7"
"b5a6f6cc-a53e-48d3-87db-eeaae026873a"	"c5bd4383-e249-4bd0-b02a-b2aefa65186a"
"5d8ba4de-fd2f-4401-9f2a-4dd66192181e"	"709dac17-8672-472a-8942-93cc64b07d29"
"5d8ba4de-fd2f-4401-9f2a-4dd66192181e"	"927e6e9b-9da0-4c54-9a3b-9ce97fecbd99"
"77e4bf46-1d7f-4d24-a28b-5323101da176"	"c3aa04c1-4ed2-430b-8e33-a8a46ebf1ccb"
"77e4bf46-1d7f-4d24-a28b-5323101da176"	"1df7b306-7168-42f0-810e-72c9ab1be948"
"5c1ae9e1-dd4f-4f96-90d6-4364ab28d39e"	"0f15e2e7-f17e-4efa-b0ac-2c80a2b1f79b"
"5c1ae9e1-dd4f-4f96-90d6-4364ab28d39e"	"1839f9f8-fdb1-4524-ba3a-24f8442aa262"
"3d51115d-ab68-4fe4-8c2d-ed352c711a76"	"cd40439b-c996-4146-8915-b9eb76af4198"
"3d51115d-ab68-4fe4-8c2d-ed352c711a76"	"d38b9f4c-8514-4535-8241-58774d01e5e1"
"3a994ca5-585d-44ca-b6ae-471f57af7924"	"0206ca85-3449-4a08-85cf-2af26049bda0"
"3a994ca5-585d-44ca-b6ae-471f57af7924"	"b89e957f-950d-4391-b226-72a5e56d1d88"
"021d285f-402c-425c-923d-95fd6b39a8ad"	"c65015f4-3a29-4131-a409-84e1944c4d84"
"021d285f-402c-425c-923d-95fd6b39a8ad"	"bdad705d-3e0f-4b0f-8c7e-c1f59b3d0811"
"5a5999dc-8ab9-4d47-9568-cbb088312ab4"	"120ed334-cbe4-4533-a71f-35477c2af61a"
"5a5999dc-8ab9-4d47-9568-cbb088312ab4"	"d0658b1e-da55-440e-b68c-fce4db0ea177"
"2e990723-026f-4bba-8688-3048bbd31004"	"4b1862d6-5709-4c8f-9139-b023dbcaf393"
"2e990723-026f-4bba-8688-3048bbd31004"	"d4a749b7-61c0-4e1f-bc43-11eed5560d10"
"2e990723-026f-4bba-8688-3048bbd31004"	"5078b647-954c-46d0-be69-2c7c10a110a0"
"b68b712f-33ba-47ba-a9a0-7433fffb1395"	"06058399-5f4e-4409-97c4-431f3a81641f"
"b68b712f-33ba-47ba-a9a0-7433fffb1395"	"b5619c3e-d0cc-45b4-96aa-53228fe1f6f4"
"b68b712f-33ba-47ba-a9a0-7433fffb1395"	"8c0531f3-9f05-4cc4-8257-65b4044d6533"
"b68b712f-33ba-47ba-a9a0-7433fffb1395"	"5fdc3946-01ab-4d11-b70e-b2ce96a50d25"
"b68b712f-33ba-47ba-a9a0-7433fffb1395"	"81bceb00-2835-476b-ba53-e45705058a01"
"b68b712f-33ba-47ba-a9a0-7433fffb1395"	"96d971f1-c359-483a-8a70-e14af5298d11"
"b68b712f-33ba-47ba-a9a0-7433fffb1395"	"71f48e77-be18-45f5-a89e-656c10d1383f"
"29c18c75-9ef5-4eee-8e3d-4131b7b3a57a"	"3734e0bd-493b-48ab-94f0-61f70eab2bc2"
"29c18c75-9ef5-4eee-8e3d-4131b7b3a57a"	"98a7db98-3e5b-4552-9397-7b557b2c5358"
"6f55530d-31c3-4531-9813-ff71dd403aa4"	"ba6fbaf9-73d2-461d-8034-59c175cc451d"
"6f55530d-31c3-4531-9813-ff71dd403aa4"	"0735a0aa-195f-4e0b-8f86-e92871e68515"
"40089298-e511-4683-98df-0a8dc39fae57"	"16a4cf1b-3b8d-4a5b-82f1-1b35b9d57bcf"
"40089298-e511-4683-98df-0a8dc39fae57"	"c2456e50-7e4e-4063-9247-61301900cea9"
"6238539f-1bc2-4201-b838-b703cafbd7c9"	"69614cc2-fc17-4a59-ae05-fe8b6e037446"
"6238539f-1bc2-4201-b838-b703cafbd7c9"	"b93a7e3a-3f83-434c-bab2-5b20e8f46fba"
"d9607d39-6f4f-4cce-b830-74f6cfbdbf60"	"cdb126b7-e557-4fd8-b9ba-fda98f23ede4"
"d9607d39-6f4f-4cce-b830-74f6cfbdbf60"	"a49cbfb2-c54e-440d-bfe0-1cda290620d8"
"d9607d39-6f4f-4cce-b830-74f6cfbdbf60"	"da5a285d-0fa1-46b8-b422-a7d9ce94d15a"
"16127409-02b0-4751-87c2-4add1fb18ac6"	"ed9685f0-71c1-4485-a067-2d3b36fed53b"
"16127409-02b0-4751-87c2-4add1fb18ac6"	"1c28c459-9a44-4951-a45d-3c06538a48c5"
"16127409-02b0-4751-87c2-4add1fb18ac6"	"1874e3b9-514e-40a6-8adf-71262c98291c"
"e5b71f29-ca24-4b59-8bdc-71282caca458"	"322f749b-6f86-4e5c-97e3-5e950120fdb7"
"e5b71f29-ca24-4b59-8bdc-71282caca458"	"39dbf449-67a5-43f3-8741-c9f50c548d9c"
"e5b71f29-ca24-4b59-8bdc-71282caca458"	"a78a7976-62ed-4fb0-9de1-83161a054709"
"cbabaf87-90e5-4a26-b0c5-f24ca0be65ac"	"4cbda9c0-2a1d-4089-a72d-1c6c153d081c"
"cbabaf87-90e5-4a26-b0c5-f24ca0be65ac"	"57e53fb0-c216-40eb-9d78-ff9366863c80"
"cbabaf87-90e5-4a26-b0c5-f24ca0be65ac"	"8442c596-95a9-4f01-83e6-24470e488dfb"
"b24179b8-dbf3-4e2a-95ae-00fb4aff3852"	"3689cca3-2e61-4100-9c60-e6687a5cf943"
"b24179b8-dbf3-4e2a-95ae-00fb4aff3852"	"ac095dcf-21d2-4810-89b1-db35fe3504a4"
"b24179b8-dbf3-4e2a-95ae-00fb4aff3852"	"dc2b0a50-5ad0-4315-a691-99baa69c290b"
"4047a683-9174-4231-9a9a-c1c77850d026"	"6203b402-3691-4239-b970-a3445f13e525"
"4047a683-9174-4231-9a9a-c1c77850d026"	"d68e0317-2fa9-480c-a24e-3b6e826212e7"
"4047a683-9174-4231-9a9a-c1c77850d026"	"7a69ec0b-82ad-467c-9905-676e4a2ac618"
"581f4efb-53a0-4a67-b4c6-1ec4c52125e9"	"88b04ad6-6c9c-481a-be72-425ace30cb0d"
"581f4efb-53a0-4a67-b4c6-1ec4c52125e9"	"97ec1df3-0c88-4c15-91bb-c0090743ccb9"
"94efd0b8-0297-41cc-8db7-75192d2639a2"	"9a9537be-8c81-4827-8f0c-13c20559c2a0"
"94efd0b8-0297-41cc-8db7-75192d2639a2"	"91c4729f-2fad-4448-af15-859927f533d4"
"df515c01-f571-4a13-af26-141085164bd5"	"2c5629e7-9805-42c8-9a45-038626724958"
"df515c01-f571-4a13-af26-141085164bd5"	"2a8ae082-92b5-40e3-a3f7-4759e45bbc95"
"b918bcf4-650b-4772-a102-d118e4260f11"	"7f0d08af-b732-4e04-98a3-b68bac3c364f"
"b918bcf4-650b-4772-a102-d118e4260f11"	"c41a758a-8284-4738-8239-a5be92ed742f"
"31dd407f-2db2-4ce1-a474-dc90ecfabf3c"	"25ab9d01-e99d-498d-a955-49b69fdcc63f"
"31dd407f-2db2-4ce1-a474-dc90ecfabf3c"	"e6f32a16-9130-4f8c-8c55-a542fe0e415e"
"80b7ba78-0dae-4e55-9779-bcf7257e7d50"	"dd3c9703-d4d3-46d8-bb33-2dfc03ff182c"
"80b7ba78-0dae-4e55-9779-bcf7257e7d50"	"b91f7b0f-c60c-4a00-9569-4f847a57f7d9"
"db428160-b695-4253-a66e-43c3682cf3c4"	"a5df0899-c086-488d-930f-7c6537f7a359"
"db428160-b695-4253-a66e-43c3682cf3c4"	"3a7d8a43-ad8c-420b-84f8-71f39658e137"
"5a0b0170-e22f-46bb-bed4-be4286c62db7"	"641606fa-f30d-453b-bd26-2de2d0638771"
"5a0b0170-e22f-46bb-bed4-be4286c62db7"	"f4c6ea61-67b2-4e4d-b540-ca0740e4efb6"
"0a1902e7-57a1-4b5e-8a25-55e4fd4e3e4d"	"41a37099-2910-4920-ae2b-97c529fdb5c5"
"0a1902e7-57a1-4b5e-8a25-55e4fd4e3e4d"	"68392cfb-51bf-4da5-bdfa-dd13d83ef569"
"0f7751f3-afe8-4a10-8011-0cc93ecafc51"	"bde07e27-829a-46fd-a1d2-4973abae8e3b"
"0f7751f3-afe8-4a10-8011-0cc93ecafc51"	"03c5bfee-133a-4507-8eb1-c9a7c768eeba"
"f08aa3a3-9429-420e-939f-97911768f920"	"0634bc94-2cf4-487c-9871-b283558c8c6e"
"f08aa3a3-9429-420e-939f-97911768f920"	"d4bddeaa-79df-4776-9b59-f1e975fe509e"
"ae7b7e32-5b6f-4dc8-ac0f-80ee05b136da"	"20df20b4-4232-4ada-96f9-5a9d2224fc7c"
"ae7b7e32-5b6f-4dc8-ac0f-80ee05b136da"	"589f7f4b-3335-400d-a142-e0d18194531a"
"7fc641aa-68da-40ab-a111-f7dbf6ce2585"	"701402ad-db9c-4a87-a691-a3d782f21b56"
"7fc641aa-68da-40ab-a111-f7dbf6ce2585"	"6cba5a07-fc88-4660-b3d9-4288e37c6743"
"1294e415-1354-4533-a956-a60797144a05"	"c9cdc65b-be11-4614-bde3-c36abb8ac067"
"1294e415-1354-4533-a956-a60797144a05"	"47104b53-7929-4584-bf8f-7f8c3f7fa032"
"0a8f9826-a2a9-491a-b928-042bd291ce8b"	"e590aa80-3e24-475a-8ae8-b47d68368272"
"0a8f9826-a2a9-491a-b928-042bd291ce8b"	"1dabec50-289f-4ef6-9b51-0af46fd6d872"
"c0fe73b7-029f-467d-9504-884a77b6e529"	"a1ac9dbd-3470-4d07-8ba7-7a819920311b"
"c0fe73b7-029f-467d-9504-884a77b6e529"	"e0bdeda5-2641-4305-b55a-bef8d8939469"
"1ae68f78-152c-4a53-8e8a-6caf9f18ac49"	"0ab86a1a-09f9-4746-92b1-8257d35daf46"
"1ae68f78-152c-4a53-8e8a-6caf9f18ac49"	"602c392c-01d6-4059-aa29-8674c0a360e1"
"1f50e944-f179-4f72-a887-842d4b64d2c4"	"eb1a72e0-d563-476c-a971-2395c14d0e05"
"1f50e944-f179-4f72-a887-842d4b64d2c4"	"b9774058-77cf-4c52-9169-085a5ee0bdad"
"537a8509-8daa-4026-a496-5741786f7f59"	"e3592b32-8cef-43c6-8acf-afd7fa0f4cd0"
"537a8509-8daa-4026-a496-5741786f7f59"	"c1d49d19-ff66-4513-b258-d1812cd2d8bf"
"85e78252-c2af-4a6c-a86e-5a017756b040"	"9f43ed75-2fa5-4950-be55-87d825b2fb5f"
"85e78252-c2af-4a6c-a86e-5a017756b040"	"0d53eab5-8dba-4c36-a932-7b269f4e867c"
"512083d0-9ad1-4b52-9f10-ae56efead131"	"dbcb4843-df52-45d2-8bbf-a671ffed8eb6"
"512083d0-9ad1-4b52-9f10-ae56efead131"	"f7bafdee-849c-4b55-b46a-08d1be1e4108"
"1dd4c371-80a1-42c6-9024-64f91f740fe2"	"4983a499-c536-40b4-8fd3-6f4597d42092"
"1dd4c371-80a1-42c6-9024-64f91f740fe2"	"35264a00-36a3-4805-a7b4-196a4ee72791"
"e3dc658b-70a5-4083-944b-e2216a8727b5"	"b324ddff-198f-49d9-ad64-8a99316c3a26"
"e3dc658b-70a5-4083-944b-e2216a8727b5"	"319ec48c-b647-4783-8624-d0a75930636f"
"77cd0b68-390f-4c56-b8b0-50b3380eef99"	"f8170cc1-18df-40dc-b184-9ce308f5f271"
"77cd0b68-390f-4c56-b8b0-50b3380eef99"	"3420f6a6-6db0-48c4-9a15-ec92be398a62"
"77cd0b68-390f-4c56-b8b0-50b3380eef99"	"cab34ba1-90e9-4a01-89a7-439aa383888e"
"db5a7006-e665-481e-9088-c6bcc65f3376"	"97f9a625-2e9a-437b-936c-3c96a01be5ad"
"db5a7006-e665-481e-9088-c6bcc65f3376"	"73065969-1ded-4687-9122-cee347c2c2bf"
"3fdd7995-0b27-4320-ada6-de6b7eef5d2e"	"453b65ac-601d-483d-a503-c4c64b356a5a"
"3fdd7995-0b27-4320-ada6-de6b7eef5d2e"	"9221c401-f419-4342-bd60-a68ab7650fd6"
"b432632e-55e1-49c5-b5a2-94bd3382674f"	"b7d9e356-8221-4959-bdbe-781ab5fd6742"
"b432632e-55e1-49c5-b5a2-94bd3382674f"	"5b05ca4d-0b82-4a52-ab4f-12870e2587ef"
"718780c8-8481-4b25-a2db-e8ef99fde458"	"d2bdbc99-387c-4d26-984d-246175ed6fb4"
"718780c8-8481-4b25-a2db-e8ef99fde458"	"780bb6df-e2c8-4a4a-b9f1-1d32930eee44"
"9da238f4-b8d9-4b40-ba17-d212ef0e0be5"	"7bfd2773-5d25-496c-9cca-b4d93d27fd51"
"9da238f4-b8d9-4b40-ba17-d212ef0e0be5"	"3e96f1c3-29b1-48e2-b23d-d99e0729bbf1"
"f0985b16-3e4a-4952-87af-4aabaa5089b3"	"5b854d68-fa41-4b9e-b9c9-71eac44c0a9c"
"f0985b16-3e4a-4952-87af-4aabaa5089b3"	"0e91c774-cf98-4077-b62b-0af70e78cb34"
"0d706a0d-3561-4bd3-a670-0bc5eb583a0f"	"2bf2da15-235b-4745-a4b8-50741ab1076b"
"0d706a0d-3561-4bd3-a670-0bc5eb583a0f"	"af83124e-ce47-41ba-94df-a86b3a1a42c4"
"b3db0d5c-2250-432c-b9a5-dfdbd5a11922"	"dbb185ec-8184-4c5c-95a8-ec6f35975104"
"b3db0d5c-2250-432c-b9a5-dfdbd5a11922"	"aca68721-2f7c-4b8a-809f-b79eed92d10d"
"a03c0f58-826d-42c2-88ae-0a31f7fcf5db"	"58a04489-66d2-494b-90df-9a41a968f821"
"a03c0f58-826d-42c2-88ae-0a31f7fcf5db"	"483aa948-eaa6-4487-b952-e3614b2af7bc"
"13596806-5d80-48a3-bab2-cfb50cb86068"	"60a204e6-6c3d-4713-b081-f3b88eea0645"
"13596806-5d80-48a3-bab2-cfb50cb86068"	"e7c0938e-2eb3-4a79-a24b-bbf1717eb4d8"
"1b3790a1-c714-4492-8d5e-766b087f3fbf"	"ebb49a6d-9195-4107-a369-85f62ac89372"
"1b3790a1-c714-4492-8d5e-766b087f3fbf"	"1e3f811b-cb0e-46da-9563-f1ff94107fa4"
"48d66599-4f80-4283-8cc9-aeca84951a5e"	"0c85e4e9-d034-4715-9ef4-08644b2e5e6f"
"48d66599-4f80-4283-8cc9-aeca84951a5e"	"592a4d97-7113-40ef-9b17-e962cfb52959"
"7c16e4d4-59f0-4558-82a3-316ac6ab7641"	"5648e7e9-4ee8-4770-b8a8-55379ba400ed"
"7c16e4d4-59f0-4558-82a3-316ac6ab7641"	"de1fb16e-ee67-43ea-93a5-78cbe794a75a"
"5a793ce0-5742-4c08-bfc2-b9784f709c01"	"91e3c357-560d-4aa1-8a24-7d564ad0e2ef"
"5a793ce0-5742-4c08-bfc2-b9784f709c01"	"f619fac7-a961-488c-9feb-89d64994f457"
"f289cefc-b4ad-4c6c-9efc-558a28548f34"	"b010798f-9815-412a-a106-ce8c74c5c420"
"f289cefc-b4ad-4c6c-9efc-558a28548f34"	"2b932b2e-e2d1-4fae-884f-eef301046bd0"
"e31cb345-aeb0-4008-8425-5b8a740a13f3"	"8aaf6cac-b152-4be4-b933-900f5e0879ad"
"e31cb345-aeb0-4008-8425-5b8a740a13f3"	"67349a3e-32f0-4691-86a5-77ddc527ea58"
"e31cb345-aeb0-4008-8425-5b8a740a13f3"	"1731d1ca-f891-4393-bed3-733a2e0d24ef"
"ce68096e-88bf-43f4-9573-452217afe2e1"	"94ac2b4b-b8f2-4663-a1e7-fd9c523b6944"
"ce68096e-88bf-43f4-9573-452217afe2e1"	"e9e73313-8211-4dd0-96b6-3b50f3475387"
"a4f44d51-3b94-40e5-8a28-a24dd686575a"	"f0c3d61e-8211-4ddf-929b-6b046a71a3ae"
"a4f44d51-3b94-40e5-8a28-a24dd686575a"	"d8cf0528-70f3-4298-868d-12207c1b6575"
"d0f69f81-a274-44c5-be3f-9a819ee686a4"	"32709812-916b-4080-9323-ba3095d959e1"
"d0f69f81-a274-44c5-be3f-9a819ee686a4"	"ca4e5b6a-da00-40b9-8540-c23bf0e7993d"
"1422e186-f0e7-4970-b9b1-fc300754b624"	"b3f85aec-a861-488c-996a-888026d748fc"
"1422e186-f0e7-4970-b9b1-fc300754b624"	"c3b7472c-eb12-41f8-bf8b-ce08ad6a3039"
"eee80914-45d5-4703-8ae5-4df862dd8124"	"a7f1a7ef-70e3-4779-84e5-fb90ac1e1319"
"eee80914-45d5-4703-8ae5-4df862dd8124"	"b1f79bec-46f7-485c-90f8-bf87798a7626"
"895b8932-8308-48d2-9713-6be732128b62"	"2cdd01f2-d4f5-49a2-aa9e-6777968e228d"
"895b8932-8308-48d2-9713-6be732128b62"	"71c84293-27c2-4036-ab94-f4b31cfc2ef1"
"a7c1d439-fb62-457c-b81a-d9f0160195f9"	"ea9fa2df-9931-4616-957c-69685ac6066b"
"a7c1d439-fb62-457c-b81a-d9f0160195f9"	"25ae7e63-7ae4-47d6-84f7-68229756b96b"
"5a23136c-df1a-4a1b-b7b4-8e58023a1378"	"1154c13e-96c0-41b5-8a8a-6efce7138997"
"5a23136c-df1a-4a1b-b7b4-8e58023a1378"	"1f997d75-89d6-408a-b5ec-9121c927b8d6"
"7e191580-915d-496a-89f2-f3f5bd3a0496"	"79cdec07-84e0-4e5b-883e-39683c5e8edc"
"7e191580-915d-496a-89f2-f3f5bd3a0496"	"ed532526-e0d9-4495-93a8-0927a9fe83ab"
"9c98c013-a1e0-48f3-8059-5c3af1063b60"	"185d8e56-2f3f-4ee4-889c-9750ae1955d2"
"9c98c013-a1e0-48f3-8059-5c3af1063b60"	"4785e344-e888-4360-b3a9-cf42e8195231"
"110c2812-86ef-41d6-81a8-8b83ae660a78"	"a5259a1a-92f5-4a00-9895-87fcc9afdac6"
"110c2812-86ef-41d6-81a8-8b83ae660a78"	"37621641-2790-4718-9a03-eaf286af03a0"
"25364afe-653e-4975-af34-ad6a6ffaa599"	"a58f67e6-2252-41a8-97c3-11172431ed9e"
"25364afe-653e-4975-af34-ad6a6ffaa599"	"0ef21ef0-e317-4bf2-9dd4-1d1d7022fae6"
"994c80de-b18e-4319-af47-fddb6fd6c28c"	"0d034eba-7d20-4207-82e6-5f65979ea057"
"994c80de-b18e-4319-af47-fddb6fd6c28c"	"f3933712-e6ea-4306-a8ef-e7b8d444093d"
"f045f586-4ed3-4c2d-88a0-426d438613f1"	"221c776d-f00c-47fc-a723-35448f0b02e0"
"f045f586-4ed3-4c2d-88a0-426d438613f1"	"29d09e97-7ad7-4bbf-a392-4edd85b4840d"
"900ba3ea-7838-410a-a3f0-feb07b2df698"	"b509fa5b-6ad2-44d1-879b-c00cb7bd6adc"
"900ba3ea-7838-410a-a3f0-feb07b2df698"	"c4608cca-ab02-4cc6-b1b3-d0819ca581f9"
"26437504-7932-4fd7-bd2b-b077550d05d9"	"5fec05db-a48b-430c-bee1-1eafcd2ceec4"
"26437504-7932-4fd7-bd2b-b077550d05d9"	"8444a68c-e9c5-42aa-9a66-dee3a80d2202"
"00468d59-3b04-4561-a0de-8b746c978175"	"19917443-f785-408a-8ccb-86a4405d83b8"
"00468d59-3b04-4561-a0de-8b746c978175"	"71565459-25e7-475e-be5c-340fa0c91206"
"51e59e0e-c26a-4bdc-ad0f-5af2ff8ef185"	"bfd42f18-5a87-410a-afbe-8683feabf292"
"51e59e0e-c26a-4bdc-ad0f-5af2ff8ef185"	"bceda0f9-6f7c-4e8e-aa34-fcf4003b5ad0"
"1554fff3-19f6-45c9-84a0-3e8960a69a4d"	"f5c5d03d-90d9-43f4-ad51-f4875a32c78d"
"1554fff3-19f6-45c9-84a0-3e8960a69a4d"	"b6a9a5cb-022d-4dee-87da-49b4fbc97e1c"
"e7ea3290-6f8a-4231-94a6-5a9da4861630"	"1e67c8fd-9b5e-44c0-b922-7db6b8e1faeb"
"9b654502-e936-4d6e-a0c5-a9c0ef6263d3"	"646e335e-ec1b-4fcf-a8fe-a453f34cd9b8"
"30c31e04-d3fb-4195-8904-9668359df466"	"bf578f71-17b7-4007-99b8-bfb02fcf5cd6"
"c53cad9c-19a1-4a58-92f4-e3b86ce2dd8d"	"ab4741c1-43e4-49b0-86db-484912a81082"
"827dc55e-0342-417b-a484-cf938cb39b98"	"d9646916-bddd-4615-ab15-a876faec3365"
"b716e0a6-627e-4e68-b963-d68fcaf16922"	"4db49bb1-7744-4893-b8f6-09c89588eb51"
"230503ce-38fd-4ff5-8451-9e926bf63009"	"d7762225-fc28-4985-93e3-959313ec3908"
"db837d8e-fe10-4e70-b105-efc7a6e9433d"	"cd954c9a-426d-438d-9670-e583f5884e06"
"d7d7fa01-a6a0-4263-b383-c3deeb82e612"	"3bea714f-4c19-4c79-ac5b-1e7369784c36"
"8c8f9eed-472f-470d-ae41-219d1dcde794"	"dc408677-6a5e-4f63-b1a7-24660931e02b"
"d574d581-9f8a-4ec2-8dc5-42378651dfd7"	"37aa47df-cd1b-49d7-872a-c1fa48be6cb8"
"955c6799-8e33-4156-a528-9fe1e8f9919d"	"0c60ebd1-3f57-4c80-8065-1c17fb2a0f64"
"ae914a04-2642-482d-98ef-746468e58855"	"06188a5b-7f55-4c2d-9aa8-7c2bfc26c852"
"1a9b3bb3-bac3-4b4d-9650-ab5fe4fe5ac3"	"fdb48ecf-d63e-448a-a7c5-b56004e4c30e"
"f70c854d-c5a6-4432-9533-b3653aeffeb0"	"c23a2dc2-b77a-43c7-a385-7ee69ae97b25"
"c58ff69b-0334-465d-9258-d861557e18ff"	"f14ca2b4-0244-4cab-bd03-386dd43d7969"
"7fed46d0-84fb-4f2f-9d5a-aa6a45530b6c"	"203dd33e-f66d-4530-9cf9-3f57179e8f53"
"98814c78-2ecc-4786-8ac6-067863ec6d4a"	"85df7681-8906-43da-b988-42e4b5e71d9d"
"8f97de17-3437-4e3d-847b-8a0e4c0ea5e1"	"e8f6d848-0517-41a2-b432-12a505b28470"
"4811b40a-b6b3-4a53-8bb4-4eb72d2d60d2"	"edac5e8b-86bb-4a11-b2aa-4806702f2005"
"bd0bfd34-95e3-445a-a299-944d7ca9ac79"	"a184ddb2-8981-4951-a5fe-4a287a9b447c"
"a93ad8fb-5fdb-49bc-9311-cf4e742359a6"	"4f850139-bfb8-4853-b6eb-afb077b1fbff"
"72f2fc4e-1572-4b86-a00d-bca19cebf2c0"	"06485beb-a9bc-4fcb-9e5a-98eb01d538d0"
"a39ba54a-6db6-4d4f-a8c2-89a9a4eefb1a"	"e293e067-2c39-4132-ba88-8ac13430bf26"
"882d50fa-3e98-4127-803f-7d75604a6bdf"	"7e8be956-bb48-4c41-9857-70e2c666fa6b"
"ad82932c-26a2-41c6-9f08-8cee981d2924"	"154fcdb7-8b83-415e-9059-fab76d0d2a90"
"c65dd77b-4bc7-4be3-b82a-f0a57fdc7cfd"	"623ee455-167f-45b7-95cf-06b123639a73"
"a0ab70e3-7df6-4f67-abfb-e674ff2889f6"	"ef2cd371-db4b-4d53-aebb-0d0f93bf3ffe"
"56964bf7-b759-484d-9d2e-2003f50c6b65"	"dd9ce334-a002-4eaf-89fc-c81d32f71c1d"
"b2b7bca5-6f31-4e34-a0a0-49c60da36efb"	"0d514b1c-ae9c-4674-87c6-679d9c866553"
"8326ae33-2075-473b-a166-6b999a20bd2e"	"6bb1e054-68b2-48b5-a3f8-a105ac6e4422"
"c2e4427e-ce8c-452d-a500-e6e379a7efd7"	"b13f11e7-6da3-4f31-8be4-ed179b4036f6"
"276e9f64-65e4-49be-a18c-60919eb244df"	"946973b8-9e77-45d8-acce-a5c08d92476f"
"1c71b98c-5c8f-4f23-9b35-745455baad71"	"11576038-6165-445e-bdc4-678e5e2e3513"
"9618d815-df26-48b0-966c-d65e3f07798c"	"5674b9f5-b662-4352-9824-72d5803850c4"
"0d9a9c67-d4ad-4017-9674-2938f3b961c2"	"48d3228c-b137-4dec-a40d-e2a1b339f084"
"5840e0e3-af63-4a21-9ec2-d5aee959b78d"	"dae4a63a-bdce-40d3-b01d-58b564b0acfe"
"c1ce8be4-5d3f-42d7-920b-df5c0eed826e"	"c36f04d0-4f73-4cd2-be8c-2c10d22272db"
"e6d9e6d7-2d16-4d2f-bfd8-0b27d4fdc1e9"	"5e642f15-9ad0-441e-a5ed-9aedf7b542fa"
"2693748b-8223-46f9-ae08-c18cb1295dee"	"e1f0681b-9421-4e12-a78d-6624946cd31d"
"948c0647-859b-483e-8622-b8d2615f59ff"	"c43d226b-d96d-4438-8455-3a45e76c93d5"
"f5919a18-3812-42e2-bf22-9ef806321602"	"c7bf48c9-0854-40db-92e2-8905bc4454a9"
"fe9295f3-4981-4c19-8131-80f75e2b4025"	"6cf0a9e5-3dc8-446d-b646-3079840cbf87"
"c2135c55-26e4-47c6-a70a-221c2303664c"	"5946126b-8a5e-4b73-a96b-7f263ac8fec1"
"e647f3e1-cab9-4d6b-a014-be3c4bf6f91b"	"fd79633c-021c-4a2a-877a-f64ee10695ef"
"24ff9c2b-8142-4b90-917a-c335651b76c8"	"9cbbf26e-67ef-4e00-add0-41976458ed5a"
"13b926f3-1011-492b-806b-d3983b4b155f"	"2f54f148-3014-430f-9d6c-ab2cd821479e"
"ab6f5b7e-1b51-44c9-b31d-694d9a66e855"	"1c2eb63c-f131-4b7d-bb65-c5d1ab3ed9e8"
"37b78c49-1887-4fa9-bf48-90356a129787"	"984efeca-8e25-4260-8c18-59190986fb85"
"4c7049f8-cf05-42fc-a665-44bb6f807436"	"f79afd77-859f-410d-84b6-eacf6432fcf8"
"994af7fb-21e8-4ea0-b81e-134d92649500"	"f83fd1de-dc57-450a-8306-8ab2d99801e1"
"8d1a9c8a-a6b6-4f12-a54c-7b4937363bc4"	"80e8a86e-a580-4b79-9671-4c5c437fe8fd"
"98954c2d-94e8-4a6f-bb21-92029efb1123"	"cb9fab34-cee3-473a-ab55-75ec417d616d"
"249f8a62-5093-411c-8381-be437a258f52"	"de551618-53fc-48db-abf6-19a28cdc3baf"
"59d3a3c0-5b7c-42e2-b0ae-0bb712c35430"	"51641250-fe96-413e-b15d-aa60d2418a64"
"ea9b1ee5-e471-43f9-83bf-c3729dc18333"	"e8290a99-1c9b-4970-b831-2d4e5c8ee610"
"ecfafa1a-7eec-49f5-883a-f8b783d0a5c9"	"2d7ff338-bef6-467f-987c-294e28a7ef05"
"693e44dc-86e6-4ebe-96b8-b4868b51e1e8"	"2ac04e53-5545-433c-a97b-623c6f0c5a43"
"b1b78e54-9c78-4eff-863c-caa3ae4367e2"	"c10ca14b-5638-40ed-8d9c-5bd5c0d7f6af"
"a0f401a8-fddb-40c8-84c7-ced504819eee"	"e6138a14-e06d-48d5-a77e-0ee549aaf30b"
"fde783b5-9c6b-4c5f-8b42-330fdfb71df4"	"1a9adf7e-37ef-4ac1-a6a1-a76aa1bc0d41"
"dffe4d33-3105-4a4d-b577-e041df50f6d2"	"e8399227-24b2-46e2-86cc-7966046d40c0"
"9b090fe5-f723-48b8-8946-d97bbcf041dd"	"9d8ec60e-6d38-4874-bf93-7b976f26ecc4"
"04629cab-0c47-4105-82d5-4d635a2b28ea"	"f4e64e45-a1c2-4ca8-9772-8d999869739c"
"be922c7e-9c95-495e-bed7-078be6aeea6e"	"0986fdc4-5d7b-440b-837f-fa834b3c913a"
"c251b212-4fd8-4279-a9e4-329704efd7a9"	"8fcdccb5-3359-4f41-a4b0-32c3113db525"
"3d9c22b4-d7f5-43e5-a698-89807fc79df6"	"2873d7a0-f94c-4ed4-b473-e37c1050da1c"
"9434eb75-41fa-445e-9393-c69dd443531c"	"b5b5ed7b-7c97-41f2-88ab-d4f9c77cb4a7"
"1d43998c-9927-4754-80e1-9c93f704226a"	"a5123d5e-5e07-4ebf-a185-2832fe35643d"
"bf5365b9-178a-4a92-bc9a-bc25ade8df91"	"ed1f6aa7-3ed8-4704-aa8d-b6d000a04a6d"
"bd13f334-bb5a-43fd-a1ff-7a08c74c8b9b"	"de071939-57cd-401b-9649-921a1d692aad"
"ac4d1201-1662-459d-8a87-90d50956f9d1"	"80b5c084-8dda-4892-9666-f410484f3369"
"29e436ae-e180-44d2-8658-09d89978e8d4"	"8c944e2d-1cea-4293-ac7d-1ef657190d85"
"36713703-9d7b-4216-a29e-def78f5a8601"	"00829d21-14be-4057-a8dc-d461e047b068"
"18e94a7e-91a5-4ea3-b3f0-7d7dd3446677"	"fa34c207-c25b-412a-aff4-4ed20154841c"
"a2e5276a-5120-498e-acf0-c0f12ee1c654"	"bc9e9c00-5af3-4c22-ae25-dc901879e51b"
"91c0fb9d-da94-436d-8a7d-e77f857db085"	"b0443a7a-39f5-4118-a40d-218586ad3552"
"03eb259d-6bcd-4d78-a9e3-10325abe4e90"	"c56e4aed-ca61-461c-95c8-85a4a7fd4bac"
"fcf2c360-77aa-4023-a4d4-2b29378b9e75"	"d3ce9386-6e1c-49e2-8feb-2571e2cc041b"
"61ea621f-2868-40f9-a5a8-f66a0819a47a"	"ddca1b89-ed38-477a-aeec-f6c66486bcf7"
"8f8ab6ed-f7e4-41d1-9142-a3f301572e08"	"89e1e698-79e2-446f-bd6d-ef885a2737a9"
"47bfba7f-e854-44e8-a202-086505bd5e2f"	"1631368b-7365-4962-9e94-01cb17644e44"
"25aec9e1-0922-498e-aefb-c9f8305637a8"	"9bd8396a-7015-48fe-8fe7-b3fd9354f19e"
"33d52a05-58cf-4aea-91b1-e54b690902f5"	"3e68c5c1-6fbd-4f54-9d13-08be3f6538c5"
"bbcbad59-c683-45b0-8e50-03d5192e22f1"	"4e02efae-7912-4b74-bad6-96566f14a000"
"748db20e-146c-47b1-9571-87e0cf6d612e"	"281a8a5a-4c8e-4b1b-9957-dad034a159fe"
"ee87e2e4-f8d9-4de4-bcfc-01c6745c8c2b"	"5d8d1e15-af76-4a49-a44c-77847b4bdb30"
"bac17082-f9b7-462c-9722-a6b28c6833e7"	"cd2e6e63-7a61-4dd0-9c22-5248a550504b"
"48f6e03f-3322-4ef4-8cb8-c23d77fcbee7"	"57258886-6fe7-4cd8-8f75-a14629f585e3"
"918bfb9f-07aa-467b-9aac-41c4b5233524"	"d9f50e3e-86b2-44d5-86bd-bdc51814e947"
"9179b27a-bff5-4f27-a838-8a1ca1600296"	"670f292d-a631-467a-a8a5-d8a3240a5627"
"be5fefd6-69c3-4f60-a756-865e74f4a209"	"b4a6a4b8-9f22-4ae3-a2cd-a82a83d5f872"
"378120b3-bdd0-45bc-ae29-4e32aadca47a"	"01827a45-2fb0-47a4-8b85-813d82ba3d99"
"a6b5f96e-90c5-460f-9993-9c5080de59d7"	"fd899691-4d28-4d03-9e04-d4f2a922a97a"
"1f726fb8-bdb9-4e09-a249-beb4fe6bd09c"	"1f1b2200-b850-4764-a2d0-12c592ac148b"
"371e5337-7ed7-4f87-8c92-de60c8d04ac6"	"951f4407-3b77-4fe8-8270-13384f11fd98"
"268aa321-3f05-4dd2-8a2d-31f28fe2a74d"	"b1cb9f7a-3fb1-4721-aa5a-3183036c6551"
"782b300a-c4d6-486c-84ea-e7c5d036fbb7"	"72f1c930-c3c4-4979-8557-9729a77685c9"
"80c701ab-9cc2-4d1d-a84a-cc580818bdc4"	"3a25512a-719e-49b7-8c9a-1fba5cfe34c8"
"bdf70b92-e34a-443d-9fc9-4d9cbb8ac444"	"af8386a7-fd67-49c9-864c-99d31e72191a"
"24b9605f-dd67-47df-9828-6847ae4179a9"	"4fc3844d-2436-428d-b485-b0838e44cc46"
"40d27d62-af74-48fa-9d53-5db8d7c29964"	"f2e12717-7001-44c9-8401-fef6a17ad770"
"56e6c700-e738-4fcf-8a87-13097a9928f1"	"fd1c3866-3800-48c7-92a3-8c3a7fbcf646"
"ae2e13a3-53d9-4dcb-aede-661ddb617c0c"	"aefc7452-599f-4a75-b5e1-930c99c955fb"
"e3c7fd9d-4ca0-4dcb-a6f4-68a8b6701104"	"a4fc2b50-1b8f-481d-b179-265559b22da0"
"d2d3b5df-d674-4c66-9127-90c1f64bd8ec"	"49d58994-b94d-4979-adb6-3dde4a2c3c1a"
"b71bfe56-57f2-4efa-a81d-08347e33cedf"	"40f4ff8b-187e-4a9b-97e7-84ec5b85d07f"
"cba2e0e0-0c9c-499e-8f03-cf8a87e859af"	"c6e56cd1-9fbd-4cfe-afba-0218e4b33829"
"50b05c2a-6399-4a91-b023-cd2f37f22a4a"	"33424ebc-f05f-4167-9f1e-7082419b11cf"
"4f30e980-cdfb-4562-a827-a25baba3d776"	"d9a43481-7637-4443-a548-748490fa32d8"
"2a4be8c7-6759-443f-96d0-fbc74685f6e5"	"b9872e2e-71c3-47ef-a4df-a209caee369f"
"f88afb8e-f2ae-47e1-b26a-8b03c8e58bbc"	"46b34b80-72b5-4f89-947e-01a559198a08"
"b9098727-6ac3-417a-bbcb-88e005261852"	"c0f6bede-7296-48f1-a7c3-01a8584b3119"
"3d2c483f-2b20-4086-8336-5616a9f1c40a"	"22ffd898-90c4-423b-949d-57fc6493a578"
"89013c35-93ca-4cfe-871c-fceeab21b0de"	"76a12e5d-1709-43fa-ba18-99a9273e95df"
"a39ad25b-a8cb-4cf9-a36c-e500c1d9722e"	"8d6e66d6-f879-4238-a188-e9fffee0c959"
"2050f18f-0a75-4062-9c54-6af41dd04403"	"f795485a-fc67-44de-b486-e4ae426b86c4"
"166b27ae-f586-426d-895a-bca273a1ddc0"	"033aaeed-93b5-4d35-b895-c2c4d97af02a"
"1cc7e0fe-9600-4380-a09f-439cbcbc0f58"	"37e2b893-12e6-4e43-84a5-b0956d2a12a7"
"c8cadf2d-d71c-4fdc-b604-96bf3262aab2"	"02a021d2-7ee9-4a33-b4e6-2feaa1184191"
"6184f4f1-de81-494e-bc42-1139eda7d2f3"	"def3f0b2-debe-431f-8bbf-9793e96a9d97"
"73ced822-2179-4da8-b833-9d1f2004e4f9"	"7f97690d-694b-49d6-9f24-67e482bf68eb"
"b6c25b78-218c-47dd-91f5-13798978e3b3"	"f76e7ad3-f72c-4958-b15f-70d16292c464"
"70c6c296-1ee3-4a38-aef6-a12f601ee590"	"da44190a-ef73-479e-b637-5b5fcdad23c6"
"65802c3d-3cb1-44d9-91e7-a48d05356f8e"	"99d85d28-644e-4bd6-8ad1-f3b2c13d7fc0"
"7879e702-4a94-472c-83e5-dedf69669f7f"	"43a5d574-4e58-4361-ad01-95a2331f8c6e"
"561eafb2-2f0d-47aa-bace-c31c3d51ec3f"	"d98ea1a4-ece4-4c8a-ab5f-9e8bcb3772fc"
"ce415599-8d89-47d8-84e0-d3af22c76203"	"a8d77837-3744-4d8f-aca7-e6e291823a79"
"88d82b45-78fc-4dc9-baed-fd1bd6982b67"	"a17ae5b7-1ae7-4765-992c-2c146ad30b28"
"a46341e5-5562-487d-9083-87b44796333e"	"1a0e0649-39ae-46cc-93ff-c299b1f9aaed"
"14b9ae2e-20b7-4115-9d7c-56676beeeafa"	"fb9a71bd-ec0e-4aea-952a-eb78a9682a1a"
"7b9ce218-f204-48b7-aafb-9a638efc5f5c"	"60325998-cc97-46c5-a7f6-47adf90c252f"
"83477a88-459a-4415-a289-d8feb8b5896e"	"7bb9d8ab-f9f6-4c62-851e-8817d164f497"
"c9f0fac5-21bd-4149-9760-367a8bb8701e"	"7f961278-42ee-41fd-a7bc-2811ee4dc798"
"35d3b1f7-f1f6-40ad-a3be-01198283153d"	"a39f993a-bbd4-4698-a5af-0c35e3078fd2"
"14fed927-b074-43c9-823a-7a01f9a9eb2c"	"e21dec7d-e4af-49ac-b594-b528b8945cfc"
"85fc6a00-7e37-43d5-ade2-390742343a54"	"c074cc51-e707-4f19-85cf-9a5e7ff876f7"
"b3ac1e21-4b10-46fd-ab70-9d22b41a04c4"	"072f3708-c28f-4722-a8d1-bcce14184c39"
"d30fcae2-b178-410d-a1ca-87b2d159b3b5"	"8d66e755-9763-4041-ae95-2916f1d892be"
"7c696dac-8092-40a3-94f1-0b300bc40203"	"a82c0f8b-e7b5-4188-8373-3f9fcd29e933"
"037987b2-29f0-4902-83e1-31325e5a9da7"	"43f97386-0760-41a6-b0d6-e843b8803631"
"f6fb1118-c1fd-445a-8f4b-9f9008833a16"	"31d8f8b7-a880-4c89-8eaa-3cad4b0dda14"
"7d139f05-8126-4d20-b70f-9d6f2c13a36b"	"fadc3d6a-49f8-41ea-8289-0f110785c75c"
"ec6f3a7f-4bf1-49e9-9842-2bcd78fd6360"	"fe1ed3f2-2f94-4a3b-a158-75926ae2f6c7"
"565c7918-1a2c-44fe-8c18-42e7dd3c68fc"	"1d0eeca6-ad22-4819-b30a-774b848a060a"
"e11731c3-872e-44e3-bcfb-cfc6a5b5c2d7"	"4f564871-3056-45f1-9a84-b2f75c20c666"
"b67556f9-92b6-445d-a747-36ef42dfeca1"	"9f9aae89-93fa-4de3-b022-131d22afac28"
"e5c1e085-3dbe-477d-8ce5-c315109a1d9e"	"ad000f62-ada2-4b5b-bbbf-71c672184199"
"df55f95f-dbae-46a4-b43a-3c2b29b65e66"	"a6cf63a2-b2e8-4711-94ce-32e8003e0c87"
"55e398e2-4c09-4316-9aff-c646dbc80f45"	"d1a0dd15-1725-43bc-932c-871bdcc82ea8"
"8f5729ca-7f7a-4ea5-85a8-e29dd39420a1"	"7a558eec-f76a-4ff2-b191-bb4ea2017518"
"053bca1e-dba6-4bbd-a113-138a370f286f"	"2c7a5afe-06dd-4a83-b29c-da5c4505e461"
"ebe76ccd-2ac1-45a1-a11e-b6486d2a4037"	"04537047-7b25-40b4-bd2a-f01053688fdd"
"dbcda1cc-bfcf-4bc8-952e-081cf8a0e8b4"	"0ba4ef2c-048b-4e36-a9d5-dadc47f5876c"
"563d0bbd-2fe4-47a4-aacc-0e80152b8448"	"ad98c89c-a88c-4374-9541-043fac4067cf"
"06b152cb-1611-4d81-ac2d-3c4af43dfb55"	"4398a198-95a2-4940-a9c1-90fd4651ca57"
"75f51efc-2eed-4c74-94de-d3ef1587b1eb"	"22fd9f66-0a17-47bb-aa72-94323694b9ac"
"b5fe040b-22c1-4ce9-849a-046ad2712835"	"836d12ca-993d-4f63-a1fc-4d1e856d4ed1"
"888a8f4f-b804-4ec7-8989-e6a2a1705b3c"	"1da3cf85-52bd-4a6f-bd8e-fa541db0d1b3"
"10404bbc-a902-4cff-9115-a1efaba888b1"	"f647f49c-364e-4bf0-b42b-e2d4e1bfad08"
"b2453a7f-868d-4904-a6cf-3d543b3c7a28"	"911a138c-3d9c-4952-8520-e6f3a8837848"
"4f64982f-6f16-4cc7-93db-729ae56079d6"	"42214612-5cee-4f54-a8e1-343c52a34929"
"2de1f518-aaa4-4244-b1ba-a4a5b6f7437b"	"be0e0502-c795-4628-a484-5b3a9df2f401"
"64ac7d15-726d-4040-b352-5ba7645bc41b"	"eb2af3db-a9a0-4e1e-853b-807938717631"
"4b776205-d272-4314-bd5b-c07ef6789a4b"	"6cf4ea08-1f2b-4f1d-89b1-472c49a3a7be"
"25306670-3d7e-4acf-aa6e-1fa3aa36f366"	"b11e8bf0-e9e9-4696-9a5f-b3d3113ae529"
"6bde0594-d103-4ee9-88c7-f95f924a2361"	"aaaac2a9-9436-46ae-84a3-890d15b3a816"
"795ebca3-4543-49e5-9eef-8eef816f5f67"	"26a7e7c7-d5d0-4f42-bd6d-1bd2f7e64f2f"
"1cafe0c5-e3d7-4524-9471-61b32c2dc801"	"bd160701-623b-4ea6-b2f4-d69e7b19e4af"
"af422514-d2d8-4932-90e5-6bc033f40f62"	"c3981328-4539-4376-97bb-29dfd4645f72"
"9fb3f39f-e6a3-4c8f-9bff-4ca2b4a57886"	"06a73be2-58ad-4fe0-a268-39c15a935e22"
"4e12ee05-96ae-4fa9-8079-abdee399d1c9"	"1c265519-5391-4edf-9b03-b4329539cf5d"
"d58b8437-60b9-484d-be44-d9d5e7fd7d5d"	"247e516e-5973-4f5c-bf34-aded1c93ef3b"
"5ef24e05-d283-4947-81c1-3a2f17df74ae"	"c6870ac2-de18-499c-ac69-e5729f67ebb9"
"16685a56-304b-4984-a8d5-f2d29b75e5a3"	"4d112374-ddfc-4591-a3b8-256081055a6f"
"509aad12-f378-4185-86af-903e25177e49"	"042d8765-9334-47f8-971a-f263ec32f1d0"
"38902325-4ca4-4c31-ab09-32276de37792"	"f57f30c5-6161-409b-9f98-42417041c934"
"9c91ac2d-297d-4574-9789-ec46fda04d89"	"c052a0cf-23dc-4071-a3dd-d6d00723af75"
"0337b8d6-31aa-4cb8-8463-ee720963065b"	"da95f0f0-6f32-4fc4-91cc-a5e7015ff3d0"
"25e8050f-b12a-4fd0-ab35-89ba9a0b63fb"	"cc46d959-4569-4901-8fad-964c87ef3be1"
"b0924dda-d544-423b-b479-184b9335f207"	"33e5b0e6-2a12-46ae-93e2-00250f877ee3"
"9ba0a4c9-2d2b-4392-af2b-3582d5614359"	"7c8feb34-3e02-4432-be85-6a85a955f10e"
"d188be83-2a12-47f6-848e-51153286c59d"	"7a08eb2b-6a44-4b09-8391-942ca88c5ea6"
"432f5957-86e4-46fc-a650-415a050e4c6d"	"bc594a80-a6dc-4504-adcf-2b66b874197a"
"47955fdd-aa80-4978-a69f-d66b36669c07"	"283e7838-d05c-4ab6-8812-f8713953536d"
"0f1055bf-51b0-4e72-9422-af592880a811"	"bd17996c-6063-4f9b-9e77-406faa5721b9"
"8ae8a0eb-08d9-418c-8180-6093b7ff09b8"	"dd67e945-c876-4603-ad8c-ea92336a4b7b"
"f02085a0-ad04-49c0-8fed-e7b68d7f0243"	"cefa7be6-c874-4eb0-a4b4-04b27577ee17"
"e1c981ac-4c4b-471c-a7c5-4691b569d810"	"4fab0818-8312-4340-8fdd-aaaf47538ef8"
"bd73e8b0-c1ec-4500-b178-fa34c5b2ef9e"	"25706d95-ba5d-49de-93a9-f69ffe0661b8"
"d70632dd-0fbf-4ffa-9697-2aca8a717717"	"3951a2e3-1840-4846-901d-850fee330c69"
"87933203-8880-42e7-a5eb-66da95d40b7d"	"dce42a54-9901-4404-9a47-93cc3adafc3a"
"c765529d-c5b0-4e1b-a82c-08db55730954"	"6ce76305-3809-4d99-b5ef-475cd087b003"
"0dc4ae07-f467-408d-9dd5-4576dd2c2668"	"1620f7e7-c7f2-4948-9206-3e5e9990a939"
"24288523-31d1-4978-9e07-6099f6b86ad3"	"80ad057d-a926-43e6-a078-ae5b5b6c5f0f"
"1f72561d-1a27-4a93-97d2-b876583bee88"	"7c7ee1b1-0d43-4c9e-ab71-95e829918e75"
"8407855b-868c-4042-a4f5-5c0111349d33"	"0c0b83b5-3e13-48fd-9f64-c490481cf6f1"
"3a7bc0ea-15df-4295-9529-08906c81ec45"	"e6072399-c755-4327-a6da-a80b54fc92c3"
"452fb67c-328f-4b39-aa35-51631721c7ec"	"3b8dd324-d973-4e67-a946-ee22c471ab2e"
"57904c1b-7e2f-4d6b-b1cc-1e65f4df1650"	"bed1a80d-25e5-48d6-8b4c-a0c8dbfe82af"
"a3de29a9-0f8a-4262-a04c-500d9d0a1c54"	"e8a70a67-a9aa-4c8b-8159-1a1f5aa4db04"
"1e015c0b-a1ad-49cf-a86a-bf8580b61986"	"3e9926a7-00db-4f53-be69-3d0f76a2fca3"
"e33efbb4-b763-4847-a025-9d79c7835f04"	"2e3e3cb8-0833-4b9f-a49d-2e50e05e84ad"
"70c563c7-b3ad-49e2-9380-20bdc7fa1089"	"165c36c8-abbf-451d-98b8-8eb7f1fc9dc9"
"a78b592d-0a98-4a05-af9d-f16064f9fa49"	"1e94b250-4b46-490f-8c67-913abc0b7068"
"1da30f56-3fa7-4efa-8bb6-37a001f05210"	"61296dad-0507-4c33-b290-c6f7efe94b14"
"f66bab30-8a04-486f-948c-24acd8cdb5c9"	"b96670b5-e4da-4273-affe-8a7964d46dfb"
"2ba29b88-73fa-43e6-a9c8-a167cc07d68f"	"d3ccbb9c-e777-407b-9a97-7d80f26365ba"
"d093f0a0-d768-4ef7-b4a3-fb74011dc216"	"40c4847b-be2b-4ed4-b487-074064d792d8"
"416c8a8c-e098-4bf7-96e2-a329817aff21"	"9cd11580-dd02-4f40-b5b5-509e640aa29e"
"ec9ab80e-e1b2-4d00-b19d-e8a7a8860432"	"ac800a66-6c8e-4d4f-945b-daac2ede5e22"
"c39486f8-a28f-4e55-9cf1-1c8655574a80"	"91d46be6-4f95-46ab-9998-d7625e8a3d56"
"d6d40f18-e7c2-40ec-bc2b-62e91385955c"	"99364bfb-863e-4e0e-83d7-c9ca5263db11"
"a9b908c9-afa1-4375-bdaf-100610a871e7"	"f4b529db-f2b8-45f0-8fac-e402c817e32b"
"821cce30-3b14-4016-8b5e-0956df090b2a"	"88417ea1-8b16-490b-9378-30d438d8e32d"
"79ff4aec-7a83-44e4-bf38-d7ee28eb0a30"	"e916276c-6419-4e93-8e94-f62b226911c8"
"373a5ee5-0565-4924-8e0d-f4ea88009596"	"15943e38-3d63-4935-a1c1-2a6bd80780cd"
"53049c95-98bd-4721-ba84-e190015b4ed3"	"53a44dfa-e2d5-4dcb-bf6c-81607e511664"
"bf3e115b-1c8d-4b2a-ba7f-8385c31710d6"	"5749ba48-9e83-4f9a-9a91-d2580773e23f"
"fbab4b19-fd4c-43b3-a8f0-80b1add0f389"	"246f3460-697e-453f-bfa3-c8a0fc7c7ceb"
"d0f16bd9-0cf2-4270-ab7e-719838f652f7"	"0d81dedf-655d-45cc-96ab-cbe8bb40dbb2"
"8a86774f-8662-4ab4-ac9a-36f2c4653d36"	"2b880ec8-185b-4d6c-8a1f-062dfdf3c404"
"c34a3c47-04db-4828-aba0-9c3277f65ba5"	"2683d2b8-f182-4d64-a348-c8e0ef5ea12c"
"403f2eb7-2823-4bd4-8151-e1e37bab044b"	"456c2c6e-90d3-4d94-981e-0ce12b3b7509"
"ff65c865-1b71-41a2-980f-1d2f6bd12f10"	"a231e744-d155-438c-8622-433416248a8c"
"6ab9b60d-17b6-42df-a693-b46c3937c709"	"6ee5c331-fc1a-4d8c-ad45-02394a79f2bf"
"cad598bd-ef53-4dd3-996e-262825e55eb1"	"0aa9360b-cd63-4276-9f91-a68a51b11298"
"bb39dacb-7cd3-49bc-9c0d-4d153409cde7"	"53693430-1340-4a97-94ca-a18ebe1407d0"
"fc72f28b-8790-485a-b3d1-3e7dbad04ea4"	"55bf97dc-fb00-40e8-8331-10a6ada2eb2e"
"4cf43dea-9166-4c42-8ef9-c1d6edf58bb1"	"560b31e4-8f91-4662-aeb7-34b18596cc46"
"0e0eb470-ad0b-4059-83ed-2b470a64f175"	"673c51d3-20b4-401a-a4bc-36e33e6d948a"
"44d54f1a-4663-4c08-8b25-9fb49f531053"	"39147739-42bf-43fc-bff8-48f23f01d903"
"9adc89a4-3276-4114-8964-b59c40b249cc"	"1ef31324-2351-40f8-978f-b9b030aeb849"
"75fd1a09-8f2a-4bde-a392-6003ae8abf6f"	"f8e2c13f-12e9-4aa5-b626-69be1af7d517"
"b3c1ebc4-4a62-46cf-ad00-c85f7f36e6c1"	"bb38c71a-d7a2-4a8a-9eac-716aadd1a977"
"21de604c-3e1a-49c6-b0fb-9430ee55a917"	"da2825a2-122a-4cfd-a768-72b9f5fcbf48"
"45be7925-24a1-47a9-9ee9-6d8179f2b976"	"283aa44b-792f-45ea-817c-194463e39ca0"
"3d6df730-a870-44a9-bce7-a6b1419ac5ce"	"48a274b5-931e-4497-ab07-744e1c992758"
"73fc99e8-4468-4f2a-a932-0229e9d8690e"	"2891ace9-e52c-47ff-be40-39e96fc8f51c"
"9199bb6d-6836-4716-9a4d-dc529f4aa83d"	"de8dca27-57e2-4f10-9c0e-b88099a3abef"
"29532de5-f269-4a6c-bae8-efc48b020360"	"a8383e3a-b654-49ba-909a-efce6342dfd7"
"a8037948-3234-4a10-88fa-a3e70fe949ad"	"a91a589b-0fc4-442d-bd7c-d2f6dfebe7b0"
"3fba265a-f09b-4239-9898-3c7fe0730795"	"f67a8668-1bba-44fd-96f4-f7cc54f9d915"
"1b672fe1-a5ac-450e-83cd-67469c7d5697"	"cf19b0ff-2d69-433d-84f6-66498661854f"
"5d28200e-cf9d-41df-a2ed-d43abb707dea"	"a4d032f9-c177-4c74-9284-832fe4ce1d41"
"1deb475e-22ec-4d49-aad9-20d19b2af9c5"	"c2b88e69-fdd2-4c99-b247-dd897ca7bc47"
"91cc63bb-5dd8-4944-abb5-a6abc32c8181"	"cd983fd2-d905-49c8-a353-246fa12baf05"
"9eebb498-8e66-4890-bdf8-0613087e7ecc"	"d93055a4-a3ff-48bf-82e4-5da09c7ef9ee"
"be07812f-9fa8-4cf1-b612-f41712e55069"	"34e8a1a8-1960-45f9-8fcc-c580b7579e3e"
"b99983dc-2b39-4ea8-a6ee-944757243d7c"	"4cc0a332-17cd-4931-bae2-76b5fe254d8e"
"a2c551d6-88ee-48c2-b94c-f787fb0c7d84"	"126b15de-1a4e-42c7-a6f6-00ab5cfaf8ba"
"c508f767-0b12-478d-8f0b-07a5d0120826"	"401459e9-c2cd-467a-b752-b7fad48794d8"
"35608a80-cfcc-40e1-b33c-6f7939eeb4b7"	"80046511-63dc-444f-90de-88a3f2a10fb8"
"bb7e73c5-f56a-468e-adac-a923a0ea03e8"	"be3f007e-6cf8-4fc4-a6e7-70af201dfa37"
"671ce228-b142-457d-92bd-f9614bc91e80"	"a14c08f0-e651-4d47-bf22-94504aae0f6d"
"c17a247d-2340-40ad-a4cd-d43d0b33acb2"	"1e6d0db8-244f-4b5b-97a7-ab708d22ced7"
"3a015852-b328-4869-a2c1-25b126b6a7fa"	"ce03ed74-e992-416e-8a5c-c3a6f959d8c3"
"807ad699-88a0-4648-9e35-da35181e4ba1"	"efff411b-9907-4714-922f-cde0726cd00a"
"0d66abac-cd77-49ca-a14e-5d0a405b4c14"	"f535c915-83e0-4027-8321-a4b25b5da245"
"400ccd8b-3f2f-42cb-b929-415205a58f71"	"d73b7125-e244-4335-9bd8-1a275888a9dd"
"b0c9d4ce-1554-48ff-8a0c-47902080971c"	"17352fb6-17f2-4320-a733-7fe260417c4b"
"16c20537-dba4-4f19-838a-c90781fc635c"	"a341a87a-8995-42aa-a6de-4751094483aa"
"c392d082-8a3e-452c-b0de-b7c4b2641c1a"	"2ebd078c-d69b-4b48-a49c-acf532fa69c6"
"9182a7db-8047-4003-b4e0-79c7491a9942"	"da6a09cf-d39c-4700-92ba-ecaaacc1c3f2"
"684568e5-6cfe-412b-bc90-85a39ad4a28a"	"67bc8a3c-1e0f-4c35-81b5-8e068025ae18"
"a02c6cc1-93f5-49b6-b1eb-d250b180ffab"	"4b3d1930-56ee-4bf0-b819-b11a4e4ada7c"
"789d328a-7858-4e5b-8aa2-537603fff6f7"	"a789a3e6-5400-4d42-9e49-d11d76b22775"
"88cb3082-1f32-4034-a9eb-207f1280b872"	"1c46f7c3-9158-4199-b997-cb314d0ec6fd"
"9cfe7bbf-aca0-46de-a79b-5212999de83c"	"c4d39c67-54f9-4020-962e-9527a1add08c"
"ce658baa-0a41-423e-b60b-b39505e5df3c"	"8b810117-6863-4517-bcb1-e766ffc1aec8"
"c614b57b-bd3c-4512-bf05-303fd191b26b"	"0c5f0b5f-0a0f-4257-9dee-42aeea94a312"
"c64aad2a-d997-443b-bb6e-f649d4303482"	"aa8718ce-5f89-482e-a1e5-94ca41857996"
"a22b9831-a88e-4ae7-9ccf-ce922eae3ae1"	"0aff47f3-d9d9-496a-88ca-132d0a768a63"
"a91248e9-f4b3-44d1-942f-430ec3ca7b54"	"63cdd7d6-7749-46a4-864e-7351b37cf395"
"52f1ab1e-ab78-4d1c-a686-4e4653d65ecb"	"78990143-70c6-4722-bb7b-7067b44087b8"
"239a1a9f-b8ab-41a7-9b15-ee1f03a6cba8"	"be6f8d08-142a-4e95-ad55-ad3c07da8c19"
"2c2ad8a5-d036-486d-a5e2-fc443f67d1a3"	"471cc66f-f48a-451e-98d5-0ed3a690380d"
"29bafaf5-ae3e-4a05-a64a-75679c3e7859"	"faf70438-4339-4949-b4f0-86c62a3a0103"
"c0434550-3eec-440e-b6ec-e03cbce8660b"	"ecfb36f0-8619-423f-896e-b46785948ed8"
"2b90168a-6e43-4cc5-834f-45c51eb58785"	"80ae4a8c-bdb3-4771-a5da-5bc7c375bb4c"
"ae375082-9274-4c90-bfa0-0d2c6c283955"	"5dac6454-84fe-4248-a7f7-c8f5b04b15c3"
"8da66b31-ede3-4586-8b34-dd687e0a0d7e"	"5e2e95c4-3c81-4442-974c-1d47e2ebc293"
"69cf3c27-f9b8-4234-b5f3-b26b1274c669"	"ddc9aeff-51c6-428e-8847-8fb2d0ec7a0e"
"c13c962b-7775-4db1-a314-975185aaa950"	"42eb2b13-9550-4061-8f10-ea391e8e4e5a"
"85dfb166-9818-4a90-9fd9-a960aecb3a4b"	"48060505-ddc1-4cc4-8bd6-1612c5094870"
"b219e851-6b1f-418e-a09e-4b073cd0d2af"	"c80fc0b5-339c-4b3e-8dbe-713bd27e7655"
"b937512d-54ed-4495-baa6-d47ba5cdb3b7"	"8d80fdbf-6ea7-4d0a-93ad-1abff59168e7"
"f977a624-1e6b-4dc1-ba53-6f23d208f774"	"73eb28d7-7bd2-427d-8554-96ce1ae082d7"
"f0437763-466f-4bcd-8d85-e53f1f597dd8"	"1f127c03-9fe4-4c6c-8f2d-8cf986a99873"
"73f16e81-b286-4254-9d6b-c3844aaf6527"	"6e7db8da-e003-40ee-aa9e-06011223250b"
"70fac16c-bd76-4f4a-a2d9-67268eff7fe9"	"5928b491-548b-4776-b955-6a4e5e709c5b"
"d70898f1-f591-4dfd-9857-ed2cfde475f3"	"867f406f-14ff-42ef-b15f-876b96bee511"
"0aa5a731-7f6d-49ab-8c6d-e02eb7372bb7"	"aca0ee68-bd21-4617-888b-12b5b96feed8"
"3fea27f4-9e81-437b-a676-2311400f4ab2"	"f4a12d25-1358-4933-b0f2-ef891869bef2"
"6c286af0-fb3c-4c2b-a3bb-b571952e67c3"	"03e3e9e8-30cd-4a8a-8d18-4b6b9af6b6c9"
"37e63dc7-129a-4d5f-9b8b-989883e3dab8"	"7c2a1bfc-fc51-47d0-80ae-139ae58e8557"
"976c07f3-b86e-4b69-b096-df9f79f36708"	"eee9033e-d3d9-45db-a00a-9bf86c446e6a"
"5d8965d7-c3d9-4b3a-b37d-162b97f7f823"	"fd0aecfc-72c8-48e5-9bbf-a2f878d42e0f"
"77c8ab88-9336-494e-bf55-aeea92952abe"	"872829ff-0b45-4cc5-9643-3d286e43b019"
"c9fd76d1-5b9b-4043-837f-60bf2ce5005c"	"ea13dedc-50ab-4845-96b8-54f28591afa2"
"912dd421-8a1c-4a5a-ae1e-fc03e8b99a0c"	"ff49632c-d704-4090-b1eb-e09042ab4e12"
"6f894e23-0838-45e8-b3d3-67f537467172"	"6f08cc22-8bc1-4fdd-8537-251bea79e2bc"
"a936e8aa-6e50-4ee0-85cf-d084c9dba502"	"1c1a5fb3-c9d0-4363-ae00-b7438ac154d6"
"cb8c9aa2-5013-4ccf-b0fd-2ee702e9b672"	"df2968f3-4b69-4a4f-a9e4-d5e5c9b21249"
"6b3c40fc-366b-41e3-b25c-e05ff50c97ce"	"c2e0b4ca-9ce7-4685-85c9-27054a3ba689"
"fca9bb57-9698-40a8-985e-8fd172e0e445"	"717f721b-8cd7-4228-9f1e-5f2c891e3604"
"7773eb73-409b-4e64-b0f9-edd96176587b"	"74bcc66d-7ba3-42e9-b576-1cce301aab31"
"ecf29375-4330-4546-8486-77eeb9b547d0"	"0219d0b1-bb90-4a4d-ac87-93e6af8a6a5c"
"6b412a20-fe13-438d-a493-fc93c411dec5"	"9143a8cd-d14b-4867-8583-0ce4755d3891"
"7b64ad68-19f2-44ea-8117-9f955c7e62d7"	"bc4a88e2-e7f8-4164-84ee-e7d9cfcea29e"
"dd07ee7b-6f51-40ba-8010-f4713da1972d"	"5129ee75-b2fe-4a70-8987-3410a7cbad77"
"d56e3211-efb6-41e3-a05b-b6bf7a7946b7"	"2434efaa-2f78-4fad-8d13-917320b68599"
"35ce7cb3-0cab-460b-acc0-ea955f766b91"	"a3591b81-0ab7-49b1-a57b-4ef58955720e"
"870fbf24-ec8a-458c-aad2-44b3a49f5a52"	"850ae906-193b-4a1a-9c79-190c1890709c"
"92ccf3ef-a793-42a9-a414-fa069915c99a"	"597b355d-ed8f-4bbc-bc57-5c71e5c874dd"
"c29e93c6-7d06-4871-a617-b94b9068242c"	"2299ab1f-c9ed-477b-ab7e-440f02a2a1d1"
"23833d67-3b89-454c-a5f7-a6ac41a492d7"	"a83129f8-fc2a-44f4-83f3-8858ed58a696"
"d43c15d6-ad24-49a4-a331-7e8ef6edae98"	"978df2a9-47e5-4338-ab23-5dac4d7a51e7"
"fc68dd83-07d9-496c-a1b6-c3cc77a53f7e"	"3b322d0f-f941-4036-bb07-42eb6d41c7f4"
"1088f6ee-1373-49ba-aab5-552541d75ed0"	"a3c4e28d-5979-4229-9709-f3d1bace44ad"
"5443f68a-6012-4524-a5cb-eb2cdcf4b2f8"	"e5dac9b1-7897-4143-9c68-ff6cb8bc2135"
"7c45ba82-1eef-4ab3-a983-4771b3013756"	"736a7780-6684-4c36-ab33-f899c93976e8"
"0b26e6d5-d977-4242-be17-7ca931738c64"	"45d27df9-dc7d-4243-968d-0b5816275c10"
"b7fc97fc-03ef-4b30-a7c3-03fd31b536b7"	"808e1680-3961-4cc1-b3e4-04b75f6f2497"
"6bc66d5b-b3ec-4527-8891-1c3df57ac222"	"0f76a4e7-2f68-4298-bbd2-5cb4f947666b"
"9af4cc2e-a478-4dcc-be26-1d9ba4fa0b61"	"efa1a4a0-1dc5-4482-afbe-6408200d3ba0"
"81a37b33-be36-4804-a4d9-2a51e9f1bca0"	"633ffc57-d145-4c63-b28e-c8178ff5d66a"
"0dfdba57-ac95-4433-b031-aba9688cd19c"	"3c58f1d7-fce2-4e58-b21a-0f42bd0ad269"
"74a926dd-46b5-4671-8e30-9068384261a3"	"db74487f-1e30-4bf2-9661-0c853eb6b2f1"
"ff4d805f-b4f4-4934-af21-91a1517de1c6"	"b051ba84-a5ee-48b8-91c7-1d3c1105c253"
"18e4a848-fffe-4070-8ce6-b60792043126"	"be815750-8ce7-451e-ab3e-d8c98a011a88"
"4f7bc26e-81e6-4267-bbbf-7d934fd04663"	"bbd0c7c4-368b-4eee-955d-340a5e6e16fd"
"cabed9c9-2622-474b-b4ba-fa16e9a6e4bf"	"109772ef-780e-4391-b7eb-22280bcc14d7"
"a2a37614-8e19-4fc2-9959-53646aa763bf"	"35ee3768-2424-4638-b520-056513688ff9"
"0168e91b-4d99-4670-9bd3-2e91400a1299"	"3797dc6c-76bc-456d-a83e-a969746550d1"
"ea5f64da-100b-4cf2-ad68-541e9e946d11"	"5f9535f5-e28c-4c23-99a8-aff2fd20c9d3"
"2461421e-c066-4552-847f-86d39901b7cf"	"61851a3d-1a7a-4d24-843a-e08834fc7ce7"
"6e918b11-b4fa-4774-9450-38ba3de0e601"	"43504fa6-9558-4762-9b76-1a47804a0ec7"
"c25fa91d-af60-41d9-94b2-c49e9b9fef48"	"d0b777df-8117-4208-814e-9e350f159f04"
"8244b3c5-8bd5-4d45-854f-88efb0766f90"	"b4685920-cd28-44f2-baba-d05d0a31c125"
"7301256b-b21a-4030-96ed-46a849571e0f"	"478b8040-e412-40c2-973c-78b3bcd3187c"
"4aa5c1c9-86f5-4fc9-bea0-e54ec20bfe93"	"50e8e484-43b5-4ebe-8b35-e35746089ab1"
"cc242f61-e8a3-4df0-9ca9-73e6c151d257"	"017db0d6-92ac-4fb4-93ce-6b03e234b5ed"
"564557cd-bf96-4ebe-a2ed-0f1b24f61209"	"bd25a916-9871-40df-8a3e-ac9342b8e27d"
"b101fca2-e15b-462d-909a-77b10680bae4"	"a5e28f17-7323-4a87-b6a8-21050ee7eb32"
"8b23adea-260c-40a6-804d-145023f0a015"	"56252a89-443a-46ee-8b4c-70985484954d"
"c040e2ab-1483-47c5-a0e4-c92b3c95e62b"	"d36651da-ae27-4722-8441-c5136bd6dd43"
"50bab886-e500-48d2-bbc4-7903b9089688"	"45a3e14f-fc94-4cb1-89ce-5655bb459140"
"d2edb729-af38-416f-a310-265a884a46f7"	"55896634-2410-49a0-8bcd-2bb53c5cc147"
"2f18501f-1772-4a2f-90a5-1828e460364f"	"456dd1ab-bb57-4e3a-9967-6270344a9929"
"75a9d8f8-0ed6-48a7-a5f3-b235dd358939"	"70e210d8-9961-41aa-8af0-4b3c5514a118"
"5fe8bd84-4d76-4523-8693-584b79c968ca"	"57857803-db84-4704-b057-494a087a0dad"
"06816a55-41de-4970-925f-5707320de3b2"	"b58eb28e-95d9-49dd-84ca-f5cbe1caa9cd"
"44804d15-5d7e-49a4-9497-0aae7f103998"	"8425b644-99a1-4d48-ad86-a5c3210d4703"
"018c04e1-3b26-4df6-9c90-74980e3d6ec1"	"3786fecf-6c7e-429b-8ef0-8abe4c64d291"
"44779ae8-6b20-4983-a7a6-373859095174"	"cb3defab-822f-4b55-b604-1509b473a91b"
"e07b0b1b-169b-4b95-82ee-e61e643a1333"	"dcea8e1e-a3c9-4b65-9a03-795d57a18663"
"f1dcfe94-e684-4300-8d2f-a532314a8a3b"	"f6bed87e-5ddb-4bf8-be21-9b05c8c7dd33"
"03813cf8-ac65-4c87-ab9b-82eb11d3e400"	"dc0d601a-921f-4e47-a809-11799325dc3c"
"969e126f-8643-4361-ade9-efb2eeba9702"	"2b2c5907-4477-40cb-bba1-9c04e541ecf0"
"7c0025c8-afb5-431a-8ac1-ffa95d889f53"	"9c715404-0489-4e46-8150-837fb2e84eb9"
"9ca4b19b-ae3a-45b8-9136-c49579fa3bf7"	"42d66d6e-d003-4d0f-a71a-3d20dfd32cdf"
"1fae8972-d852-4f10-aa70-40930fe52528"	"03079648-2132-43ca-9ece-9ec2ae8ba1b2"
"77f15722-2900-4ca9-9b85-c40aa5cb7818"	"588576e4-c248-4442-8e8d-3e53e127e91a"
"c0862cb8-fc70-4d35-beb2-fc549fd09a6c"	"d663b24b-985e-43a5-9bf3-9b637352d5d1"
"f8b5f44c-9c35-498c-9821-265161b7e02b"	"9dc737c5-6c73-4e2a-9b05-9978143c6506"
"961bf8cf-12da-44cf-a763-7509fa048ca9"	"50dc0134-9dbd-4e7c-a95c-ae1e07b024a2"
"332f50df-628b-4d08-9b39-838d1469f2f8"	"bac3292d-26a7-44a1-851d-6a0f71083353"
"d90bf700-6edd-4c1e-9f09-7781c8586b5d"	"b217e597-f4e5-47ed-8f7f-7d088b78b50d"
"2ea3b994-bef7-42cc-85e5-7c83fcdf468d"	"531ba595-f045-465d-a8b6-3ca6920b0038"
"e88cf1bc-7f7e-4b4f-8bb9-79e299959adb"	"8d7e8060-d719-402f-832c-fba9d3d457f5"
"7a646ce4-0d86-44d8-a049-0f0e8484fb2a"	"479926b2-e640-4cbe-b1c0-3b2293cbb8fb"
"c6d3836a-cfc6-41a8-827f-1ddfcf0fd804"	"e50e2396-82fb-4ba7-a9ac-b0b14fc51c1c"
"2e15a042-d2de-44f3-a347-6bb49f243740"	"75c4bd8c-21a2-4155-ac1f-17d33ef248fe"
"2d543ebd-ce0b-4804-9184-44516c731603"	"abb6ab43-99c6-4aa2-a161-d30478274ee5"
"17da892a-db65-4959-824f-dc37f2e31bae"	"4790c604-0cb5-49e2-a3bc-059b61c0687b"
"bd6bcdd3-bc68-4ea4-9335-c230d8d5755d"	"0524053f-0034-4094-9342-14742723ed02"
"3b32a612-5b92-4af0-a7da-d4ccf37f900b"	"1f3da80e-ddcd-4601-9f96-279f37aa8f15"
"18efa2cd-c012-4c52-81de-cb50f71f5828"	"1fe98a1a-51f9-4593-b8f8-43718169b52b"
"f3343492-cc2b-4554-9ce8-d57993d71c50"	"ac823906-b3cf-40a3-8a58-adc8bebd8697"
"847c7038-f272-40e9-a6a5-acea0f24eade"	"43d69b4e-66c2-427f-a544-1b83b7d69b80"
"95c31308-b106-4565-9c67-ad1deb1aad32"	"59c7b2d6-63f9-46e0-b474-6e86f4af32cf"
"9df65b22-ab42-42ce-b326-50c449ebc014"	"c8f1ceec-481d-4944-8ccf-0d5cb0e523ae"
"5f744091-f9f8-4708-a339-eafe7752d7e1"	"04111b75-f6d4-42c8-bdc2-fbdad25cf959"
"0e0250a2-3542-4bd7-8621-1cb255b0e845"	"9c1534e3-cf81-4626-92e7-020a1f324a92"
"77a12c41-5e5c-4b8b-b13b-5c9d1e54c8a8"	"0114d321-02b2-4554-869e-2a1a05bd5ac2"
"15bb3e84-c4a9-4ea3-bfa1-a65800809542"	"e452d99a-f84b-4a4c-9eca-f7d7e4f5b77e"
"9777ef54-eb07-4285-9995-1b6cc2591d88"	"bfebce13-2b83-4c3f-b134-20d91c69c245"
"dd935161-99cf-41a8-8c74-351e82109726"	"f44e8fc6-d07f-4cd2-a40d-ba4d72a31b5a"
"5fbf277b-7688-415d-b229-ea3c22fb3152"	"9d37f165-91ee-4435-8a30-40bcc9b31c0a"
"9e43478a-7121-450c-bcf6-a0fdd9f04820"	"7d86776c-a5a2-48a3-b301-a619530be3d7"
"b248f7de-60e9-42b9-b4c4-8ecf709e5bce"	"5a1fec8f-8ea9-4e43-ae57-467e3fdce4d8"
"144fbe24-1409-4cf3-b14e-857211204a27"	"512d29a3-3094-45ad-8715-f854e04dab76"
"6481e1cd-eb33-48e5-b4f4-a5b22125ce31"	"6fc329a5-6fd5-4cc6-9abd-24e997bb5abe"
"0604d559-2ecc-4e9c-9a17-3e7f337b1d51"	"b7460e80-ce95-4dd9-8419-85aaccf67ee6"
"e792c4c0-5a3e-40ae-a93e-c004ed11d20e"	"8ba1d7d0-1877-4c64-a747-bd541b9e960f"
"10687316-8c4a-43ec-ad95-e173d12434a3"	"01c82e8f-321c-4060-b76d-f5d4e6d6aae6"
"84380c69-0300-487a-8263-58fef7d4474e"	"ce660570-bef8-4b8a-a9b6-f6551dee0209"
"63df97cc-e49b-43cd-a315-e69f921f08fe"	"74e70e1c-cafe-401e-8923-f8fa7121e95b"
"91ed790c-64c3-4021-a7ca-b89e526bb227"	"78a33921-b318-42fb-9a97-9a0bf7fe4f6b"
"f6db84f5-e024-4c62-ab42-a3c0752a63ca"	"f82fc0a1-ca5d-4d2f-80dd-be2c7144f140"
"2f1e9911-0c02-42d5-b4da-ca8918697ea1"	"c775176b-3a53-4bca-bc8c-89826d8b9c80"
"cdd6bccd-b6dd-479a-b240-2ccacb349e42"	"de956ae6-d707-4fe6-8212-f2cb5ff7f74d"
"dc29f762-7cb2-4f2d-92ba-b459e0d48802"	"c6e77c6a-9907-4c92-8e53-05a563719b76"
"a5bc3f0e-0c02-4887-8fe1-4f7659ac9b00"	"1c1e2821-aed2-4b20-a4af-cb6b482f190c"
"6ee85ce6-52ba-46dd-a745-f422e8e7dfd8"	"29c9af07-0a52-4719-bc1e-8d0c811742bc"
"ccda5d07-6509-4f1a-ba80-534d463233d3"	"254052aa-0727-4d45-ad16-6f08bae7acc1"
"ec0aa190-16f7-46be-b155-a5551f51adad"	"64dd1655-8f30-449c-92e5-6e1760ea8475"
"cc5dcfef-8f01-4261-90b4-97643c420336"	"27f6252a-937c-40f3-93a4-cbf9a1aaecd3"
"9206659b-be59-4f7c-bbbc-368a60975495"	"044dc99b-c7d2-429d-84a8-7c43801c89b6"
"47ee2b1e-7589-4720-a3f2-3fe5d30c7e54"	"c7d0d427-a032-4ea2-a28d-1f46d83728af"
"2f0a2583-b072-4229-9184-3ee20d03e554"	"9ed73071-5d4e-4f03-9e53-a5c0cb40ab8c"
"d4b6e920-f416-429d-96c6-ad5d0b230ef7"	"9e910b6f-9fdc-4f9b-80f1-fd820fc3e48c"
"fd99bb2c-0727-462a-9f28-54f225adc3ac"	"bc0e49cc-d714-4e6e-a8df-23361f25f664"
"a56abc0a-1d4f-4b96-99d2-edeb8bd03e94"	"4ca77445-b80a-4e13-904f-2b554c9149ec"
"808968b5-3f69-45be-979b-b831760b800a"	"20b6a9b0-c768-42d1-930d-143aed48ca7c"
"d219e4af-03e9-4c26-8b7e-4226736182d0"	"b0e83f8e-5337-4f8b-a443-1b12833698d0"
"ec510b0f-6183-4869-9bf7-f1603cbba3df"	"358b2f93-982b-4f57-8a34-153829cb135b"
"f92e1782-9bbf-4549-8812-fa2be0178791"	"effc8248-ccbd-4435-876e-a34649f30f86"
"5823edb3-b924-49e6-9aef-702de7ba7542"	"e768a52b-0643-4f9c-89a1-1c75e9c12108"
"6e584abd-f079-47d2-a149-59b44503437b"	"6563800b-c524-4933-95e6-276ab5d8d486"
"0ef6b703-bf8d-45a7-becf-f53f55698405"	"fddd96ad-9895-4329-ac1a-29b06b9b6274"
"57a8396e-0e02-4964-81f5-7e62c14a1085"	"79cd897d-288b-42fd-a043-86dba20804f3"
"4c4e2527-c000-48ac-a501-9d2d142cf74c"	"6a4d2f18-ba83-456e-b9a9-2f742f6c3110"
"3af60ac3-d660-4119-944d-1109c9f746a8"	"28c68880-1dfd-4ed1-845c-fec7fa5044ff"
"2b29e30e-806d-4733-a127-8564428bc401"	"2543ea21-aaf6-4edc-bb43-4999a0790ced"
"02f69a81-4840-451f-8b23-1e111cc63671"	"abe67196-a866-43cc-a0ed-c7e2640979c2"
"340fabc8-b43b-4bb6-bdd4-9840f9b7a882"	"72ec701d-5718-4a44-a351-78711edf6d79"
"47df2c32-f23f-4e16-9a70-6983d0749673"	"db9d4d19-2a24-46b1-8d29-cb32f759f12a"
"93a9133a-7381-495b-ad06-116c8220a215"	"2e5903a9-d502-49c3-940f-520b58459d0a"
"e62478d1-3643-44d3-b794-a57d3efee4eb"	"8ef8afff-430d-4c3b-ba03-64c6af153178"
"f18ca3fc-514c-4b12-abf6-7896022933ab"	"422eb572-2666-4364-b779-1aab735f1e43"
"466be80c-ad8e-4590-9b36-d4ed589d6f77"	"be88f6fc-cdfe-40c8-a9db-cf291c0b6304"
"2bf456e5-1217-4587-abd4-eaedf02ec19d"	"ea27661c-74a7-452c-a4e1-579bd5095a5b"
"5e050bd2-3d06-4cd8-a2a0-888c6f671802"	"f4b66100-bc39-44d8-b598-5cee5af1f913"
"3c7c76db-fb11-48a6-957b-4b3bb812eda6"	"1b2e08bd-0f54-49ad-8e0e-dbd902241c80"
"0d816d29-ebe8-4ccf-8161-5c7fc2b6ff6b"	"b416e521-4957-4edc-b6e2-d9d0f01fbd89"
"9830b045-a933-42be-a435-4a5138dd3a56"	"83c11f7f-ce93-4717-b236-a21b9d7cb91b"
"9aee8091-cd27-41cb-b9f9-f1eccbc5ba3c"	"97bf57d5-e7b0-4b5f-922f-9dfc80ad002a"
"c86c59d4-6b83-4cba-9009-7aa74fe6b608"	"67b18962-82c4-4d31-9f29-e71332366506"
"2af54594-2193-4b1d-a502-e28c566e7648"	"19149772-4ec0-4575-832e-06ba3ff22356"
"5fbad62a-da0a-485d-b6a9-ec3c8c791d82"	"6fd4bde3-e004-45a2-8f49-db2ebcb0cbcc"
"305deba2-de39-424e-b658-c48887e372d6"	"927b45df-5ae8-4085-ac97-f4eac4139369"
"a83b1275-92c8-4ec0-981e-a448d8b0a2ef"	"ff06d5e2-bc41-4dea-a1d0-28ddbde25ba6"
"e25e8637-c32c-4eb7-b10b-b52950199cc9"	"eca6dc39-c0c4-44b6-936a-64332c8dc18a"
"5a7141b2-316f-4b01-b4c1-0bb54efb65d0"	"00f2efc7-ebd0-4737-962b-38fea3a187dd"
"a212ebcd-c8fc-41af-b09b-3957e0d9728e"	"cda61167-412b-4737-9beb-0de36a28e814"
"53924ac0-400a-42e6-a9be-512db0a9d928"	"5bfb9e22-64df-401f-9fd9-4ad8534105b4"
"667d9408-fc72-4d6d-898e-0951a3a1b402"	"1d49a4a0-d9c9-440d-8f2e-9a2b8535c92c"
"9cb29e2d-e762-42fd-a912-b136a40ae87f"	"e8bf2a17-9334-455b-ae75-24d529adac8e"
"a457a409-807f-41ba-ac13-24918b65241b"	"486a6527-7568-47a0-a82e-c54210e05779"
"9c3aad19-5f45-435b-8d82-bc7540b43821"	"fee3c6af-6296-4019-9772-8fd9e4e37497"
"cf8fcb0d-3177-493c-8608-726c99ce14b6"	"59824919-63db-4738-b67c-201b58fd489b"
"f78c3160-becf-4bb5-b2b3-aa2a5d37b7d5"	"f6f5ceb6-a855-4646-aad7-87c13e7c9a2c"
"c15a0cf6-172c-4762-bd8e-afbe7556b3d9"	"2a8b4b1c-5c34-4c56-94fa-3c1916b245a1"
"a4091c6c-32b6-4c71-be98-87d368d4f47d"	"bf235420-0c7e-4610-a109-cc393ee96bbd"
"628f8990-a666-4f55-b365-071aa4d95eb6"	"c98ede7b-9eab-42df-9ffc-f09fa2ecc33e"
"8f0da028-4706-4028-83d8-8bfbac18e0fc"	"e91de3a1-3001-4fd5-94c3-300d3b3687e7"
"355df614-4f91-451c-b101-045ee7f3d5ee"	"d8aedddb-a498-4c82-9c0b-2ece99c17f99"
"8d3a8c2e-179e-4403-a489-5c976c77f45b"	"acfa0e6c-d437-4718-b2b1-e0ccf2bcc938"
"140d2c35-10c4-44fa-8c5c-b0a97ca40f03"	"28f785b7-d201-41d1-b16b-ac13130ad37f"
"3f70cc0e-b0fc-48a0-a916-4906f623db80"	"88b638cb-7672-46b7-ba2a-e6adba59c27e"
"a66f576c-969a-4ba8-961c-5daeda76a15a"	"6fdde9e1-6374-43de-b501-c1b55daecc4a"
"9dd61086-3c64-4b57-9170-6ba3fe524a35"	"2095672c-32a5-4d6d-87e5-013a236d8be4"
"51c1af2b-7c05-49fa-9502-d31a8376d8de"	"05f4e3e0-cfb6-4436-9a61-804485a9d818"
"49dbdad1-acd2-4703-bfd2-265a07619aa0"	"c27de542-8043-4703-b8c6-6cae78601f1a"
"db26cf28-b9a2-419e-a404-f65cd550e40a"	"b23bcd91-2af0-4c71-b670-fbdd18fc2206"
"720bfc78-33a6-4a25-a05e-ddb043a0193d"	"171dde55-3d7f-41f3-b16d-427abb6988c7"
"0d242fe4-f884-4ec8-a90c-2257a6c86161"	"eb1474b5-f2dc-47e8-a8de-4253b30c1633"
"fefce87b-0dc7-4672-97c0-53ef759d5609"	"e00367f9-2ecd-41b1-8f11-67b94e8e3f11"
"587de36a-af10-4345-8402-8f6ad300c5da"	"de773d3f-4f09-4b8e-a60c-c78280c2d9d3"
"9675045f-af8f-425d-8f99-5af5f25181d7"	"f95a356d-8511-4e8f-8de2-e9bae1b4dc79"
"24f22712-4d2a-4ec8-8497-7be9ee8ce8ee"	"22beb5ad-9497-4172-818b-8ff3c83cb3ec"
"6253852f-95b4-468a-82b1-0fad46cd706b"	"2f07b81f-ee9a-474e-933f-9d3f58f3840a"
"00eab702-3a25-406c-a63a-06aba9620339"	"9b87f0a1-a897-4915-8f7f-8816f21028ec"
"74b1d736-399f-4d13-b1df-8aab9541c811"	"dc83ab12-f2c1-4387-98ef-e3419861ce7d"
"4523a038-fd74-4ee8-83aa-f0e17f16134a"	"3a478667-1f1f-4da6-9ded-a50316b507cd"
"acd9f930-bf25-4017-aec7-9f08d895391d"	"16afb16a-6058-4f95-a6d3-daf888dbacc5"
"26858646-36f9-430c-95ce-90d1f256e1b3"	"bdb4860c-abcb-4383-ba9e-b98e9b2bfcb4"
"8a0fa063-bcb3-4387-bada-38ead9a44f1d"	"ded2512e-7b29-4764-80bc-a79b013377c2"
"5181b492-4129-45bc-bbe5-8bf9ea49ab7d"	"bab22fc6-f34d-4ca2-8dd7-0cbf8e4d59f1"
"29afe584-1781-439d-8b36-ed0bc9d845be"	"cbe0055a-6ad7-4c78-8f96-26d76e43a3dc"
"e55ce84c-72a9-45eb-b625-6894f64b5a0b"	"5b65a92a-90e3-4e78-b2b0-998ef9016c0e"
"e3650fd5-8f42-460e-9ee5-c9554fc9742e"	"da14a509-04a3-445b-8e6c-bcdd31f959a4"
"b7d60749-49ba-4160-b6cd-1521e3841633"	"f6c74bf7-735e-46a3-854f-3958be146192"
"e20ab9a1-9bc0-4b24-9d98-2209f7c68576"	"453432b2-2f01-463f-9383-9c49bf41caa5"
"84189ea0-29a7-4b80-a4f3-335e0bfc44af"	"f6e3bbaf-323d-4457-aab3-79fbb0850e91"
"0c2a5119-1979-4ca9-8d2c-636a18006a47"	"aaaafe51-1618-40bf-8578-28b8323c8c9c"
"844bb7b1-1182-4fbf-bd9a-2c07bf368058"	"1c77adc7-7afe-4b94-9f7d-c9e943ef5c17"
"1f4bab7f-3925-4b61-a7f5-e11d798919e8"	"f8e89a07-9b7c-4791-bc8d-d3cb70ffe254"
"cbf5f46c-48bd-4d03-8dc2-a9a788b04bb2"	"a8325110-4119-4064-8a99-fd1ee8388b97"
"e816dc3c-c979-43e4-953c-7d6308bb4a84"	"77c8f0cc-c920-428b-80f8-4091d6201e31"
"e9235c10-c49c-4fa9-a7fb-b750f83d56fb"	"dbb23eb6-eee0-4d14-8eee-ed4f97870a51"
"b8afa539-3e94-4b1c-9b79-781f07e53a33"	"a6d335b6-53ba-4355-84b5-87bdc25d41d4"
"36a3abc1-0024-49d2-8ef0-8537d168f258"	"5e7ceec1-111b-4b3b-852c-3753502857c4"
"7d634b0a-0f0a-4590-a809-990fffb1b125"	"f3893d8a-9495-4d71-8fcd-9e9008b2ff52"
"6a9a5692-0c18-4383-8f0a-d30d32f2cb2b"	"1efb94c0-97e5-4a22-ba24-b4b642b31904"
"624ce9ad-6e41-4af9-939b-e0b770799fd6"	"f6bd5f07-6c86-4d1d-b3e2-ca3b3d59bc6b"
"488efe7d-ea1e-4cde-9465-43daa097f50b"	"7043bf04-8a5d-4e87-982d-0d82e3c5f16d"
"e5a9dff1-79b6-4ae8-909b-8b2d896c57e2"	"e95695a3-5c40-4179-88d7-e88b4cfed4f6"
"7e047401-4b62-4477-991c-7eaa381e1d71"	"71b01b31-bbeb-4f12-bd94-38cc50ccaa1e"
"07a317b8-22f1-45f1-8060-7f0e1ee3cc7b"	"c0bd0475-69a1-4523-b1a1-9ca88616b9c4"
"e8548316-7bba-4931-bd8f-40aac4391981"	"f3e3e421-8d64-4890-9bff-f5f0f45cae47"
"795cfa0b-f6b9-4895-b713-f26d381a5f92"	"2252c176-b474-45cf-90c7-8a8b3de304ba"
"789da124-015e-4f58-b272-4c22bee3ab26"	"c0dff04a-2211-4219-b221-19d9c5a782c0"
"535619fb-6850-4e5f-a6ad-87fe472c651b"	"95c49d7f-a7a8-4d89-92e2-e4cb26bb00ee"
"f1749d71-9ac4-4a78-9925-d376710f3ab4"	"0d669440-2be9-4537-ae48-2db138d4cf1c"
"6876e4fa-c2d6-48a5-9f5e-8d1d064bfefa"	"12c3703b-238f-4a41-b003-b3eac9325293"
"10abdf96-5f24-4462-b9af-82d98947b654"	"179a3d72-700c-47e1-8b20-2a9b03cf35a3"
"56745ac9-0754-4ba7-9494-9eca5ffde04f"	"2486f91b-77f7-4e61-bbf0-6d56b73aa357"
"afb7f60e-f514-4b04-ad5a-e66c32f56d66"	"56f8ae12-1b63-408c-b2c8-9ff5ac2e3969"
"7c8a14ba-6037-4b35-a043-4e85607c8891"	"d2344aa6-8150-455a-9353-0d8626af47c9"
"6277c8b4-082d-41ed-958d-83e0745e4a00"	"b362cd0f-f493-49c7-ba5d-5f3b68bc9ee7"
"4dbe806c-ca19-4fc2-afec-8bfe17e31526"	"14f73b8d-f676-4593-881e-dfd641e11028"
"089d61f5-bfe9-4a36-8470-b88dc476500d"	"ad61ad7a-a07a-4044-b7f5-89502088ac77"
"7589c196-7747-4803-8d78-1a60c0aae768"	"6f7da357-b229-4052-9f9d-e088d8d921e3"
"caaf0c60-1213-458c-8340-19b07e4abd61"	"e9abf5d5-0459-4db2-b4bd-a7f85fb8b4e2"
"bc25740b-4efd-4673-a1b4-df5fe7263426"	"5f81bd12-f50a-425b-80db-35d55faa9c89"
"7b89562f-c828-45b6-a00f-447268701cad"	"5b6357c7-3b88-42ef-9102-bbdd8afcf2aa"
"c7058681-ff15-4c01-a6ae-984cfaa02d76"	"3a6d5ee4-bf8c-4b65-97bf-c0fecba3266d"
"0aefa4ae-9dd2-42de-9705-9d0535870ddd"	"93a31570-4d65-49ea-b8e7-ba08da257055"
"f471c9d6-fef8-41f3-8652-e20a08a2417e"	"69462806-c205-4644-ada0-4f1ffc6fa301"
"03e8fcd8-7417-4d3b-b647-eb57193fd046"	"bd926a8b-e0bc-475b-8b4f-bfe07c6c106b"
"cba392c2-e997-4c3d-852e-9256d3a32ee1"	"2dbc869e-578b-4c4f-99c5-8f8844b386ce"
"74351cfb-d78f-4b66-844b-8d632d39dbf8"	"87249d2c-9dc8-4a41-953f-7cc3c4e99eb1"
"d46be27f-58c7-4d5d-a6e5-329a2d853edf"	"ec1ffae7-d07a-463d-8e7e-8f50b9b45796"
"d19b4d8e-7927-4a63-b521-d75d1c7222cf"	"5884a948-22f6-4f8b-a3f0-6927f5d12146"
"2b77583c-8458-403d-9218-e44488ebfb09"	"035fba51-db0e-4ff1-abff-737f9d86dae1"
"c9f8deee-c05a-4c30-9a5a-452cda22ce28"	"ac261a96-7ff6-4ca6-b858-40d7b87933c0"
"bb13efd4-1a5c-4a85-9dec-18517c93b9d8"	"2923e23a-94db-4d4f-a0dd-82f77792c2dd"
"321f960c-ddd8-4a23-a632-1795410fab3d"	"c5060ccc-8572-46e7-8e5a-9dcc6dbbb584"
"cb6a6c33-c62c-449e-9cda-aef7b184d189"	"1ce77e89-85a5-485b-bc14-2d473200a336"
"a6e825bc-1eca-406e-82f7-1ee9c7e1b793"	"6f398fef-5be3-47f8-8ea6-ddb41ab207b5"
"c5ace6fa-f173-4a96-9a47-85193dee0918"	"742f384b-3e34-4c05-8594-58d6bf7ba0c1"
"ffd386f0-495b-499c-968a-e8d0535cb32b"	"218b9e67-0009-47c8-a004-c0bfb0daa0bd"
"4fa5eb1f-d6fb-456a-8868-dd86ac72cfb8"	"ed1cb492-7ef1-424c-9432-6bce2c8a5106"
"b3ce25fa-f615-4ea1-9d94-cad0e6a6ffb6"	"670392b1-1232-443b-b797-8afe66c7b7da"
"dfadbadb-1424-40c0-9f9a-ae1d52e47c89"	"d229f811-d763-4878-ad7f-b3d1da9da129"
"7ba707ea-5101-40a7-94b7-5245bdf8a543"	"d592251b-5261-43ab-a500-e6628b05f888"
"b29d3a76-7ac7-49f7-8089-88a8d253037d"	"2be66ed0-a9ce-4270-9aca-78727d02f5f8"
"098591b0-d2e7-4353-8daa-d32fa51c4f60"	"d3020918-46a5-4e3e-bce8-bf325c93e46c"
"f4df3756-9ad7-45d2-8bbd-7e0f68d0ad8b"	"390a8900-8bb2-415b-9a82-37f673d8721d"
"94b9efc9-e536-4a0f-9402-7f2962568838"	"d9f75a02-9614-4fd6-adb6-b8d985aa0d40"
"125e036a-06c4-4cff-9eac-7c57346961bf"	"3694cdf5-77b8-4b47-9122-3fde646c8008"
"844ffc65-f6e7-4770-9a3f-dc12c4dddfb8"	"6cbf4971-aa34-405a-8030-6d87e47f685c"
"821ebd14-8e28-4c90-ade6-5318b2aded95"	"5a01134d-6758-408d-93b4-d9b5eea6ba9b"
"330de17e-9559-479b-933e-7f2a350aa630"	"2813bfc0-702f-4bd3-a6fe-b49f823b5136"
"b129b8a5-42f3-489a-a6e6-a8ca912fa9f8"	"ef84891e-aef2-4498-bed8-429849a9ed07"
"ba62c1e1-1591-4ee2-9c30-524a021c8856"	"98c9619c-e775-4451-909d-cf43012c8b92"
"645a82f5-2e1a-4e0e-97d5-ac90944b51dd"	"5dec9262-c8f4-48d7-8b19-b2a792a3ef58"
"85763fce-991e-48d9-9ed7-44e21212b09b"	"c3959a1b-74f4-459c-bd9c-61a07a79942e"
"36443f58-aeab-47ec-945f-b6bef771a8bd"	"dff46df4-07d6-4218-88b8-b8aca1cd4ffc"
"f51bf250-5eec-41f0-bb66-173bd4c3fcfd"	"46aeb98d-59da-487e-a30d-df2b6a87abf3"
"19ef1f24-0a1b-4557-9987-43b1984ce762"	"5d4fb64d-0882-4357-a6ce-e035bbe37be1"
"cbadaccd-cae6-43c2-8d0d-14a5def2c839"	"2de7f3d7-b386-40c8-9b9d-a56646269d3a"
"afa946fc-3ef8-4f50-92ee-4ef73869d00b"	"93ee15f0-98a9-46b1-9513-aaa795ebfa30"
"8e8c091a-a2bb-4c30-920a-765085c4f4ac"	"53e4b9d7-fd46-49ea-b6a8-ed918fbd5edd"
"adb77bf8-12e2-4ef3-aae9-5451fdc68edd"	"f900fcc5-a06b-4539-a727-ca290671b2c4"
"c22686a3-0cf4-4f95-9174-fa1a265ec203"	"1d63c6bd-853d-4a68-837d-984a123e5421"
"967f479c-2649-41ca-98a6-8512e520ac03"	"5af13dc9-0680-4b9e-99f5-d85e8e65f9f1"
"01d59c63-2398-41aa-baf3-8f982ed77448"	"50900b8e-0fcb-41bc-92b3-276c658dc1c7"
"2d51beca-65af-4cf6-bd8a-fd7d67d2a99d"	"ef249617-5b76-44c8-82ce-0b64788f0e53"
"052e215f-9a81-4813-b7a1-bfbab879723e"	"d2efdb64-bdbb-45cd-bb8e-be7fd028415b"
"2ec0b96f-f521-4c98-81ec-8bf5b31557f4"	"069d0ac9-4a11-4a55-a2f0-90255ed36da5"
"860891f6-aa01-41b2-9888-46facb108e56"	"52718714-9c2a-497a-aa6c-0ff75827593c"
"f38e2984-172a-4528-8e1a-5bffb2d4ecd4"	"b261e057-4e47-477d-85b3-ec54bdc10c8e"
"9312f810-2a3b-4052-97c3-91b8daf5b1be"	"1fed316b-d3ab-4603-947b-981d9effd7ed"
"f15ac99f-6975-4bc5-bcf9-8e7d3bbe1725"	"a12c885a-7c2e-484e-b00c-c7a5a033b86e"
"71ace5eb-eac4-4460-b609-256d94d4cb34"	"27b19b0a-e94e-4c43-8558-c70e9ff27b56"
"56bc6c18-f288-4a13-80e5-a2cd65b3ce0e"	"a282785b-37fb-4174-bc50-c4e5120682ea"
"7607ab07-4a84-4288-b8d8-34dc2dcc41e7"	"9ba1899a-9914-46eb-857c-a810b38a08e3"
"3b658600-ef7b-44d0-9bfa-6adcc8a0f49a"	"d7f323b0-b742-4e9d-93be-232cf656bac2"
"702c6a06-f4e8-4d8e-80db-fa6dd54a6ffe"	"f13177a6-dad3-4799-be1f-bb111d7b447f"
"3a0de0c6-6cc8-4a2b-812c-3b34639e6228"	"85eae25a-0be6-4fff-b7bb-189c3401b8e5"
"27d996e1-9b2f-4443-b06a-d49a86564f8d"	"9b422405-fab8-454f-8d44-386ef45b5d13"
"3edb4edf-43c4-4afb-a854-6f7dfbeb32b5"	"4c96a05a-3018-4b2c-8528-988cc18b34ea"
"13f3ee1d-3f1a-480e-989c-f34039ba681f"	"e6147971-4546-412a-9b31-84e2b72c624c"
"b7c48b66-8914-4f76-8ba9-496e6c48c159"	"5c91c4eb-0beb-4f1a-9725-f7432e1ef53e"
"df1d7f79-81b0-4f50-8847-98011a665c27"	"20e2180e-0b19-4017-b678-6cf2fc8eaa9a"
"d74a9cd6-4105-429d-88b7-f9c4bbc9b816"	"3d40c35e-b78a-4ba8-87e3-b0361a0a649c"
"4e02cfd4-bf2a-448c-8ba8-a838912ca046"	"b27a9541-6e1f-4374-bf77-089461d8a13f"
"d3f820da-7421-4bfe-b52d-de54b2821b81"	"782640c8-2ae1-492f-b79b-8bdbc5a20bc1"
"d58e0b9c-e00a-4429-b288-31e905187ab7"	"ac2e87a0-7b4f-4794-99e4-0011761e42c6"
"b3b6cd2a-70ab-4608-a91d-e1d4c6c9a1f1"	"fea52e89-d826-46fb-82b6-c841e8767ada"
"fc6b4267-2f7b-497b-a658-72fac8457f57"	"942a8803-6b9e-4a90-9f2a-94ee4b1a3f16"
"82e50ef3-011c-40b5-8c7e-b7374c53199b"	"d5cd4c6c-30f1-4eb5-a27c-93990f048870"
"ac30a141-a825-40ab-87b2-152363a71573"	"4b17d634-fe2f-434e-955a-ca27c65463ec"
"2537716c-0a4e-436b-9c55-471aff7e6ae5"	"9d06c6ef-2f1f-41a6-b09d-78ea7f13aee4"
"dcfebd8b-65f9-49f7-b5c3-6c4b55cbefc2"	"47a2ecff-1773-4a7d-a273-3efc0f466ab5"
"4ddd9f05-4a4f-43bf-babf-1b3b8334255b"	"768bba0d-6448-4292-b897-b415bcd2c465"
"3da06833-29c4-4e37-bf2c-b88ca8130b72"	"6b6cc92a-2622-4054-8c19-d3fcfd5d4e2f"
"de6f3c39-fab2-417d-9ff2-9f5079508e14"	"a7b17869-9372-493e-8592-1d0f8b5a5851"
"000d7c13-628e-4d8f-b6fc-ecfe7b2eca1e"	"32a79da0-b12c-457e-b58b-7bd4caddcc0f"
"c25cce73-7655-4575-8455-5f9f78cafaa0"	"87369cf8-a7ae-4ab8-a700-c16e85e906c6"
"1aaa0df3-136c-43ab-aa22-faf98fa30c67"	"3e8328c3-ab55-4195-bc98-cb0b252c5f7d"
"e19abdba-0f2d-407d-a897-6be2da984246"	"3ab526b5-6cc3-4037-8c97-2d0a261e10ee"
"80b21c24-3daa-4a6b-ab23-30984112a3e7"	"fbb8f351-ada2-437d-aca8-54e820833c8d"
"ae6cf97f-0ac7-49ab-9148-07575b848793"	"9fd4b27d-835b-4e16-9877-cfae662da14b"
"aad99236-9977-40df-a38f-130a7ee839ef"	"8409de94-824c-470e-bbfd-c1911c0683fd"
"d292dfbb-84ab-4b9e-af81-39a25125e115"	"00bbf924-1c6b-49cb-b4e2-790091bfdaf8"
"68f130fb-6296-44c3-8867-a4acf66bc1a6"	"4c2f88c9-73d7-4cb0-8e03-f26ad96f3cba"
"5af856bb-850f-4868-8e4d-5401ecd76689"	"ae14a77c-7d4c-4ad4-b37d-307bd02371e0"
"6539a327-5bbe-420e-b218-6d5aa9f5fa92"	"98219f3e-f222-483c-9934-802f29f854b5"
"b0d933a9-b2d8-46aa-a0b2-702d03b5b82b"	"bfe1638c-b411-4213-84a0-5ce5e4dc60a5"
"789ef327-f1c9-4c82-83fd-402d1b89976c"	"812f44b0-1b38-4081-828b-dd0c052782bb"
"fcccc87a-d47c-4a6d-bf8b-dbd6d6876a0e"	"a626e57e-3c10-4861-bcda-9dbdaf5d8524"
"c9b17da1-1025-4368-9764-ceb80c1190c6"	"e9d3e791-acf9-454f-92d0-5bf0838c62b0"
"252da943-40f6-46c3-bce8-4dd0d51d14f1"	"1e8b5945-6261-4e69-a546-9bd3363d95d4"
"5a1af3bc-da76-479a-bb85-a22402491bed"	"c7810672-0368-4ab0-8dc9-eba2463ea934"
"fb087bc0-0be0-4334-9dbf-acfea568cd99"	"674b17ac-a0b9-4f7c-b1e8-152c06715235"
"6a889332-4bb5-4a92-913c-fe0de0fd02e6"	"8bb20c75-6550-4773-ac35-c7abacf33b1b"
"b07b0a39-38fb-416b-b5ef-108fd3642675"	"56bf2c32-5d8f-43c8-b466-0b3ab23555b3"
"60074d27-f40a-4713-bd62-a32dc658df16"	"407c8c18-9c7c-4b30-92f7-29b25847d359"
"e78f7f94-4bcc-42f1-87e5-9122a4813bb6"	"0b6612de-f4d1-419f-9d77-b48e22aa5d6c"
"9117587e-3e4a-4677-b2ba-63cb1d7ba539"	"724a9902-b201-419d-8cf5-3831bfdd6e2f"
"a67ecab6-bc64-4801-b738-a590efde855a"	"59111051-936a-4ad1-bb42-fb9489483032"
"b9a42c2d-7a67-411e-97d4-27ab3cd14d27"	"f96b5d4f-7119-44ce-bd0e-211a5c4ec960"
"a58bbcdb-b3a3-4537-a6c1-b4bc1c4268f6"	"18d88562-0c24-485c-bb9e-7b2a12ea8105"
"2ccdd0c5-86a8-467e-875a-e1c43035a294"	"de6e4902-c7b3-4cd2-a572-1299798e2aaa"
"cc1b7bd0-e536-43cf-965c-6298563304bb"	"a2beeffd-92a0-49d1-8762-571093c5ff2e"
"1b2d00c3-1a9a-4dec-abf7-30406d8a38fc"	"ce6560d6-8deb-4e62-9c67-c6040fdcd523"
"827fdee0-62d6-445b-b8f8-74fb8fddfb31"	"44fecc71-483c-429f-b91a-210ec77dad17"
"e40628c5-80af-4570-9a71-cd6015e09afc"	"3e1eb858-7117-466a-8233-a646f0146637"
"6bc6ab27-ec55-4dd2-b852-5a7e9631c66c"	"251615fb-654b-45e6-8049-66f3a47b7a08"
"3936c151-2391-44f5-ad54-eaabe1bf49bd"	"dbd75695-b153-4dec-b2c0-eaf9221bb92d"
"461dd6f9-61bd-4b60-add2-0cdde39196b5"	"0798a406-ca5c-425c-aa36-6d52499f3ff2"
"486f265a-84cb-43cd-9232-247abee75c45"	"a6f76ee0-749b-42d4-bcd9-358b4e9b978b"
"8d1a1638-a104-410b-918d-5ac6b41c4d98"	"e3471cb1-d9cc-4d90-996a-b1d9151c1c1d"
"fcfc531e-415e-448b-8219-9419bb688cfc"	"733c2e1f-4d18-45d9-a542-a2c5e2392ea8"
"2fcf4c59-a26c-41bf-84b3-375d58a970a4"	"f86ba0fe-498d-40d8-935f-506a96db3a90"
"7ead4e75-7780-4a59-8b9a-58b74f852424"	"7432579e-5ac5-4863-a2ca-21cd748ff2bb"
"5c04fda8-5f52-4482-9266-c7a82c2fb5bb"	"a1f175a5-ac2e-4027-92dc-85f96fb560c9"
"0fb7df59-5699-450c-9b03-2bc8c29c66db"	"c7743ff2-9e10-47cf-ad2c-69276a50f035"
"67533d33-7d6b-4d75-991e-f1aa80829c64"	"dad3f586-2341-4d0b-8eff-74ffc667388c"
"dbdad39f-2aef-46f2-a0c6-712c2b253386"	"5f576659-9254-48c1-b0ca-9829ed053deb"
"9a426df5-435e-4638-9e02-77d02805a754"	"ca83bcd1-f5da-49fa-bb90-cd7500d6f775"
"7dad71b7-f4c8-4a8a-a780-e22224f50aad"	"af74cc1c-e925-416d-971d-913e92e6c0c3"
"457922c5-135f-4282-9969-05872d07c241"	"4e076fe2-ab06-4364-a903-29dc36455aa9"
"91efe875-57f5-4334-a722-74cd2e5d843b"	"2d710060-fc9d-40f7-a742-0370e39876e6"
"71151eaa-e2bc-4e79-a105-dfb0adda3f2e"	"388462d6-328f-47cb-a3ba-6c9ad8a341cc"
"c8113909-187d-4a08-8196-ca43dc6345a7"	"42b60cac-d595-48b8-870b-f587ba538fad"
"441772d1-1718-489e-b307-16f830249923"	"f6500985-151e-41bf-8378-c9cf7acedfca"
"950e2e5b-8f5b-4a32-b522-b0f7a7d3d4e3"	"8f0b273a-4c40-4057-8b6c-aec36d23038b"
"46f982e5-e53b-4f91-b54f-4c6537193148"	"9ca58a65-a818-4c1a-a8f5-0cb366fed1bb"
"72f26bca-3d28-4c2c-822c-51967c4fcd78"	"1f5456f7-5383-44d6-a5ad-23f5fec4f2ef"
"c4b81923-f4d3-4ea7-a7af-e2fd320131c4"	"774c8bcb-ba2e-47e1-bcaa-2d283d4a513c"
"8d7f9b1e-5e46-4481-8b5b-ad950d5deadd"	"b8930c41-c146-4ba1-8773-bd6cde297c4e"
"3d6f72b0-8be0-48cc-a555-99db2750a2d0"	"9d39c05d-4fc7-433d-b244-95296665cdeb"
"75e8df5c-e558-4141-a8cf-5d7e081e50d1"	"eaa83983-ad1f-4f40-9346-8afb8970b13d"
"42c2dd60-c9db-4609-9312-12c73bf791e6"	"ce0a5a1b-450c-4021-8168-5d7560704c6d"
"06c1ed29-4bd0-4833-994d-2985d522e8fa"	"074d82bf-bcd0-44c7-a60a-4ccd671bd318"
"540ef428-55af-4861-a5b1-29a439f59d2e"	"fcbaab6f-2e22-4c88-bcab-f47e5f6d1934"
"399db991-5da5-4e9b-9d9e-a26c40218472"	"7a4d4d91-a7e2-40f7-96b2-f247515762d6"
"df7b2e06-dda9-4b0b-a668-40f0cfb4cbfa"	"a6726818-2542-461f-b2ab-4cfd547fed39"
"bb75285d-7ac1-41a9-9ac6-ddba5e7ef685"	"d8dab5b8-c0d2-46b6-9e79-abbf6146e4c4"
"5eedabfa-5a2b-4a1e-8942-f471dd086cb5"	"ed9e977f-139b-4330-be14-33dc3e61dfa3"
"37f1d438-acb6-4c6f-a1a1-2640aaff9ae2"	"0933e016-a371-4735-98ca-b72246a1c938"
"cb48dc6f-998d-452f-bf93-c28b847ee4ac"	"453c3d59-7aa2-4910-9d11-5b0904b69608"
"5f3c5feb-0cbe-47ea-bef3-28e513e36f8f"	"d962be4f-92bc-4dd4-99d4-d068d1b2486c"
"5e77ca4e-b6ac-44d6-ad39-223762cf7e12"	"ca38b178-fc1b-46be-8bdb-32a955bfd74a"
"7fa59394-b09d-473a-8ff0-0381cb9708b1"	"3932a26a-2161-4592-8122-1b62583cb74e"
"aa98ae9d-0d39-4d44-8d9c-51f4a5eadf52"	"69e0859e-8f5c-43fc-a52b-c7c202f3c47e"
"9a31dd65-1c77-43dd-aacd-0db15563ad53"	"d29cea07-774d-45aa-b56e-2c02a7e49b26"
"84df5bb6-987b-453a-95d2-bd69172f4b8b"	"53d5c7cb-3e68-4edb-8464-664643527b0e"
"4415dc80-8cb7-42d9-9da4-b4e41b1bec5e"	"b419c6cf-0e82-42ce-bfc3-39d72eaf7884"
"7a2ab168-bef1-405d-abaf-558cfd51ceda"	"5e0d07c1-705c-4775-afea-f4ae8608f912"
"ecabb6c4-9b70-4d09-8a8a-92c64f88eb8b"	"86cdd84e-7675-4c53-88ab-936442a14630"
"c294cfe1-0744-4dcb-8da2-1b652f2d1677"	"2c49aaf6-6f52-4cdd-a1b9-06945b41ee37"
"b95bfdd2-0157-4426-a7cf-1ca4de512986"	"4ee2cf42-67f7-4944-96a0-dbfbf8df8dde"
"f38607ec-074c-4d69-ae9e-bee962da8263"	"55f3ae97-1b4b-4866-90b2-04154311c441"
"ab657c62-21c8-4bc1-b2db-b97fa6eb68ca"	"8995379b-e1ef-41cc-a9a9-e244b4ca29ab"
"94c6837e-8f1e-4d06-9be8-b44acbea0cd6"	"a4935599-58cb-4ff1-bf78-5685a0477b22"
"7a2bcc19-d80c-40be-bcfe-c435cd289ab2"	"65b3a639-f77d-46f1-8648-5ce81380bf29"
"c7449cde-485c-4fc3-b151-1205383f0dd4"	"272c28ca-415b-447e-9d97-18c33688345c"
"32ce470d-b70d-4e20-afb3-68b0836cbc6d"	"3f4da1a8-72fe-4b60-b413-bb417556ae19"
"e22a5701-c666-4b8a-8bb5-846fd91737cf"	"c8fdf550-3649-47f8-8b6d-4f9af30f7d0b"
"6cd872b1-fea3-42cd-9932-3878bbdd4cdd"	"3a7821ee-de4b-4399-b70f-9ccacd08e77f"
"0deb0055-3b3e-4692-aede-4861ee9b5703"	"781b5775-08cd-4bd3-a275-12df24a0f0ea"
"b7280ea5-ae96-493d-a169-3ef1e146ed36"	"3f94231c-ce33-4393-b7af-09bd585c40d9"
"253eaa75-7d34-4a6b-9efc-7aef6a58c108"	"4545c78c-c9e7-4cb2-b19e-3d1df9ff1872"
"d18c998f-7e13-41d4-a7c0-f5841fb0b217"	"6c534395-2db1-4c29-9d89-2fddc01f8543"
"f0037b5f-910d-465e-8086-6663a10a0a56"	"b27b6a73-d17e-46f4-89d0-30b2315758fb"
"c82cb746-629e-40d3-9a75-8c8d069ff66b"	"bf7e857a-0af7-48b6-9577-ab52fadbf0ab"
"d9d90ec5-798b-4e5d-ae0e-79fbc028c222"	"837403a4-d09a-49dd-a5ab-87d2d7d7891e"
"4d3f7731-29ca-4d17-8c38-9052d39ff40f"	"d61c2976-8990-49e9-8f21-22560e0f5e96"
"4bf6486d-63bf-41d3-8ede-2a4521ec45ac"	"e575750e-862d-4eb2-898a-6da54329c98c"
"f2b0d7ac-d070-4e64-8042-01a461ec5850"	"b57527b5-6ab0-4771-bcee-1229a2d3f6bf"
"100f164f-b09f-493f-affa-457e12044dc6"	"5001076d-c76e-4497-a24e-bd24e780ca93"
"79aca1b1-ff35-4841-a886-8118d8ae892a"	"9ef882a2-af59-4cd7-a0f7-96cd3e7df57d"
"150b9f72-e268-401a-af97-101c3c8ae120"	"eceea297-b51f-4f29-b86c-ebcd2912b063"
"79753a57-ad08-436c-9085-7876cf180b46"	"7ca6114f-2885-4d5b-83aa-1d7f8b9dcfb4"
"ddf88562-749c-49aa-9742-cf7ed8952ba7"	"87fdcd2b-bebe-4f4a-aeae-b6ea436dc32b"
"0bc2e5e1-37c0-4c8a-9b29-0cfe9a63258f"	"3a7472e5-9a08-436e-9085-21dc52cf55df"
"00736b17-62e8-4ac7-be44-9a7adbe3f6af"	"53d4dbbc-931d-4f41-a889-efadc0b5a108"
"d6ea7971-7540-4d14-9b3f-b73e82f475ee"	"085dffbb-6654-4146-a629-32f62ce58f32"
"54bbb682-b086-4756-ae53-adc783dadb9a"	"5144810b-61de-46f9-99b5-b65cecf1a815"
"a8ba16be-abde-4a5e-9a6a-9ea631369286"	"a9ad8c5c-ffc9-49fb-9851-daa5a2b03dd0"
"f9892334-6d4c-49ec-bf52-0b162f34ac82"	"7bcf6d9f-0e81-49d1-b7e5-f732ef30d535"
"4de70ba3-686c-4b4a-8680-4443d5c83e06"	"ba0056f5-22c7-4fca-925f-3511c35a755c"
"7b1d8275-8fbc-4b53-b1f3-f077fdc80184"	"30f39d2f-b29e-48d3-a50d-04b9feb11c7b"
"55ad5269-7520-4c80-bab7-d557ecc8c499"	"e26f6159-8488-4eaa-be74-67b85b6ea9a2"
"c860df5b-f963-4233-893e-2d5a6ef4cfd0"	"12b988b8-a70b-4344-81ca-69efd284e095"
"32ec84dc-bf72-4894-b703-26fcfa2724dd"	"7d111829-6ffc-4f29-b903-54aae3e5a49e"
"a8b2fad2-5bd9-4a7b-811d-ef15a00439f2"	"fa2751a2-6716-4493-957e-c580dcf574bb"
"5c8f4059-c3f6-4029-9550-253ba6d463bd"	"ec9381ff-fc61-46a7-ad65-01a169badc92"
"9000b75c-8203-4c5a-b93e-0aa9fc2201d1"	"b2de27d6-2b5a-4bfa-932f-5d55fae1ef35"
"f2704149-f2f4-4cb8-8e7f-8bbcaa6a937a"	"c097266f-2a36-4283-a5e1-42ef8613a7e3"
"7865b410-2015-4e87-be11-b3f6da600be5"	"96538a96-fcfb-43c7-abb4-b393a136521e"
"7ee31da9-4819-4e60-bbfe-21541f18f9ed"	"4e386d16-4e36-4f48-a8d2-8572e594cfce"
"c612b811-ed9d-487f-9d68-7387622884c5"	"5583be0c-d99f-4486-b6f5-314b5f1e9f9f"
"f88a3d78-4d1d-4781-b6fc-a4b47dceb665"	"2eef61ca-74a8-41bb-a935-6ca0d0df7e6b"
"9b7aab1f-7fdb-4de5-9310-ce08623613a1"	"ab1f1e20-ca35-472d-8cb4-c26f195d9a46"
"c8559c5f-736e-48bb-bcc8-2abee89fd78e"	"74696a5f-beed-4e7e-b13c-b39ed3b0ae35"
"a2f69282-4ee7-4a18-a4ad-13c4be2d74e9"	"2abcfd97-f7ca-46d9-b94d-69748ca1f455"
"f2cdc450-cfd3-4952-8c55-995448091764"	"984dae80-1d59-4793-acc6-87e3f7b81080"
"73d18834-c077-4a42-8509-496bf400dcc8"	"fe178cd2-108b-4748-8235-bd7bc0e31101"
"dbdd734a-9de3-4e37-8c93-9e49fa10bb26"	"9e71ed18-152f-4cdb-b1c2-05f7802c4c8d"
"5ae7732e-6c82-4c06-aa6b-ed3f1c397fcc"	"63c4791f-ac76-47c6-8cb2-c20c84702984"
"2585b9ef-6978-4b3c-a7ff-ad6e21a7d977"	"7e3829ab-5756-40f1-b1ca-3b95ab7cad07"
"d86a6900-1071-4b78-82f4-ef93be6245cf"	"8201f3d5-ce71-436a-b2c0-ef8231af7aca"
"6e2a8783-6e46-4c79-8ea7-0500fa816f09"	"98660324-294a-4cd6-acb4-7eb33b726f9a"
"1e2ff20f-ea2e-44e2-9d75-4dd2231d45e5"	"cad65d71-a7bd-42b3-ae84-6f5c94536add"
"576525a0-f269-4586-b9f8-09550c8c0425"	"2965488d-032f-4f10-bb1e-f66f199a1d7a"
"fb64ee56-9056-461c-81b7-ec21121d2ecc"	"e3b5ddf7-8022-47aa-a7c2-a5e90eb3407b"
"b408c7c7-a727-4df6-a362-6f244aa70f44"	"e5a7b69b-32aa-4faa-ac2e-be1d392b7cca"
"68ed1a9b-7f9f-49cf-8643-628d100a7657"	"83eeb227-6f34-4fe0-81d4-0f97d0b8f7fc"
"1b1ffc85-d15a-44ff-9218-4e0f888bf828"	"4a6dad91-391e-4ee1-b1c3-defb09d60448"
"94886dbc-1dc6-46df-85dc-97efa0b5e458"	"7fcc7a0f-fcd8-4f4e-9067-bdfdd53203cf"
"099c1ac8-de9c-4cba-aaf7-e7a0611e4e94"	"baa97bad-d329-4ed4-9507-e4f3bd699ab5"
"40b5230b-9cf6-4feb-91b7-15c010890ddd"	"d88aeab0-5863-46ff-8864-04858ed8d6aa"
"a5803c26-b4e0-4d00-9e42-ee2a4594a7d8"	"0bad3b14-a673-448b-811b-27975edaddbb"
"59b007c9-bd9b-494d-b450-abb87d7f5e72"	"39ffdfe8-ab15-4e56-86da-ec674e757ed0"
"9c21abc2-d68c-48ff-80ba-5605cb9cf990"	"266a0fb9-b0b9-43b1-9cf1-5fdf4d888873"
"783c1556-5bb1-4d27-99e3-bf55f5628695"	"4e7300ce-51c0-4a99-b56e-cd5300b25c0d"
"f8bca817-1cff-4ad2-b14b-6a7b1feca740"	"8b832940-6782-4d92-b7bc-41dad640f7d0"
"3520d010-8a6a-4d74-a1f5-3d72178b07e5"	"382257fc-52bb-4c0d-af84-6009935a569f"
"33c58d61-6090-4e33-80a8-67a59cc3bbf8"	"998595fe-6df0-415a-8076-f6869404aa75"
"a81b3c8d-f0c6-49ec-80d3-9e45093ae60b"	"d913f0ab-b083-4507-a409-3a6739ea303c"
"8eba0e8d-1129-405d-ad98-1d3f50b402cf"	"0d5b26b7-856a-493d-986a-785748b6aa29"
"4dd200cb-8cdd-405a-8a7e-372e7575aca9"	"bee40ff8-eb6f-4901-8f3f-8de8b84a303c"
"f503e0d9-0916-418f-9ca7-a9b244da8b74"	"df77bdc3-f1a0-4925-90b2-8786cd2aa2be"
"016a34fa-d5e1-44f6-a776-b34a0ba07e90"	"a60a7f05-2868-4cea-ba4b-b8cdf237f80d"
"32d509e4-63b6-4da3-b538-796a3841e6a3"	"12498005-2991-4dbc-b584-871df8028939"
"bac9a26b-526b-4a5c-9652-eac58bd6751f"	"14a2d7fb-b94b-43cc-850d-8b765f2df2ad"
"f07864d9-b7d9-4a48-9d4a-2e146731bf88"	"6df2db8d-7fc0-40ed-b2ce-9d37e8632108"
"c52983c4-9cfd-47c7-88b7-2a6a83af080c"	"bbb37dc0-9879-4cff-bd68-4bc7b0f2a3a9"
"99e05f42-40a5-4b00-8399-ef06cdfb24ba"	"83cf3b24-aa0c-473e-ac84-594694ba11ff"
"a9fe3ed0-f8ff-4225-880c-a7396ed7ce26"	"c631400a-97bc-4573-9d8b-fd28b4964a96"
"41abd990-0a2d-4d4d-bd2c-f74ac6409d9f"	"406fd989-b5e3-4bcf-b11a-19351e423886"
"79971e4a-7c58-4dfa-9fe0-eb9e64122c3b"	"7d054c12-b536-4405-a1cf-a7e68313dc5b"
"b24bcfbd-f149-4aec-8a95-52ff2225197a"	"0547fb0a-ff9d-464e-89ee-164c5c3b1227"
"85b19db0-89c0-4456-a74c-43e2eeab63f1"	"ac310c0d-7267-4666-ba27-b3f0381a8334"
"1935c283-a403-4130-bd77-72ff70872969"	"0202d81a-7145-41e6-87e3-6d6f472e4093"
"753a9401-6bdb-46dc-9969-25d752cb461e"	"ee69ecdb-bb54-45e7-986d-c36bdc0904e2"
"ace74ff3-e772-4143-b5b5-348b4cd8c4f3"	"ad03d52b-0a63-4955-8222-5b796a05e444"
"e78b045f-615a-4ea9-bb1f-33baa1237c0a"	"d63c9704-cd97-4aa1-9863-99b4eab94835"
"d1e010bc-edd0-4a34-9193-6dc3deda9c10"	"4ed9870f-bf87-4302-9e66-abf9c13229bf"
"982ee75f-71d0-4dd6-a3a6-fb54368be12b"	"d6b5e261-4e24-4742-a352-5ca40c1b8f3a"
"42f4171d-82e2-49f6-b08d-20ee83c3c7fc"	"e9c90d5f-e508-4166-ab9f-24c9e7f5ca4c"
"2713d542-8ddb-48c8-bf01-83d3d06fef14"	"dcc47f49-a7d1-42cc-b0d6-94bedbcb0586"
"4fe4ddda-f012-458b-9bc3-b42774a905c0"	"92a153d4-a04d-4c40-8813-7650a64c3ab7"
"73e8db69-927b-40da-a683-3025bb051b5c"	"8969580d-2f61-41a9-a1dd-2aa1d89b9863"
"6604e927-a8db-4e63-9a45-60d6ee266175"	"09096398-9a91-43ef-aecb-aa225b2ca16b"
"177cb791-aab7-424e-b0d1-10f87f03a55d"	"e3219ad6-1f0f-4ed3-9ae4-b03015675752"
"d27a7aa6-8cfc-4cf4-9eb3-defd3b536fda"	"ff4ca61f-4bc5-4f97-a507-c8bb9824774d"
"4a088284-b715-42f8-bd13-ac5922ebd649"	"09f4c2b2-dbef-4360-b664-4c41259b0c1c"
"8ebe54e4-3460-4ade-be01-41c3f4c374b8"	"53d2ce3e-5d1e-4ecb-941e-4964a642b3f3"
"97b8662f-6b03-4f14-8033-6ab58256d31c"	"aab2347c-78d9-4e30-bebe-8a4c9122fec2"
"100f92d5-396e-4724-9191-4eac7bb71f40"	"5ce0a5e6-2f56-4d08-9410-fb3acd7f7999"
"363029d2-695e-43fd-bb69-b6a7f8cc7dbb"	"6e654394-3e04-49c2-8c1a-60bdf9afe04a"
"47befa30-401c-434d-af81-cfb0a291826e"	"fde281ad-ba74-42df-85d0-edfe18b0369a"
"208843fa-1b21-46ec-aa8d-2720411b16fa"	"b4ef2bc5-11a0-4856-9a6e-bdac8d8e4d34"
"809d1a01-4e2e-4eb5-b562-69f6fcbeea5c"	"509fef04-581b-4517-b39d-272412089d60"
"b362dbf2-31c8-4a86-b18e-a56967bf086c"	"7d3c1926-fdf9-4cf9-9904-96c412c457ac"
"7d4380c8-2741-4ec5-815a-f31cdc21023b"	"111ffe44-3900-4d84-81eb-b041aeef4fc9"
"0e245b63-892a-4ba9-b884-54fb04def16e"	"bf185fe4-2bcc-4f02-8fbf-8660f7c05012"
"f2661268-e9e1-4e69-8d45-0e2ccb73aed6"	"4e24125f-a7e6-4f25-a6db-af136951c0d2"
"2e64228d-826e-4816-889e-748ed2520095"	"5cdd7317-baaf-4ad5-aa43-c1e3c11c73c3"
"43480c4a-fafd-4120-928a-0ae7c86a262e"	"c957eaa2-4cb2-4938-86e6-ccb450180725"
"13ffde54-65ee-497b-965f-f35a093ef943"	"014bf0b3-1d81-4ad4-ab5d-b93e2128bbaa"
"0820b0de-3dce-4493-a0d1-c9167768cdd7"	"9d053b78-5540-4183-8a85-9598a9dd013c"
"5b637aea-71a9-4897-8dc4-bf5ee12261dc"	"85d98147-e81c-4e7d-a823-8fe889d07a6f"
"5f052ff3-294b-4449-9549-db5da4200420"	"95355efe-2af1-4d67-af6f-242ace76cfa3"
"df9b8e3e-bfee-4e8d-8d4c-671b91c9760e"	"203b386b-a3b5-432d-924d-f75970e6e926"
"fbd542f7-fbc8-420b-ae9a-966f4cf87166"	"780cd20b-fdca-4eab-9aea-7b7e3a878b27"
"fbba66ff-a3dc-4996-8d5a-3c315b6bd57f"	"cc588948-1126-44b2-b4f4-cd2410e2f999"
"efb16819-1305-43f3-ac49-8b97be673e34"	"7e534985-05fb-4930-a4c7-c0cdeebe00d5"
"af5c5f91-93fc-4c1e-a3e2-9b262b22dd24"	"b631585f-9773-4f3b-a50d-b30628f1ed05"
"405a7745-9a17-4bb2-979f-9e3f729ab13e"	"511bda64-45e9-4e52-92fb-338d689d74e8"
"9a8860e9-c00f-488f-b780-5cae4d287de4"	"9c4cdaf1-8b40-4f8c-a117-7565ad93c63a"
"c4606b8d-0135-4516-95f9-1bab86e51831"	"8eae2e53-47b0-4270-b600-71f963622475"
"12002907-3d61-4854-9d0c-1776ce90fdb6"	"34876c77-b36a-4849-9764-6c678ce76f8d"
"3c8dfc2c-7d57-43f9-ba51-65c02e5d06d4"	"7018cf5a-d67f-43a5-9f3d-3ccdd191cf9a"
"6122a4c6-b8e6-4722-b085-37055593d777"	"379205dd-4341-431d-81d7-ab3e1a42ee78"
"013db72f-5a92-4f60-ae28-5778144193e4"	"bc9b6ffa-a1b4-4b9f-87cf-82d0fbb85915"
"47b4b255-3bab-4713-8b98-38375ae7dbd9"	"7e37168c-8268-47fb-b792-e71c790ed143"
"98fe0e07-1cef-4681-a88c-9b43b5ec49e3"	"5e7c9510-9cd4-4a59-8273-ec522fe6b64a"
"1474a703-0cca-4ad6-afc9-dda95e62d408"	"a885f0a4-c975-4ecc-98b8-adbcdf672556"
"394651e2-18aa-4017-b301-8261d1c6330d"	"e39a3acf-807a-4df8-8259-b1ef5331cb96"
"849da949-347d-44fc-a499-04934f615e55"	"d667e367-53b3-417d-8254-f6d79c1784e7"
"3b97b70f-4aa0-4957-95cd-96e559da6680"	"00772486-259e-4d9a-b97f-8aee4c8eb353"
"0da5aeef-6238-4889-aa4a-cea2d305de84"	"7de062b5-9006-4737-9774-aadbe4952a32"
"99dca3cf-4a1c-4072-84e2-051b40126471"	"7ec925a5-b1ae-4e68-98fa-10a4c6c38eab"
"4a22440b-99e4-4a46-a36c-5ffcca335fa1"	"f2b2622c-8a11-4f47-89ca-ac3801974d75"
"4675679f-f26e-442b-bab2-709ee1cd235c"	"a53be33c-4587-4614-a888-94c6506a80c1"
"bfa35dc2-b80c-476d-b088-e3de6af2e713"	"ec7d2211-e6bc-485a-9a7b-4550132daed2"
"0ff41c43-83c8-4cd2-bd63-cba4431ede33"	"3ae17e0a-b032-45c0-a965-5ed9ce0e4fac"
"6bedfef9-6095-4b34-85c8-887b8779c6c1"	"c127deed-0e86-415a-8963-993d9a2d73e0"
"10dc84ef-79bb-4b91-91a5-2c86c8a843df"	"1f64e76b-6de8-41a5-8782-a70f1ff73ec8"
"1c4666c9-a930-4c81-9c7f-f3d9ede3a8b1"	"03509955-92e5-49e7-9cc0-2af710ec8c47"
"a28db2bc-09b9-4b95-8c9a-f6a452d928f8"	"6c1a919c-82e4-44b0-8642-09c92ae03a83"
"a1f868fa-6760-4ce4-a809-994c519aa325"	"991eb816-023f-44aa-a537-bd94e65b5c2c"
"75745e0a-9fe2-4ff7-9ae5-9e633da7a14b"	"11242f28-6647-4f39-8b85-5c68e37adf24"
"db3a059a-418c-4b7a-b85e-ea6dc04e93e7"	"32775d2b-ff53-41ad-b382-4a5fbfbb128c"
"62114fda-6f11-4533-a256-b821880dcef1"	"8aab3f97-5e9a-43bb-8b7f-4479a12d8519"
"6efa94c0-2b13-4093-81c5-99ae69242e08"	"157e0e28-4ec6-4e3b-b1f8-4dc002135228"
"4b6c0213-20d0-4148-bff8-2e23859d16d2"	"9c9d2538-98ae-4518-a066-c39d1ba0f732"
"444e955f-0871-4367-82c7-dade30da9690"	"fc490278-f3e2-48c2-892b-b12c5d183d31"
"54e99f6f-1028-441d-94ef-fd0c14b0d945"	"83f3c1d6-0c08-41a1-a8f4-4cc9b600128d"
"e9c82c3a-d660-4e89-95cb-2ed3afa99054"	"946f14cc-6ba4-4aac-97dc-22fa661f6f6e"
"4c89b4c9-0746-42c5-87b7-b16f61038175"	"e842fd4b-e56b-480a-a041-e006f2dc172b"
"53708b09-fef7-43e4-b1a2-7ecf6d33a0c7"	"c0f24005-71b5-42d8-bceb-9bcbf6335e2f"
"f0aba79b-87ad-4bb5-941f-34e4c96f6b76"	"9f997f74-0c8c-495c-b075-c43fcd188d5b"
"951eba0c-1a8f-43c0-bcb3-b215dcb4db37"	"322102cf-49b4-449b-9ca5-57a8b856aa48"
"b2f057b7-3e55-4c84-b36b-a269c193e3b7"	"47abf2a7-7f0a-46da-90d0-e149186f4ae3"
"9ab720be-a505-4785-8d49-f77d22b46b47"	"1f7f965a-6ea6-40bc-9b9d-3adb35fde41e"
"18c0460f-454e-4f93-a8f6-934d97a3d19c"	"54cf76ad-67e5-41be-92a4-a5eaca644e8e"
"a1d38b04-ee3c-42cf-a273-e98f336f0691"	"873e67e6-b724-4cf5-a8a6-952200aa7480"
"0ab82156-83fc-484f-af05-e95e43b9c7e8"	"fa93a28a-8b4d-4e7d-b57b-d9b9e7467b94"
"9fd9df92-d75a-424c-8575-60e380286da5"	"35e141c5-eb08-418b-955f-1c7885eb7f48"
"6a68a17d-ff84-46e0-a584-fff89e780ac3"	"b2264dae-b885-4c0c-8ede-b2d9fcb81119"
"9d2f128f-ab2a-4123-a4c5-a50567740cbf"	"429ce736-255f-414f-9149-b4a583afca05"
"417f2da0-93d3-44b2-a5a0-ba2e0b77cb9d"	"b14b4662-6b47-463e-9552-372726e13a49"
"b8686e96-8d7f-4da6-b572-3accd04f432f"	"d47f5770-8b27-415d-9dc3-9aa7f8628ea4"
"ce8a06f2-fddc-49d7-9bb5-02bdbd372a0f"	"f2caa1ae-0851-4255-b268-31b9b6475998"
"91470efd-94df-442e-9806-011ce91e08a1"	"1ed83e93-4376-445f-b0b1-1120465f96e5"
"721c3b74-266e-4b4a-9362-7050c0547ace"	"15ca4856-e7ec-4966-a4eb-458f412696a7"
"b4dbad36-1585-4138-a288-fd6a35b2b524"	"20cfa436-dad5-4805-afd9-28da1e73fb34"
"91377644-e71f-45cc-8773-4787451e64f0"	"4d4c11b8-35c5-47ea-8e66-f45adaa042c0"
"4a1e40a9-16ba-495c-9bb9-9daa20ea1847"	"a8502792-6c7b-4b06-9b99-3c32e02a3793"
"ccb06465-2c31-436d-81e6-59a93f02a274"	"084a768a-a82e-4493-9d5b-90b3c5c41c6f"
"5b79b770-830f-4bfb-a473-fc5dc5df3191"	"39d063d3-980f-44e6-a2fb-3ef871c9fe2f"
"17526738-fce9-4f6b-b3a0-58ce5d4473d4"	"02481b74-c448-4dd0-9fdc-5e116325d234"
"544ab20c-f922-4880-a6f1-48159c4a39a8"	"5bbbd62e-72cf-4387-b74d-45e827339bfa"
"2ff2dd47-a17a-4e3f-8a36-7d13ff9a2706"	"00d5f5c7-fe7e-4271-9018-5acaa73d33a9"
"fd973359-7193-43ad-988a-878d7830e24e"	"6a114dc0-559f-4712-a644-003c0f8a5b12"
"b2cdccaa-1237-4ada-b8d1-60dd2e4aeee3"	"25bf5019-2427-47d5-a02e-7fa3abd8b801"
"a0b667e2-4ffc-4c68-9c83-b535815c2179"	"1da4eaa3-4b2d-4271-ac64-ced488b99d89"
"1336df28-7444-4e23-b72c-ef0c1eca8b51"	"ed39be2f-af28-4a86-894f-264b48742fc7"
"ffaf830e-6800-48e7-a501-38d37edb65d0"	"2769ea2d-e1a2-483c-81c4-ca6bd8881acd"
"50fcc88b-87d2-4f61-b903-47f5acf30f42"	"8e29e435-e4f6-4fff-bafc-51bf01d9ff1c"
"585da674-8693-4dcf-bcd7-fd3715a25325"	"c215e8b2-ac83-4bbf-aa66-f20886a23169"
"347f1dc6-6898-424d-a0a4-452154643474"	"a43170d4-a730-4d10-8e81-fc285fdd7d7a"
"6db09c7b-6e51-4e27-9b4e-705f14da1004"	"814d0590-f0fe-455c-abf9-0a3b6d7cafa2"
"0ee09d54-3423-4783-919d-9e0ce016e803"	"4f78a609-924a-40db-8dc0-00023b8132a0"
"58d8086d-52ff-42cb-8b28-2525315a89a1"	"dff3bd03-e277-4a1c-9a5e-18a73a48f899"
"50c8b1f1-15e6-4d7b-accc-4142f7045504"	"dd84c2be-d38d-4260-af54-eed50781678a"
"dbeda139-7be7-4f93-a338-b48a0f5045eb"	"bc61bd47-8b24-4f3a-907b-77d52416efa3"
"339d7fd8-fca0-4642-8ecb-95daf2c61116"	"8dd875db-459c-4bc9-83b5-b88aa7ae51c7"
"90b46360-389a-4e65-b795-942bd95701cc"	"9c23a376-40e9-43f9-85f7-8dadafe5c956"
"04b887d0-0ced-4f2c-a2b8-9d497f77fcc2"	"77731d3f-be04-448f-ab63-15ad7d919ce9"
"f3b102cf-2bc7-4a8a-a66c-01e37d3d7c1f"	"0413471b-5635-4e3d-af1f-29212fa1f797"
"140864e1-e87c-4a30-8c40-0e38d9e8843a"	"d0fd48da-735d-40bb-b0f7-216a7ccbe5be"
"061a1640-176b-4da4-9308-effb716923ae"	"646bb669-cd15-4504-b082-3261eb278702"
"fccce609-f113-48fd-82ac-a7c9a1e76e16"	"702edc68-ae97-4bc2-954a-1e4f0ef6a04d"
"8b6b839f-60f4-4640-9ac1-ffb1135d36a3"	"a0b8579f-cf10-4d4e-a6af-fc9b6866466b"
"6ff536c9-1b40-482f-8565-4f1b34ab0abc"	"3f5b20ae-10bc-451e-b6db-b5bc15d82fa3"
"10b35bfa-ca45-4bd0-a1a6-fa8eab48be1c"	"0404bc5a-1197-4c50-b8e7-1b2090f7c58c"
"7ac6cd2c-6f54-4398-ace2-56f763ad59a3"	"afc10371-4198-4f2e-a9a2-708cb4a40af9"
"66aad4ef-a6c6-4e95-b31b-6ec48f52b7ea"	"a7dfdd75-4af6-42ed-a395-3c345d36c026"
"0af774cd-b4a9-489e-baa9-44d2be914c28"	"cbc7fb7b-ce92-435d-a9c3-08799309f20b"
"45c53bc0-d290-4f4f-9475-22d27ecf277e"	"3cc35d3f-9373-4dbb-9c95-0f2803310cbd"
"dde74f57-f380-4df4-b970-92fac8dcf4cf"	"b9dec291-51ec-486d-9002-cf6b9fb40343"
"d3edb9e0-f649-484d-8f0f-cfa7b24fc66a"	"8d7142cd-499d-465e-83ae-a359591ab205"
"7df14523-74d0-4d88-bc20-57886e214fab"	"749e1179-f3e9-4455-a8d0-232eff4b9014"
"215802b7-e89c-4787-a8b5-47199f3d2ce6"	"47cd0192-9867-42de-b73f-9271c68e2fc5"
"7271aa39-5660-4d64-ab2d-43fe621bc944"	"5c1dfd84-45d1-49fb-8ce8-401d70c06c6e"
"399b5096-34ce-4fe1-a302-6ed2fe4c9edd"	"67c20ce7-19cd-4120-b458-40d883ec0d0d"
"08d3cd74-eef8-47fc-8be6-951eb5576cf0"	"88f37843-b995-4c1f-9dde-578da70977a5"
"6d08a957-32c3-4929-8e20-79993954f2a7"	"7ac209bc-4bc8-454f-9a8b-54727623dd7e"
"e92f46b2-2271-49cc-a3fe-8ded1115fd53"	"55b56552-d8af-40a0-9168-8064a90d7e68"
"bfaea25f-09cf-43a3-8628-3c4fea03c8b9"	"2d81048f-cc01-4e42-a3e0-96191fe62faf"
"0f5774d9-cc56-4b09-9274-f5881a89bd51"	"f3f791c0-4ddf-4d4c-b9ae-b26535c66181"
"ead9ed8c-0240-477a-978a-c17945210d96"	"bfc59793-29b5-46b2-b227-0866b1c3a3e2"
"9ab5b296-4f98-42b1-9ff1-edb500e1fa28"	"6a067353-69ad-4008-9ca8-920a117983f1"
"0d48629a-5f1a-4f66-a18b-21b4e129683d"	"d1695c20-3030-4cab-8e77-7d091b930d08"
"507ccb58-2a22-464c-96c5-74630e35372a"	"3bc9671b-d093-4780-af94-012b033adaa9"
"b2d809ed-d1c5-4aeb-90e7-dde7171052ed"	"6836baa7-7e14-493f-aa0a-9557e70a1b15"
"948e9fb5-6dc8-494b-a0b3-3896fe87410d"	"31c0a45b-d0c6-4051-ad8c-31802eee383a"
"351d3055-c273-48f1-b716-97e04b7f2ef5"	"300fad39-2438-469b-a988-6263aa039ba9"
"651a48a1-d381-4de0-be55-ca6b27b309c2"	"85025139-7a4f-4911-bb9c-4d2bda3e74eb"
"b3d7312c-a098-4068-bbf1-89dca29e72f4"	"c52d3b05-b4ac-4bbc-9864-47c5d65b4c18"
"59eb160c-b702-4b59-935a-e89df81763ae"	"603f7af9-8d94-4805-b89b-fefd3adbdb8f"
"88097ef9-6231-4727-819f-17b1ccc832f9"	"e6b4dcc2-456d-4910-a999-d4eb759f440a"
"d4acd149-5447-462a-a640-ba4513b7f41e"	"f07d1e5a-356f-49ea-a2a7-7ac864bf6e40"
"93369694-8353-47b8-9837-29fc3ffa5a51"	"9bf8ac27-3281-4d1f-b081-31174cc76ecc"
"08253860-7183-4d9e-bde2-43c0c023b8ed"	"8d71b03b-1636-4af5-9615-f1bfb0f88f46"
"5e73b6c8-6c9b-4384-aab5-24fb9c76d723"	"ee7aaac3-08c2-4a0a-b872-b4dd8ae3095b"
"8f65fd53-f078-4d80-84a0-5f5933b13d7d"	"75247b6f-b052-4e9a-a5ee-264c951cdda9"
"4fdad0e5-3265-4d47-b738-55364d589730"	"30a6f856-5213-4ba6-9715-24a3255cc243"
"af36c2ff-045d-48f6-9e7a-7fdc0f212a61"	"eb9e9199-d0e8-48aa-86f7-e2de2943a8ee"
"6de26ce0-196a-4de0-9eb8-a28f24ad3463"	"0ab82746-e385-45a5-8850-e7d04b25cf20"
"362567ad-c609-4567-90d8-ad719e0e5a44"	"22e457b9-5e21-43c9-8448-b0c8bd13bb23"
"1060bc92-90cf-41d0-a4d7-eb1a86724cd9"	"2530258a-b804-470a-a225-edd6cb3d6e36"
"deccf65e-36ad-4da2-a86d-d49d1f64b4b2"	"d794635b-d5f8-4a4d-81f0-2f39d7f1d42e"
"d346146b-a382-4a7a-a49d-cb353a9b7ea4"	"3c913866-5d78-4971-a6e4-4918f05b7a88"
"4991e05c-8055-44c3-adfb-72396d851256"	"de10c44d-c03c-43d7-951f-9eef823970f4"
"07ead4ee-27e7-47fc-b095-692b40ce860d"	"735aea7a-e95a-4840-850a-5e4c27ea30f6"
"30c14b5b-c660-4a4e-81a8-a373a8fbe033"	"545e534c-1912-433b-9b6f-3315ba20151f"
"fc80516b-5717-4dc2-9ea6-b1e5a34b00f3"	"8e9842d6-763b-45be-8643-517d85e044e5"
"c938edaf-4476-46b0-89f2-a965c1c56d35"	"912e7f34-0bdf-440c-8714-53356ba023dc"
"b9cc5993-8807-4613-9535-df279af56476"	"88baee10-bc30-4dac-977d-3c215160e6f9"
"c9635ce1-1fe6-4f27-aeb8-bc02bcc2050b"	"4aa49e45-1b9b-440a-b65a-e533c99fefec"
"5dc8ff23-96b3-4cb2-8f39-9d08f731fbd6"	"184e689f-bc60-41b2-b2c2-1e0919ff2c24"
"49d3b064-5d46-4969-872e-1c00b47d7553"	"444c07eb-5003-4cde-bc1f-d22f681b7aff"
"a61ac6fc-cfa9-46bc-a459-909e801641db"	"36f90257-7ad9-4c24-8273-e661d1e2df65"
"96887cd5-0c18-4530-abf2-c684c49a2240"	"c61b61cf-1888-4271-922b-4ec3462f0e67"
"35d71534-14c1-432c-84a1-12fee393daad"	"8aaf22ba-e062-4a20-b3a0-3ba5cff56bdc"
"46f39d23-06d9-468d-a684-09469c3e203c"	"cda0f4ca-e856-4d58-9fa2-84e8790c024e"
"3279ff31-1bb6-4b28-b7eb-19a71936b81c"	"63a25633-254a-4531-b0d1-a5beecaaa43a"
"6b75b80f-9489-4441-a85b-699ba19d648e"	"0753037b-6b53-417d-b577-e98ae556939c"
"7f0a5c63-516b-440c-863b-09669f7e3529"	"cdbaff33-5249-46b3-97c7-33af825a6167"
"bbf2a2bd-f604-4d05-b9b5-b983cbf25724"	"6d003e84-9448-4a44-96b4-9c09537b5b2a"
"5a0772b3-8e2f-4664-a62e-f9f07ef45a64"	"f9d74c70-1778-475e-a52a-ad310b968068"
"b51622b9-d759-4748-82c3-0b87035a37ef"	"89ff1a57-b1f2-44a5-88e8-06f00524f6e4"
"0f7a5ceb-294a-47d3-85cc-018f12ed2d9e"	"4f55a29b-4bed-4fdf-a85d-2037bf7ef27c"
"2832ab02-7026-4878-94e9-4a6b8153a3bc"	"34ffa0ff-0b74-49a7-bbbd-848db7faf0ef"
"53ce0d0d-9ae6-4793-bc7f-69f5f28ab75d"	"1bce7fe1-bf9e-482f-8784-9792208cf706"
"2285b035-322e-4dca-a989-43b5e51cd83a"	"ce31b5bb-310a-4332-bd84-bc14fc1963e6"
"3b1e296f-7301-43fc-9fbc-dc7c17ad748a"	"4fb55a75-5127-44e1-a70e-8ba6b9a6790f"
"b75f2654-9f59-458d-9ada-429f4375165b"	"4d55318d-e544-4c05-9d1e-8a6e99b18469"
"64497c12-f6cc-40d6-b111-579027894e38"	"71819007-7c88-48e2-8a75-006ac1a2809a"
"c450ce93-c380-4022-8f44-48723e9b78c3"	"d9fd081c-3a45-4bbd-8b14-8c12ec84bf65"
"146a053c-861b-43ff-bcd8-74ad5f9ee70a"	"620646b3-b246-4095-b871-246b7d604c67"
"1573b584-fa50-4421-b0f2-5ddf020c41b2"	"2ab8dd8f-8aad-4685-901c-4ed725b0cf10"
"360c1e38-d74f-4152-8a1e-154d3bf4661c"	"a7f2b0e4-d6ab-4b91-9718-5966c4648867"
"b4c971d9-fffb-456c-bc53-bccb684ca89d"	"f9f17115-2f7a-43f8-80fa-df026c702445"
"a5c354ca-f3e8-4d20-86ff-5fa982fb753a"	"078953f4-b1a3-41be-a21c-5b5c8a114a09"
"c018f4ef-fc65-4eb7-a8fa-e77acae18226"	"fb225f55-eea7-4a3e-87e4-b83f1db8e373"
"1c8a1de4-4ea5-427a-b2ba-d4c12ff4373a"	"2211ffde-6aaa-4de9-82fa-0b8862c84c2a"
"37a65a7b-f936-4792-bc92-e8888d34c827"	"ec09fd4b-e8d1-4fc8-ba45-0eedf8b660c8"
"660ab284-b865-4974-ae9c-3dcccd2b7dee"	"69b95f20-a4ad-4879-a578-3d5802dc4613"
"a3b6eef8-cb27-4592-85b4-2af1e731263b"	"6c307ee8-161b-4fc1-9e4a-c9301ecb0490"
"b09448ec-0ac7-4cc6-ac71-9264400a48da"	"cb53bcbb-844e-42da-8000-9f22c38596ec"
"cd9cb57c-e7dc-41c4-a60e-619a7b77d9f4"	"1389b97e-661e-4f0f-baa0-1063b81b237f"
"483fec98-b100-454f-b924-f586bbea42ba"	"3721e89a-314f-45ab-93f4-63115952dad0"
"9c7185ba-e145-4ab6-9c17-87d1678a6fcf"	"770a829e-7b66-4c11-add7-02f18a16a415"
"8cf34010-224a-42c1-8840-16caa937941b"	"5ddf1c50-4266-4860-b35c-f752433d29c6"
"e2da8109-c5b8-4a51-af35-9262e9d5e813"	"a0c76832-6f3e-4123-9e89-2d49bf2e930d"
"865a2f1e-a1ec-4757-9fae-b9f64c361d7e"	"bb59755d-b2d9-41ca-882e-a27043e723de"
"9f8cb05f-60dc-43c2-b288-468af78c23ce"	"bac28ee1-fe24-4d99-af3e-5279d7f796e7"
"5422324c-3c90-4f4e-8564-f54bd3e95bdd"	"1183d9fe-2223-4d1c-b95c-90a14abba754"
"288285e4-7beb-4393-a17c-343c7ea8ad5e"	"3e3567a6-e702-4384-96e8-ad87577bec2e"
"115db9f7-699c-4307-84e1-243e0a129d92"	"0e6e7ffb-e55e-4a44-8b8a-8950b638a9d4"
"7fdb208d-17c4-49dc-b2dc-9ee062063a95"	"aa13c619-f94a-4a14-8916-dab75ca07bd8"
"82b2ee01-d4cd-4cc0-8b09-c1b6cb2eea85"	"48e77520-50d7-4964-9855-9055893eb2c6"
"60dd4c43-be9e-4b9d-8cb3-fb1f4e4b836f"	"9fbbb9f5-5400-4120-a126-5b62850470b0"
"f6df6b9d-abaf-485d-8e55-8ef4f8949617"	"dfbdc387-d884-4c32-bebe-22699ab1ae81"
"14bb11a7-7ec4-45f8-bc3a-911362453a55"	"3845179d-f793-4482-9efd-be754c8dbb82"
"f7dd1e33-1ba2-4e52-8383-5eaa58ab3264"	"c3bccb01-2ec2-4f8b-b9d7-88506c063900"
"85e859e8-d3de-419d-a3f0-e36b5f66ac08"	"f1da5213-c723-42bc-9e98-ce9c70a20d70"
"bd8bf2a2-be11-406b-9ebf-6769c8ef0884"	"3f6bd8aa-bac5-47de-928c-09da6ec71c44"
"c86bd6a8-dff8-4e94-88c1-2e8c8e0ab737"	"2fb279fa-f8aa-4b5a-855a-0c1a3ff4db8e"
"085e683c-83a9-4ddc-8946-d5721c5d03a3"	"1d17acb5-20f0-463e-a534-e62f9f8489b1"
"c057115e-9acb-4260-9fa1-37f61615ec5b"	"fe92a304-b77a-436f-ac64-b83c4e7127fa"
"ee1fcb3e-7265-435e-a33b-9890f44111f2"	"60f51f24-55cf-4367-b2a2-91f5196b3713"
"37968f49-e208-4f02-90d9-87db02f58667"	"d03fcbf1-1dfe-465e-8409-9cc12d2eba75"
"d747926f-b05a-451e-9901-73ec1d9394e5"	"79aaf007-9ec9-435b-abd1-0b733a3122ec"
"0e04785a-5c52-4e93-9292-5efbcbcc6e49"	"12d3e59a-fd68-4a1d-b4b2-8ae05f13b0e4"
"7cf68ecd-38c6-430f-b25b-4f0f25497ff1"	"a5149b81-ac78-4e4c-bcfe-a5e2bf9dfdd1"
"b8803578-a3aa-4d7f-b3b0-8bea870d0ae5"	"c654b2db-edbb-4580-9fa4-23bd30db5173"
"d2534bad-f545-4701-be81-6c0632497e7d"	"1d19c493-d379-4bce-b3c2-39914c726cd7"
"aca526d1-c77d-47b3-8733-2c0d5d6a2f68"	"12b6934c-8d60-47b0-b186-3510778d5b58"
"0c2f44fc-cb21-4055-abaa-9c610730fafa"	"52f19599-6777-4443-b3ee-2c4a1ab94b52"
"c629da0f-cfcc-4b31-9550-fc0e69aec778"	"6dcac089-7a88-403b-bd38-b2f7739545c3"
"cf1469ff-5c7b-4af9-b0a1-d615ff29a0c1"	"34a60ddb-aa55-4783-9ea6-e5266906acc3"
"0f698467-9596-48ca-a793-429507bfc716"	"7cb76e58-8802-4682-9a6b-571b698f5ff2"
"2e8b0ee2-1917-40c7-8f9e-5b5f01cc06ba"	"64f8fc09-e227-47d2-8388-81e0cc89495c"
"1236265e-3cdd-4b50-9b66-8bc179792d8e"	"d302e53f-e63d-421c-aec1-fb0633670a38"
"d1746b70-84ac-471e-a182-da5f7d93b8c4"	"b50f8835-cd89-450d-ae1f-cb57d459289f"
"09953b5f-116a-4b9c-a844-7d2e6f042eb9"	"97034367-f9fc-4158-ba9d-f455e046d01f"
"152a5b01-9046-44cc-b67b-996bb0150df8"	"69316ea5-21f5-43fa-b15c-874789b008a3"
"7d8bc8ea-fa88-4008-91f8-1b70012bf720"	"d3603b05-a5a8-4290-a802-3c3f480bb0c0"
"2312f25a-5de2-43fa-94be-ce246e2c27a0"	"9f1beacd-5277-4df0-8517-88e38495623a"
"1cf3c7f2-d0d5-41fe-9e16-9f821a86cfcc"	"283d3a18-441c-4a0e-87e6-3c3cda20650d"
"f2dabdf7-df3f-4c0d-8025-98e49b0fe2fa"	"f3fc867a-a45c-4d18-88c4-40ec4b47b77d"
"27f4faca-f276-409b-8b9a-514f11e13fe6"	"e40fc7cb-5900-4f11-9a3d-be0b93e281f8"
"a84917ee-ce73-42c1-b07f-44d32fd22de0"	"8228311e-9b6a-476a-b5f7-a5fdc80b39a0"
"8ddb9c42-43ce-4f39-89c6-7f088a17a29f"	"2cd99f24-26ad-4f31-b116-8621b48c3e0d"
"0b389afa-7afb-4890-b877-5c940330d8b9"	"08abdbce-dc4b-4bf3-a895-b3da83f35787"
"cec1197b-fc2e-459c-8250-31ca66628fc7"	"3da35b05-4e14-44e9-afdd-c873b107d15c"
"ecccfe5c-1e28-4649-8d8e-bbe60c3c1434"	"05f879b0-3279-4f73-8f82-84651260bdc6"
"71be3d50-2b0c-445a-991a-62d4b3385254"	"7883d9d1-bc65-47c9-8eb2-b7bc3df0418e"
"fa94c08f-e008-4a59-85ca-eda62279dc5e"	"f48bba04-2f03-4848-be9d-567a7eab465d"
"12528b4d-0236-45f8-9f01-5c4823b32656"	"717fa3a6-01fb-4aed-b573-05eb56ca7df0"
"b7deca90-26c6-43cd-bf88-d709addc43ec"	"d5e8baeb-6b11-44bb-b854-b763e8ec95fa"
"0a2e0c4c-41e0-4736-a1b9-ee57dc3313ef"	"ee1575f9-2a36-4781-9f4f-8cc1f5a1bc20"
"0141a4b5-929c-48b4-9262-6eac19f01479"	"6b1f2ad6-ce84-4bac-af9a-06b941c0b3b2"
"cb8c359b-0adb-462a-b517-10f3253cde55"	"01432e3e-7768-4d4a-b89e-3b24ed9adef7"
"eb95c9dd-ba91-49be-b035-dd786aa19b4b"	"73011a12-e248-4808-bd62-1328d79df343"
"f5185762-62d1-4910-8be6-92303dcfe90d"	"4cd33c79-5d84-4232-a604-1c6d0a059fc7"
"48f931cc-d583-4a3f-bf9f-917e1cac28cb"	"0480a604-1ebb-4d1a-be45-7a5415ae0c89"
"de6dcc1b-6ae9-476f-806b-706246dbfeee"	"f75066e3-905d-4f28-8956-129efe89ce44"
"3551cf30-cdad-4c57-924f-939fa8cb048e"	"5ec71f72-cd0a-4b38-aa2d-209eb574a14b"
"ad18f2db-448a-4228-b9bd-1574b166bcd9"	"28316e64-e95a-4335-9ea7-c06eb53ec7d5"
"16af21fb-b488-42a6-8d27-727e0bd14eac"	"64ab4e73-7f1b-4f24-bad5-b769fd29bb59"
"c88d10c1-a20a-42a7-8ac8-f7a59c6b54b1"	"5bbee63a-3f9e-49ba-bbdf-1ad618955899"
"e2c87aac-ca0c-4e27-ac8a-420d6ed8284e"	"bf9ba15f-448f-48f2-89d7-8dbc9b4c3af1"
"a662042d-4f44-40bb-a42f-4024c7ef6afc"	"1d261e73-cbd1-4c81-b1d1-e65b7d8060ae"
"59672b77-e967-4ea3-83f3-3cc1bd090244"	"cc07945b-c484-497f-a38d-9e7b8e4d745b"
"f6988783-dbc3-42e7-ab53-6acc8aa59fd0"	"933997a5-3459-4f59-a633-2310d3ae83b8"
"7693e919-50b2-4c89-8ab4-3c699a60e0aa"	"004677b9-ea2f-447e-8329-c976fbaf877f"
"a0ba9dd1-1011-4e6e-aaed-b594bb32e1f4"	"2cb22dd0-c920-4825-bd98-3c0439770bda"
"323baee7-7426-4cbb-bff5-f70613d6dfdc"	"335094e2-9da4-405b-b5ff-c4138d3a0aa0"
"6fc7b9ed-0520-4448-99d7-3079c5eb7b70"	"b83fdcff-d6e6-4299-994c-3010cf667965"
"43e9d031-4424-4b77-b744-62b1906caa65"	"ddb32ce3-1209-4d1f-aa17-a32a3fc6c8ea"
"2302ff2a-df14-44f4-8c25-795c21c866f0"	"65034498-c8a2-4757-bf5a-5d046255d758"
"e14d0bcd-1f65-4edd-a995-4e647befd882"	"56c91ecc-44e8-4304-9417-aa1bfd8bb816"
"1f9dd316-6562-4ae9-80f3-3734f96eaecb"	"39ae4b9a-0ac9-4cdf-a34f-1496f6def332"
"c6a55045-7b2f-425f-8648-3fa207bb96ff"	"9903c370-6da5-4f71-b727-3c47580f9bdf"
"5f09a1a2-97d9-4138-bb82-39fcafd97c24"	"113fc41e-3025-45a9-a882-713585520947"
"5d2fc5e3-7f81-4f6c-8935-4d08c14d7315"	"dafd2c02-98da-4cc7-868e-a701bba53015"
"659af4f1-1adb-4e51-8aa8-1f4621408c2f"	"f5294589-d044-4096-9828-c4de8f18033d"
"4d0b2298-bbee-4832-bf6a-1dd805b1cc1a"	"d8db9a82-8c81-43a6-aabd-586447451fe7"
"5440e6e4-d9d6-4552-9e89-1e69dcb45bfc"	"60455bfb-ad6a-47f1-b954-36c65c57109e"
"2a77002e-67f8-40fe-b021-0e333d8ea4fc"	"acedae5f-b3ec-4f71-9c39-0c60f7390ef0"
"c4bb83ab-1874-4aa0-abbe-2c0bbc38b29f"	"3e98f7da-5023-4cc6-b6b9-950d34ab7a89"
"5ace8cbc-0228-45dd-8356-09933ae23c26"	"62fe2bd5-7519-46a8-beaf-fe0fe8046ed0"
"9c6423fc-48ae-4663-91dc-2ce31b691ca2"	"c01d2272-4870-4d85-9bf5-62b1bcded045"
"dbe12b48-52b2-49df-a983-a3f6a667a094"	"6196d7c8-4692-4c14-a5bc-90ecf33a2dc2"
"22abe83a-97ad-4a4b-ab41-b9d3c3c17d78"	"679c3ca3-0e56-458b-a523-83e8faf85980"
"b06a5070-ffdc-4eb6-8279-7154412de1f2"	"92b4c04f-758d-4464-8395-1473ec4d51ca"
"cb436623-cafe-47ed-8fb9-3b8322bdf6e4"	"f08c2a49-e49c-43b5-8496-e64589cda548"
"9add8b98-ca14-4e3f-849f-796f452f338e"	"7ef84e96-f212-4e77-b29c-84cd7fb3a316"
"78e2b679-1525-4297-80ff-ae1fb1da852e"	"f32da249-b611-4641-92b0-07ec53e33175"
"7a515eee-9ce5-4b7c-9f41-bf7d66a33e13"	"a6389eeb-e584-4ef3-9f37-69100a149022"
"16f04136-a00c-45be-bd1e-edf2fd86b47a"	"d4b4702d-bc07-4504-b4c7-88fbe6da1437"
"9b53d615-8044-4d55-82ff-00738c66a22a"	"9c9e75a0-f52f-403f-8286-c7e161e41353"
"e5278c7b-ae44-4311-a77a-9e5833529947"	"0184b93d-31ea-4295-8396-489e4cadde44"
"e67a40e4-58a3-4186-bfba-9e93bc2e5e5f"	"51f10096-512f-420d-8e7f-d2263b0b08a4"
"36330336-5628-489b-9170-2db447580204"	"6365ca56-540e-4cfb-9aa2-8b9e7f3a83e7"
"01fcfd1c-de3d-4192-ae8c-8a106b7e3db7"	"aaff1f89-c8e4-4b01-a369-740f6445ec37"
"2d4b136a-57b2-498d-b3bc-33f8ebaa7f70"	"77e9bdda-3174-4abe-ab37-f0613dcf04b3"
"e9ba1500-6aec-4828-8d0d-bccdfaae0f06"	"e9ab036c-99af-4ea5-b8c7-c4f0d2e9e643"
"fb6926d9-a27e-4cb6-8305-ad1f3b92d327"	"90280db7-50f4-4740-badd-aa848a2ec78c"
"12c00b34-4230-4d62-8675-1f7c05cf167c"	"9899b684-ac9f-4abe-be77-5df7cbf505f0"
"182aaa4d-5b16-4905-99a0-12d07c1ac357"	"6c6f7601-032e-4805-b7de-f41a75f2ecca"
"63e10704-2b33-4d32-b88f-e5126c3e09f5"	"51478fb5-c61d-4716-b501-b6cf07f56ab6"
"9317dc1a-7ea3-44aa-b821-d1592f323d4a"	"48e29bd7-212f-4c38-a775-f39c6d3fba27"
"c720fa19-5332-4b3f-9ee9-7753094c8aef"	"12d42f82-c3a7-4eea-a50f-2a7f5a515069"
"bfff71a4-0f59-4b93-b68f-5369ee47f140"	"a4093c47-0ade-4e67-9f46-0c05e0619e66"
"3d2f55ad-78f1-46e7-b31d-ae3f56c1e0f7"	"9d546709-fa86-48a3-9810-392947d57397"
"783f2dd0-46a4-48d8-a9da-9ebefc99581a"	"cf2656e7-770f-4efc-a500-fb7e5efe5175"
"ab090881-b8b3-40e1-a4aa-f16d5d53a945"	"6516e38d-2851-49d2-b96d-c818a38cb3a8"
"be70614f-a37d-48fd-a619-29fddb5ae5eb"	"1bc1a837-94dc-4c9f-a822-c1793876c46c"
"138e199e-1894-4f12-9674-3947bc5f0f42"	"c9ef2cc7-6a70-43fc-aaf2-5f8a9b901614"
"0217786a-b0ff-401d-80c9-3139a801d224"	"c5dd68a3-b256-458b-93fc-724316a96fa6"
"d291e037-32be-42f5-8c30-0ab4f4105831"	"f0a1f9d2-77f7-4cfa-9241-6fdcec831539"
"eb36076c-0fde-49bc-b208-4ea02ef7767e"	"b507ba55-42af-44ef-9cf5-9a13f24d2fe5"
"e57b450d-c3e4-4f7b-8a27-5652b9ce063a"	"d71ffe5e-cf5d-4aa4-b9c2-e7ea0256a989"
"3b2b944d-1863-4e9a-ab82-98af9f6c217b"	"12467a14-76e0-4a27-bad2-83d27edb7b53"
"bf9ecac3-306b-4aad-8549-a1d0f66fd642"	"2e14af5a-4d6c-47ed-b52f-e4353ee49f92"
"f9d557f2-a6a6-4e3b-9060-b32d512d636a"	"bbd3992e-2dca-4b01-90e3-895f7072cb22"
"4c7eeb75-2483-48b1-b9fc-a006ddb60be0"	"b7800d02-d8aa-40f5-bf64-101828957834"
"7f6dde4a-69c2-45cc-a5d4-9a505307e9a0"	"24204698-0a9c-4099-818d-5e96d50963e2"
"af3d3506-e2ec-4ccd-89e2-9acf164b89a7"	"fbf00d5e-4ba2-426c-8a45-948b22ca4c58"
"57234d90-a8a8-4053-b724-f293ae31b418"	"10d79994-f20d-4404-8e1e-53d9a7b5f18f"
"bfe44c7a-7a21-452b-a0e6-232c2537a07a"	"66bfe7e9-001d-450b-bcfd-4f469b8c3a9d"
"0a89af82-06ef-41a6-bd08-13558c409a0a"	"8a7afa9b-7019-48ea-9c6d-6d75b94882f8"
"235915f1-e6c5-4378-86d8-132c6f9a3114"	"e375ade8-e69f-4fa3-afec-d4737ed1ddf4"
"f6d1192f-a818-409b-b5f6-d9d7770d39ba"	"e79a2a95-c449-44b4-be8c-2f33b97b89a6"
"f74d4cc5-41c2-4a96-8d1e-0d8764d92ed3"	"62fa372a-660c-4877-bd70-23371f6b97f9"
"50f4153a-c126-4766-8f86-43cafdf946bf"	"c3133a06-5b14-485b-8285-15fdb8293d98"
"2d8d2e47-96e3-4870-9c69-92e8dcab4799"	"10c84560-9113-4d13-8cf3-5122c24c2744"
"8cf8d841-1e2b-4c38-b160-ba501cc66777"	"39759bf5-34de-4bab-8bd7-20102bc63433"
"8bbe9a32-0587-430d-9e3c-2e1444ba7bd7"	"2a81f715-6e36-491c-9f67-fcbca6e35c24"
"e2f0c1b2-5a24-4b86-a54a-1bde3c7eff2d"	"7e740e4c-f282-4fbb-b7ee-8f1557250aed"
"b3236240-e62c-4e05-97b8-8b5e8f81a22c"	"c3459bd4-8a53-4da7-9734-abbed521ee07"
"fdf509d4-d633-4a93-b1f8-beb539e85f6c"	"0677eb15-aec0-4885-a867-ace61e7f621d"
"0f5217fa-ea66-4cb1-bef5-ce17ea7139ec"	"3923c81b-7d12-486c-9d95-5b8e4c4cf87b"
"42f2b09c-46a2-4d24-9baf-2e304c54c89d"	"451399d1-353b-4b1a-9890-eb4ffc5d19a0"
"53f6d62a-a6d8-4682-9bbd-2800b146f1a2"	"487316c4-ca8c-46fb-8ca1-edc674f1942c"
"3190221a-f459-41f3-a25e-81957dcae328"	"999451a8-c71a-4e51-bb8e-ed158b5e81f5"
"60795d46-0654-4208-a2cf-993fa1a732e8"	"d920096b-966b-4ba8-a7f2-acbadae18864"
"5f70ebb1-2dbd-48a7-a953-76f3ec93de39"	"0ce00359-8f9a-4062-9967-a16190614f86"
"1466ed3a-de5f-4d78-8295-d32577b2bfd8"	"aea6af51-298e-4609-861d-8de85de80059"
"fd4c65a4-fd4e-49f4-9ef9-a8ddb4197c31"	"f384f0e6-aebb-4d81-9b45-17bf04971cc0"
"6bb18ebd-8c28-4df2-8b6f-6789c96aacf8"	"94724aa7-1acc-42cf-b1d0-5baf0fc3be3f"
"5b4c0e8a-0e37-4016-9c7c-0088658b6598"	"6698b821-5ed1-41aa-9230-d01d24eaf8fd"
"430a6622-21de-4416-97b8-a45f117b5c02"	"f734f7ff-658f-49a1-a3b5-91a86a1b333d"
"4150780b-e965-4594-bf1b-a9ed64fdc953"	"2ece5e85-93c6-4917-991a-cfa5679bd1cf"
"8f3b0ff2-b6d2-44df-a291-f56426293c07"	"a8a82d7f-0990-44c2-8964-d908ad510f76"
"459e3097-b76a-47f5-bca9-58159ec6cf5b"	"a6f7cd59-d305-40b6-9d80-75b6a94dc008"
"74c262cb-050b-4a7e-84ee-e3e731d3579b"	"dd51994a-60f2-485f-b8c8-8ed8f7b76857"
"e1068ce4-d1e7-4677-ac12-1e979855feeb"	"d200ae17-1757-4ed1-8930-e10e043dc90c"
"eda0f8a8-ce0c-47c8-b29e-8d4f748aa840"	"b6828118-f07c-4da9-aa21-2eeb728fd51f"
"9949f390-cade-449d-8ea2-590b07b1b579"	"f00c892c-c181-4c77-9539-64c546010e4c"
"e2c01c43-e284-4ca2-a20e-b2ad200439e3"	"e23d56c0-36c1-4c37-b8d3-42e9b44679b9"
"6abe64af-dd23-436d-ac14-e54b89980d90"	"381ed5dc-9570-4c73-85a8-72cfcad78761"
"3a054295-3aa4-439d-8b2a-6fe53357ab15"	"e531a9ac-3eb7-43c3-88db-b4c7d7aa47c9"
"49be989f-99e7-4e28-8553-5869174884e6"	"da40a8d2-1b05-4081-8548-ed5c7eb6f902"
"5140f70a-b913-4010-8bbb-3237fd7e075a"	"aa749db5-c75a-43c4-8227-62a147772fcf"
"b2fc06b0-f455-47f2-b630-99b685cabe83"	"88e24d23-cff5-4d28-859e-1cf62098f0e9"
"760edec6-1631-4051-b688-712c7ddf1e6c"	"69a0e125-8824-4517-8804-2d9385b38a52"
"a7be68f5-61b5-4b71-af24-b94a03a6ce55"	"2abe9931-4e95-45cb-989a-48b3378f22e0"
"4d296b43-9e68-4629-a45b-e208efdf5eb2"	"b9150c04-9f6d-44e8-b126-d5dc09a9e3cc"
"00b4c870-ba63-4e34-8a56-b099a5ad5ec7"	"68e2de4d-c071-478f-a08f-d9570daad79b"
"2329f035-f306-4055-bc55-9f23dbac9935"	"4382ffe0-8ade-4390-b8d3-676c4c548488"
"c3a9b1ed-9d22-4de1-97d8-2f9f42540265"	"bd1e110b-94ca-46c6-8135-b1fe969aa06a"
"dc0331e7-a78f-4a68-a537-28b16ede6a88"	"0b5605f9-727f-4c7b-9859-3869c78ac71d"
"670643cc-6ad9-46bc-b016-3be49e487c30"	"efd07afc-c011-414b-944b-f83ab7679f36"
"116f3758-a7f7-4460-b6ea-e9c659c30a4e"	"0680291a-eb68-4035-aada-ed9b4fd81179"
"f62e842e-9004-40bc-9c91-670bc88f3263"	"7128d536-c50a-4831-9d03-408ea88f6eca"
"545a16bf-ba14-498d-bfec-46eca745c037"	"f0245e49-0b3b-4a5e-8c4e-ac91fb5ec300"
"08a18c2c-0703-437e-9689-8dc8fdc2b9da"	"fe1c6482-0299-46dd-8d05-141ea70250ea"
"27622189-8ad1-4cc7-b16b-9e41698ad315"	"c68f3466-3c84-4f48-8316-c8dbcecc1b47"
"44a7600f-c567-494f-8b0b-aaa2f371ef8a"	"606a3ee4-ed4e-4f3a-b283-f1b8a4202a9c"
"73c4ed8d-1ffa-475c-9bbe-8feb953f7253"	"45f709ab-a62c-4cf2-ac5d-2bff6ebc3f1f"
"d7e15104-7db1-4160-aab3-004496636fc1"	"20566354-67db-4b03-997a-3ba827b2c20e"
"2ec94452-3dbb-4910-b149-11835fce0d07"	"8c214582-a150-4d69-8b2e-9177495cd14b"
"096e58c1-6832-4aae-9941-615667af7fa3"	"17a4bd67-72b2-4539-81d5-ad05bf910aaa"
"b93819df-cf93-406e-90c8-c22e2fdf9199"	"3ac0decf-b107-456b-a3f3-3f540f576c0b"
"9890f8e8-bd83-4616-b449-755f4bd6bd02"	"d4ec10ea-222b-4032-b3b5-fcde511fcb85"
"e0af6007-ef75-43d9-aa61-fec353e62e4d"	"9539cc8c-b2a1-47f2-969d-30d990764f94"
"c06ab4c9-c0d4-4124-96d3-1eb6d6c54bd2"	"2d216aec-5e28-4673-9a06-416e5528d6f7"
"74c72197-6575-4760-8739-81df91dce651"	"13df195d-22ff-4ec4-bcca-da9b7759ea5f"
"019c86bc-cced-4050-b73b-d4e2b0a7e878"	"73f0745d-5670-4bdc-9968-a097f2c77ebe"
"6193d270-5ad7-4873-b4d1-6c69b6caf501"	"83b3d647-05c5-4baa-a1be-c9a9abb2f5cf"
"5c51c359-422b-49ed-b213-19463a8c5184"	"5e439334-e74a-43fb-968f-6fe638201cbc"
"46fa8c77-98f9-4aa6-a8a8-208ffe27d845"	"0183bacd-8426-41db-82c5-9b6e2e7ccf33"
"15c00dc6-7540-4e9a-b04e-45b121c275ff"	"0be395bb-2cb3-4f89-96f0-68aa2a807813"
"e9836e41-3641-4df7-ac11-69eb46ec64df"	"bad627a1-52da-42f0-bd3d-a4821b38da36"
"3e438920-3aef-4081-86f8-44f1ef789d1f"	"d4b9327e-6942-4176-818b-8a5315f1be3d"
"1712c229-2ee4-4211-8a90-021d046a0288"	"cc7b3b36-0471-424e-8476-6b7e37e73990"
"265d6d10-6c45-4835-86a2-0ead9fcc532a"	"ca993765-dd14-4a38-8036-3fbaa7445e22"
"0e32d7eb-a6b7-47c5-8373-4204528ba5d4"	"c60d0d7a-0edf-43ec-834f-570109ab6406"
"481aaabb-23c6-45e6-aadb-78fdaf8e51d7"	"f116333d-0217-49e8-ac45-2e0e19a0b70f"
"9421dd3b-8b22-47e8-800a-a8d7db934a03"	"de64ab67-20cf-49c4-a8da-1dea303f8a2a"
"699c7a44-0977-40cf-844e-d9154efe8f3d"	"080e71af-360c-496f-bddc-5d838a509bf6"
"173f5873-cd5b-427c-84d9-7ef5bc26ae96"	"9280038c-6e85-4f88-854a-fad2a80965ef"
"e1408c27-1ae4-4b6a-aa71-5d8327688c7d"	"8403b361-4600-4afb-b4b1-b579773da0df"
"9b675bb5-6a15-49cf-9944-05735f5bfb0a"	"33a0a684-472c-4370-a863-8ea22c3debd6"
"cf7e01c4-218f-4317-829f-60dbdff09dde"	"4e0a191d-5002-443f-9af7-26cf9daa5c7a"
"63e5ba82-fcd7-49e7-b669-d47185a89cf8"	"8be15897-1f73-44c4-8a83-edc397846cdd"
"a56d527d-d11d-4d2d-ae0f-f401663a4d95"	"2675984a-25c1-44fe-aab7-eea2526cc7b1"
"bbb3b83d-18cf-490e-a23d-052fbcdcd9df"	"047a0eef-f316-492c-97e4-4f71a02f5ae6"
"7f80201d-9951-43ed-95f2-ba98d80a2565"	"ac862436-2502-469e-8b46-efeb28398c09"
"f14ae5a5-ac9a-4812-9506-c1c060090389"	"d65c5aa6-9699-4028-8e8b-31816d32b269"
"c368fb13-4ea9-4bc0-86a8-85cdff362a02"	"cea15e30-7b50-44c9-9536-d7a53a8526c8"
"fc59cbf5-ccc6-4237-950c-7f464609e3ca"	"77ba115d-25d6-4360-8675-b33cfe09237d"
"da14c584-765b-44f4-8abc-cd118645f791"	"4ad36b5c-4fb4-49fc-9832-84040790ea98"
"e8e5e3b7-9be4-4860-bb19-aba07293215c"	"1d54a67a-20ef-4a3b-8a71-0d43e5a0a0da"
"24efdac2-29e8-4323-a840-805eabee1323"	"f01e419a-7cd2-45c8-b48e-af4c480da9c3"
"b66501e0-94bd-4fff-a5b1-af8ea0eef797"	"c7eaa124-e117-4996-9ed8-93abd9d3805e"
"1128a578-e3f6-4f13-ae1d-35baa828c121"	"1b3366f1-9568-4608-838c-e17b4d860a94"
"628dc247-9243-4de5-a09b-ac25c0a775bd"	"080a21b1-485f-413e-aeb8-3a496ab6ee83"
"5c3f8bd3-fbe6-4c47-88d1-199b3ec43ce3"	"9be035c5-3125-4ce1-ab63-0366818c4a80"
"9c2712dc-985e-4fd6-bf4a-06bd6f1f87df"	"5f6f7a7b-e858-4764-a1e0-b3c2af45f087"
"9581d5d8-7cc2-4acc-937f-ce34d2fe0520"	"5cb36548-43e6-499a-8446-62caed6e2a15"
"b349b4c6-b76b-4e36-89c3-62676ab5df1b"	"a1b555ea-2b40-4fac-a5e3-0d7ad388fdf1"
"047f0fc8-c02d-4166-b336-78d566b2d1b9"	"fcccc46f-0f0f-4003-9381-a5bd19bd5f2c"
"2c0c3cc8-bed3-4891-bae2-46e366b5d4c1"	"21d0e4ae-7d04-44b4-8f9d-fb6a84be688a"
"243a3f2e-99c5-4d18-8606-ae609a3107aa"	"412296a1-c6a6-49a8-b4f7-0bd96be65732"
"0c0328c2-ae59-43fd-ad45-5c81d1ed580d"	"06e7b547-e811-46a9-a5a9-2fb03d91110b"
"e4e1f9d6-0bff-47e8-9925-5dd9ffd8330a"	"fedaed0d-97a7-4446-8d29-bbbaf9465e24"
"a2b75be8-2446-4dc1-af71-389ac5f4332e"	"44bfd4d6-75a5-499e-8d28-f35d3f492e5d"
"d8892ccc-6154-4fe4-a280-92d8c7859ea9"	"d17fefa0-c91a-43cf-b6d4-3e56d9be570c"
"4cb4509f-cbe6-40f7-892f-04018d9c3f0f"	"cbeccaba-79bf-458e-bb51-e2155e1bb4b7"
"be4139cd-bf77-401f-8ee4-64f9973c6224"	"a5b2149f-f73b-4fad-a805-0f3afe3f0e8a"
"120e47f6-8722-4b83-878c-0f9ce1a13280"	"a3e764d7-bd6a-4e80-9316-56b36574bc12"
"5a7f67a4-2afd-4d79-9c50-073859792db2"	"57231be9-2649-41b1-a493-c78b90b4ee17"
"4c70015d-10f1-4322-9c6a-946166b45510"	"da356fe2-45a2-406b-ae83-7f3700577e70"
"7a879a61-4dd1-4a11-9ff3-8b5c9e28deae"	"153f436e-add8-4e4a-afdc-47f70229e0ed"
"d0d5996e-48e7-4940-9d5e-64edd007c87f"	"cc27e7cd-3118-408d-8b07-0cf15fbebd70"
"54308e82-ca8c-4808-a69d-2b0cd6222b93"	"1a497a4c-2b9c-403b-81aa-707aa3c69706"
"0f8cc3b2-aba9-48fd-b401-dc044b0e0dde"	"ac974a83-10e6-4ddd-9ec3-c46de58427c8"
"34e6e9e5-126f-442c-9bfd-07b1d8826075"	"407d740e-049f-408b-b238-4abb5bdc462a"
"afbab610-69ed-4d61-8111-f109193f1d01"	"6c8a5c15-f8d6-48f8-91c4-9095a5d37ff7"
"d5330563-a95d-4c33-bc6f-12507ec10c48"	"3b4556f2-1844-4b38-b136-71ef307ce635"
"69c0caaa-0622-46a6-96bf-713e1f8d199c"	"7acd3e14-45e7-49ba-b20f-f4613d4d9ca7"
"9f3127cb-7917-4421-bc6c-f559cb6eb14a"	"5c7bc082-989e-445d-bffa-7b1db1d2efef"
"b5ecd1f3-71c6-464b-b591-514e9c873b4d"	"809d33ce-ce8a-4490-beeb-2d175af8ebb8"
"d5e85535-a6fa-4d5d-96a1-b64440af2388"	"609c211a-8f85-44a0-97d0-46481102d4ef"
"917606f3-40d8-4488-9d2d-b3869a0985d3"	"6efec431-d7d4-4f77-b1a3-1ebf9c4d13e7"
"45cde4d6-3973-4237-87a1-08ae24abce0b"	"dbe61336-6572-4c30-91c7-e7da54f2c9f9"
"b387a24b-e0ba-47c1-9297-373f9b60b8bc"	"e51d064f-9967-42bb-b9b8-55a811a4a20e"
"27fe3dc9-ac5c-4cec-bc33-ca68b4e5d995"	"b3ee801c-9de2-4042-aaf7-f437940d4936"
"e82ba561-f48f-4ff7-a3f3-93e6353607fb"	"2bb92c0e-27d9-4e4d-8a34-9fd2fe99833a"
"382a244a-67cc-4a4b-9341-07629bb49677"	"5804cac6-4df0-4173-a4dd-40df335cf660"
"3a319c50-c499-4107-9b9d-afb1ff8f15e9"	"9133544e-2509-4ba1-82d3-27f714321c94"
"8ff0428a-1f71-4ba8-92a3-aced2f3bbad3"	"418d405c-b56a-455f-ac9c-d277530e73bc"
"f853c952-93c4-4d7e-a090-32704232570d"	"8b9343ed-0d92-4be2-92eb-ce3a0493760b"
"6e663d7a-bd8c-41fd-89e8-91a05f3fc71d"	"f39f2582-47e1-498f-b991-e43657fd594e"
"f1f921b6-d083-4d2b-aa99-aa8a61861a37"	"a9d4603e-f635-405a-a3db-58681b8184da"
"adfeb048-2551-4f38-8cf0-75da50a92c64"	"d1a542ac-5716-43d7-9de1-97346b3894b9"
"4c8c1fcc-7c27-4b0e-a02f-c1bbaa3c0e04"	"f25dbb73-3e53-4824-a627-b351f98d4c00"
"e817737a-fa83-40ec-85ad-97c268365ed7"	"bebee030-404f-44eb-8357-372c53d09f1a"
"88c90639-d7be-4e8a-b982-05728b5cc08c"	"ca28fee6-ddae-4bb9-bd15-0d3e033919c0"
"8d07c1da-822a-4dbf-a89a-d4b82c8aed61"	"a9c13b6f-5ee3-4c11-96cb-aa94ac32b429"
"705ff359-4f09-4783-8f14-e4e3c938a76f"	"2f24abe8-a869-45a4-b56c-4ada6378d82e"
"0b75e606-51eb-410a-816d-6d732737d21a"	"a54da2f8-95d5-48e5-aded-5a14eb8d3702"
"770cf802-235b-4551-a75a-bd3fb5d9f917"	"6d06ce54-34fe-4447-908e-1269dfcba932"
"1e1c162d-1070-4323-a366-a9d544fb5770"	"c681726b-f146-43c0-891b-755bb5f20bad"
"9bdde8b3-20ef-4d5a-a168-0f378be065cf"	"3a0ab008-6d02-4451-8de5-69acbfaae490"
"c15d430a-f6cd-4906-9881-282ca69928f0"	"174015bc-8745-43d5-9066-18ffe92fa271"
"a5acc5ef-2d0a-46fe-a65c-fa223bdcf5ab"	"1f4e2dc6-2992-404a-b7e0-709165ea8bf3"
"9e3bebed-b8ed-4d1a-bdae-2c200ccfbfa1"	"1d6749f6-c83b-46ac-8844-6294dd8589df"
"f439d0d1-01df-4730-ace7-a1a3db86dce8"	"6ba0d37e-75d5-4555-aec4-628a1c783830"
"aba4b635-f122-4e26-a2fb-d76f1ee3088f"	"bf475c2a-915e-4c7e-93f3-49ff5d716a15"
"5a279aac-414e-4371-855a-a59ce5fd57c9"	"559ff0e8-3427-44de-9cda-e7ad95b0a0ff"
"9cd90da3-0e03-4812-832c-228bf0a8f02d"	"39ec69bb-2b01-436b-bc4b-267b1ff40ca6"
"91e074dc-9251-48bb-86df-ac82b4ab7fb1"	"d6a2d8fd-d343-46ba-b6c6-0b7bfd87ed9e"
"5b7b1ad7-6981-461a-9d79-106f2cffcee8"	"6ccac23c-2094-4268-9da7-22537cfb7ffa"
"5f774f62-7e38-457e-8a48-02aaebbb6505"	"4b14ae8b-ed38-4e32-9b0f-087c8971b2d8"
"6e833239-f6ab-44d0-ab64-73f0cf667ff9"	"72254820-55b5-4791-83d8-7c42b14f1973"
"47334089-23cc-49bd-82b3-115181cca140"	"e21404cd-9746-4268-b078-02fedf551aa8"
"c5b31aea-be63-44b3-9140-6621f853d3ae"	"008010cc-6573-490b-8a6c-77d1086d6a7a"
"291b3d20-c8a8-45eb-af09-9078558287cd"	"469e032a-8b76-4da8-8af2-11e09948e52c"
"0b9f1ea3-2481-4f39-890b-7112c09328bc"	"5c326541-498d-4b07-b8f5-aa01963ab8b1"
"fc8c4bf0-d185-43d2-af49-34823fa85c6b"	"e7a1ad93-dda4-460f-80c1-16d8c952e813"
"837472de-2508-4ac7-b407-81460bf202e1"	"fbc09324-18d8-40ee-8062-d1083590200a"
"ef92d9b5-6a7a-4b7a-a54d-e098beb623ce"	"77ecb0e7-28d1-4cb2-a60a-9ac6a2b37f28"
"677445a1-e17b-4e83-9b54-9e63a89836bf"	"1290eebf-5d80-42b5-b9ec-1a19380e49dd"
"6f7b5be7-684c-4a78-9a24-047cf0cd2647"	"c2d7d440-249a-4f18-8e8a-b6a9fb27620a"
"2ed0d397-b547-4c30-88be-9e616be1ec3d"	"08b93012-5286-4ed3-bc64-7a92c72ce1fb"
"8ea68b5c-0ac1-45d1-8a65-0c7b17e69895"	"bb5d1b2c-240a-4c7b-a69a-38ad4f4cbf94"
"c0c80168-acbd-42f7-81d6-afa85c89fb48"	"7da23f7c-95f5-41b1-afda-811e8d8dd396"
"0700afe5-4179-4f62-b6bd-cacc6d9b7a4b"	"9fadb306-0274-4d61-8c1f-c989754ce916"
"52902d68-a0e9-42c7-9d41-653eca57deda"	"b6749b6e-d711-4c29-9960-7d886adc3f2e"
"fd0e2360-e7d9-489f-8294-0a6d9bbc5e2d"	"90171dec-d0ff-4dc4-948b-885dc05a4b04"
"3c1cddef-edef-41a0-ba52-36f1c626fe33"	"62744dd3-ebc7-4c34-ac43-c6ac043d64fc"
"98ab8141-7098-425f-8e1f-957c0f7c74dd"	"25f43f32-c997-40b7-9e83-364cb25acb4e"
"f62b7c31-7cea-48b2-ba11-24bfe0fd1638"	"29a66ad3-3eea-4e6d-97ea-273cd19e71e9"
"20a497cc-0d84-40d3-8e09-b4ad75cf3c36"	"659ceb6a-c952-4a8b-9703-e4eeba1a544e"
"27ddd968-56ac-4476-be72-e0d5ddf1499e"	"745fc68a-b6b2-45b0-90b3-3cdb12a82b60"
"db1b8eef-fea3-4536-8b23-aa21a93c89a7"	"5dbd74ce-c785-4b1f-ad5e-6a431bd8008e"
"d5748e44-319d-432c-a8e7-c0b000780d31"	"9bbb2588-f3c0-4a1d-8710-32475717cf77"
"b49c2d2c-3b0a-4b88-a27c-d1cead928274"	"ff4f8b25-a507-4d04-8f9f-bf97d98ce6f8"
"fb27fa86-6146-4cd1-a78e-b8a2e98328cf"	"89bf0b78-b28b-4f28-a0a9-59e170750b1c"
"1e05b928-abbb-4039-8144-b9da46a5f985"	"2579dbb8-9bea-4586-906f-c4f70a2e733f"
"9ad3c522-3a09-43d1-bbd8-f29117c1d28e"	"762804e9-03e3-4de4-90b1-467ad9ca2322"
"e9578fe2-a313-494b-9984-990e8e2698fc"	"61af075d-d642-498d-a449-2bcad7e9ec9a"
"d729fc5d-bb3f-483d-bf94-eedcd7668a3a"	"fc36c356-bea5-47ef-bbb1-a56950dc62f0"
"9f4a4f7b-f168-4f46-91da-42b4bc66a2e8"	"fb350d1a-3c22-4010-93ad-8de446ba6eed"
"748ddc09-59fc-4d9c-807a-4e939b0360c6"	"daf943d4-5e0c-4f4e-901e-033be440415b"
"e3a44ad9-2f2f-4df6-a329-ac10a180e67e"	"f6d228e2-af86-40f4-830e-e25256045359"
"1ed2c257-b103-4049-803c-f901a8edfedc"	"8c8e6a4c-a33a-49c6-8e3d-08eb9eeb57e9"
"0e9128b1-0aac-464d-bc86-e646788f8646"	"f3f0b06c-1a30-4e79-aa32-614302883658"
"08a926af-52ad-437c-a19f-a4f9e6ee905f"	"a5550e50-32e2-4f58-a762-17058e1ba865"
"5f50ec2c-23b4-422c-b248-9269b5002b15"	"d34e1d00-cbc3-4ed7-8a15-7412ade878ba"
"e5a4fb8e-7f27-4d4f-ac8f-48155486c352"	"44e2acfe-6219-4245-b95f-2f8b7652c7b5"
"21f71081-9281-4c00-9027-6271b3a61be4"	"a308732e-a50a-404c-acd9-970f731deada"
"35bd4b31-abed-44a5-9a8a-350782391a70"	"e733cdf5-6925-4d98-9b59-5ea136e5e6ee"
"72d575c0-0e03-4033-82ff-f4fc9d9cec42"	"2f0b89ef-a0da-4b1c-b60a-49dbbff18e75"
"951750c2-671b-47f9-be7f-4cfc96eff778"	"8b93c30f-2cae-44c6-9ae5-b720d4f3f4d5"
"266d671d-69cc-440a-ada7-586925ab1030"	"b5be48ff-636e-4d86-a0bf-11064db00606"
"1a3c6758-c507-42b9-afe2-74d252a87776"	"7651956d-a055-463c-8486-5bd6b9bf597d"
"00241182-7286-42a5-8e61-952d9af40a3b"	"bb62464a-bd87-4a6e-a5db-1fb7ebc4de73"
"643b6cb5-91f7-4c18-b526-31a39ee9498e"	"b59ca8e1-2a11-40eb-b8d4-8fcbdc78ca39"
"7008d1f1-c415-47ba-b380-5e9c1e63fdd9"	"ecd4bc57-219c-4332-bb48-8cc682c053db"
"46499cc7-2043-4fee-b16d-efb77d2c1b90"	"62ca8fd5-2988-4d4b-8fee-07276a29b752"
"b2ae181c-1242-41ca-8713-5cad957bfadc"	"230526fc-bf2a-47f0-9273-e47c85ddccda"
"d5902420-f987-4219-99dc-1464554c9c44"	"98066e02-9297-4843-ab55-4532bfc8f7c6"
"34ab8da7-b270-4937-af33-005c4e184299"	"a898ed62-43c1-48fc-9e00-4fa957276d56"
"f2b0578a-d580-4e6c-8524-1dc03d7bda59"	"109c230b-b0ac-4d30-8966-9c6db46b92b9"
"851d0b2d-09bb-40f0-94b5-9e3e0dc93277"	"e4d76bc2-f0d7-4522-8414-faf949d30368"
"139611ef-5584-4288-8640-d5c7d4bfcad7"	"4288271a-d520-4bef-9249-d5c1a05b4d6c"
"49642efc-35e5-494a-b8e9-b947a3bce22f"	"c024e294-5b5c-4b07-bc4b-3b3a276cd3d6"
"e6d3d4be-8ab4-4357-ba6e-e2e68506c454"	"10a6a158-9b5b-489f-b750-9cb19d99d0c3"
"ee0de731-556e-4ea6-aea6-5365a97cfa06"	"af3d066f-0f71-4692-acf8-339cca086cf6"
"ff9631a0-521b-4c60-be06-f33407dbcf67"	"2b8ccb14-8c41-4bfc-b413-143a2946dd44"
"a74da393-6ed9-450e-8934-ef0a628fab43"	"180805c2-2c43-4f20-adb9-59dd67817566"
"02c26a5a-1aba-4010-9407-9a2149ffad20"	"22883738-3bd3-43de-ae55-450d9c8d2d4d"
"2e073882-d6cb-476b-8913-cafcf3895225"	"36f18035-7589-4ec6-8523-cbe86fee9ddd"
"72dc971d-780e-4a04-80c7-26a34501f3c9"	"eabd88b5-eee1-47ad-938b-68e0292c6aed"
"1e8cbd5c-d118-4cb3-a7cb-9fa9c655ca40"	"0f0e64a8-9fd4-40e4-a4d8-1ff929d0c153"
"84f9166b-b698-4d03-859e-52302e9a0fc9"	"dd71d90f-11ef-4896-aa2c-29312120271a"
"d4b5a35f-f70f-45ee-82d7-a706f0a85f21"	"4b112dd7-54c1-4738-bb16-c67746f9988c"
"5f79c027-3535-42f8-993f-587a107f2aa1"	"7ab2cfa9-a2bd-4cb7-a2e2-c21e6a483523"
"a27cc86a-d6c7-4f0a-bb2c-eab481a0c450"	"78f7aa2b-b02b-43ba-884f-230be4fcadf4"
"b0140776-4c4e-4fa1-b26a-2c8614eb73f3"	"5fcb550c-cb1f-472c-80ac-f7aa211958ba"
"eb053da0-0c64-4295-b87c-b232b246cc23"	"d3f6be13-d794-4bc6-bd37-b5fd8d181a51"
"8d3ee035-d528-4b35-8cef-0f531999b7b8"	"5feb7c25-6f10-48ee-b889-0019b7d427df"
"f1a97dc0-45ef-4965-87ba-582b93804c0e"	"e3bf5ce6-d97a-4139-9384-8305a515bb6e"
"7837dda9-35be-4ae0-a54e-53b692ba961c"	"d61a046b-cd4e-40e2-9d3c-cbce162e216f"
"15905d20-42fc-42f4-a04a-18cf45aa357d"	"e997469a-603a-4a15-a241-da19d575f017"
"88bb483f-522b-4ec2-9412-cfcae6960f8b"	"73bdb17d-225e-4129-a33d-438f3879d17e"
"efb1ac15-68e4-41b0-8a84-b4908259997a"	"41ee703b-0d5e-40f0-a2f8-ef5c95d7076f"
"b7c0f41e-be76-4f05-9bf5-81d15993071d"	"9d2ad671-d579-4385-b9d7-a2069e6fb1a7"
"f449a99e-6d8d-42ff-baf2-0728b755eb86"	"70217069-9830-41a8-8062-49340f51e1d7"
"3b3e9160-d437-4162-b05c-0e35cf7a700b"	"4078575f-b8b3-41cb-9eab-fd40fb4a87bb"
"713ed742-021b-494b-9562-50c0d4440696"	"e8cd710c-25f3-41c1-b5f4-a4ea31efa838"
"bad5de8c-49ed-49c4-a28a-12adce3ed495"	"49976e33-c550-4ac2-86d2-50015f55fabc"
"3cff7665-d82e-4242-a9a9-8e47d8cc8604"	"b5e553b8-0084-4cb5-9b10-63d0ed2ccdcd"
"a6b7f735-2e08-472a-8dac-dd719eafd770"	"37652bba-91e6-4234-b5ea-a4260220114a"
"ede56af3-1230-4ea6-943b-2a0d219b7680"	"27a635d8-1546-4eb5-951e-be24d3e92007"
"0d9bfec0-5dba-4e6f-bbbe-eaef67432fd1"	"75dd587f-6bd2-4f66-a77b-5d355c23390e"
"a16496b7-092b-4aba-91e9-66b2280fe68b"	"a248a764-d123-495d-8bf8-c37403e30e55"
"5f7721a2-2142-4e07-890a-17a7d96b184f"	"c8b46c1e-396d-4466-a031-9879f8aa080e"
"a24135af-0aff-46a8-8544-9d771578ea17"	"a08a2ad5-d38c-4e8f-81f4-b7bb261aca30"
"ce23b063-687b-4645-baec-c174a01706a1"	"351bd518-fe4c-4f44-926e-f75078b548db"
"8fa6e271-c539-4e19-b2b0-70e30ed81df0"	"ab599a38-f639-4db0-838c-bd00349ab6b3"
"17e3be7f-fee2-4bc1-8599-903e376d7b3e"	"155a2885-3dab-4d55-8d3f-62928fbf7359"
"bcae67be-2b72-4da7-bced-55c9e922bbbb"	"045c436c-c785-4ff5-b5de-c1bfb25fd6ee"
"70459b92-f665-4c8a-a328-864ad63b95b7"	"c8bdc173-5e1f-41d4-8c16-f54413077671"
"6611b80f-53c3-4254-9558-6596d793177c"	"ab97be6a-04eb-4044-818a-d7f4d2f97862"
"2e29fbb6-1e08-4f7d-987e-056a99826a05"	"f0a9d290-2c3e-45d6-b659-a6e840a26048"
"3595c05a-bea0-4347-b3f2-f64d69e45710"	"0a9fcfd1-848b-47fe-ac86-8af9b0ea7206"
"5e2e8489-7de5-4c5d-927a-45ad48696b2d"	"dbc85cf3-743f-417c-b3d8-040217ea8d61"
"a0e653b7-a1e1-4829-91c1-622c2aac3c89"	"52075a9c-3efc-4a6f-819d-5e541df662ea"
"71496036-3ed4-4e95-967b-b5829a127e95"	"edc2bf5b-95b6-4ce4-aff6-4cee366c2a0f"
"17efbd28-e0ab-4e5e-b6e2-2a52ada78056"	"8677da49-989b-449c-898e-6b5024f9df71"
"ca7ec10d-67f4-4b82-bca1-ed6c7a04b25f"	"b6050971-11c8-445f-91a5-a582a130d9ac"
"ca5e3028-b8ff-4b45-8fa8-0b13a93a186a"	"002f2e54-b244-4dea-ba55-828cebf9a55e"
"0ccbfd14-2933-4c80-bcc8-585946d16b82"	"fe4a01e0-2a5c-44f3-a5fd-dfc2c3df3b11"
"977ef4aa-16b3-44e2-b38d-bf96d81ecbed"	"a2178665-37de-4414-96a3-43cf21c34b36"
"c966c3b8-f235-4dbe-8f88-c030530e7bad"	"1b3fafcd-ce12-4fc6-be7e-6af6bd20facf"
"d1fdabc0-6681-47e7-bcc3-e604ac411bb6"	"992bc3a9-081c-4fec-923b-7375708042b7"
"680681a6-2fbc-4a0c-a23f-ff7d19bcd563"	"ceba3e66-c500-49e5-8cf6-b1d1b8cef178"
"d9972711-4017-40ee-a526-3b2c9bfe5987"	"e1522246-9b40-4b7f-a1cf-5c1d745e23a2"
"b6bafaaa-aaaf-436c-a36c-72183ed53e40"	"53c18056-c34c-428b-8ef3-9d7cd5a16f5a"
"0541714a-ff78-4ef6-9305-ad961f6f4029"	"e2df3738-b6c2-4d34-a9de-fc01998d0e09"
"249c13ac-0e21-463f-82d3-b4b1f947d2af"	"1ba5ce02-8c87-4915-8e09-101502384133"
"d0c15481-2ebb-4773-ae60-e809df7d02e3"	"6d08e44e-6a6d-4541-ba4c-5bc2813d9ad3"
"d9b5c28e-7aa9-4127-8129-dc263a457d02"	"4fabdf7b-3915-4e4c-aab5-9fe2af1f6b21"
"fad3db36-9952-4f57-a4dc-0d4c8732ebba"	"bb1cf574-46ab-44a2-98ed-e9c95bbfc0ae"
"aaf0b1ef-1124-4275-8c94-dd62d16427e5"	"60f50210-2887-4385-884c-e83cc9734a85"
"f25fd18a-5deb-4935-83a3-03b5c975d9da"	"ece34e0b-276e-4746-8391-a218477e565a"
"64753f57-f5eb-4d5d-b19e-facd1712d1e4"	"4c83f0e0-1a22-4091-bca5-1b63cba76ce4"
"623770ca-94d3-4f2c-a535-18527c48dc42"	"c5398d4d-85ce-4a75-b4e7-b23e400023be"
"b52c0483-f1b4-4770-bb48-65ba1b6bea60"	"0b34c62e-e838-409a-85cb-ec3df5c4cfd9"
"573163ce-0c33-43b8-a460-8230519e43ca"	"7436900d-805d-4c2a-8a69-5dbd27f4cc49"
"99d67b89-31b9-41c9-b96e-085eca2cbfae"	"1f9e66f2-335f-4e8e-9868-d7c15872b239"
"c0962952-1ef4-4938-b37e-6978ca83023f"	"0b071c60-2b29-4a8e-b3f9-68ae8a88aa96"
"a78702b4-0845-4fac-a99f-dd1727968e3f"	"3593f882-cb79-4574-91f8-901212b5dbe4"
"6edd3fef-3053-417d-88e1-323c9241c7c6"	"0b89ca7d-e3d1-4036-bc54-fa212ac90ea1"
"8f478c2c-6470-40bb-b7c6-14368722f600"	"101055e9-cc7c-4b9a-949e-fbf789b1e643"
"13f8ce12-bb96-4682-9a87-6510915a5894"	"40c3fbe9-3e0e-491d-a299-beda92131a93"
"4bd9d8e4-f2f0-456a-ae5f-752d56a4b6e1"	"f9defa79-8eef-48b3-921b-000f12823d69"
"2442bb78-c6c3-4e3d-bdc6-679b65d7cf60"	"b09e4f98-31e5-4732-a7cc-bba4e215ca88"
"6c7a7e8d-28ee-49be-ae67-530a2527c796"	"c2391e04-723d-4a0b-b0e4-f47668f6eb76"
"e8dc849a-d1f2-4b91-b5f3-a74387965ba1"	"4bac8bda-ebe4-4989-86e6-ceb93b391030"
"624e5f8a-0333-4ee1-af0e-41954fe9bd75"	"137a0991-8bff-4fa7-8798-f855cb52498e"
"7c34bba1-b5e0-4324-9ce0-f97ec84c5551"	"4602d590-278a-48d7-af73-3c99e2118fc1"
"dfee249d-f4ec-48eb-8476-644843afac11"	"0ebfa84a-0cd5-4ec6-8f01-e7ad83de794b"
"e422dea4-85a3-4996-9e7c-e7ab5b23c21c"	"f29e738e-6d9e-4ddf-8059-891b142a2565"
"23457482-340b-4965-8ebf-c1e692b08974"	"57985211-4fac-4523-bbae-c841f60f0bb3"
"f2e0cafd-34ad-41d2-87e7-f4a7b7a40620"	"f70e581e-e9bc-4462-81a5-8059b1e20ace"
"cd4c0682-81d7-4351-8478-1b43591c2e52"	"eaa484d8-f872-456d-8370-5fca83cf16e6"
"2fede5ab-58f3-4512-b6d8-d177b076ade0"	"3b11ecc1-9d1f-435b-9f1b-1addb6b82a68"
"ebd2d9a4-b639-4e9a-b3cc-a66ff32c98f4"	"b31ec711-ac26-48c1-970b-4a025fb78f1f"
"c8187150-3236-4fff-9293-e999dd36af9e"	"da294a28-58f6-4f15-adca-046fa4c3fd40"
"012c736f-2c1b-44a8-b3c7-6d0c1d8bee63"	"87ff41b9-d33b-41df-8a2d-3aef4ffb7ccd"
"750f4617-4079-40b4-b076-77c5af85d21f"	"39e3950e-b563-4b47-9548-4df18f7ca796"
"ac0cd793-bf3c-4bf3-b45f-15ca4826e686"	"7b646dfb-166a-4add-b349-978c1f8ee88a"
"db6eda07-0a66-4cef-997f-b81c35d6d1a0"	"77740ae0-eab0-4805-bd43-bd2639afea1d"
"5835641b-08d9-4ed3-b7a6-b05ab2164b79"	"8d1af2cb-29c0-4fdd-a88b-a4b50b4a1dc6"
"42598fd6-1729-4614-baf6-422c1e723101"	"411e9a2f-47d1-4cdd-a370-10158642d6ac"
"8d19a5c6-a924-4d6f-b85a-681b79fc679d"	"7c5f2dd7-81ab-4cf8-9a7e-14638829c9d9"
"6cade4a1-7a14-419a-98b0-fd7118bc25ac"	"30087fef-3599-4898-8192-855899f37618"
"780bc035-2ac1-471c-9532-af42c438442c"	"ff24a78a-f4bc-472c-b5fe-dbcf6daac394"
"54d1a13e-b8e5-46a2-a64d-4b535773cba2"	"fcb093c9-b34d-4cba-a320-ce9e794150e8"
"ab97ba06-4bc5-4bbd-a525-9545e3e324c0"	"e3003dd0-0400-444c-8af3-ee38809708c8"
"b32cb19d-2800-4478-b633-cb48609e25b1"	"b78bd063-aa83-4c15-983e-6673ad25532f"
"cd27ac07-1d9e-4dde-9207-a32a212c951e"	"213d5ef2-cc8d-474e-b7fe-213139e5ff23"
"ba30d634-2bfb-4b4e-804d-ece2d4a25226"	"13efb100-e638-45a2-8466-fc047d41db8d"
"2b5680c7-a4f6-4efc-b8e3-f6c6f4a17578"	"1a7b7a48-00d9-4a11-adf7-04cea081e5d4"
"465f3fbd-a342-4ac8-be61-4ea1573e9097"	"95369e24-edd7-4e96-b00a-d264efc1ce94"
"ac323f0d-be87-4d75-95c0-b1042601bb1f"	"b38c62f7-2837-487d-a48d-acab16aec140"
"91f83828-7bd9-48a2-a890-89272db7757c"	"a249f4cd-e963-43b7-a4ce-a7681cdcb5f2"
"428b22b7-22c3-4958-9024-938281a4a943"	"bd086ffe-72f6-467d-b750-122ce8f0b784"
"e9657148-c3d7-45db-ba38-595bcd04cfee"	"51162099-2ee5-4eca-8cc8-a18e1903bdc1"
"e589b76a-cc9c-4826-ba42-0d7d41262367"	"2b9a5941-28d0-4e60-ba3b-278e5c65cd09"
"2d65ee62-df90-4f1b-afc1-8060c8452662"	"5a06d1df-f664-4c76-be79-0cc637d97934"
"234b0ef2-380b-41c6-9b52-2d9a0d356f8b"	"ee93a8d9-2bef-4baa-8a03-07a859fc312b"
"175a364a-ab04-4f9d-ac79-96354fb0dac3"	"3e8a3ba2-2bde-4fff-af3d-d1dcb87b16ed"
"8f32615a-6643-4961-85a2-fb5286721e68"	"917bbaa9-a24d-4f71-80d4-6733095b101d"
"df6de119-1e25-4ac4-84d5-48501c0a741d"	"8c986b53-74d4-4a0e-bdae-3b36e09a0b4e"
"4046cc22-fe9b-4bac-9c8c-ff717bfb08b0"	"f374d548-228d-4ea7-b8e4-4ae164e210b8"
"dbdc3095-70eb-443a-8d43-39e170fbd08a"	"8aa475d0-8520-4dad-b416-24347207419a"
"5599df7c-79e4-47c5-94bc-47bb6972cf94"	"45be364f-62e3-448c-8c3d-f6fba2f4794b"
"a3ad7ecf-a73f-44c9-b729-3ca3bb5ee00a"	"7b1183b5-ec7c-4f96-829b-d9144385603d"
"79143877-00f4-4796-a42d-10abbcd75fb1"	"516d9460-288b-44bc-be93-022581b964c6"
"4428e795-9ee8-465c-8ca8-7cc1179fa9eb"	"189ebd78-57e5-4c08-95f5-6df631ab462c"
"d50087c2-1e75-46e6-8d1c-ae0684efe07a"	"c292d65d-058d-42e7-b9b9-ac77d955d370"
"5d373983-a052-4588-b7db-ccf101f606ab"	"625ad9af-1ccb-46cf-a9ff-97f6edbda31a"
"2c6af24f-6eda-4ca2-98e8-5141c5478b30"	"2c962fda-b7a9-4fb4-b45d-1fa1004c3a5d"
"50436200-b064-47c7-a159-ff43cc849d10"	"5c96a4fc-47a1-4611-93eb-671edfbd544b"
"5e4d6ff6-1aea-4fc0-b8b7-8d2df27efc6f"	"07137aea-e80e-4fe5-a18b-63136571bae4"
"a8836a72-b701-49d7-858b-1a12fc92e1eb"	"3831a9c7-a607-4759-b565-ef5caa76d50d"
"2221dac8-02c0-40f4-bb3c-0aadddf737ed"	"5b628b67-85e4-4fc0-87b5-fcccb456289b"
"693eb41c-3eb9-4ac8-b70a-89211bdf81e0"	"a59504d1-6ffd-4b2a-9821-6c11adca6ba2"
"b578a4dd-020d-4ec6-892b-72588d2c86e6"	"8c37bc3a-713c-4730-bb92-1cfee28aa71e"
"afc09b09-4c07-4048-83a5-17b82af5101a"	"79b4140c-c584-40f4-bd4a-c514df793bd0"
"926e485a-c916-4e13-829f-d52be0b25d6b"	"0df66c73-92f3-4294-a5b4-6a6443935bbe"
"69fccd80-517d-42ba-bca4-c9048d4aa507"	"0d9da33e-e3b9-4933-8640-bbe51ba4e32b"
"26b0246d-2724-4e33-8f20-4ce0dfaa1f1e"	"87260620-77f5-4748-9f16-39c45a7079af"
"6c7cc10c-cb1e-4eb8-a9c2-3c62bfd37918"	"d4fdc4ab-de53-4983-b803-e57396b4850c"
"fa27d41d-5023-42e4-b440-ce35495ef93f"	"900d0325-8e76-4294-b20c-8b36fdb9d893"
"84866de8-61a3-4fb2-9ae7-4647c2afba9c"	"7fd583e7-adbb-445d-828f-0e6d4c0b13a4"
"0c5f12b1-c6b5-465f-bc11-90ab8800e400"	"4edf88b3-8920-4fed-b4d9-2b2138eaaac0"
"3c9e814f-6e36-4806-806a-98baa5f003f8"	"6120c73b-dcb8-445c-853a-29b2ac07ebc8"
"2cd5508a-5156-4085-aecf-f988733e9bd4"	"33751a7e-81de-4aa0-a927-5e44189e34fb"
"36827fd3-b73b-4816-bf85-182896192718"	"b9f00231-fbf4-4632-8135-7362a6cbe961"
"c4e4bf1f-0a08-40c9-a949-24bda4d40766"	"f23cb138-9857-454b-8d8c-d964916c0e59"
"8b3bfa8a-8519-4ea5-aa97-f5bcbb83a17b"	"9ccd396f-383d-4073-8095-a0df6a4df685"
"962984ac-87ad-40e7-ac62-ba263bd37b30"	"0dafea41-b4ff-4a86-ba18-3f02eaa350f9"
"4ccb3c96-c509-4dc5-ab30-aee281513e7f"	"dc24ed04-e1fe-47ce-8dde-413f36fd50f4"
"8c57ff0e-d4a8-4063-9448-e8b3f11fdeca"	"cfa2777e-e1f8-45a0-b0e7-f6e71c77f0a0"
"46931d48-2829-48cf-8a16-ddff17876dea"	"4fb4b051-de83-40e6-9077-f94d2f8a528c"
"8a9e42d4-8118-4596-bd27-e61057ce4392"	"601bed1a-e7c4-4a97-9d14-d73c53f54b1d"
"b018c092-0f88-4439-8764-db7d465bc580"	"5bf8270b-76ee-4b49-afff-6e87fec16283"
"21310408-79d6-4a48-aef6-c4ac30b31953"	"d5526bcf-b03d-4bbb-b478-bddde56c10ca"
"3dfc831f-91d3-4e6b-8f6f-3e3aff0d998c"	"be703b61-180e-4f2a-b0e5-fe40c03d5b27"
"f85cfe96-7297-4671-9e2c-1b328558ef95"	"5fa391d2-a2b5-40ed-9bc8-3001a14e87d5"
"8c93a0e2-81d9-4274-bb08-5e1160fa5cc7"	"4b1c7b65-2372-449a-9f1e-f1b4cd1be362"
"c61b61b6-7020-4da3-ac0a-750c9bfc4131"	"9f034441-25c3-41fc-a2a2-df818520ac90"
"b6fd963f-fa69-47a7-83da-78bd630cf23e"	"67c7b638-0bd1-45c6-9d9b-3bc02f392b8e"
"902ba5fb-b616-43df-ade7-4c36abb074a2"	"6f50f416-be62-4739-8043-b4bf850e9600"
"ba74b5b4-ed56-4b8a-aade-97bd10421fba"	"f386aa4e-ef04-4399-ab1e-16715edace18"
"556e3e3e-adc5-43bc-9eee-a9c8bd920c02"	"30993a89-728e-4db5-86ac-5ff38241e56d"
"abc9db72-f0ac-4e4e-87dd-ec6ed8559364"	"6efa5b40-259e-455e-abbe-860182274409"
"4daef8f0-9036-4980-940d-1f6c466d381f"	"34d689cf-61fc-4b37-a18e-83b6c16fec1e"
"9f137049-abb3-4414-94f8-5cbca87738ec"	"b404644a-9322-4cb5-8afc-e86ca2f949cd"
"c08ffae2-4120-4062-b95c-ec50b731a188"	"7f76172f-c864-4bb7-ba99-12dc7fa55fdc"
"38f092ce-9f41-4dfe-9878-26acb4f19a5d"	"d91243bc-ef68-4724-943b-2b206f6b5a7e"
"bc3477d3-a6b3-4b87-96c4-06d39b0a2eae"	"68a509db-a550-41c7-984f-658d3c76da80"
"43d4acf1-1d6e-4cce-be45-b98194a9d8e5"	"d470ccec-e9cd-49ae-817e-cadf281a95f5"
"404fc335-9632-4f63-97a0-4eb8d47a3e8e"	"611db808-299e-4399-bcf8-486d7cc5ff53"
"9c4f9799-72a9-4424-941d-c1d9536bfb70"	"4cd16d66-913a-4c93-8f44-e4ff544a7fd6"
"ae50275b-c915-41c5-b4d0-c1eee3be0877"	"0152a11a-fbb5-4e8c-8378-647539fbe199"
"ad476ce1-7b14-4c48-8abd-8688456b06cc"	"ab925609-7123-4bf5-96bf-eb873b9a2a0e"
"16b5c299-fdc2-4cea-8156-eeccbae3d013"	"0063b783-aac3-4656-8d27-f3f1eaea829e"
"ca6bef4a-dc6b-4894-b463-249b45188802"	"ce453f9e-bf93-45da-bc29-9de4e60c8fca"
"e9d1dea8-2e31-49c1-b4a9-2e36ea925a57"	"b3fed4d5-9b3c-44c2-995d-d74d677972a5"
"ac77fb20-9791-4b1c-8460-334023dd0a8e"	"51b48789-1ff3-4bf0-98ef-8e951396ab4c"
"631301e0-711b-4b6c-8699-fb6b8937cfc6"	"feee77b8-5c31-4c96-954e-de1b71e0a66b"
"1dfefb49-f858-4932-b984-94cbd51d2f92"	"3ff6f560-8442-48e8-8992-63604a88481f"
"2e70210a-0a85-44c9-b3e2-12ed027f4e1b"	"6abd22ae-874d-4002-90e1-b72ab1a5eb83"
"cedc8ee4-f425-4ae1-b871-b4459fea506a"	"e6c40e13-1456-4961-8142-ca2a199904a2"
"8bcfeffe-b9ec-4204-ab4b-a1a615246209"	"587089d9-8b73-4238-b081-e9c162ec06f4"
"47af23d0-f298-43ed-be5a-c450919693ca"	"05da67b7-0ac8-4c76-b471-81d5ab2d970f"
"3abbb52c-1336-454a-8fb2-dc466e44192d"	"4ce02c19-fe42-4b47-b25a-d99cff8510f3"
"7fca6dac-aaae-4192-8dbc-52f1b8f7beef"	"b2225feb-5c24-43a5-a10b-f3dee7738e2b"
"8e410b98-67f3-4235-b8e6-8ae3e9da9534"	"851730a4-0226-4b02-b17c-ff4f6fa3db04"
"16dd04ca-c2c8-482d-afce-102864010e1e"	"e3dfeee6-5c0f-4990-8206-23775c51d646"
"371ef4d4-83c7-4865-a5a3-854d48565f34"	"4a3b6a5a-1e93-40ed-b888-3a62565c3c30"
"56fe7d94-93bb-4dd2-a23a-4fca291015e7"	"cf38eb79-0f42-4aa5-b763-c9b11ee14e69"
"8ae8d21a-8dbc-40ab-b76f-a114c893d952"	"2856ff05-fb92-43c6-ac44-2f1db31513e9"
"2726871f-870d-4aaf-befd-29ff7522e6d6"	"aa16799c-fc8a-4804-81a8-64e6b462e4cf"
"b25e6c55-858d-4ebe-af11-a7abc5f24d8f"	"ab5ecd67-9f9d-497f-a592-abab0d25c27e"
"aa9d0af9-c761-4d25-8af9-c7ee7fa9915a"	"5f5c5902-d8d4-47c3-8a07-4ef875230ba9"
"deb6c21a-662d-4b53-a03e-78d30af334ae"	"3edd3579-4066-4131-9f04-62c1aa00f18b"
"d74d220a-ddaa-4bec-9ec9-01acc4a743e4"	"aa3d31ab-430e-4e27-8d93-d257b24d4f25"
"0aa4abfb-25fa-4273-b868-539d268bf71f"	"378d358c-78ae-4b60-94ad-665493009970"
"75ac1407-066d-4510-ad09-0dc8537337bb"	"ef759bcd-98f7-4022-8d1b-edd568f96ef8"
"be7a422f-3f0f-45b5-b123-fed8b66a4142"	"8d20a467-c82c-4f8f-94fb-6dd29b8ad595"
"bedb69ea-8479-4b2e-ae0b-24f061f9362d"	"3adf54f7-2790-47a0-b856-f31e0c217f16"
"eebff43b-a254-430d-bfb1-69be961fca70"	"eb261abd-9976-41f9-b9d9-f3770edc4145"
"9d19cc6e-5db3-4dc4-8119-f458ddd88192"	"60a32e19-377d-42a2-a214-2ac906b016fd"
"40586170-3ab9-40fc-b6f7-b06bb0333f2a"	"22cdafd4-2b7c-45bc-a181-d3a2420d0825"
"8d665c25-6a37-4151-a92d-dfe7fbba971a"	"e8eef041-1da0-4568-8007-f64eab8923c9"
"667ba07b-c1cc-43dd-82fd-bced348dc339"	"5953cca8-b5fd-43da-b69f-8bd73304c96d"
"417b3ebe-0a3d-44b2-9876-81420468a4cd"	"4b4254c7-e613-4471-b7ad-a14a1552e4e1"
"9cd6ac24-a0d8-4b4f-9aee-c0a640eb6911"	"dd81a30e-3fe9-4b5b-8686-e1a6940da10a"
"8fb1888a-8d28-4b39-80cd-1a94e57a656c"	"44ad23d2-a4d0-4c2a-8208-8761ba3bed64"
"029fa114-f7a1-4e47-8289-e7eaaa846b33"	"6e3b2631-1b41-460d-a47a-e85a87a0f23e"
"ab55fd33-9324-4e5f-8477-80ad0ffc58b6"	"6b9ee556-9d73-43a8-b362-8f268f8f3786"
"82b0b7fa-9572-4084-8efa-4b336eac4661"	"2567122f-e577-42d1-81e8-7452cafef277"
"125dcbf2-6738-4431-95d0-e7cd7e1f5061"	"2f3b9e69-37b1-407f-9d18-5bd0467658b1"
"b7ceab5e-1efd-4dcf-b956-a334387f93d0"	"472feae9-54af-498f-b17a-fcffd06bdccd"
"b29f4111-a470-44c1-8eca-cbe3f5e96655"	"89e44340-5bd4-4ec6-a2b4-a1c1a7316155"
"d3e5e742-0251-49d9-8d84-ad6b8ba45e7c"	"197f9191-3cf0-4f1c-916e-0bc24dd4d2e6"
"ba2eabe2-7437-4a1f-bd45-148d151025d6"	"edf3b118-696c-4b78-9e73-321ce6e8b758"
"3ff59676-93e5-4942-9c26-1a2953a2c2c7"	"3d3734e5-f055-454e-88c2-cc2915e55b1e"
"835a0cbb-270f-48b6-bc3b-e45a439e8d17"	"d6380f2a-883f-4ad6-b63c-666646fccdae"
"a886f81c-fc63-4874-b85d-c5622d560ae8"	"6247b299-ea40-411d-826a-22f1c18a1251"
"d8ec09ee-bc49-46bf-9d8f-fa8c2ef9817a"	"78dbe9ad-05bb-4e2f-839e-3f011234710a"
"3d769675-dfd6-42e0-9b60-cad373b068ed"	"f27d5df4-35f0-4add-afac-3e389496ba70"
"1a195ce9-c67e-444b-ae9e-9bd5970afc64"	"a8446cd3-9ee7-4e69-8b1d-4cfb41688739"
"397e6b9d-5b8b-4845-aaff-d8809072e69b"	"120b8626-dae4-46a3-9334-c686a844ecbc"
"a3cf0af9-2104-4e45-9122-5ea9369a8235"	"8d8169e7-34ee-41af-92de-3f447dc78c00"
"72b76866-4e83-4621-afb2-33121b4ed961"	"7d442571-94d1-42bf-9260-8a19ce730c0e"
"e4b96f32-48e6-41f9-865b-40eaf15b4ecf"	"961ca9d8-39cd-4ecf-9166-62c33a0faca3"
"d2bfc3f7-3f86-43ac-840e-01d49570a10d"	"a13fa401-2de2-4c78-9435-c3a0898eed47"
"fba6fb38-b43c-4a73-b277-73bd74f38f79"	"c199103b-ebf2-41e6-a671-1c4abccb8ccf"
"ae953f6a-0afb-4f9f-8a58-6d7102944ff8"	"c4e949a5-6f66-455d-a819-28a85c8889d8"
"449cfc45-f820-421e-aa5b-977930c9ccae"	"6700cc8d-47d3-466e-9a55-fe1b045b0086"
"104dc95f-67c6-4909-80fc-d03e897220e4"	"ee3b4ddd-7726-4976-b6e6-27551751adf5"
"94a6e1cb-0465-497b-a0e2-da6da0bc0c74"	"8743c613-ea71-4852-9eb0-cb21752985ab"
"f9c63bdb-8d17-4018-9426-c7f63474ab46"	"fa8afdba-7c1a-4de9-bc6f-fb66303d0bf8"
"88f6bcfc-1288-4d36-8831-17b1a8850715"	"0ca462ec-fbfc-42fb-b243-088713866f37"
"f8c87306-2e93-4ed7-8a64-dfec36736d7f"	"b898c656-51a0-4a23-82fd-2775484365fc"
"103310b9-6f4e-42d4-8e4e-f562af69d1c9"	"590d9c2b-f6d8-473a-8913-27de67ca5564"
"dc460021-938e-4d8c-8bc1-4a039e370f74"	"2e7910b5-876e-43f1-aa26-fd9341302ea8"
"ec15e92c-cf18-429b-88ee-99e80fab91fa"	"b2c864c6-881f-41e1-8149-5123cd11d5fb"
"fd35b4f2-a5d2-4188-9626-56819243835c"	"8706001e-6dce-46a2-ba87-1da08b7295e6"
"a033566a-ecd4-4cca-9a7d-a8ce0f844e08"	"394b8732-3f13-4157-8061-dbe7f213affb"
"b1b4b946-9f29-44ac-a65c-1764fb5460d1"	"b1f20809-3008-4e8f-8dbb-6d0cc127c14c"
"6430d630-13f0-46a3-a505-e6c9270eff04"	"36538413-84a7-4eb4-b55d-069159211b90"
"8a907837-16d9-45fc-996f-ff26e6e654fa"	"6144a30f-5164-425c-a275-6c2fdf1cba14"
"da3fb245-abd3-4e2b-b35b-4e97535a4a6d"	"6f71477d-dfbd-4fa5-b3ae-1eb2002c718f"
"400ad1c2-a92c-48f3-8980-80293da3a45b"	"fce878a1-7fe2-4350-8a3e-db06cfabcacd"
"0e254ee5-8b26-47b3-a88c-f706688cb491"	"b06cb625-9dc6-4366-92c4-6b9fe65b1638"
"4f045e3c-23ed-47a3-9153-2cb6350550ad"	"da245cb2-2712-406c-8df3-1215ddb925e1"
"ad3d9020-e5cf-4fc8-b124-2363cc695fd6"	"1775361b-74e3-46d2-8bd0-ae11a4d6a0ce"
"81ad01c7-3f4e-48f9-8739-6ab4ea8dec21"	"ed99b4ef-8805-4436-9c0e-dcb6579e1368"
"518f9218-01c2-46fd-a3f1-6a258ddb38b7"	"6eecd9e9-64e0-4397-ac90-7d3b583d02f2"
"b562831a-9062-423f-adba-933940b34860"	"a9b04c3b-cc2a-42ae-ada0-b3cca2fc05ad"
"0f624add-3af1-48b4-95ce-e715c078adfb"	"4c935ffe-dbd6-4f7a-995b-587d6b796892"
"f793ee00-55b8-44d7-a470-c0d11d6b368e"	"64a559c1-a91b-41b2-8924-2e1521113724"
"f0e9540d-a355-43b2-ac0d-798ee59b1724"	"038b2e25-8011-49be-97ab-b285738623ec"
"33728796-16b9-4096-ae54-c80673a4d8ae"	"f7ff664f-5f31-4481-9c37-8d5c2d8991b5"
"df2b2fba-a46a-45b9-b424-f28a46e32224"	"b39179b5-f976-477f-944a-f0f571c42c6b"
"b4320a16-badb-4f7a-8c92-296442384741"	"1af1c46d-4c73-4c8b-b292-8a90e7cd25c0"
"c466b15d-3ae6-47f4-b949-63ff2b7956f7"	"718e3d23-99fa-41e4-b991-57760cb7804d"
"3ee254f0-b298-4a9b-91df-607e5821fd4b"	"2e07fabb-5f40-49d2-aee6-2a92133b37a1"
"34c1720b-648c-41f8-a0c3-54aee643a53b"	"e2169a1b-b529-41ae-a76b-836d729a80d9"
"1a6aae9c-2d01-417f-b621-af82daef8ec1"	"566dd079-d87d-4e45-a344-27bc1a588e8e"
"5e07e130-c21c-4b6e-8905-4c4d60490b6c"	"0d749554-e6e5-48f2-bde4-d0cce23075f3"
"a4aa2bfa-15b8-4021-9c76-f92b8fb31067"	"9fac3db8-c46b-4600-94b6-7ba71bcedb5a"
"251ec1a3-8bc3-4272-9189-4ea1e7a84166"	"abe2d5bc-b6f9-4530-81a7-59efd2de5088"
"88c8ed6e-3115-434d-a5a3-3c3ff6acdc7b"	"12ea6268-cde8-4af5-b21f-f4c7997e2ea2"
"f0d6389b-f22d-4a60-9f4e-48c66a7c1a63"	"fd786322-af20-4e4c-bcf0-f3a19eb6287f"
"f6915724-96fc-481b-9391-159ad6ce4064"	"03314eee-3ec2-4186-a832-aa7b445617df"
"b3c8be01-23fd-4a25-8a08-1bb99a105727"	"c2e39160-a534-47ef-86c1-437a19147ec3"
"7efacaf6-6b20-4954-944c-2f3463a7fd72"	"3fbf2cf4-a049-42d1-8609-822d90732377"
"88331b1f-b250-4db2-b016-f8815b5f5a3b"	"1a0513c0-e8cb-4bd4-96b4-ff710a1e5434"
"05af6f9a-8da1-4cbb-bb16-c91fa8cb5997"	"224913ad-577f-426a-bbfb-77eb1250fe43"
"168f07e1-0f55-4b4f-87e8-34674862a7ee"	"f8f94a16-6ce1-464d-a02b-37323e7cdd35"
"e8a816b9-d37e-49e1-94e0-abb30289b477"	"77ded907-fd2e-475e-9430-761bcf50d86b"
"09f9b3e5-74e9-4044-965e-5a122f8025f1"	"233a60f4-7e1e-4e5a-92b9-8b458ff67d02"
"797d4db4-d895-43ca-b7cc-63bde66acb44"	"2e459356-f0b9-4464-9b6d-ab7ebaac444e"
"e802fada-e190-44a3-b7a0-60402aeacb59"	"05f08820-ebd2-4bbd-8eb7-6b29c23cda69"
"7ef66856-3e64-4ee4-b59d-be149330065f"	"ef3569bc-854a-4ee7-9463-d77c7f6be659"
"a87a2ce7-2f80-4c77-8948-744064ab64ec"	"732c47b9-f99a-4116-8cee-083bb854eba8"
"ffff585c-aac4-42cf-a052-ccc525e46b01"	"7bbf94fd-ceb5-4fc1-a7db-a1df53a6b494"
"65ecc477-a438-446e-b121-9cc135aa1675"	"0c1110d5-4abe-4b80-843b-105deb4b6e45"
"2cd6c9eb-974d-4e11-8c3f-86630d2d801f"	"f0d5a74c-e925-4f6c-884a-b1bb5b483a88"
"d6ab3d8d-17e0-4324-b8cc-0a7656972f56"	"337ee376-2f10-4598-9a84-ebebe593f33f"
"6a21aee1-75aa-4f04-9ab1-b6b6c1bdba99"	"885a16d5-b328-4d00-bbe6-3af974a4cb77"
"14718ab1-5606-4202-b056-13b6bcde0350"	"496a56cc-c7cf-4e05-96a5-d8e165d24447"
"dcdcf70a-cf94-4657-9f49-0159fb2e24da"	"c83b8906-4fd6-445a-83e3-39e9cbb17d75"
"d860ee7a-1b17-451a-8ad9-5b0ab4b657dc"	"a45e4223-c48e-4cd1-b23e-379576c16440"
"b1a3dfdc-1438-488f-9002-db985f5e64e1"	"ce56b6a3-4f06-4f5b-ab5b-f75ee55d230a"
"3d5b82b0-03f3-424e-a12f-4ecb88508fe1"	"8e23c6f5-4bcb-4691-875c-927f2731b82d"
"49cf9f3d-1862-420f-981a-8ccbbe4c9277"	"36563142-7a5f-4ee2-9321-4731158fa01d"
"4cc37522-5fdb-4a57-a3f5-4913579c8bab"	"a2c0f6f9-ffbf-4c0c-a018-23f379cb08ed"
"16373435-e83d-4293-a157-746ce93ebe38"	"82a96853-b678-4df4-9448-d24658080140"
"3f1ab2d6-86a9-4549-918c-ce931b32ce3b"	"512abea4-4e9e-4de9-b21e-87edc811f537"
"3c583e3b-167b-4077-9fdf-bf32031b858c"	"d92fe647-92ab-4f3f-b84d-b3a72b5331e0"
"6a25a515-b092-440c-b75a-761eca3171ed"	"c2b504e5-fb25-42ba-bf7d-11c50f8f5e28"
"93db75ed-bc09-429b-8cde-9000779b5e6a"	"c3d39923-3584-48eb-b2d2-88889e8e8e4c"
"bb7260ac-f0f2-4691-afe6-b252b01bd2a0"	"ebc9f614-3fe3-4dd1-8c60-c18da8fe3b8a"
"b3ea79ed-9d9b-44b8-8aeb-e33c1e51ee52"	"01d0b0c8-6592-4fc9-aeb9-d255854d56ec"
"a1cedbd5-df74-4dec-967d-f2a11a5ab8af"	"12349cdc-ab57-473f-b058-44d106ec854a"
"c3afa410-2d26-409e-94ad-2cac12b7d77d"	"4600aa3b-0bca-4512-a3ee-e285de544396"
"0ec95e28-e618-42fc-9f64-d2d5c42c67c1"	"e6d2b820-99e2-4c3f-bd3b-9162b2ba9aa1"
"c71c1636-fade-43e9-86fd-709cf271ae7c"	"316ec61a-435d-4fa6-9c70-a6677b16bbe0"
"99ee8902-3001-4012-a174-ac1ea7942a07"	"9b4ece96-9239-4e27-997d-e6d8617591b6"
"d626c8e8-7b57-47cc-bb01-384638149f35"	"5e7ba632-4bd2-4cf7-a5d7-52e08f70dc6b"
"fd33e8e8-32cd-4299-ba48-92c314143de4"	"f493cbae-f477-4ea9-9eaf-8fba0f8dd4bc"
"4e378da1-9b98-4711-91a7-a4d31893df98"	"07375849-b738-4a5b-b5ed-9ea5bc1f6698"
"3310cc55-907a-40b8-a715-4313a5deeac9"	"e225b2f0-4d71-4065-a2e0-4761869d3c10"
"3f75f7da-e02d-4881-a26f-5e297e0fbd1b"	"cc6173a2-03f8-4db9-8f7d-9a32f8ab186e"
"420b9c19-f4a8-44f2-93e6-cc04065b378b"	"c4e4d062-6eeb-47f0-a784-6651c5740f22"
"5b0ce791-32ca-4fe0-ba5c-0953dd0a0d6e"	"00a83d1f-5baa-4172-b8a3-c6c6cebb00f5"
"48623ebf-780e-4699-916e-8542bbd6add8"	"4932abc1-c252-4d49-81e0-b133029b68e7"
"dc9f5cda-bc51-440a-a93b-4798b9c9e7a4"	"cf1688ac-70be-46e4-acae-b2379a6fa865"
"d2a672a2-181e-4a35-b678-d9317f8f7bc5"	"a561c531-566b-4f38-9247-af40db2bd53a"
"206fdc2f-4c79-4c10-bc19-1a6604512613"	"383cb6f9-1323-4bd6-9ba7-db4c50c78f9d"
"192069cd-0e66-4c20-a745-32b95bfaa7d5"	"7a94cd60-17e4-4c9c-b1b9-daccad6ec031"
"bcf010e4-61c4-47cd-95b7-fa6ae6db36e8"	"a7c1351d-8389-4ac9-be69-eb44aa6b4254"
"c6e444c4-941e-4290-b172-53faa8eae8c5"	"7cebc1ee-47ce-484c-a398-f779b207ae94"
"21d707d9-c556-4e10-b9cc-d2af76de1292"	"a2509c10-d6e9-40ae-96bd-994f2cfe8d86"
"d95f3dd8-98c6-48a2-8db6-2de3fecdec6b"	"babd2def-c01b-4ef0-a3bc-2641f9f3347f"
"9648328c-bf1d-4ebb-8899-dcba54cafd44"	"5734b9ed-26db-455f-9c7e-a08541614edc"
"d2757d46-f5a9-4df8-ab8e-5ef2ff21f5bf"	"09e93e38-e490-45e1-bf07-7eda4fe21c3a"
"9a63e9ee-ae01-4cca-9a25-b9c20ac2a336"	"240b3f1e-d86f-4f89-a345-ae496fbe302e"
"cc146438-e727-44fa-b301-eace7aff430a"	"e10d9caa-a668-402c-8009-4f1437fd4320"
"2f7bd29b-c26f-4d74-8b97-98496fec5a71"	"95e4ccc3-d5c9-42fe-81a2-f9d26636e9c7"
"55d4b52e-c7f9-4ce5-bb43-e18d49a48dea"	"e0248ff5-b57d-4b27-81aa-76226b1935f3"
"1eae1342-4299-4a90-becb-9b91f1f71804"	"85d6d5be-0f27-439c-9af5-61da2d60dcba"
"4acc2d82-3335-4ecd-a05e-3cd5c1a63226"	"3dd306a9-cbd9-4b81-ae31-bc16afaf44e5"
"dc74f031-5d17-43f6-acba-afe7dfb20797"	"c333cc69-8f99-4c40-bd2e-fdb39c0f4406"
"0fd5a3df-f31f-4f32-a8a1-aedb469f42a2"	"509267ee-d804-41a7-a9f8-3553153003ee"
"b093f981-2090-402f-92a3-af5071d4c960"	"ab750acd-fb8a-488c-8115-07864fc4bd1c"
"c7cb52e0-70cf-4fd4-8ffc-d2742b6bf756"	"3566889f-4487-4850-930e-c3c1c75ad977"
"d26917b6-9afd-456d-9ccb-edbcd01c9991"	"4ecb0eaf-b15a-486e-9fa2-1afbf75d49a5"
"a0eaeca7-bd17-4f27-b88b-f4f1ac6e6d18"	"89f6d327-7030-4f56-b89d-a408918190d2"
"aa7728d7-1dba-4e33-a844-fed8a4b71104"	"4137d9d9-cc0a-4803-a4a7-ab38379d1d92"
"8e52309a-74e9-4a98-bed5-c97607bb0048"	"9b22b377-5405-4e25-9f12-186dffc8c204"
"b39991b7-cfc4-4e7b-a93c-69cc19120ccf"	"6026ce61-53cf-42ce-81a8-44ade54dab23"
"8e0028ca-0cbf-4ad5-b6ae-e3374a834432"	"c595ea1a-a726-4704-b8d2-3962d7f03e14"
"3f7f44a8-5cf3-4564-b55c-a3dd41ee454d"	"91bd6c08-2982-4b8f-a7b1-d8b9db63c48a"
"814538c3-25dd-4eb0-94cb-c571907ff5aa"	"d52c2849-acea-40eb-8f2d-743c4968b3ac"
"6ea8e82e-fe7a-46ef-aaaf-7f5c8808346e"	"b9d18d3c-b8ad-4e12-b608-52742b8d7928"
"81c61bcd-a860-47ec-9a5c-88a65e8d5b43"	"6257b4a1-9b02-4730-be54-fe5b20d2e4fa"
"ca59eb37-1a52-4a47-8170-3df6f9e27735"	"692e2390-8b7c-40e3-80d7-cfda3022cfe9"
"7e4f993c-0283-406e-8354-a5f3c202c2ea"	"0a7d41e3-716d-4b00-86cf-7e9b7c6383b3"
"37a0d64e-4864-4fb9-8b13-6767dcbc6124"	"ff765130-01c0-47a4-b1dc-fad5ddc5321d"
"af0249aa-a88b-4ea0-a7e0-2fad5ba3be3f"	"ab97bd74-900d-4e6b-8d05-8ef6351c5d43"
"447f4748-2815-4045-92f6-e273c2592f63"	"8c2de90a-02b2-4741-9b70-6ab9a93b13e7"
"5ddfef22-54e2-45b6-b82a-ff5692d6ee0c"	"830d56c1-6f30-4ed5-84f2-dfbb618f63df"
"f20e22ba-4732-4411-bf4a-7c06c07b1467"	"ab927ad8-d130-4382-89a1-6abfea719377"
"55a81ffb-3dfa-47e1-ba49-4639aa29a682"	"b8387d05-f34f-4506-96c5-9f060e0099fa"
"74de5dd1-22f0-45e2-9a13-4d6d0a1913ea"	"fb7b2181-3c66-468b-a4c0-403ec00fe189"
"e915c6f0-3236-4622-8a93-09b0ca6cfdb9"	"41556492-31b3-41f5-a429-39577f013f87"
"e2755a83-94bb-40f9-be5a-3843b6f656cd"	"1e54cb68-ca06-48f3-b4da-749c57993ac3"
"c2955c7f-1924-42e7-a434-f2292fd71210"	"9702cdbc-b720-40b8-ad98-c6b90c109f20"
"1983bbf2-7990-40ed-9037-0d13f23d219d"	"ed42df7d-bba0-4ea5-b3f0-5ac47a4e4bfb"
"f78296a7-fe05-430d-853f-3e1838e2d5c0"	"30ea419d-422e-4c55-b60d-0a7286d26318"
"a2420392-0dbf-4c8d-84ba-2d51817b738c"	"95905c57-36a3-42dc-bfa9-c01ddccec53f"
"7be9b75f-9b32-434f-b0bb-9d441fc6af03"	"50f8f2c8-ad68-4dc5-8317-9cc3861d69b0"
"f20787dd-fc9a-4fe2-ad65-c01d1c3b40b1"	"dadb5a85-eb8a-4ec1-9751-6b509b9c1fd1"
"1b67c0ec-51ac-4155-94c3-c3fa2fa8770b"	"d4ca7445-f2ac-4de2-8729-3e7c4e704864"
"ed84ddbf-7fe2-4deb-86b9-00b653678581"	"6d669150-7991-4bbc-a2f2-5db38420ef4f"
"9421be21-930c-45a0-aab8-37717e439845"	"7c5943a9-ba6d-41e1-a2e2-b9d2fd63464e"
"769c15d4-f9a3-45e5-b3f6-30b3a6dbab28"	"887b59ba-fb31-40f2-88da-8c48f99369d5"
"4a626c5b-cb63-4bd9-8603-61f3a94b7ee4"	"b5a7a489-d37a-464b-9ac6-d89eda34db87"
"29ac0404-cc02-411e-984e-df8b63f7aeac"	"a752f8dd-fdbc-4673-9bce-043bdd7fdb9d"
"6e8676bd-facb-49aa-a95a-de1bec523436"	"7bb2099c-3fdd-4675-9cd1-55160e34f102"
"f8fc6fb0-78e7-4901-a486-a11fe36bfc49"	"c9b44571-7df2-42d9-ae4b-05c92b9ff977"
"8427e156-7283-4506-b281-0b4c0c2e5cd6"	"97a904f6-bb77-476a-9a2e-5b013f3d5b4f"
"80b1369e-992f-4ebb-b7fb-b0b7938f7b2e"	"66bcd2e0-e6a2-4c6a-806e-93b4af8f51a3"
"54076564-3750-4e4e-bb3b-2951886d83c1"	"dd29d2ea-8141-49a9-af14-6af8cbf56879"
"51c9fcb1-77dc-44b0-8b33-5b7269691733"	"20e7408d-88e1-4210-8ee6-de43f0064919"
"e9389b43-f858-4a3c-8583-a7d5b7b5072e"	"2acd1628-ca50-4aab-a5b5-6233cabd365b"
"bbea641f-4025-4817-9c75-2e4075bc93f5"	"f870aa2b-6ff4-43bd-be56-26968b20f4f2"
"2a630fd4-765e-469c-a238-b25470d5f946"	"05a37384-3ba8-432c-b4e1-1509e72a702c"
"cb6daaf3-58b0-4c7f-9397-02e5204bfef4"	"7691dd04-c2b3-4d49-88f2-b5946d091e94"
"609d7ac5-bd23-47ec-b26c-c48b6eefce0e"	"17af4998-f191-4e10-a8ff-f5d467f5e482"
"ff47b35b-b565-47a1-aab6-0b721a752598"	"2fbbf85b-3488-4d0f-8dc1-87b3778ad1c8"
"69e0fe44-0573-4ab1-b93a-abeba63e8389"	"2c7c3ac7-3096-4cd3-85cc-0eb287ef1bfe"
"8de982e8-3188-4cf8-8845-c2f44c33d2d1"	"3bb524e0-9185-436a-ac41-65f7a6393565"
"3ff79d4f-15b9-481d-93d7-5e0cd3d2abc1"	"e850a121-c37a-47b1-8190-3487d0f73dcc"
"3da709fd-3fc5-4b52-9888-32a5cd724724"	"36c9480a-e773-4055-a6ff-27eb5ad1309c"
"437f1d64-12f4-4bef-b2f7-9705c5fd811f"	"51df50b3-d869-480a-8dd3-ae9dc07f0154"
"04c80b1a-1fb2-4cd0-a4ae-2f29e630ae6e"	"26682441-9472-4a12-93fc-10a72f0c19d6"
"750268d4-7cf3-4ce5-86d4-a65b8faf7370"	"134ff5cd-eb02-4eb0-a581-8a7f517ff2b4"
"baba84ea-c74c-4307-9209-73194bb89172"	"0f1a00bd-ddda-4235-9513-823242f4f9ed"
"61643f29-aa0a-41db-b563-fcae920345f2"	"af91a3ad-1aa5-447c-8cdb-e8e1dc18fd53"
"6de5e9ce-7fc0-46fc-895e-edd7014c5d62"	"a5ba4382-0c38-490a-8629-388557cb9f3f"
"06f0b838-baa5-4b9c-9d91-0acab3549485"	"77d51ec4-5411-4e67-8c8b-306de7c13811"
"b8d852e8-6ba5-4ff3-acee-97e18897dd12"	"5bba3d48-cc3f-4538-8b94-ea9122c3ff29"
"3716bf64-5add-4100-80e2-df0962222d8f"	"dd2894ef-8af9-45b0-8ed4-4870c3031db5"
"670abdcb-3937-413f-a898-e6457a60db6f"	"ed68b4b3-e898-4bda-a049-3bd423fea829"
"3396c827-b75f-45b3-b1d2-b5d58922b936"	"b15382da-64b1-4a3d-86dd-aab074fdec2c"
"ec19bf46-94c8-4f1c-9ce7-39525e3ec7a1"	"bbd95228-bc7a-4a4f-952d-5a4c8d6df39c"
"81a3d83d-b571-4178-9c55-4f766849e5e9"	"136ea0be-ff8a-4e23-a404-ea754fe7870a"
"d29f56f4-3966-4295-8818-1cf62698b54b"	"225e2017-7f25-4c6c-a2f1-b6e905ce3871"
"04f0d655-a27a-4c64-9612-5dd9da6cd7a9"	"de48072a-20c3-484b-ae11-4929018a2ca9"
"721da2d2-4d91-4631-821a-7954ad96e9ff"	"9e7014c9-c4f7-495b-906a-e6a94cb6326d"
"6aaff28a-c4c5-4d17-be25-0f0b6d098847"	"6e381270-64d5-4496-a746-ed2c598ff160"
"d46b9c10-1495-44e9-bb27-574cf41f8d5d"	"1edb49cd-23d3-47d5-bf96-d26cddeeebe1"
"475b047b-7405-4081-b5ff-0187d50b38e7"	"34758890-127e-4cba-900f-167c0bc93e1d"
"6ed55d34-9fc5-49e1-ae05-1485c2ea446d"	"2654f869-9759-4cbe-b01e-a0ca814aa3eb"
"8fbfac4d-f62e-4eae-be84-8b48032f975f"	"a4258309-5dd1-437a-a245-d46f19ec91b7"
"09bb55ab-736e-4f95-a791-42783724c2b2"	"fae05e34-5b6c-40b5-88cc-3c713f7a2d34"
"4e43d853-8138-4575-9a15-0c1d927ec0b8"	"592f4008-d288-4aea-ac64-c68ecf21eace"
"eb65b560-81b5-4bf5-a3a6-e92efa1184ac"	"ed21be19-1173-467c-a4dd-02f66f2c3cd6"
"35311633-6f13-4a25-9b9d-48cbb50e7dc1"	"f7f39f3f-964b-4a22-88f2-84fb350d4150"
"fff23478-6ed5-4055-90db-86e657083247"	"41d31849-7bdf-4a57-8511-1fd07eeac0b6"
"ae37fa65-a8b5-4cba-a564-9e4f7e684a74"	"297bf307-e695-4e0f-9e7d-e778bab25e8c"
"93adc460-fb58-4018-9079-21db090e5d02"	"f0ce0fdd-2c1f-4e50-92a3-267b2337d46c"
"8ec521f2-4298-4bf9-a263-1395e22e2f33"	"904fdd3c-3abd-4d68-8dc7-229398784c32"
"310078f7-0310-4db3-b20a-4d5944f3377c"	"e11d92ae-6f5a-4b36-bd07-ba03c283b523"
"75beb4cf-0d1e-4839-bb36-d9928196a3d3"	"9b0ca9d1-a074-44c4-95c9-f00914e582fe"
"acd30dea-2ecf-4b8a-a979-38b994490c2a"	"ea9b8920-aba8-4ff0-9aba-7de685f9f188"
"f965dd20-1b13-4488-9a31-efc928efa9e6"	"1f8f9028-eb46-4f17-a54d-d6038e959636"
"9e6ef6c1-998c-40c0-ac8a-fc8692d36827"	"b858d28f-e057-47b1-b5f2-2ff6483400bd"
"f71996df-fbee-4836-bbb6-9e5fa83dccb9"	"ea928417-a5f1-4cd8-bf7a-791317080a3f"
"dc0249e6-99b8-487e-849a-cc625d0126a8"	"a908f42b-9c99-40b4-b907-f5855c5af9c2"
"e622a4cc-a32e-4033-be51-fcca0c83f728"	"dca1c75a-a158-4e9b-a3d6-0c2dea271da7"
"b1273234-0ecb-45df-9195-bbaa7ed6a300"	"42fa14c7-859a-4bff-ac77-e4eacfc3dbf8"
"05427c16-2f8a-4744-87b5-5973db75097a"	"a5376dd7-9e1c-403c-9366-b9dfe4fadfb5"
"6f2a6c60-7838-4d63-9177-324486f5ed87"	"7b4ff92b-595e-4407-97b3-e72208542eac"
"432d65ac-2eb1-41ef-a073-17e5c1c75d0f"	"1f9fa614-4a26-45a2-a786-42f54f49ca4b"
"79a208de-a528-4930-8726-9b0fe33613f8"	"5ba003f7-4d7c-4ff9-831f-29b051014439"
"c476fe92-2244-4e83-84c6-642c298b9f9f"	"6b4d888c-9f73-431f-9ebb-844da74c2e67"
"1ec09385-211a-49e9-8a9c-0fe6090095a6"	"9fe76dfd-b5c1-4a9c-aa0a-939aa65c82bb"
"ef0181b1-66fc-4c75-824b-023ecf1fd613"	"d9527922-07b4-4acd-9ebf-d3095ceeb76e"
"ccc725c3-f31c-4079-b476-f68bdd571f0f"	"04ece791-9d41-4860-b43e-85cc99bc50fc"
"04b2d050-778e-4464-b6a8-6186533456f1"	"aab61506-afb7-4191-aaa5-d7b783d7f35f"
"72447076-3e5a-482d-b929-7746964240f5"	"60f68929-7a3d-48e8-aec2-2759e23ab145"
"d3dac4e1-4879-4b7f-b458-55d320e6821b"	"827ef0c2-2ef9-4985-817c-20349b4d2842"
"dec02672-6c13-4f1c-97d1-170bd21794ed"	"a5e2658e-65c9-4152-b678-01f5d9093ba6"
"6cf8448a-785c-44b7-a1a2-3e803cdcc893"	"92ff2efa-087f-491c-8125-dac4dd780e26"
"cb81f11e-6fc3-4a41-befd-0a135d4b8c39"	"7aa1686f-5789-451e-b8cc-0355b94576ed"
"18890b56-076c-4d15-98f6-80914c41c680"	"3f8e2bbd-1ed0-4ade-ad7b-c57f42cdca2b"
"267a9bf8-1649-4a22-a71e-b195ea7c41d3"	"5d2ce8f5-134b-42a8-9ada-bd3a2b7c8430"
"84b38e6b-7e4d-47e2-968c-2e59298f2328"	"5ef9155c-fd85-4014-b65b-52f1fd9d17df"
"d75c52aa-d8af-4ba1-8526-d03669d916a7"	"392a7dc9-bf3b-42a0-8ef2-15fcb28a935b"
"004b3718-573c-4883-aa6e-698a600ff736"	"c6351392-5651-4f1a-9381-f26745937f61"
"47b43010-0f5a-4dc6-b775-2deaeef78baa"	"4a8cd163-35d5-41ea-be37-6ed9c0572e21"
"eb13c8d5-562c-4d35-a511-202a01443680"	"e9793434-3c14-4417-bb20-0edce3fc2f48"
"1e86d511-9469-4086-8fae-a7ba00fc7fbe"	"7ec76bc5-f32d-423d-ba24-f89cddc62aa1"
