manifestation_id	publisher_id	place_id
"bcb42947-4b7c-4966-a9ae-3ded62aec4bf"	"1449e13c-9dd4-48a7-bd7d-b1cae96a702f"	"11"
"b5c489ab-3e36-4db0-bada-04d7df6b40bb"	"19bf1f76-c6e1-4db7-b9fb-89a4941bfe39"	"56"
"b5c489ab-3e36-4db0-bada-04d7df6b40bb"	"5fd8b4d1-beb5-4062-a98e-f5e58b5c7bfd"	"56"
"9161ebc9-7816-4f2e-8158-64eeaea26d85"	"4854a736-4724-4bbe-bd75-f327c1e6cf65"	"64"
"2f0075c5-d5cb-4922-b491-57c26b0e7005"	"4854a736-4724-4bbe-bd75-f327c1e6cf65"	"64"
"b44d899f-8a5d-44b5-bbd9-940a4e7bcacb"	"4854a736-4724-4bbe-bd75-f327c1e6cf65"	"64"
"f4c94f5b-566f-43c0-a66a-140d982fba4b"	"4854a736-4724-4bbe-bd75-f327c1e6cf65"	"64"
"29efc3f9-bbce-4374-bd0c-50a9b600a3ba"	"4854a736-4724-4bbe-bd75-f327c1e6cf65"	"64"
"053931e8-4619-4c83-8b10-364e5ee8fb66"	"4854a736-4724-4bbe-bd75-f327c1e6cf65"	"64"
"a40d2292-fa28-4332-87c5-f035178124ab"	"4854a736-4724-4bbe-bd75-f327c1e6cf65"	"64"
"3e9d158a-fe7c-4611-8939-74823bbd09b0"	"e8ffe372-2e5b-4c9a-9674-396e9775d37e"	"79"
"ddb32ce3-1209-4d1f-aa17-a32a3fc6c8ea"	"cf14b02c-464e-4fb8-ad1e-1de184ffd15b"	"6"
"65034498-c8a2-4757-bf5a-5d046255d758"	"cf14b02c-464e-4fb8-ad1e-1de184ffd15b"	"6"
"7638cb0c-149b-472e-936d-307d29a34839"	"2bd65251-ffd1-4a24-8506-74a5af3a6559"	"135"
"e10d9caa-a668-402c-8009-4f1437fd4320"	"10a98f2b-6d57-4eb2-93cc-407d825091e9"	"51"
"bf578f71-17b7-4007-99b8-bfb02fcf5cd6"	"10a98f2b-6d57-4eb2-93cc-407d825091e9"	"51"
"2f0b89ef-a0da-4b1c-b60a-49dbbff18e75"	"3f0fafaf-d6ec-444c-8eeb-f3b1772a8437"	"56"
"8b93c30f-2cae-44c6-9ae5-b720d4f3f4d5"	"3f0fafaf-d6ec-444c-8eeb-f3b1772a8437"	"56"
"780bb6df-e2c8-4a4a-b9f1-1d32930eee44"	"3f0fafaf-d6ec-444c-8eeb-f3b1772a8437"	"56"
"ecd4bc57-219c-4332-bb48-8cc682c053db"	"3f0fafaf-d6ec-444c-8eeb-f3b1772a8437"	"56"
"230526fc-bf2a-47f0-9273-e47c85ddccda"	"3f0fafaf-d6ec-444c-8eeb-f3b1772a8437"	"56"
"a08a2ad5-d38c-4e8f-81f4-b7bb261aca30"	"3f0fafaf-d6ec-444c-8eeb-f3b1772a8437"	"56"
"dbc85cf3-743f-417c-b3d8-040217ea8d61"	"3f0fafaf-d6ec-444c-8eeb-f3b1772a8437"	"56"
"ee93a8d9-2bef-4baa-8a03-07a859fc312b"	"3f0fafaf-d6ec-444c-8eeb-f3b1772a8437"	"56"
"f374d548-228d-4ea7-b8e4-4ae164e210b8"	"3f0fafaf-d6ec-444c-8eeb-f3b1772a8437"	"56"
"17352fb6-17f2-4320-a733-7fe260417c4b"	"17747ee0-b61d-4ce3-aa38-9dd76919322f"	"32"
"588576e4-c248-4442-8e8d-3e53e127e91a"	"17747ee0-b61d-4ce3-aa38-9dd76919322f"	"32"
"4e7c4351-1ae7-4b2d-86ad-02dde19d3297"	"9cc6edfd-6544-4d18-bcba-4fa7f47fb5c8"	"99"
"946973b8-9e77-45d8-acce-a5c08d92476f"	"e31fef14-3086-42cb-8567-6dc58ed64bfa"	"66"
"5f87d1b7-76c4-4e37-ba09-24459e84cf0c"	"e31fef14-3086-42cb-8567-6dc58ed64bfa"	"66"
"aec0ed8a-47df-4ac7-90bf-cdeed8250050"	"e31fef14-3086-42cb-8567-6dc58ed64bfa"	"66"
"a941a8ba-7f2d-4891-8c23-0a8fa4d4bc75"	"e31fef14-3086-42cb-8567-6dc58ed64bfa"	"66"
"9b422405-fab8-454f-8d44-386ef45b5d13"	"d45f180f-4b1b-4a4a-baf1-c11d9986cbc2"	"36"
"a6f76ee0-749b-42d4-bcd9-358b4e9b978b"	"d45f180f-4b1b-4a4a-baf1-c11d9986cbc2"	"36"
"0933e016-a371-4735-98ca-b72246a1c938"	"d45f180f-4b1b-4a4a-baf1-c11d9986cbc2"	"36"
"453c3d59-7aa2-4910-9d11-5b0904b69608"	"d45f180f-4b1b-4a4a-baf1-c11d9986cbc2"	"36"
"04ece791-9d41-4860-b43e-85cc99bc50fc"	"d45f180f-4b1b-4a4a-baf1-c11d9986cbc2"	"36"
"aab61506-afb7-4191-aaa5-d7b783d7f35f"	"d45f180f-4b1b-4a4a-baf1-c11d9986cbc2"	"36"
"171dde55-3d7f-41f3-b16d-427abb6988c7"	"d45f180f-4b1b-4a4a-baf1-c11d9986cbc2"	"36"
"2f07b81f-ee9a-474e-933f-9d3f58f3840a"	"d45f180f-4b1b-4a4a-baf1-c11d9986cbc2"	"36"
"b93a7e3a-3f83-434c-bab2-5b20e8f46fba"	"d45f180f-4b1b-4a4a-baf1-c11d9986cbc2"	"36"
"a7f2b0e4-d6ab-4b91-9718-5966c4648867"	"d28bb398-f735-4b5f-9c09-b2494c91f0e7"	"78"
"0e6e7ffb-e55e-4a44-8b8a-8950b638a9d4"	"d28bb398-f735-4b5f-9c09-b2494c91f0e7"	"78"
"7cb76e58-8802-4682-9a6b-571b698f5ff2"	"d28bb398-f735-4b5f-9c09-b2494c91f0e7"	"78"
"05f879b0-3279-4f73-8f82-84651260bdc6"	"d28bb398-f735-4b5f-9c09-b2494c91f0e7"	"78"
"7883d9d1-bc65-47c9-8eb2-b7bc3df0418e"	"d28bb398-f735-4b5f-9c09-b2494c91f0e7"	"78"
"335094e2-9da4-405b-b5ff-c4138d3a0aa0"	"d28bb398-f735-4b5f-9c09-b2494c91f0e7"	"78"
"f5294589-d044-4096-9828-c4de8f18033d"	"d28bb398-f735-4b5f-9c09-b2494c91f0e7"	"78"
"2b932b2e-e2d1-4fae-884f-eef301046bd0"	"d28bb398-f735-4b5f-9c09-b2494c91f0e7"	"78"
"2e14af5a-4d6c-47ed-b52f-e4353ee49f92"	"d28bb398-f735-4b5f-9c09-b2494c91f0e7"	"78"
"24204698-0a9c-4099-818d-5e96d50963e2"	"d28bb398-f735-4b5f-9c09-b2494c91f0e7"	"78"
"fbf00d5e-4ba2-426c-8a45-948b22ca4c58"	"d28bb398-f735-4b5f-9c09-b2494c91f0e7"	"78"
"66bfe7e9-001d-450b-bcfd-4f469b8c3a9d"	"d28bb398-f735-4b5f-9c09-b2494c91f0e7"	"78"
"e375ade8-e69f-4fa3-afec-d4737ed1ddf4"	"d28bb398-f735-4b5f-9c09-b2494c91f0e7"	"78"
"487316c4-ca8c-46fb-8ca1-edc674f1942c"	"d28bb398-f735-4b5f-9c09-b2494c91f0e7"	"78"
"f734f7ff-658f-49a1-a3b5-91a86a1b333d"	"d28bb398-f735-4b5f-9c09-b2494c91f0e7"	"78"
"4382ffe0-8ade-4390-b8d3-676c4c548488"	"d28bb398-f735-4b5f-9c09-b2494c91f0e7"	"78"
"ca993765-dd14-4a38-8036-3fbaa7445e22"	"d28bb398-f735-4b5f-9c09-b2494c91f0e7"	"78"
"de64ab67-20cf-49c4-a8da-1dea303f8a2a"	"d28bb398-f735-4b5f-9c09-b2494c91f0e7"	"78"
"592a4d97-7113-40ef-9b17-e962cfb52959"	"d28bb398-f735-4b5f-9c09-b2494c91f0e7"	"78"
"2bb92c0e-27d9-4e4d-8a34-9fd2fe99833a"	"d28bb398-f735-4b5f-9c09-b2494c91f0e7"	"78"
"8b9343ed-0d92-4be2-92eb-ce3a0493760b"	"d28bb398-f735-4b5f-9c09-b2494c91f0e7"	"78"
"80046511-63dc-444f-90de-88a3f2a10fb8"	"f19196c2-2316-4858-87e2-6be5155d47dd"	"128"
"f535c915-83e0-4027-8321-a4b25b5da245"	"f19196c2-2316-4858-87e2-6be5155d47dd"	"128"
"faf70438-4339-4949-b4f0-86c62a3a0103"	"f19196c2-2316-4858-87e2-6be5155d47dd"	"128"
"ea13dedc-50ab-4845-96b8-54f28591afa2"	"f19196c2-2316-4858-87e2-6be5155d47dd"	"128"
"1c1a5fb3-c9d0-4363-ae00-b7438ac154d6"	"f19196c2-2316-4858-87e2-6be5155d47dd"	"128"
"717f721b-8cd7-4228-9f1e-5f2c891e3604"	"f19196c2-2316-4858-87e2-6be5155d47dd"	"128"
"0219d0b1-bb90-4a4d-ac87-93e6af8a6a5c"	"f19196c2-2316-4858-87e2-6be5155d47dd"	"128"
"0f76a4e7-2f68-4298-bbd2-5cb4f947666b"	"f19196c2-2316-4858-87e2-6be5155d47dd"	"128"
"633ffc57-d145-4c63-b28e-c8178ff5d66a"	"f19196c2-2316-4858-87e2-6be5155d47dd"	"128"
"be815750-8ce7-451e-ab3e-d8c98a011a88"	"f19196c2-2316-4858-87e2-6be5155d47dd"	"128"
"61851a3d-1a7a-4d24-843a-e08834fc7ce7"	"f19196c2-2316-4858-87e2-6be5155d47dd"	"128"
"43504fa6-9558-4762-9b76-1a47804a0ec7"	"f19196c2-2316-4858-87e2-6be5155d47dd"	"128"
"a5e28f17-7323-4a87-b6a8-21050ee7eb32"	"f19196c2-2316-4858-87e2-6be5155d47dd"	"128"
"d36651da-ae27-4722-8441-c5136bd6dd43"	"f19196c2-2316-4858-87e2-6be5155d47dd"	"128"
"1f3da80e-ddcd-4601-9f96-279f37aa8f15"	"f19196c2-2316-4858-87e2-6be5155d47dd"	"128"
"ce660570-bef8-4b8a-a9b6-f6551dee0209"	"f19196c2-2316-4858-87e2-6be5155d47dd"	"128"
"29c9af07-0a52-4719-bc1e-8d0c811742bc"	"f19196c2-2316-4858-87e2-6be5155d47dd"	"128"
"ce0a5a1b-450c-4021-8168-5d7560704c6d"	"307d8903-3ec9-4663-8eef-b34a9670e8c6"	"129"
"bf7e857a-0af7-48b6-9577-ab52fadbf0ab"	"307d8903-3ec9-4663-8eef-b34a9670e8c6"	"129"
"eceea297-b51f-4f29-b86c-ebcd2912b063"	"307d8903-3ec9-4663-8eef-b34a9670e8c6"	"129"
"ba0056f5-22c7-4fca-925f-3511c35a755c"	"307d8903-3ec9-4663-8eef-b34a9670e8c6"	"129"
"382257fc-52bb-4c0d-af84-6009935a569f"	"307d8903-3ec9-4663-8eef-b34a9670e8c6"	"129"
"ac310c0d-7267-4666-ba27-b3f0381a8334"	"307d8903-3ec9-4663-8eef-b34a9670e8c6"	"129"
"322102cf-49b4-449b-9ca5-57a8b856aa48"	"307d8903-3ec9-4663-8eef-b34a9670e8c6"	"129"
"47c44883-076e-46f7-8174-626ee998ce62"	"a292b716-a721-4c5b-8389-e92299ec62e0"	"56"
"538736ae-c554-4dd8-a1a9-d7c353c0bea3"	"8c92664d-1fca-43ed-8933-a74074a2aac6"	"122"
"538736ae-c554-4dd8-a1a9-d7c353c0bea3"	"bda115b2-7968-41f5-b6e9-2bc61537c64b"	"122"
"556ac184-321b-4475-860e-7dcaee23109b"	"6dca5ef6-6a9d-45e8-bc57-de14baf4472c"	"122"
"e0a2f5cc-0007-4848-b442-9fc6d46acd6c"	"6dca5ef6-6a9d-45e8-bc57-de14baf4472c"	"122"
"2dd26ce5-eeca-4dca-a44f-ad234837d28e"	"6dca5ef6-6a9d-45e8-bc57-de14baf4472c"	"122"
"95ed33ff-b9f7-4126-9593-e42d2ce00a61"	"6dca5ef6-6a9d-45e8-bc57-de14baf4472c"	"122"
"80b756b6-2853-432f-89da-905188d7c5f4"	"6dca5ef6-6a9d-45e8-bc57-de14baf4472c"	"122"
"388462d6-328f-47cb-a3ba-6c9ad8a341cc"	"4b42d7d5-fd29-4df1-b6c5-41489c8b06a6"	"27"
"98660324-294a-4cd6-acb4-7eb33b726f9a"	"4b42d7d5-fd29-4df1-b6c5-41489c8b06a6"	"27"
"a293b685-ceaa-412c-9b3e-9f8856167ab4"	"372d4df3-5245-4f62-ba54-b17ae0e94a4e"	"56"
"f674c8b7-8c0f-4b90-85fd-c69a3be4033a"	"bd2c8520-db3c-483e-a002-effcd712f20e"	"33"
"cdb126b7-e557-4fd8-b9ba-fda98f23ede4"	"5da24ceb-e3bd-43e6-8feb-dcdcb85aaf02"	"5"
"ed9685f0-71c1-4485-a067-2d3b36fed53b"	"5da24ceb-e3bd-43e6-8feb-dcdcb85aaf02"	"5"
"322f749b-6f86-4e5c-97e3-5e950120fdb7"	"5da24ceb-e3bd-43e6-8feb-dcdcb85aaf02"	"5"
"4cbda9c0-2a1d-4089-a72d-1c6c153d081c"	"5da24ceb-e3bd-43e6-8feb-dcdcb85aaf02"	"5"
"3689cca3-2e61-4100-9c60-e6687a5cf943"	"5da24ceb-e3bd-43e6-8feb-dcdcb85aaf02"	"5"
"6203b402-3691-4239-b970-a3445f13e525"	"5da24ceb-e3bd-43e6-8feb-dcdcb85aaf02"	"5"
"a49cbfb2-c54e-440d-bfe0-1cda290620d8"	"5da24ceb-e3bd-43e6-8feb-dcdcb85aaf02"	"5"
"1c28c459-9a44-4951-a45d-3c06538a48c5"	"5da24ceb-e3bd-43e6-8feb-dcdcb85aaf02"	"5"
"39dbf449-67a5-43f3-8741-c9f50c548d9c"	"5da24ceb-e3bd-43e6-8feb-dcdcb85aaf02"	"5"
"57e53fb0-c216-40eb-9d78-ff9366863c80"	"5da24ceb-e3bd-43e6-8feb-dcdcb85aaf02"	"5"
"ac095dcf-21d2-4810-89b1-db35fe3504a4"	"5da24ceb-e3bd-43e6-8feb-dcdcb85aaf02"	"5"
"d68e0317-2fa9-480c-a24e-3b6e826212e7"	"5da24ceb-e3bd-43e6-8feb-dcdcb85aaf02"	"5"
"da5a285d-0fa1-46b8-b422-a7d9ce94d15a"	"5da24ceb-e3bd-43e6-8feb-dcdcb85aaf02"	"5"
"1874e3b9-514e-40a6-8adf-71262c98291c"	"5da24ceb-e3bd-43e6-8feb-dcdcb85aaf02"	"5"
"a78a7976-62ed-4fb0-9de1-83161a054709"	"5da24ceb-e3bd-43e6-8feb-dcdcb85aaf02"	"5"
"8442c596-95a9-4f01-83e6-24470e488dfb"	"5da24ceb-e3bd-43e6-8feb-dcdcb85aaf02"	"5"
"dc2b0a50-5ad0-4315-a691-99baa69c290b"	"5da24ceb-e3bd-43e6-8feb-dcdcb85aaf02"	"5"
"7a69ec0b-82ad-467c-9905-676e4a2ac618"	"5da24ceb-e3bd-43e6-8feb-dcdcb85aaf02"	"5"
"efff411b-9907-4714-922f-cde0726cd00a"	"b14a19a6-081e-4f4d-9cc8-3361fd4f9fb9"	"27"
"efa1a4a0-1dc5-4482-afbe-6408200d3ba0"	"b14a19a6-081e-4f4d-9cc8-3361fd4f9fb9"	"27"
"3c58f1d7-fce2-4e58-b21a-0f42bd0ad269"	"b14a19a6-081e-4f4d-9cc8-3361fd4f9fb9"	"27"
"b051ba84-a5ee-48b8-91c7-1d3c1105c253"	"b14a19a6-081e-4f4d-9cc8-3361fd4f9fb9"	"27"
"bbd0c7c4-368b-4eee-955d-340a5e6e16fd"	"b14a19a6-081e-4f4d-9cc8-3361fd4f9fb9"	"27"
"b4685920-cd28-44f2-baba-d05d0a31c125"	"b14a19a6-081e-4f4d-9cc8-3361fd4f9fb9"	"27"
"55896634-2410-49a0-8bcd-2bb53c5cc147"	"b14a19a6-081e-4f4d-9cc8-3361fd4f9fb9"	"27"
"70e210d8-9961-41aa-8af0-4b3c5514a118"	"b14a19a6-081e-4f4d-9cc8-3361fd4f9fb9"	"27"
"b58eb28e-95d9-49dd-84ca-f5cbe1caa9cd"	"b14a19a6-081e-4f4d-9cc8-3361fd4f9fb9"	"27"
"50dc0134-9dbd-4e7c-a95c-ae1e07b024a2"	"b14a19a6-081e-4f4d-9cc8-3361fd4f9fb9"	"27"
"8ba1d7d0-1877-4c64-a747-bd541b9e960f"	"b14a19a6-081e-4f4d-9cc8-3361fd4f9fb9"	"27"
"254052aa-0727-4d45-ad16-6f08bae7acc1"	"b14a19a6-081e-4f4d-9cc8-3361fd4f9fb9"	"27"
"9ed73071-5d4e-4f03-9e53-a5c0cb40ab8c"	"b14a19a6-081e-4f4d-9cc8-3361fd4f9fb9"	"27"
"836d12ca-993d-4f63-a1fc-4d1e856d4ed1"	"e8e03dbe-3e0d-4644-b94e-4c69e8a4516e"	"11"
"62ed9c0e-a2ad-4d18-8498-5c7df9cebe8a"	"85cde2d0-c844-4e51-ae8e-86ed91752b40"	"86"
"25d8086c-a035-44aa-937b-d92386d9b8e9"	"85cde2d0-c844-4e51-ae8e-86ed91752b40"	"86"
"e8f6d848-0517-41a2-b432-12a505b28470"	"efaa2352-8604-4e53-8986-20b9e4020e48"	"6"
"0d514b1c-ae9c-4674-87c6-679d9c866553"	"2fd3ed98-a246-44b6-b470-a7fd121a78f6"	"59"
"6bb1e054-68b2-48b5-a3f8-a105ac6e4422"	"2fd3ed98-a246-44b6-b470-a7fd121a78f6"	"59"
"2891ace9-e52c-47ff-be40-39e96fc8f51c"	"907e7aab-db9d-490b-b3b8-0c8e907366db"	"124"
"8d80fdbf-6ea7-4d0a-93ad-1abff59168e7"	"907e7aab-db9d-490b-b3b8-0c8e907366db"	"124"
"9cd11580-dd02-4f40-b5b5-509e640aa29e"	"d5ec2f0a-7033-43e1-b7af-a0d169deedaa"	"14"
"c36f04d0-4f73-4cd2-be8c-2c10d22272db"	"6495e786-d422-4127-848b-58b9ec5472d2"	"29"
"1c7a84e5-3a1f-422a-8aff-6744ceadf5e5"	"ffc70e08-6a3c-4270-9321-1f5edd3c57b3"	"50"
"8eac8e25-0fd6-41de-a559-f6675284acb5"	"ffc70e08-6a3c-4270-9321-1f5edd3c57b3"	"50"
"af63e928-57de-4328-ac25-e21764f54ca9"	"ffc70e08-6a3c-4270-9321-1f5edd3c57b3"	"50"
"cd983fd2-d905-49c8-a353-246fa12baf05"	"4d3c2344-560e-43fa-bd4b-89ca7405a102"	"56"
"af1123f0-e06e-4cfa-9a50-bb8785e23a9d"	"6cef0ac4-b47c-465d-af39-b32c52c9faaa"	"56"
"443ace9e-6f55-4dc0-be82-1a9fed98defc"	"6cef0ac4-b47c-465d-af39-b32c52c9faaa"	"56"
"8b8e8cf4-ffaa-4332-b835-a26ad6b8d818"	"6cef0ac4-b47c-465d-af39-b32c52c9faaa"	"56"
"a1679d12-9c3c-49f2-ad2c-5339bc17bdd9"	"6cef0ac4-b47c-465d-af39-b32c52c9faaa"	"56"
"7fa39720-684f-410b-8140-738d4be2c341"	"273c4e84-3fff-453d-a51c-070c11f8057b"	"102"
"7fa39720-684f-410b-8140-738d4be2c341"	"2b700d3d-7ac3-4405-8bf9-2636f3bfd84b"	"102"
"4ee2cf42-67f7-4944-96a0-dbfbf8df8dde"	"709e1935-b7de-4b52-aec1-01db44c7531f"	"36"
"edbe7fab-9490-4932-b46c-3ad72751db19"	"0362b9a2-4871-40bb-848a-91fedb94bfce"	
"a789a3e6-5400-4d42-9e49-d11d76b22775"	"883527c6-4360-4cd1-b146-f4f39d0c28bb"	"77"
"fa2751a2-6716-4493-957e-c580dcf574bb"	"da46497c-cb06-4329-840d-19cdd836daf4"	"27"
"ec9381ff-fc61-46a7-ad65-01a169badc92"	"da46497c-cb06-4329-840d-19cdd836daf4"	"27"
"34ffa0ff-0b74-49a7-bbbd-848db7faf0ef"	"da46497c-cb06-4329-840d-19cdd836daf4"	"27"
"6c307ee8-161b-4fc1-9e4a-c9301ecb0490"	"da46497c-cb06-4329-840d-19cdd836daf4"	"27"
"acedae5f-b3ec-4f71-9c39-0c60f7390ef0"	"da46497c-cb06-4329-840d-19cdd836daf4"	"27"
"c01d2272-4870-4d85-9bf5-62b1bcded045"	"da46497c-cb06-4329-840d-19cdd836daf4"	"27"
"bc64c0c4-50c7-4048-b515-a8d0a9727d45"	"e5463faf-8b58-497e-b408-3d3325fe0cb8"	"27"
"f85b2289-8611-4b34-8159-f0b27b96e3ba"	"e5463faf-8b58-497e-b408-3d3325fe0cb8"	"27"
"73e515b0-102a-4a7e-ad62-bafd5e8254f8"	"66696531-d7af-42db-b190-2a97a74b1bf1"	"11"
"3ef61831-ab84-43f7-bb15-e5c8474b3a3e"	"66696531-d7af-42db-b190-2a97a74b1bf1"	"11"
"ac1ff9c5-c6e4-44db-a7e0-11e13b748a0f"	"66696531-d7af-42db-b190-2a97a74b1bf1"	"11"
"19aa25eb-eb7d-4a75-9ba9-a5d5ef641af7"	"66696531-d7af-42db-b190-2a97a74b1bf1"	"11"
"1b3e9fb0-8714-44ac-9ea5-6450d4642394"	"66696531-d7af-42db-b190-2a97a74b1bf1"	"11"
"eac786c1-bdc6-43aa-8783-6bf1298f062c"	"66696531-d7af-42db-b190-2a97a74b1bf1"	"11"
"709dac17-8672-472a-8942-93cc64b07d29"	"66696531-d7af-42db-b190-2a97a74b1bf1"	"11"
"b2e726f8-34cf-4254-b3b6-3ba81a2a017a"	"66696531-d7af-42db-b190-2a97a74b1bf1"	"11"
"0f15e2e7-f17e-4efa-b0ac-2c80a2b1f79b"	"66696531-d7af-42db-b190-2a97a74b1bf1"	"11"
"cd40439b-c996-4146-8915-b9eb76af4198"	"66696531-d7af-42db-b190-2a97a74b1bf1"	"11"
"0206ca85-3449-4a08-85cf-2af26049bda0"	"66696531-d7af-42db-b190-2a97a74b1bf1"	"11"
"c65015f4-3a29-4131-a409-84e1944c4d84"	"66696531-d7af-42db-b190-2a97a74b1bf1"	"11"
"20558668-4171-422f-831e-0c25d23364a7"	"02cba129-40dd-4aff-9bea-297699fad81f"	"27"
"3bea714f-4c19-4c79-ac5b-1e7369784c36"	"02cba129-40dd-4aff-9bea-297699fad81f"	"27"
"673c51d3-20b4-401a-a4bc-36e33e6d948a"	"9961bc60-aeaf-4de9-be90-d7d4cfb9f6b6"	"56"
"1839f9f8-fdb1-4524-ba3a-24f8442aa262"	"9961bc60-aeaf-4de9-be90-d7d4cfb9f6b6"	"56"
"a39a6f57-d940-41e5-90f4-a6c2679c2926"	"1069050e-9ed9-45cc-926c-bd7a4c8aae86"	"111"
"eee9033e-d3d9-45db-a00a-9bf86c446e6a"	"643cbd99-a361-428c-913f-eb08d541b424"	"11"
"fd0aecfc-72c8-48e5-9bbf-a2f878d42e0f"	"643cbd99-a361-428c-913f-eb08d541b424"	"11"
"b2b11a38-62d0-4fcd-9809-f67f3695ea21"	"d504f5fa-7eae-4392-a3f8-5e00992596ad"	"50"
"3932a26a-2161-4592-8122-1b62583cb74e"	"fe0e8409-2740-46b7-9f8c-12bd8ec02943"	"84"
"300fad39-2438-469b-a988-6263aa039ba9"	"fe0e8409-2740-46b7-9f8c-12bd8ec02943"	"84"
"c61b61cf-1888-4271-922b-4ec3462f0e67"	"fe0e8409-2740-46b7-9f8c-12bd8ec02943"	"84"
"20cda6d9-d0ed-4a25-bc90-8a484295ea6c"	"3e592923-5892-4c9c-b9a2-529e0def06c5"	
"45a3e14f-fc94-4cb1-89ce-5655bb459140"	"46b1bde3-857f-45c6-85c4-bd25854fd693"	"128"
"456dd1ab-bb57-4e3a-9967-6270344a9929"	"46b1bde3-857f-45c6-85c4-bd25854fd693"	"128"
"371ec110-7f71-445b-8061-2695a6ba2ac6"	"54633c94-42e5-41de-8eff-6673d88d55db"	"55"
"120ed334-cbe4-4533-a71f-35477c2af61a"	"c7e685b5-1f2f-4b8e-8f35-21673c43c41c"	"66"
"9cbbf26e-67ef-4e00-add0-41976458ed5a"	"8fcf0f18-ebf7-4b98-a185-4fd6be4b884f"	"56"
"1a9adf7e-37ef-4ac1-a6a1-a76aa1bc0d41"	"8fcf0f18-ebf7-4b98-a185-4fd6be4b884f"	"56"
"e8399227-24b2-46e2-86cc-7966046d40c0"	"8fcf0f18-ebf7-4b98-a185-4fd6be4b884f"	"56"
"4fc3844d-2436-428d-b485-b0838e44cc46"	"d81ec512-6557-484e-9d92-a9a7134ae09a"	"56"
"aefc7452-599f-4a75-b5e1-930c99c955fb"	"d81ec512-6557-484e-9d92-a9a7134ae09a"	"56"
"f900fcc5-a06b-4539-a727-ca290671b2c4"	"3515432a-e781-458c-b17b-f0a2ff0440bc"	"27"
"5af13dc9-0680-4b9e-99f5-d85e8e65f9f1"	"3515432a-e781-458c-b17b-f0a2ff0440bc"	"27"
"1fed316b-d3ab-4603-947b-981d9effd7ed"	"3515432a-e781-458c-b17b-f0a2ff0440bc"	"27"
"fea52e89-d826-46fb-82b6-c841e8767ada"	"3515432a-e781-458c-b17b-f0a2ff0440bc"	"27"
"942a8803-6b9e-4a90-9f2a-94ee4b1a3f16"	"3515432a-e781-458c-b17b-f0a2ff0440bc"	"27"
"87369cf8-a7ae-4ab8-a700-c16e85e906c6"	"3515432a-e781-458c-b17b-f0a2ff0440bc"	"27"
"812f44b0-1b38-4081-828b-dd0c052782bb"	"3515432a-e781-458c-b17b-f0a2ff0440bc"	"27"
"b9774058-77cf-4c52-9169-085a5ee0bdad"	"3515432a-e781-458c-b17b-f0a2ff0440bc"	"27"
"1e8b5945-6261-4e69-a546-9bd3363d95d4"	"3515432a-e781-458c-b17b-f0a2ff0440bc"	"27"
"8bb20c75-6550-4773-ac35-c7abacf33b1b"	"3515432a-e781-458c-b17b-f0a2ff0440bc"	"27"
"0b6612de-f4d1-419f-9d77-b48e22aa5d6c"	"3515432a-e781-458c-b17b-f0a2ff0440bc"	"27"
"251615fb-654b-45e6-8049-66f3a47b7a08"	"3515432a-e781-458c-b17b-f0a2ff0440bc"	"27"
"0798a406-ca5c-425c-aa36-6d52499f3ff2"	"3515432a-e781-458c-b17b-f0a2ff0440bc"	"27"
"e3471cb1-d9cc-4d90-996a-b1d9151c1c1d"	"3515432a-e781-458c-b17b-f0a2ff0440bc"	"27"
"e00367f9-2ecd-41b1-8f11-67b94e8e3f11"	"3515432a-e781-458c-b17b-f0a2ff0440bc"	"27"
"453432b2-2f01-463f-9383-9c49bf41caa5"	"3515432a-e781-458c-b17b-f0a2ff0440bc"	"27"
"eb1a72e0-d563-476c-a971-2395c14d0e05"	"3515432a-e781-458c-b17b-f0a2ff0440bc"	"27"
"24966be1-7294-42ab-a5f4-8c6391c635dd"	"549ad13a-e03b-4c53-bb63-11ceca602aa6"	"115"
"82f52057-f7ec-4fc0-b1ac-a5e18afa3dc3"	"549ad13a-e03b-4c53-bb63-11ceca602aa6"	"115"
"4f55a29b-4bed-4fdf-a85d-2037bf7ef27c"	"fe9fb0d9-bec0-4742-ad16-9ed8ea9eafb9"	"124"
"1bce7fe1-bf9e-482f-8784-9792208cf706"	"fe9fb0d9-bec0-4742-ad16-9ed8ea9eafb9"	"124"
"6b1f2ad6-ce84-4bac-af9a-06b941c0b3b2"	"fe9fb0d9-bec0-4742-ad16-9ed8ea9eafb9"	"124"
"4cd33c79-5d84-4232-a604-1c6d0a059fc7"	"fe9fb0d9-bec0-4742-ad16-9ed8ea9eafb9"	"124"
"d962be4f-92bc-4dd4-99d4-d068d1b2486c"	"8808f7dc-a155-479f-96dd-a10fcadead22"	"27"
"d962be4f-92bc-4dd4-99d4-d068d1b2486c"	"a3051ac9-c40f-4a22-baee-770a5cf8d08c"	"27"
"ca38b178-fc1b-46be-8bdb-32a955bfd74a"	"8808f7dc-a155-479f-96dd-a10fcadead22"	"27"
"ca38b178-fc1b-46be-8bdb-32a955bfd74a"	"a3051ac9-c40f-4a22-baee-770a5cf8d08c"	"27"
"781b5775-08cd-4bd3-a275-12df24a0f0ea"	"8808f7dc-a155-479f-96dd-a10fcadead22"	"27"
"781b5775-08cd-4bd3-a275-12df24a0f0ea"	"a3051ac9-c40f-4a22-baee-770a5cf8d08c"	"27"
"033aaeed-93b5-4d35-b895-c2c4d97af02a"	"8808f7dc-a155-479f-96dd-a10fcadead22"	"27"
"033aaeed-93b5-4d35-b895-c2c4d97af02a"	"a3051ac9-c40f-4a22-baee-770a5cf8d08c"	
"74696a5f-beed-4e7e-b13c-b39ed3b0ae35"	"8808f7dc-a155-479f-96dd-a10fcadead22"	"27"
"74696a5f-beed-4e7e-b13c-b39ed3b0ae35"	"a3051ac9-c40f-4a22-baee-770a5cf8d08c"	"27"
"c631400a-97bc-4573-9d8b-fd28b4964a96"	"8808f7dc-a155-479f-96dd-a10fcadead22"	"27"
"c631400a-97bc-4573-9d8b-fd28b4964a96"	"a3051ac9-c40f-4a22-baee-770a5cf8d08c"	"27"
"8eae2e53-47b0-4270-b600-71f963622475"	"8808f7dc-a155-479f-96dd-a10fcadead22"	"27"
"8eae2e53-47b0-4270-b600-71f963622475"	"a3051ac9-c40f-4a22-baee-770a5cf8d08c"	"27"
"d667e367-53b3-417d-8254-f6d79c1784e7"	"8808f7dc-a155-479f-96dd-a10fcadead22"	"27"
"d667e367-53b3-417d-8254-f6d79c1784e7"	"a3051ac9-c40f-4a22-baee-770a5cf8d08c"	"27"
"bc9b6ffa-a1b4-4b9f-87cf-82d0fbb85915"	"99ddf1a9-49d9-4ee1-b7b9-5606410a1232"	"27"
"bc9b6ffa-a1b4-4b9f-87cf-82d0fbb85915"	"a3051ac9-c40f-4a22-baee-770a5cf8d08c"	"27"
"984efeca-8e25-4260-8c18-59190986fb85"	"15cee51c-5614-4c1c-9ed4-c2bce4305fb1"	"128"
"e8290a99-1c9b-4970-b831-2d4e5c8ee610"	"15cee51c-5614-4c1c-9ed4-c2bce4305fb1"	"128"
"9d8ec60e-6d38-4874-bf93-7b976f26ecc4"	"15cee51c-5614-4c1c-9ed4-c2bce4305fb1"	"128"
"a5123d5e-5e07-4ebf-a185-2832fe35643d"	"15cee51c-5614-4c1c-9ed4-c2bce4305fb1"	"128"
"00829d21-14be-4057-a8dc-d461e047b068"	"15cee51c-5614-4c1c-9ed4-c2bce4305fb1"	"128"
"0e75ada3-b032-4f9d-9b14-30f45507cf26"	"5b077f38-43ce-4c7b-9821-6b04478d48e6"	"102"
"35971539-7e4e-4eb6-833f-8a0c94323227"	"31b6cacf-e950-4c38-b280-f4537fee2a54"	"56"
"80e8a86e-a580-4b79-9671-4c5c437fe8fd"	"640c5b7b-497d-4d43-a660-cbb9b5aaf7f9"	"27"
"80b5c084-8dda-4892-9666-f410484f3369"	"640c5b7b-497d-4d43-a660-cbb9b5aaf7f9"	"27"
"e590aa80-3e24-475a-8ae8-b47d68368272"	"b14a19a6-081e-4f4d-9cc8-3361fd4f9fb9"	"27"
"ca83bcd1-f5da-49fa-bb90-cd7500d6f775"	"d836e960-0959-4f5a-9857-b96a01327a27"	"129"
"c55ba2c5-d424-4f9b-95de-9129f8c67ebc"	"4aa1e513-3b9e-42e8-9f54-a59badfe45aa"	"86"
"b686922d-683b-4d18-a6f4-5beb90770574"	"4aa1e513-3b9e-42e8-9f54-a59badfe45aa"	"86"
"580cfe9b-be6f-40b6-a02a-1042df412e93"	"4aa1e513-3b9e-42e8-9f54-a59badfe45aa"	"86"
"bb61432f-33b4-4150-9c89-1fa107f3d45f"	"4aa1e513-3b9e-42e8-9f54-a59badfe45aa"	"86"
"d31fcd80-088a-4b90-9948-88e859384b47"	"4aa1e513-3b9e-42e8-9f54-a59badfe45aa"	"86"
"bf3a9a75-9ee1-4baa-a93b-0968cc8456d1"	"4aa1e513-3b9e-42e8-9f54-a59badfe45aa"	"86"
"2b6006d5-237b-4657-835a-c5021f0fa208"	"4aa1e513-3b9e-42e8-9f54-a59badfe45aa"	"86"
"e0528f48-717d-4e93-a382-38494c031cdc"	"4aa1e513-3b9e-42e8-9f54-a59badfe45aa"	"86"
"8f19b3d3-cc13-4906-bc98-dcd79a4c3a0f"	"4aa1e513-3b9e-42e8-9f54-a59badfe45aa"	"86"
"a116441c-c145-4d47-bedc-b6ab6cc17b42"	"4aa1e513-3b9e-42e8-9f54-a59badfe45aa"	"86"
"9ecc4e4f-5054-49f0-9026-227ef7a33dd5"	"4aa1e513-3b9e-42e8-9f54-a59badfe45aa"	"86"
"d82dd40b-bedd-4dd0-948a-18597ce8850b"	"4aa1e513-3b9e-42e8-9f54-a59badfe45aa"	"86"
"c4ecbc89-56dd-4f6a-9dc1-6800f5750bcd"	"4aa1e513-3b9e-42e8-9f54-a59badfe45aa"	"86"
"fc4e2101-9c89-497c-96a6-52823ccdb415"	"4aa1e513-3b9e-42e8-9f54-a59badfe45aa"	"86"
"dffef42a-a71b-4f0e-b866-fffa43359d7b"	"4aa1e513-3b9e-42e8-9f54-a59badfe45aa"	"86"
"7ec0e8d7-3bc6-41b0-97f0-c6eae3d80f2e"	"4aa1e513-3b9e-42e8-9f54-a59badfe45aa"	"86"
"90446476-39f1-46bb-b07b-f726d0269e80"	"4aa1e513-3b9e-42e8-9f54-a59badfe45aa"	"86"
"c39939d6-8a67-45ea-bcad-46d7d6bcde5b"	"4aa1e513-3b9e-42e8-9f54-a59badfe45aa"	"86"
"33613f25-ceaa-4cab-bc23-a8901b6d9bb2"	"4aa1e513-3b9e-42e8-9f54-a59badfe45aa"	"86"
"ce116f63-14db-46a0-b5dd-3daf7f1ec82b"	"4aa1e513-3b9e-42e8-9f54-a59badfe45aa"	"86"
"1c0caaac-fc55-47ec-937e-19336485cd74"	"4aa1e513-3b9e-42e8-9f54-a59badfe45aa"	"86"
"c5c28b5c-88e7-446b-8aa2-9249ede189b2"	"4aa1e513-3b9e-42e8-9f54-a59badfe45aa"	"86"
"299ccc22-fcf4-4d3c-8235-a778d418c009"	"4aa1e513-3b9e-42e8-9f54-a59badfe45aa"	"86"
"76742a36-412d-4066-ac61-6758222a1ad5"	"4aa1e513-3b9e-42e8-9f54-a59badfe45aa"	"86"
"8e718eb2-e60c-458b-937e-bf7ecba843c4"	"4aa1e513-3b9e-42e8-9f54-a59badfe45aa"	"86"
"db4c9e93-45cd-4fd6-ba22-1a06e964309b"	"4aa1e513-3b9e-42e8-9f54-a59badfe45aa"	"86"
"02255717-7ca8-457d-ae16-b16185ad2080"	"4aa1e513-3b9e-42e8-9f54-a59badfe45aa"	"86"
"24de020f-cbb4-4388-8282-95ca83a03184"	"4aa1e513-3b9e-42e8-9f54-a59badfe45aa"	"86"
"f3050820-a2a3-4ec2-a594-a89fa14e0306"	"4aa1e513-3b9e-42e8-9f54-a59badfe45aa"	"86"
"c5bc4e9d-d56b-4eac-a0a4-c19108a9337e"	"4aa1e513-3b9e-42e8-9f54-a59badfe45aa"	"86"
"e3891195-d294-4721-b311-f6f1861c241b"	"4aa1e513-3b9e-42e8-9f54-a59badfe45aa"	"86"
"d514a883-f48a-4072-9baf-05bc113f1909"	"4aa1e513-3b9e-42e8-9f54-a59badfe45aa"	"86"
"e4bcbda0-c89f-42c6-84a6-430c90a670a0"	"aa01639e-ceee-4748-a91f-ef3dc1652362"	"118"
"24edb79b-660c-423f-962f-63e8afd8c645"	"aa01639e-ceee-4748-a91f-ef3dc1652362"	"118"
"69915b88-671d-453c-b6b0-27d5f40e1de9"	"aa01639e-ceee-4748-a91f-ef3dc1652362"	"118"
"16ea13a5-e9dd-4d44-89e2-cbaf4a00f65b"	"aa01639e-ceee-4748-a91f-ef3dc1652362"	"118"
"68307157-53a5-4945-9b1e-f24cca434c06"	"aa01639e-ceee-4748-a91f-ef3dc1652362"	"118"
"70b90922-da3b-440e-ade7-29489d365ffb"	"aa01639e-ceee-4748-a91f-ef3dc1652362"	"118"
"eadd5866-0b06-498a-84dd-4892efb36f8f"	"aa01639e-ceee-4748-a91f-ef3dc1652362"	"118"
"a3c9df6f-761e-4054-9723-e57a3b721708"	"aa01639e-ceee-4748-a91f-ef3dc1652362"	"118"
"95d83660-1a14-4a3e-98e6-5e041d86fbca"	"aa01639e-ceee-4748-a91f-ef3dc1652362"	"118"
"78029a9d-3e2d-4fba-9207-62c5f76fc573"	"aa01639e-ceee-4748-a91f-ef3dc1652362"	"118"
"03e774f3-fcac-412e-95b9-86e7af7736d7"	"aa01639e-ceee-4748-a91f-ef3dc1652362"	"118"
"4caa824d-8ba8-413d-b93e-c771d25ce1f5"	"aa01639e-ceee-4748-a91f-ef3dc1652362"	"118"
"dfbabe33-36b8-4321-bc99-d4c32bc53eb4"	"aa01639e-ceee-4748-a91f-ef3dc1652362"	"118"
"203dd33e-f66d-4530-9cf9-3f57179e8f53"	"b986f963-135f-4858-b86f-fb5970dae76a"	"27"
"b0443a7a-39f5-4118-a40d-218586ad3552"	"b5bde6ee-9376-47ca-98a5-1838aed494ff"	"56"
"c25906d4-0838-420d-8e22-2c3b46345b79"	"b5bde6ee-9376-47ca-98a5-1838aed494ff"	"56"
"b5ca08ee-6a82-4244-959a-e6dc96c09a41"	"b5bde6ee-9376-47ca-98a5-1838aed494ff"	"56"
"240b3f1e-d86f-4f89-a345-ae496fbe302e"	"3250bccd-651c-4717-ace9-3bfa9fee6845"	"50"
"ae14a77c-7d4c-4ad4-b37d-307bd02371e0"	"2c5e9b1b-e319-45e0-8fe1-11f2dacdf300"	"36"
"78990143-70c6-4722-bb7b-7067b44087b8"	"483e3e51-692f-4c4a-b7d7-e5f5ee5512a3"	"4"
"89e1e698-79e2-446f-bd6d-ef885a2737a9"	"d4fbc9e3-ed40-46d5-8187-f06409f9551d"	"32"
"51641250-fe96-413e-b15d-aa60d2418a64"	"0d28e7ae-f5e0-44aa-a3b4-905c78dfb177"	"70"
"2ac04e53-5545-433c-a97b-623c6f0c5a43"	"0d28e7ae-f5e0-44aa-a3b4-905c78dfb177"	"70"
"eb5dd61b-f99b-4735-aafc-a6fa32424f1e"	"28f7a723-f691-466e-a712-cbd88abf8101"	"49"
"eb5dd61b-f99b-4735-aafc-a6fa32424f1e"	"bda115b2-7968-41f5-b6e9-2bc61537c64b"	"77"
"bcda7a8e-0bb6-4fc7-b971-5d3f4de6438d"	"28f7a723-f691-466e-a712-cbd88abf8101"	"49"
"bcda7a8e-0bb6-4fc7-b971-5d3f4de6438d"	"bda115b2-7968-41f5-b6e9-2bc61537c64b"	"77"
"d0ab7797-836e-4aa7-aa6d-7e822121a529"	"28f7a723-f691-466e-a712-cbd88abf8101"	"49"
"d0ab7797-836e-4aa7-aa6d-7e822121a529"	"bda115b2-7968-41f5-b6e9-2bc61537c64b"	"77"
"feb5ce6f-dacd-4cc4-9910-c8a28ad8ee6d"	"28f7a723-f691-466e-a712-cbd88abf8101"	"49"
"feb5ce6f-dacd-4cc4-9910-c8a28ad8ee6d"	"bda115b2-7968-41f5-b6e9-2bc61537c64b"	"77"
"6eae5638-adc5-4140-8e2b-417c27d5a8a3"	"28f7a723-f691-466e-a712-cbd88abf8101"	"49"
"6eae5638-adc5-4140-8e2b-417c27d5a8a3"	"bda115b2-7968-41f5-b6e9-2bc61537c64b"	"77"
"95fe45ae-9ba0-4f08-b03e-d13bbb3416c8"	"28f7a723-f691-466e-a712-cbd88abf8101"	"49"
"95fe45ae-9ba0-4f08-b03e-d13bbb3416c8"	"bda115b2-7968-41f5-b6e9-2bc61537c64b"	"77"
"5fbfcb4a-6734-49ec-b1b6-246389ceeca3"	"28f7a723-f691-466e-a712-cbd88abf8101"	"49"
"5fbfcb4a-6734-49ec-b1b6-246389ceeca3"	"bda115b2-7968-41f5-b6e9-2bc61537c64b"	"77"
"488ad751-930d-401a-91f8-4e1e407d8efb"	"28f7a723-f691-466e-a712-cbd88abf8101"	"49"
"488ad751-930d-401a-91f8-4e1e407d8efb"	"bda115b2-7968-41f5-b6e9-2bc61537c64b"	"77"
"ddbeb427-0791-4594-ae80-555be7a04c5c"	"28f7a723-f691-466e-a712-cbd88abf8101"	"49"
"ddbeb427-0791-4594-ae80-555be7a04c5c"	"bda115b2-7968-41f5-b6e9-2bc61537c64b"	"77"
"2eaa46b9-6b35-40c4-8520-c3b9f76eb79d"	"28f7a723-f691-466e-a712-cbd88abf8101"	"49"
"2eaa46b9-6b35-40c4-8520-c3b9f76eb79d"	"bda115b2-7968-41f5-b6e9-2bc61537c64b"	"77"
"7a342eb6-5812-4ccb-8733-a45c89b2e4eb"	"28f7a723-f691-466e-a712-cbd88abf8101"	"49"
"7a342eb6-5812-4ccb-8733-a45c89b2e4eb"	"bda115b2-7968-41f5-b6e9-2bc61537c64b"	"77"
"57ec439c-9590-44ad-b5d8-03112dc2ea3c"	"28f7a723-f691-466e-a712-cbd88abf8101"	"49"
"57ec439c-9590-44ad-b5d8-03112dc2ea3c"	"bda115b2-7968-41f5-b6e9-2bc61537c64b"	"77"
"6f237a0f-4416-4e39-9542-b5f19dfad6e7"	"28f7a723-f691-466e-a712-cbd88abf8101"	"49"
"6f237a0f-4416-4e39-9542-b5f19dfad6e7"	"bda115b2-7968-41f5-b6e9-2bc61537c64b"	"77"
"aea68f8f-4286-4fd5-9378-1c1681a9c846"	"28f7a723-f691-466e-a712-cbd88abf8101"	"49"
"aea68f8f-4286-4fd5-9378-1c1681a9c846"	"bda115b2-7968-41f5-b6e9-2bc61537c64b"	"77"
"1a143805-1d1a-4ddf-aa7a-9b7b227305c1"	"28f7a723-f691-466e-a712-cbd88abf8101"	"49"
"1a143805-1d1a-4ddf-aa7a-9b7b227305c1"	"bda115b2-7968-41f5-b6e9-2bc61537c64b"	"77"
"041068d8-14a4-4745-bf9f-07a0c7317797"	"28f7a723-f691-466e-a712-cbd88abf8101"	"49"
"041068d8-14a4-4745-bf9f-07a0c7317797"	"bda115b2-7968-41f5-b6e9-2bc61537c64b"	"77"
"285b3a95-bd44-4a66-8816-1d5a5930b858"	"28f7a723-f691-466e-a712-cbd88abf8101"	"49"
"285b3a95-bd44-4a66-8816-1d5a5930b858"	"bda115b2-7968-41f5-b6e9-2bc61537c64b"	"77"
"5e2e95c4-3c81-4442-974c-1d47e2ebc293"	"0103ed05-f328-4cfa-8a49-3b72b513116d"	"129"
"aca0ee68-bd21-4617-888b-12b5b96feed8"	"0103ed05-f328-4cfa-8a49-3b72b513116d"	"129"
"f4a12d25-1358-4933-b0f2-ef891869bef2"	"0103ed05-f328-4cfa-8a49-3b72b513116d"	"129"
"ff49632c-d704-4090-b1eb-e09042ab4e12"	"0103ed05-f328-4cfa-8a49-3b72b513116d"	"129"
"2434efaa-2f78-4fad-8d13-917320b68599"	"0103ed05-f328-4cfa-8a49-3b72b513116d"	"129"
"597b355d-ed8f-4bbc-bc57-5c71e5c874dd"	"0103ed05-f328-4cfa-8a49-3b72b513116d"	"129"
"48a274b5-931e-4497-ab07-744e1c992758"	"d92d67a7-0cb1-4754-87bc-0a681c88ba9f"	"129"
"6cba5a07-fc88-4660-b3d9-4288e37c6743"	"d92d67a7-0cb1-4754-87bc-0a681c88ba9f"	"129"
"3756f359-5276-452d-a8fa-b577dacc752b"	"96b43250-ec28-4509-8d81-ee4162c03b3e"	"50"
"edac5e8b-86bb-4a11-b2aa-4806702f2005"	"585220d2-3036-4e9a-a5d4-9426d0468a9c"	"56"
"3adb24d9-cb38-4c9e-84f3-6b85a63b08eb"	"585220d2-3036-4e9a-a5d4-9426d0468a9c"	"56"
"dd67e945-c876-4603-ad8c-ea92336a4b7b"	"e00a6143-9929-474e-9630-d9ba51e172d5"	"56"
"cefa7be6-c874-4eb0-a4b4-04b27577ee17"	"e00a6143-9929-474e-9630-d9ba51e172d5"	"56"
"25706d95-ba5d-49de-93a9-f69ffe0661b8"	"e00a6143-9929-474e-9630-d9ba51e172d5"	"56"
"7c7ee1b1-0d43-4c9e-ab71-95e829918e75"	"e00a6143-9929-474e-9630-d9ba51e172d5"	"56"
"36ae605e-2a10-4546-a062-212b257d09e5"	"7034fad1-ad98-4d03-be77-54befc9fa6a5"	"36"
"e6138a14-e06d-48d5-a77e-0ee549aaf30b"	"7034fad1-ad98-4d03-be77-54befc9fa6a5"	"36"
"bc9e9c00-5af3-4c22-ae25-dc901879e51b"	"7034fad1-ad98-4d03-be77-54befc9fa6a5"	"36"
"ddca1b89-ed38-477a-aeec-f6c66486bcf7"	"7034fad1-ad98-4d03-be77-54befc9fa6a5"	"36"
"3e68c5c1-6fbd-4f54-9d13-08be3f6538c5"	"7034fad1-ad98-4d03-be77-54befc9fa6a5"	"36"
"22ffd898-90c4-423b-949d-57fc6493a578"	"7034fad1-ad98-4d03-be77-54befc9fa6a5"	"36"
"a8d77837-3744-4d8f-aca7-e6e291823a79"	"7034fad1-ad98-4d03-be77-54befc9fa6a5"	"36"
"283e7838-d05c-4ab6-8812-f8713953536d"	"7034fad1-ad98-4d03-be77-54befc9fa6a5"	"36"
"e916276c-6419-4e93-8e94-f62b226911c8"	"7034fad1-ad98-4d03-be77-54befc9fa6a5"	"36"
"6ccac23c-2094-4268-9da7-22537cfb7ffa"	"d03a2ebc-376e-431a-a20e-0595844e1ac2"	"96"
"4845aa32-cd13-4be1-b796-e75f1cb8cb69"	"4df3b9e4-abfc-4f2d-b06c-f1222f3656b1"	"56"
"d592251b-5261-43ab-a500-e6628b05f888"	"3c107171-ab28-431d-bffc-7d87e08a27e6"	"56"
"0283bf2f-c6fe-4a68-9fdb-9c2c616539fd"	"ef854baa-ef2c-40fa-8b62-bc4f1c524651"	"11"
"829c6d5c-fe7c-4fb6-bd2c-4e0122496f3f"	"bda115b2-7968-41f5-b6e9-2bc61537c64b"	"77"
"533453a0-12fd-404e-b8b3-ff70decadeb3"	"bda115b2-7968-41f5-b6e9-2bc61537c64b"	"77"
"82a54460-a2fc-4d7e-bd60-444ef104de9b"	"bda115b2-7968-41f5-b6e9-2bc61537c64b"	"77"
"199a2b10-d423-4817-957b-b13fd0ff5809"	"bda115b2-7968-41f5-b6e9-2bc61537c64b"	"77"
"03b0c068-1958-484f-9d48-f539e7635d4a"	"bda115b2-7968-41f5-b6e9-2bc61537c64b"	"77"
"3b78fa23-8354-40d1-87e7-0e4d02708e83"	"bda115b2-7968-41f5-b6e9-2bc61537c64b"	"77"
"d957d1f9-7c98-4d26-996d-f711cd63381a"	"bda115b2-7968-41f5-b6e9-2bc61537c64b"	"77"
"37e3ed54-a831-4c6d-b415-0a8112407f60"	"bda115b2-7968-41f5-b6e9-2bc61537c64b"	"77"
"5dde51df-94c2-4baf-a449-93bc5d56f1da"	"bda115b2-7968-41f5-b6e9-2bc61537c64b"	"77"
"ad0079b1-96bb-43a7-ac67-bcc3ea94049f"	"bda115b2-7968-41f5-b6e9-2bc61537c64b"	"77"
"451a6587-05c8-4c44-9e1b-1d4dfa09ea01"	"bda115b2-7968-41f5-b6e9-2bc61537c64b"	"77"
"d2efdb64-bdbb-45cd-bb8e-be7fd028415b"	"c9e21caa-a33e-4562-a533-41ac16a7ec25"	"27"
"a12c885a-7c2e-484e-b00c-c7a5a033b86e"	"c9e21caa-a33e-4562-a533-41ac16a7ec25"	"27"
"ac2e87a0-7b4f-4794-99e4-0011761e42c6"	"c9e21caa-a33e-4562-a533-41ac16a7ec25"	"27"
"9d06c6ef-2f1f-41a6-b09d-78ea7f13aee4"	"c9e21caa-a33e-4562-a533-41ac16a7ec25"	"27"
"a7b17869-9372-493e-8592-1d0f8b5a5851"	"c9e21caa-a33e-4562-a533-41ac16a7ec25"	"27"
"3ab526b5-6cc3-4037-8c97-2d0a261e10ee"	"c9e21caa-a33e-4562-a533-41ac16a7ec25"	"27"
"9fd4b27d-835b-4e16-9877-cfae662da14b"	"c9e21caa-a33e-4562-a533-41ac16a7ec25"	"27"
"1dabec50-289f-4ef6-9b51-0af46fd6d872"	"c9e21caa-a33e-4562-a533-41ac16a7ec25"	"27"
"6fd4bde3-e004-45a2-8f49-db2ebcb0cbcc"	"c9e21caa-a33e-4562-a533-41ac16a7ec25"	"27"
"c27de542-8043-4703-b8c6-6cae78601f1a"	"c9e21caa-a33e-4562-a533-41ac16a7ec25"	"27"
"0ab86a1a-09f9-4746-92b1-8257d35daf46"	"c9e21caa-a33e-4562-a533-41ac16a7ec25"	"27"
"7043bf04-8a5d-4e87-982d-0d82e3c5f16d"	"c9e21caa-a33e-4562-a533-41ac16a7ec25"	"27"
"d2344aa6-8150-455a-9353-0d8626af47c9"	"c9e21caa-a33e-4562-a533-41ac16a7ec25"	"27"
"b362cd0f-f493-49c7-ba5d-5f3b68bc9ee7"	"c9e21caa-a33e-4562-a533-41ac16a7ec25"	"27"
"6f398fef-5be3-47f8-8ea6-ddb41ab207b5"	"c9e21caa-a33e-4562-a533-41ac16a7ec25"	"27"
"742f384b-3e34-4c05-8594-58d6bf7ba0c1"	"c9e21caa-a33e-4562-a533-41ac16a7ec25"	"27"
"ed1cb492-7ef1-424c-9432-6bce2c8a5106"	"c9e21caa-a33e-4562-a533-41ac16a7ec25"	"27"
"670392b1-1232-443b-b797-8afe66c7b7da"	"c9e21caa-a33e-4562-a533-41ac16a7ec25"	"27"
"788d7397-e0c6-467c-9720-4822717072cb"	"5ff41d6b-92c8-4133-8262-86db9d70ad25"	"73"
"e327caa3-bfc0-4194-93b2-129bb9394a6a"	"5ff41d6b-92c8-4133-8262-86db9d70ad25"	"73"
"d3735cc4-610c-4a7d-be37-88c2a9bdf90f"	"5ff41d6b-92c8-4133-8262-86db9d70ad25"	"73"
"5110663f-3017-47d9-a9a9-02e1112efe76"	"5ff41d6b-92c8-4133-8262-86db9d70ad25"	"73"
"b6a59bda-28ac-4cd7-a8bf-4a83aee7102d"	"5ff41d6b-92c8-4133-8262-86db9d70ad25"	"73"
"a79682fb-04aa-42e4-a320-4fe53fbf5c90"	"5ff41d6b-92c8-4133-8262-86db9d70ad25"	"73"
"4652390d-d159-4a85-9183-436c42c92fad"	"5ff41d6b-92c8-4133-8262-86db9d70ad25"	"73"
"b981b846-1ce5-4ab2-a13d-05cc478775fb"	"5ff41d6b-92c8-4133-8262-86db9d70ad25"	"73"
"8b450b83-cea1-4e66-b446-1112f98dcb5e"	"5ff41d6b-92c8-4133-8262-86db9d70ad25"	"73"
"f01326d0-e3f2-416e-8b34-05e416662ec1"	"5ff41d6b-92c8-4133-8262-86db9d70ad25"	"73"
"f7ddf176-0be9-4098-95ae-ae8c44125cf3"	"5ff41d6b-92c8-4133-8262-86db9d70ad25"	"73"
"458ab0f4-9b31-42da-9e80-3e061175814e"	"5ff41d6b-92c8-4133-8262-86db9d70ad25"	"73"
"37aa47df-cd1b-49d7-872a-c1fa48be6cb8"	"5ff41d6b-92c8-4133-8262-86db9d70ad25"	"73"
"0c60ebd1-3f57-4c80-8065-1c17fb2a0f64"	"5ff41d6b-92c8-4133-8262-86db9d70ad25"	"73"
"369750d8-0044-4c62-b3a3-090e4cf8cd34"	"5ff41d6b-92c8-4133-8262-86db9d70ad25"	"73"
"e1a53aa4-ab05-478b-8194-4b5f47a9fe11"	"5ff41d6b-92c8-4133-8262-86db9d70ad25"	"73"
"a417c9ff-ad22-497a-920b-3f1833203c19"	"5ff41d6b-92c8-4133-8262-86db9d70ad25"	"73"
"cd954c9a-426d-438d-9670-e583f5884e06"	"5ff41d6b-92c8-4133-8262-86db9d70ad25"	"73"
"72ec701d-5718-4a44-a351-78711edf6d79"	"a4338a2d-9204-4fb3-bd72-9d694ac62b58"	"11"
"eca6dc39-c0c4-44b6-936a-64332c8dc18a"	"a4338a2d-9204-4fb3-bd72-9d694ac62b58"	"11"
"b1217d12-c7c2-4fb7-acc2-258440e8b66f"	"2d83d2ef-91a5-4465-a027-4c96bc10be5b"	"66"
"5fdc3946-01ab-4d11-b70e-b2ce96a50d25"	"2d83d2ef-91a5-4465-a027-4c96bc10be5b"	"66"
"bdb735da-2b9d-4741-9aad-1f56c033df2e"	"2d83d2ef-91a5-4465-a027-4c96bc10be5b"	"66"
"96d971f1-c359-483a-8a70-e14af5298d11"	"2d83d2ef-91a5-4465-a027-4c96bc10be5b"	"66"
"1c77adc7-7afe-4b94-9f7d-c9e943ef5c17"	"818d006d-53b3-4717-9661-eb155cb57fb0"	"56"
"837715c7-8bd6-44a6-8595-404521966ab6"	"818d006d-53b3-4717-9661-eb155cb57fb0"	"56"
"2d7ff338-bef6-467f-987c-294e28a7ef05"	"7c7c627b-1c6d-4d19-ac0b-5b5bd519bbec"	"129"
"a4d032f9-c177-4c74-9284-832fe4ce1d41"	"32f4d011-6180-4c62-91b6-1fad30179516"	"129"
"48060505-ddc1-4cc4-8bd6-1612c5094870"	"15ead9bf-f3cd-466a-9d16-74881ebc394f"	"37"
"48060505-ddc1-4cc4-8bd6-1612c5094870"	"8e3fa10d-f4a4-4c0b-bee4-b3e06785dead"	"37"
"faf7800a-39c9-439e-bcf0-cd6a32e44962"	"01309baa-ae89-4a90-a278-a29f137d4218"	"103"
"b91bd114-006b-43e1-a35a-3e2fb9b8778c"	"5b63c52d-f766-42fe-af4b-f35148a5a5d4"	"33"
"43f06362-2051-4630-a6ed-49873046db37"	"5b63c52d-f766-42fe-af4b-f35148a5a5d4"	"33"
"45d27df9-dc7d-4243-968d-0b5816275c10"	"e2658ea2-614b-4807-a203-93a63de2f775"	"109"
"f5af9177-5252-40b8-8d5a-b4cc17a4a89b"	"511af7c4-94b1-4fe4-bba3-09bf993a5607"	"56"
"b270cf6b-9b4e-4405-be7e-e15d16361c9b"	"511af7c4-94b1-4fe4-bba3-09bf993a5607"	"56"
"ef3569bc-854a-4ee7-9463-d77c7f6be659"	"9e95cdc9-4867-456b-93fa-5e1fbf4d92be"	"56"
"718e3d23-99fa-41e4-b991-57760cb7804d"	"786256dc-1828-4fbe-94ae-cc08a98aaa6f"	"129"
"87fdcd2b-bebe-4f4a-aeae-b6ea436dc32b"	"3f23e347-5594-4865-ac01-cb844c16186b"	"46"
"87fdcd2b-bebe-4f4a-aeae-b6ea436dc32b"	"f5e66511-2394-4859-9655-56b91ec3abd3"	"46"
"337ee376-2f10-4598-9a84-ebebe593f33f"	"f7745ff6-7c1c-4c62-b237-f40beb3ecb92"	"56"
"a2c0f6f9-ffbf-4c0c-a018-23f379cb08ed"	"f7745ff6-7c1c-4c62-b237-f40beb3ecb92"	"56"
"a45e4223-c48e-4cd1-b23e-379576c16440"	"f7745ff6-7c1c-4c62-b237-f40beb3ecb92"	"56"
"30087fef-3599-4898-8192-855899f37618"	"711a790d-7c01-41ce-a8c5-20741db71149"	"124"
"fcb093c9-b34d-4cba-a320-ce9e794150e8"	"711a790d-7c01-41ce-a8c5-20741db71149"	"124"
"ac823906-b3cf-40a3-8a58-adc8bebd8697"	"9347c008-0714-4776-aac4-dce109075679"	"125"
"59c7b2d6-63f9-46e0-b474-6e86f4af32cf"	"9347c008-0714-4776-aac4-dce109075679"	"125"
"c8f1ceec-481d-4944-8ccf-0d5cb0e523ae"	"9347c008-0714-4776-aac4-dce109075679"	"125"
"04111b75-f6d4-42c8-bdc2-fbdad25cf959"	"9347c008-0714-4776-aac4-dce109075679"	"125"
"9c1534e3-cf81-4626-92e7-020a1f324a92"	"9347c008-0714-4776-aac4-dce109075679"	"125"
"0114d321-02b2-4554-869e-2a1a05bd5ac2"	"9347c008-0714-4776-aac4-dce109075679"	"125"
"e452d99a-f84b-4a4c-9eca-f7d7e4f5b77e"	"9347c008-0714-4776-aac4-dce109075679"	"125"
"bfebce13-2b83-4c3f-b134-20d91c69c245"	"9347c008-0714-4776-aac4-dce109075679"	"125"
"f44e8fc6-d07f-4cd2-a40d-ba4d72a31b5a"	"9347c008-0714-4776-aac4-dce109075679"	"125"
"5a1fec8f-8ea9-4e43-ae57-467e3fdce4d8"	"9347c008-0714-4776-aac4-dce109075679"	"125"
"512d29a3-3094-45ad-8715-f854e04dab76"	"9347c008-0714-4776-aac4-dce109075679"	"125"
"6fc329a5-6fd5-4cc6-9abd-24e997bb5abe"	"9347c008-0714-4776-aac4-dce109075679"	"125"
"b9f00231-fbf4-4632-8135-7362a6cbe961"	"cfcc4842-3445-48de-acc5-340b95cfe1f9"	"119"
"4932abc1-c252-4d49-81e0-b133029b68e7"	"2979f37e-963f-4c85-a8b2-a1f91a1c7be5"	"87"
"411e9a2f-47d1-4cdd-a370-10158642d6ac"	"9c7bab98-1159-40b8-a79f-b818b989ce4c"	"87"
"7c5f2dd7-81ab-4cf8-9a7e-14638829c9d9"	"9c7bab98-1159-40b8-a79f-b818b989ce4c"	"87"
"1a7b7a48-00d9-4a11-adf7-04cea081e5d4"	"9c7bab98-1159-40b8-a79f-b818b989ce4c"	"87"
"b38c62f7-2837-487d-a48d-acab16aec140"	"9c7bab98-1159-40b8-a79f-b818b989ce4c"	"87"
"4b3d1930-56ee-4bf0-b819-b11a4e4ada7c"	"eac06c8d-2510-489e-85b0-e82ef81fab96"	"56"
"9dc737c5-6c73-4e2a-9b05-9978143c6506"	"eac06c8d-2510-489e-85b0-e82ef81fab96"	"56"
"8d7e8060-d719-402f-832c-fba9d3d457f5"	"eac06c8d-2510-489e-85b0-e82ef81fab96"	"56"
"6563800b-c524-4933-95e6-276ab5d8d486"	"eac06c8d-2510-489e-85b0-e82ef81fab96"	"56"
"28c68880-1dfd-4ed1-845c-fec7fa5044ff"	"eac06c8d-2510-489e-85b0-e82ef81fab96"	"56"
"19149772-4ec0-4575-832e-06ba3ff22356"	"eac06c8d-2510-489e-85b0-e82ef81fab96"	"56"
"927b45df-5ae8-4085-ac97-f4eac4139369"	"eac06c8d-2510-489e-85b0-e82ef81fab96"	"56"
"6fdde9e1-6374-43de-b501-c1b55daecc4a"	"eac06c8d-2510-489e-85b0-e82ef81fab96"	"56"
"c0dff04a-2211-4219-b221-19d9c5a782c0"	"eac06c8d-2510-489e-85b0-e82ef81fab96"	"56"
"ef249617-5b76-44c8-82ce-0b64788f0e53"	"f387da7b-8f1c-4e37-9d12-c194ae039dcb"	"32"
"d7f323b0-b742-4e9d-93be-232cf656bac2"	"f387da7b-8f1c-4e37-9d12-c194ae039dcb"	"32"
"7fcc7a0f-fcd8-4f4e-9067-bdfdd53203cf"	"f387da7b-8f1c-4e37-9d12-c194ae039dcb"	"32"
"47abf2a7-7f0a-46da-90d0-e149186f4ae3"	"f387da7b-8f1c-4e37-9d12-c194ae039dcb"	"32"
"f2caa1ae-0851-4255-b268-31b9b6475998"	"f387da7b-8f1c-4e37-9d12-c194ae039dcb"	"32"
"cdbaff33-5249-46b3-97c7-33af825a6167"	"f387da7b-8f1c-4e37-9d12-c194ae039dcb"	"32"
"4d55318d-e544-4c05-9d1e-8a6e99b18469"	"f387da7b-8f1c-4e37-9d12-c194ae039dcb"	"32"
"5ec71f72-cd0a-4b38-aa2d-209eb574a14b"	"f387da7b-8f1c-4e37-9d12-c194ae039dcb"	"32"
"f08c2a49-e49c-43b5-8496-e64589cda548"	"f387da7b-8f1c-4e37-9d12-c194ae039dcb"	"32"
"c9ef2cc7-6a70-43fc-aaf2-5f8a9b901614"	"f387da7b-8f1c-4e37-9d12-c194ae039dcb"	"32"
"c5dd68a3-b256-458b-93fc-724316a96fa6"	"f387da7b-8f1c-4e37-9d12-c194ae039dcb"	"32"
"12467a14-76e0-4a27-bad2-83d27edb7b53"	"f387da7b-8f1c-4e37-9d12-c194ae039dcb"	"32"
"b7800d02-d8aa-40f5-bf64-101828957834"	"f387da7b-8f1c-4e37-9d12-c194ae039dcb"	"32"
"8a7afa9b-7019-48ea-9c6d-6d75b94882f8"	"f387da7b-8f1c-4e37-9d12-c194ae039dcb"	"32"
"a6f7cd59-d305-40b6-9d80-75b6a94dc008"	"f387da7b-8f1c-4e37-9d12-c194ae039dcb"	"32"
"b9150c04-9f6d-44e8-b126-d5dc09a9e3cc"	"f387da7b-8f1c-4e37-9d12-c194ae039dcb"	"32"
"f0245e49-0b3b-4a5e-8c4e-ac91fb5ec300"	"f387da7b-8f1c-4e37-9d12-c194ae039dcb"	"32"
"0183bacd-8426-41db-82c5-9b6e2e7ccf33"	"f387da7b-8f1c-4e37-9d12-c194ae039dcb"	"32"
"4e0a191d-5002-443f-9af7-26cf9daa5c7a"	"f387da7b-8f1c-4e37-9d12-c194ae039dcb"	"32"
"5cb36548-43e6-499a-8446-62caed6e2a15"	"f387da7b-8f1c-4e37-9d12-c194ae039dcb"	"32"
"2dbc869e-578b-4c4f-99c5-8f8844b386ce"	"f387da7b-8f1c-4e37-9d12-c194ae039dcb"	"32"
"46aeb98d-59da-487e-a30d-df2b6a87abf3"	"f387da7b-8f1c-4e37-9d12-c194ae039dcb"	"32"
"ca03074a-a091-42ff-914d-cec7147e8287"	"1c52889b-f973-4e6a-a6f8-bc5a32e6832c"	"19"
"d03fcbf1-1dfe-465e-8409-9cc12d2eba75"	"2f02fd09-bc99-4bcb-93d5-1cdf6fc3d615"	"84"
"00a83d1f-5baa-4172-b8a3-c6c6cebb00f5"	"2f02fd09-bc99-4bcb-93d5-1cdf6fc3d615"	"84"
"0090e20d-9685-42d9-b93b-fa1f8fd24dd2"	"4e5d5bff-131e-42ab-a329-623a41ba26c1"	"98"
"08ac49b2-6208-49c7-8ddc-fe2c4cf099bd"	"4e5d5bff-131e-42ab-a329-623a41ba26c1"	"98"
"387fdb77-9393-407c-b02f-b5bf637a1bbe"	"71c8d534-1c6e-4372-a671-fb2a6abcc224"	"50"
"25f43f32-c997-40b7-9e83-364cb25acb4e"	"a410a018-9fc1-447c-b56c-5096c61fe31e"	"132"
"fee3c6af-6296-4019-9772-8fd9e4e37497"	"76fe7e89-4481-4200-90ef-c8890085bd0d"	"128"
"c23a2dc2-b77a-43c7-a385-7ee69ae97b25"	"93b6791e-c77b-490b-9bd5-85d2d99daa05"	"56"
"77dc99cd-bc40-4d6b-a3c6-e0ca3629f414"	"6aa9cd18-d050-42ea-8671-035b9347bc20"	"56"
"e5dac9b1-7897-4143-9c68-ff6cb8bc2135"	"6aa9cd18-d050-42ea-8671-035b9347bc20"	"129"
"736a7780-6684-4c36-ab33-f899c93976e8"	"6aa9cd18-d050-42ea-8671-035b9347bc20"	"129"
"fd1c3866-3800-48c7-92a3-8c3a7fbcf646"	"300d587a-8354-462c-b69b-dadde0b590fa"	"128"
"a39f993a-bbd4-4698-a5af-0c35e3078fd2"	"300d587a-8354-462c-b69b-dadde0b590fa"	"128"
"a82c0f8b-e7b5-4188-8373-3f9fcd29e933"	"300d587a-8354-462c-b69b-dadde0b590fa"	"128"
"88417ea1-8b16-490b-9378-30d438d8e32d"	"cf357224-bc4a-4b8c-bc8a-8b4dc704a019"	"56"
"1d63c6bd-853d-4a68-837d-984a123e5421"	"ecd28b51-7cfc-42e9-8a15-6f47daa3af5c"	"27"
"acfa0e6c-d437-4718-b2b1-e0ccf2bcc938"	"ecd28b51-7cfc-42e9-8a15-6f47daa3af5c"	"27"
"3a478667-1f1f-4da6-9ded-a50316b507cd"	"ecd28b51-7cfc-42e9-8a15-6f47daa3af5c"	"27"
"bab22fc6-f34d-4ca2-8dd7-0cbf8e4d59f1"	"ecd28b51-7cfc-42e9-8a15-6f47daa3af5c"	"27"
"5b65a92a-90e3-4e78-b2b0-998ef9016c0e"	"ecd28b51-7cfc-42e9-8a15-6f47daa3af5c"	"27"
"f6e3bbaf-323d-4457-aab3-79fbb0850e91"	"ecd28b51-7cfc-42e9-8a15-6f47daa3af5c"	"27"
"a8325110-4119-4064-8a99-fd1ee8388b97"	"ecd28b51-7cfc-42e9-8a15-6f47daa3af5c"	"27"
"77c8f0cc-c920-428b-80f8-4091d6201e31"	"ecd28b51-7cfc-42e9-8a15-6f47daa3af5c"	"27"
"12c3703b-238f-4a41-b003-b3eac9325293"	"ecd28b51-7cfc-42e9-8a15-6f47daa3af5c"	"27"
"2813bfc0-702f-4bd3-a6fe-b49f823b5136"	"ecd28b51-7cfc-42e9-8a15-6f47daa3af5c"	"27"
"93ee15f0-98a9-46b1-9513-aaa795ebfa30"	"ecd28b51-7cfc-42e9-8a15-6f47daa3af5c"	"27"
"9d37f165-91ee-4435-8a30-40bcc9b31c0a"	"181afba0-678c-41b4-a6c2-4242d5b96652"	"36"
"7d86776c-a5a2-48a3-b301-a619530be3d7"	"181afba0-678c-41b4-a6c2-4242d5b96652"	"36"
"78a33921-b318-42fb-9a97-9a0bf7fe4f6b"	"181afba0-678c-41b4-a6c2-4242d5b96652"	"36"
"ece34e0b-276e-4746-8391-a218477e565a"	"8d1bca4d-1595-4e5a-8f7a-48dcc6e83d2c"	"27"
"de551618-53fc-48db-abf6-19a28cdc3baf"	"064a551e-9a73-4f6c-9292-001bb8b04800"	"125"
"f795485a-fc67-44de-b486-e4ae426b86c4"	"2f4c373d-a40a-42a6-a53d-64156689996c"	"78"
"02a021d2-7ee9-4a33-b4e6-2feaa1184191"	"2f4c373d-a40a-42a6-a53d-64156689996c"	"78"
"8d66e755-9763-4041-ae95-2916f1d892be"	"2f4c373d-a40a-42a6-a53d-64156689996c"	"78"
"c6870ac2-de18-499c-ac69-e5729f67ebb9"	"df47311e-6096-469a-b2dc-e1f203184d37"	"56"
"1ef31324-2351-40f8-978f-b9b030aeb849"	"df47311e-6096-469a-b2dc-e1f203184d37"	"56"
"0c5f0b5f-0a0f-4257-9dee-42aeea94a312"	"8b9faed2-82bf-4c00-9eac-c08ac66ac72f"	"78"
"42eb2b13-9550-4061-8f10-ea391e8e4e5a"	"8b9faed2-82bf-4c00-9eac-c08ac66ac72f"	"78"
"867f406f-14ff-42ef-b15f-876b96bee511"	"8b9faed2-82bf-4c00-9eac-c08ac66ac72f"	"78"
"7c2a1bfc-fc51-47d0-80ae-139ae58e8557"	"8b9faed2-82bf-4c00-9eac-c08ac66ac72f"	"78"
"df2968f3-4b69-4a4f-a9e4-d5e5c9b21249"	"8b9faed2-82bf-4c00-9eac-c08ac66ac72f"	"78"
"74bcc66d-7ba3-42e9-b576-1cce301aab31"	"8b9faed2-82bf-4c00-9eac-c08ac66ac72f"	"78"
"bc4a88e2-e7f8-4164-84ee-e7d9cfcea29e"	"8b9faed2-82bf-4c00-9eac-c08ac66ac72f"	"78"
"a3c4e28d-5979-4229-9709-f3d1bace44ad"	"8b9faed2-82bf-4c00-9eac-c08ac66ac72f"	"78"
"3797dc6c-76bc-456d-a83e-a969746550d1"	"8b9faed2-82bf-4c00-9eac-c08ac66ac72f"	"78"
"d0b777df-8117-4208-814e-9e350f159f04"	"8b9faed2-82bf-4c00-9eac-c08ac66ac72f"	"78"
"017db0d6-92ac-4fb4-93ce-6b03e234b5ed"	"8b9faed2-82bf-4c00-9eac-c08ac66ac72f"	"78"
"2b2c5907-4477-40cb-bba1-9c04e541ecf0"	"8b9faed2-82bf-4c00-9eac-c08ac66ac72f"	"78"
"9c715404-0489-4e46-8150-837fb2e84eb9"	"8b9faed2-82bf-4c00-9eac-c08ac66ac72f"	"78"
"d663b24b-985e-43a5-9bf3-9b637352d5d1"	"8b9faed2-82bf-4c00-9eac-c08ac66ac72f"	"78"
"531ba595-f045-465d-a8b6-3ca6920b0038"	"8b9faed2-82bf-4c00-9eac-c08ac66ac72f"	"78"
"0524053f-0034-4094-9342-14742723ed02"	"8b9faed2-82bf-4c00-9eac-c08ac66ac72f"	"78"
"74e70e1c-cafe-401e-8923-f8fa7121e95b"	"8b9faed2-82bf-4c00-9eac-c08ac66ac72f"	"78"
"cda61167-412b-4737-9beb-0de36a28e814"	"8b9faed2-82bf-4c00-9eac-c08ac66ac72f"	"78"
"bf235420-0c7e-4610-a109-cc393ee96bbd"	"8b9faed2-82bf-4c00-9eac-c08ac66ac72f"	"78"
"d3ce9386-6e1c-49e2-8feb-2571e2cc041b"	"8a233073-6682-4b58-af1c-3c1bba399013"	"27"
"4e02efae-7912-4b74-bad6-96566f14a000"	"8a233073-6682-4b58-af1c-3c1bba399013"	"27"
"281a8a5a-4c8e-4b1b-9957-dad034a159fe"	"8a233073-6682-4b58-af1c-3c1bba399013"	"27"
"9f9aae89-93fa-4de3-b022-131d22afac28"	"8a233073-6682-4b58-af1c-3c1bba399013"	"27"
"f57f30c5-6161-409b-9f98-42417041c934"	"8a233073-6682-4b58-af1c-3c1bba399013"	"27"
"c052a0cf-23dc-4071-a3dd-d6d00723af75"	"8a233073-6682-4b58-af1c-3c1bba399013"	"27"
"cc46d959-4569-4901-8fad-964c87ef3be1"	"8a233073-6682-4b58-af1c-3c1bba399013"	"27"
"1620f7e7-c7f2-4948-9206-3e5e9990a939"	"8a233073-6682-4b58-af1c-3c1bba399013"	"27"
"80ad057d-a926-43e6-a078-ae5b5b6c5f0f"	"8a233073-6682-4b58-af1c-3c1bba399013"	"27"
"e6072399-c755-4327-a6da-a80b54fc92c3"	"8a233073-6682-4b58-af1c-3c1bba399013"	"27"
"61296dad-0507-4c33-b290-c6f7efe94b14"	"8a233073-6682-4b58-af1c-3c1bba399013"	"27"
"5749ba48-9e83-4f9a-9a91-d2580773e23f"	"8a233073-6682-4b58-af1c-3c1bba399013"	"27"
"2683d2b8-f182-4d64-a348-c8e0ef5ea12c"	"8a233073-6682-4b58-af1c-3c1bba399013"	"27"
"39147739-42bf-43fc-bff8-48f23f01d903"	"8a233073-6682-4b58-af1c-3c1bba399013"	"27"
"126b15de-1a4e-42c7-a6f6-00ab5cfaf8ba"	"8a233073-6682-4b58-af1c-3c1bba399013"	"27"
"8b810117-6863-4517-bcb1-e766ffc1aec8"	"8a233073-6682-4b58-af1c-3c1bba399013"	"27"
"808e1680-3961-4cc1-b3e4-04b75f6f2497"	"8a233073-6682-4b58-af1c-3c1bba399013"	"27"
"53c18056-c34c-428b-8ef3-9d7cd5a16f5a"	"8908f923-b73c-470a-886a-6287080a2bf0"	"128"
"bac28ee1-fe24-4d99-af3e-5279d7f796e7"	"7966bf94-08b2-4cb9-a7e6-e9583a8faddd"	"37"
"01432e3e-7768-4d4a-b89e-3b24ed9adef7"	"7966bf94-08b2-4cb9-a7e6-e9583a8faddd"	"37"
"62fe2bd5-7519-46a8-beaf-fe0fe8046ed0"	"7966bf94-08b2-4cb9-a7e6-e9583a8faddd"	"37"
"47a2ecff-1773-4a7d-a273-3efc0f466ab5"	"b6179d80-3392-457b-971a-7e7e45a3f4ca"	"27"
"5144810b-61de-46f9-99b5-b65cecf1a815"	"b6179d80-3392-457b-971a-7e7e45a3f4ca"	"27"
"0d5b26b7-856a-493d-986a-785748b6aa29"	"b6179d80-3392-457b-971a-7e7e45a3f4ca"	"27"
"6df2db8d-7fc0-40ed-b2ce-9d37e8632108"	"b6179d80-3392-457b-971a-7e7e45a3f4ca"	"27"
"d63c9704-cd97-4aa1-9863-99b4eab94835"	"b6179d80-3392-457b-971a-7e7e45a3f4ca"	"27"
"5cdd7317-baaf-4ad5-aa43-c1e3c11c73c3"	"b6179d80-3392-457b-971a-7e7e45a3f4ca"	"27"
"7e534985-05fb-4930-a4c7-c0cdeebe00d5"	"b6179d80-3392-457b-971a-7e7e45a3f4ca"	"27"
"7ec925a5-b1ae-4e68-98fa-10a4c6c38eab"	"b6179d80-3392-457b-971a-7e7e45a3f4ca"	"27"
"f2b2622c-8a11-4f47-89ca-ac3801974d75"	"b6179d80-3392-457b-971a-7e7e45a3f4ca"	"27"
"a53be33c-4587-4614-a888-94c6506a80c1"	"b6179d80-3392-457b-971a-7e7e45a3f4ca"	"27"
"11242f28-6647-4f39-8b85-5c68e37adf24"	"b6179d80-3392-457b-971a-7e7e45a3f4ca"	"27"
"2bf2da15-235b-4745-a4b8-50741ab1076b"	"b6179d80-3392-457b-971a-7e7e45a3f4ca"	"27"
"dbb185ec-8184-4c5c-95a8-ec6f35975104"	"b6179d80-3392-457b-971a-7e7e45a3f4ca"	"27"
"fa93a28a-8b4d-4e7d-b57b-d9b9e7467b94"	"b6179d80-3392-457b-971a-7e7e45a3f4ca"	"27"
"0c85e4e9-d034-4715-9ef4-08644b2e5e6f"	"b6179d80-3392-457b-971a-7e7e45a3f4ca"	"27"
"20cfa436-dad5-4805-afd9-28da1e73fb34"	"b6179d80-3392-457b-971a-7e7e45a3f4ca"	"27"
"4d4c11b8-35c5-47ea-8e66-f45adaa042c0"	"b6179d80-3392-457b-971a-7e7e45a3f4ca"	"27"
"a8502792-6c7b-4b06-9b99-3c32e02a3793"	"b6179d80-3392-457b-971a-7e7e45a3f4ca"	"27"
"084a768a-a82e-4493-9d5b-90b3c5c41c6f"	"b6179d80-3392-457b-971a-7e7e45a3f4ca"	"27"
"39d063d3-980f-44e6-a2fb-3ef871c9fe2f"	"b6179d80-3392-457b-971a-7e7e45a3f4ca"	"27"
"25bf5019-2427-47d5-a02e-7fa3abd8b801"	"b6179d80-3392-457b-971a-7e7e45a3f4ca"	"27"
"9c23a376-40e9-43f9-85f7-8dadafe5c956"	"b6179d80-3392-457b-971a-7e7e45a3f4ca"	"27"
"0413471b-5635-4e3d-af1f-29212fa1f797"	"b6179d80-3392-457b-971a-7e7e45a3f4ca"	"27"
"d0fd48da-735d-40bb-b0f7-216a7ccbe5be"	"b6179d80-3392-457b-971a-7e7e45a3f4ca"	"27"
"a0b8579f-cf10-4d4e-a6af-fc9b6866466b"	"b6179d80-3392-457b-971a-7e7e45a3f4ca"	"27"
"3f5b20ae-10bc-451e-b6db-b5bc15d82fa3"	"b6179d80-3392-457b-971a-7e7e45a3f4ca"	"27"
"749e1179-f3e9-4455-a8d0-232eff4b9014"	"b6179d80-3392-457b-971a-7e7e45a3f4ca"	"27"
"47cd0192-9867-42de-b73f-9271c68e2fc5"	"b6179d80-3392-457b-971a-7e7e45a3f4ca"	"27"
"7ac209bc-4bc8-454f-9a8b-54727623dd7e"	"b6179d80-3392-457b-971a-7e7e45a3f4ca"	"27"
"55b56552-d8af-40a0-9168-8064a90d7e68"	"b6179d80-3392-457b-971a-7e7e45a3f4ca"	"27"
"d1695c20-3030-4cab-8e77-7d091b930d08"	"b6179d80-3392-457b-971a-7e7e45a3f4ca"	"27"
"6836baa7-7e14-493f-aa0a-9557e70a1b15"	"b6179d80-3392-457b-971a-7e7e45a3f4ca"	"27"
"2530258a-b804-470a-a225-edd6cb3d6e36"	"b6179d80-3392-457b-971a-7e7e45a3f4ca"	"27"
"912e7f34-0bdf-440c-8714-53356ba023dc"	"b6179d80-3392-457b-971a-7e7e45a3f4ca"	"27"
"3e3567a6-e702-4384-96e8-ad87577bec2e"	"b6179d80-3392-457b-971a-7e7e45a3f4ca"	"27"
"aa13c619-f94a-4a14-8916-dab75ca07bd8"	"b6179d80-3392-457b-971a-7e7e45a3f4ca"	"27"
"2fb279fa-f8aa-4b5a-855a-0c1a3ff4db8e"	"b6179d80-3392-457b-971a-7e7e45a3f4ca"	"27"
"1d17acb5-20f0-463e-a534-e62f9f8489b1"	"b6179d80-3392-457b-971a-7e7e45a3f4ca"	"27"
"d302e53f-e63d-421c-aec1-fb0633670a38"	"b6179d80-3392-457b-971a-7e7e45a3f4ca"	"27"
"da40a8d2-1b05-4081-8548-ed5c7eb6f902"	"1bab7dbf-ff4b-4a97-ad26-51a96297979c"	"82"
"b9872e2e-71c3-47ef-a4df-a209caee369f"	"ab1cde40-ef6b-4b09-8a63-3bae496dff48"	"129"
"d98ea1a4-ece4-4c8a-ab5f-9e8bcb3772fc"	"ab1cde40-ef6b-4b09-8a63-3bae496dff48"	"129"
"64dd1655-8f30-449c-92e5-6e1760ea8475"	"313928f9-005c-47ad-845e-75b6d8b10e04"	"82"
"27f6252a-937c-40f3-93a4-cbf9a1aaecd3"	"313928f9-005c-47ad-845e-75b6d8b10e04"	"82"
"358b2f93-982b-4f57-8a34-153829cb135b"	"313928f9-005c-47ad-845e-75b6d8b10e04"	"82"
"67b18962-82c4-4d31-9f29-e71332366506"	"313928f9-005c-47ad-845e-75b6d8b10e04"	"82"
"a4093c47-0ade-4e67-9f46-0c05e0619e66"	"fbe9cf23-5305-4cef-96c3-64f8ef8da97a"	"37"
"d71ffe5e-cf5d-4aa4-b9c2-e7ea0256a989"	"fbe9cf23-5305-4cef-96c3-64f8ef8da97a"	"37"
"b261e057-4e47-477d-85b3-ec54bdc10c8e"	"6ff82a4f-5995-4d5f-97d2-58edd6502bd0"	"128"
"a282785b-37fb-4174-bc50-c4e5120682ea"	"6ff82a4f-5995-4d5f-97d2-58edd6502bd0"	"128"
"59824919-63db-4738-b67c-201b58fd489b"	"6ff82a4f-5995-4d5f-97d2-58edd6502bd0"	"128"
"05f4e3e0-cfb6-4436-9a61-804485a9d818"	"6ff82a4f-5995-4d5f-97d2-58edd6502bd0"	"128"
"eb1474b5-f2dc-47e8-a8de-4253b30c1633"	"6ff82a4f-5995-4d5f-97d2-58edd6502bd0"	"128"
"cbe0055a-6ad7-4c78-8f96-26d76e43a3dc"	"6ff82a4f-5995-4d5f-97d2-58edd6502bd0"	"128"
"aaaafe51-1618-40bf-8578-28b8323c8c9c"	"6ff82a4f-5995-4d5f-97d2-58edd6502bd0"	"128"
"6cbf4971-aa34-405a-8030-6d87e47f685c"	"6ff82a4f-5995-4d5f-97d2-58edd6502bd0"	"128"
"a5550e50-32e2-4f58-a762-17058e1ba865"	"8bf7ab05-04b3-4483-8ca9-3b6261f854f5"	"78"
"d34e1d00-cbc3-4ed7-8a15-7412ade878ba"	"8bf7ab05-04b3-4483-8ca9-3b6261f854f5"	"78"
"98066e02-9297-4843-ab55-4532bfc8f7c6"	"8bf7ab05-04b3-4483-8ca9-3b6261f854f5"	"78"
"109c230b-b0ac-4d30-8966-9c6db46b92b9"	"8bf7ab05-04b3-4483-8ca9-3b6261f854f5"	"78"
"e4d76bc2-f0d7-4522-8414-faf949d30368"	"8bf7ab05-04b3-4483-8ca9-3b6261f854f5"	"78"
"0f0e64a8-9fd4-40e4-a4d8-1ff929d0c153"	"8bf7ab05-04b3-4483-8ca9-3b6261f854f5"	"78"
"dd71d90f-11ef-4896-aa2c-29312120271a"	"8bf7ab05-04b3-4483-8ca9-3b6261f854f5"	"78"
"4b112dd7-54c1-4738-bb16-c67746f9988c"	"8bf7ab05-04b3-4483-8ca9-3b6261f854f5"	"78"
"85df7681-8906-43da-b988-42e4b5e71d9d"	"1c7522e9-935e-404f-9d15-f1c0c5434621"	"11"
"e293e067-2c39-4132-ba88-8ac13430bf26"	"1c7522e9-935e-404f-9d15-f1c0c5434621"	"6"
"84c904a0-d40b-4483-9dfa-dc4dd3f9f895"	"0666c83e-3cd3-4e19-b998-67c83e89eaed"	"6"
"4a8cd163-35d5-41ea-be37-6ed9c0572e21"	"0666c83e-3cd3-4e19-b998-67c83e89eaed"	"6"
"0b7abd27-e4c3-4389-852c-6cd2df1825fe"	"8840c997-0d5d-4fca-a74d-a5737aeb9e27"	
"3a25512a-719e-49b7-8c9a-1fba5cfe34c8"	"992062fe-581d-4e14-98d4-559c1e75343c"	"56"
"7f961278-42ee-41fd-a7bc-2811ee4dc798"	"992062fe-581d-4e14-98d4-559c1e75343c"	"56"
"e21dec7d-e4af-49ac-b594-b528b8945cfc"	"992062fe-581d-4e14-98d4-559c1e75343c"	"56"
"c074cc51-e707-4f19-85cf-9a5e7ff876f7"	"992062fe-581d-4e14-98d4-559c1e75343c"	"56"
"072f3708-c28f-4722-a8d1-bcce14184c39"	"992062fe-581d-4e14-98d4-559c1e75343c"	"56"
"fadc3d6a-49f8-41ea-8289-0f110785c75c"	"992062fe-581d-4e14-98d4-559c1e75343c"	"56"
"fe1ed3f2-2f94-4a3b-a158-75926ae2f6c7"	"992062fe-581d-4e14-98d4-559c1e75343c"	"56"
"4f564871-3056-45f1-9a84-b2f75c20c666"	"992062fe-581d-4e14-98d4-559c1e75343c"	"56"
"b3f8d8c9-5374-4cba-9bae-45d8236180e7"	"992062fe-581d-4e14-98d4-559c1e75343c"	"56"
"951f4407-3b77-4fe8-8270-13384f11fd98"	"afd46c2e-9d7f-43d5-9e74-a2d8532f0187"	"6"
"2f645c01-fcb6-4a9a-80fb-c1e741912ec7"	"afd46c2e-9d7f-43d5-9e74-a2d8532f0187"	"6"
"9d9a6bec-c8cc-47b0-9fca-51443e3c49ff"	"afd46c2e-9d7f-43d5-9e74-a2d8532f0187"	"6"
"6a728b8c-28a4-44bb-9399-5980722ee143"	"afd46c2e-9d7f-43d5-9e74-a2d8532f0187"	"6"
"97a64ed4-02b0-44af-aa64-b31883642f37"	"afd46c2e-9d7f-43d5-9e74-a2d8532f0187"	"6"
"cdd072dc-fa48-4a5f-97c4-32629005ff28"	"afd46c2e-9d7f-43d5-9e74-a2d8532f0187"	"6"
"af8386a7-fd67-49c9-864c-99d31e72191a"	"afd46c2e-9d7f-43d5-9e74-a2d8532f0187"	"6"
"89e44340-5bd4-4ec6-a2b4-a1c1a7316155"	"3fd1b098-0180-40d2-8f60-54006b02c58a"	"78"
"3d3734e5-f055-454e-88c2-cc2915e55b1e"	"3fd1b098-0180-40d2-8f60-54006b02c58a"	"78"
"db5c7302-1785-4757-b530-2563b0d821f1"	"571339e3-0002-4712-a708-56952bbbb0af"	"127"
"db5c7302-1785-4757-b530-2563b0d821f1"	"8840c997-0d5d-4fca-a74d-a5737aeb9e27"	
"9d2ad671-d579-4385-b9d7-a2069e6fb1a7"	"e9396c70-c72d-4895-aeb0-72285a8f58f9"	"56"
"70217069-9830-41a8-8062-49340f51e1d7"	"e9396c70-c72d-4895-aeb0-72285a8f58f9"	"56"
"4078575f-b8b3-41cb-9eab-fd40fb4a87bb"	"e9396c70-c72d-4895-aeb0-72285a8f58f9"	"56"
"e8cd710c-25f3-41c1-b5f4-a4ea31efa838"	"e9396c70-c72d-4895-aeb0-72285a8f58f9"	"56"
"37621641-2790-4718-9a03-eaf286af03a0"	"e9396c70-c72d-4895-aeb0-72285a8f58f9"	"56"
"49976e33-c550-4ac2-86d2-50015f55fabc"	"e9396c70-c72d-4895-aeb0-72285a8f58f9"	"56"
"b5e553b8-0084-4cb5-9b10-63d0ed2ccdcd"	"e9396c70-c72d-4895-aeb0-72285a8f58f9"	"56"
"75dd587f-6bd2-4f66-a77b-5d355c23390e"	"e9396c70-c72d-4895-aeb0-72285a8f58f9"	"56"
"ab599a38-f639-4db0-838c-bd00349ab6b3"	"e9396c70-c72d-4895-aeb0-72285a8f58f9"	"56"
"155a2885-3dab-4d55-8d3f-62928fbf7359"	"e9396c70-c72d-4895-aeb0-72285a8f58f9"	"56"
"c8bdc173-5e1f-41d4-8c16-f54413077671"	"e9396c70-c72d-4895-aeb0-72285a8f58f9"	"56"
"0a9fcfd1-848b-47fe-ac86-8af9b0ea7206"	"e9396c70-c72d-4895-aeb0-72285a8f58f9"	"56"
"1b3fafcd-ce12-4fc6-be7e-6af6bd20facf"	"e9396c70-c72d-4895-aeb0-72285a8f58f9"	"56"
"35264a00-36a3-4805-a7b4-196a4ee72791"	"e9396c70-c72d-4895-aeb0-72285a8f58f9"	"56"
"e2df3738-b6c2-4d34-a9de-fc01998d0e09"	"e9396c70-c72d-4895-aeb0-72285a8f58f9"	"56"
"4fabdf7b-3915-4e4c-aab5-9fe2af1f6b21"	"e9396c70-c72d-4895-aeb0-72285a8f58f9"	"56"
"7436900d-805d-4c2a-8a69-5dbd27f4cc49"	"e9396c70-c72d-4895-aeb0-72285a8f58f9"	"56"
"0b89ca7d-e3d1-4036-bc54-fa212ac90ea1"	"e9396c70-c72d-4895-aeb0-72285a8f58f9"	"56"
"101055e9-cc7c-4b9a-949e-fbf789b1e643"	"e9396c70-c72d-4895-aeb0-72285a8f58f9"	"56"
"40c3fbe9-3e0e-491d-a299-beda92131a93"	"e9396c70-c72d-4895-aeb0-72285a8f58f9"	"56"
"c2391e04-723d-4a0b-b0e4-f47668f6eb76"	"e9396c70-c72d-4895-aeb0-72285a8f58f9"	"56"
"137a0991-8bff-4fa7-8798-f855cb52498e"	"e9396c70-c72d-4895-aeb0-72285a8f58f9"	"56"
"4602d590-278a-48d7-af73-3c99e2118fc1"	"e9396c70-c72d-4895-aeb0-72285a8f58f9"	"56"
"f29e738e-6d9e-4ddf-8059-891b142a2565"	"e9396c70-c72d-4895-aeb0-72285a8f58f9"	"56"
"57985211-4fac-4523-bbae-c841f60f0bb3"	"e9396c70-c72d-4895-aeb0-72285a8f58f9"	"56"
"f70e581e-e9bc-4462-81a5-8059b1e20ace"	"e9396c70-c72d-4895-aeb0-72285a8f58f9"	"56"
"0ef21ef0-e317-4bf2-9dd4-1d1d7022fae6"	"e9396c70-c72d-4895-aeb0-72285a8f58f9"	"56"
"eaa484d8-f872-456d-8370-5fca83cf16e6"	"e9396c70-c72d-4895-aeb0-72285a8f58f9"	"56"
"b31ec711-ac26-48c1-970b-4a025fb78f1f"	"e9396c70-c72d-4895-aeb0-72285a8f58f9"	"56"
"da294a28-58f6-4f15-adca-046fa4c3fd40"	"e9396c70-c72d-4895-aeb0-72285a8f58f9"	"56"
"7b646dfb-166a-4add-b349-978c1f8ee88a"	"e9396c70-c72d-4895-aeb0-72285a8f58f9"	"56"
"77740ae0-eab0-4805-bd43-bd2639afea1d"	"e9396c70-c72d-4895-aeb0-72285a8f58f9"	"56"
"bd086ffe-72f6-467d-b750-122ce8f0b784"	"e9396c70-c72d-4895-aeb0-72285a8f58f9"	"56"
"d8cf0528-70f3-4298-868d-12207c1b6575"	"e9396c70-c72d-4895-aeb0-72285a8f58f9"	"56"
"a59504d1-6ffd-4b2a-9821-6c11adca6ba2"	"e9396c70-c72d-4895-aeb0-72285a8f58f9"	"56"
"0d9da33e-e3b9-4933-8640-bbe51ba4e32b"	"e9396c70-c72d-4895-aeb0-72285a8f58f9"	"56"
"87260620-77f5-4748-9f16-39c45a7079af"	"e9396c70-c72d-4895-aeb0-72285a8f58f9"	"56"
"d4fdc4ab-de53-4983-b803-e57396b4850c"	"e9396c70-c72d-4895-aeb0-72285a8f58f9"	"56"
"7fd583e7-adbb-445d-828f-0e6d4c0b13a4"	"e9396c70-c72d-4895-aeb0-72285a8f58f9"	"56"
"4edf88b3-8920-4fed-b4d9-2b2138eaaac0"	"e9396c70-c72d-4895-aeb0-72285a8f58f9"	"56"
"6120c73b-dcb8-445c-853a-29b2ac07ebc8"	"e9396c70-c72d-4895-aeb0-72285a8f58f9"	"56"
"0dafea41-b4ff-4a86-ba18-3f02eaa350f9"	"e9396c70-c72d-4895-aeb0-72285a8f58f9"	"56"
"4fb4b051-de83-40e6-9077-f94d2f8a528c"	"e9396c70-c72d-4895-aeb0-72285a8f58f9"	"56"
"601bed1a-e7c4-4a97-9d14-d73c53f54b1d"	"e9396c70-c72d-4895-aeb0-72285a8f58f9"	"56"
"4b1c7b65-2372-449a-9f1e-f1b4cd1be362"	"e9396c70-c72d-4895-aeb0-72285a8f58f9"	"56"
"9f034441-25c3-41fc-a2a2-df818520ac90"	"e9396c70-c72d-4895-aeb0-72285a8f58f9"	"56"
"f386aa4e-ef04-4399-ab1e-16715edace18"	"e9396c70-c72d-4895-aeb0-72285a8f58f9"	"56"
"34d689cf-61fc-4b37-a18e-83b6c16fec1e"	"e9396c70-c72d-4895-aeb0-72285a8f58f9"	"56"
"221c776d-f00c-47fc-a723-35448f0b02e0"	"e9396c70-c72d-4895-aeb0-72285a8f58f9"	"56"
"68a509db-a550-41c7-984f-658d3c76da80"	"e9396c70-c72d-4895-aeb0-72285a8f58f9"	"56"
"0152a11a-fbb5-4e8c-8378-647539fbe199"	"e9396c70-c72d-4895-aeb0-72285a8f58f9"	"56"
"b3fed4d5-9b3c-44c2-995d-d74d677972a5"	"e9396c70-c72d-4895-aeb0-72285a8f58f9"	"56"
"feee77b8-5c31-4c96-954e-de1b71e0a66b"	"e9396c70-c72d-4895-aeb0-72285a8f58f9"	"56"
"587089d9-8b73-4238-b081-e9c162ec06f4"	"e9396c70-c72d-4895-aeb0-72285a8f58f9"	"56"
"05da67b7-0ac8-4c76-b471-81d5ab2d970f"	"e9396c70-c72d-4895-aeb0-72285a8f58f9"	"56"
"b509fa5b-6ad2-44d1-879b-c00cb7bd6adc"	"e9396c70-c72d-4895-aeb0-72285a8f58f9"	"56"
"5fec05db-a48b-430c-bee1-1eafcd2ceec4"	"e9396c70-c72d-4895-aeb0-72285a8f58f9"	"56"
"ab5ecd67-9f9d-497f-a592-abab0d25c27e"	"e9396c70-c72d-4895-aeb0-72285a8f58f9"	"56"
"5f5c5902-d8d4-47c3-8a07-4ef875230ba9"	"e9396c70-c72d-4895-aeb0-72285a8f58f9"	"56"
"3edd3579-4066-4131-9f04-62c1aa00f18b"	"e9396c70-c72d-4895-aeb0-72285a8f58f9"	"56"
"378d358c-78ae-4b60-94ad-665493009970"	"e9396c70-c72d-4895-aeb0-72285a8f58f9"	"56"
"3adf54f7-2790-47a0-b856-f31e0c217f16"	"e9396c70-c72d-4895-aeb0-72285a8f58f9"	"56"
"eb261abd-9976-41f9-b9d9-f3770edc4145"	"e9396c70-c72d-4895-aeb0-72285a8f58f9"	"56"
"22cdafd4-2b7c-45bc-a181-d3a2420d0825"	"e9396c70-c72d-4895-aeb0-72285a8f58f9"	"56"
"44ad23d2-a4d0-4c2a-8208-8761ba3bed64"	"e9396c70-c72d-4895-aeb0-72285a8f58f9"	"56"
"2567122f-e577-42d1-81e8-7452cafef277"	"e9396c70-c72d-4895-aeb0-72285a8f58f9"	"56"
"472feae9-54af-498f-b17a-fcffd06bdccd"	"e9396c70-c72d-4895-aeb0-72285a8f58f9"	"56"
"8444a68c-e9c5-42aa-9a66-dee3a80d2202"	"e9396c70-c72d-4895-aeb0-72285a8f58f9"	"56"
"120b8626-dae4-46a3-9334-c686a844ecbc"	"e9396c70-c72d-4895-aeb0-72285a8f58f9"	"56"
"8d8169e7-34ee-41af-92de-3f447dc78c00"	"e9396c70-c72d-4895-aeb0-72285a8f58f9"	"56"
"7d442571-94d1-42bf-9260-8a19ce730c0e"	"e9396c70-c72d-4895-aeb0-72285a8f58f9"	"56"
"c199103b-ebf2-41e6-a671-1c4abccb8ccf"	"e9396c70-c72d-4895-aeb0-72285a8f58f9"	"56"
"c4e949a5-6f66-455d-a819-28a85c8889d8"	"e9396c70-c72d-4895-aeb0-72285a8f58f9"	"56"
"6700cc8d-47d3-466e-9a55-fe1b045b0086"	"e9396c70-c72d-4895-aeb0-72285a8f58f9"	"56"
"9fbbb9f5-5400-4120-a126-5b62850470b0"	"be63e675-9e1b-4dfb-a313-297b180665ad"	"36"
"9221c401-f419-4342-bd60-a68ab7650fd6"	"be63e675-9e1b-4dfb-a313-297b180665ad"	"36"
"64f8fc09-e227-47d2-8388-81e0cc89495c"	"be63e675-9e1b-4dfb-a313-297b180665ad"	"36"
"283d3a18-441c-4a0e-87e6-3c3cda20650d"	"be63e675-9e1b-4dfb-a313-297b180665ad"	"36"
"8d1af2cb-29c0-4fdd-a88b-a4b50b4a1dc6"	"be2208e3-aed6-4847-9b57-2a1b159d7c72"	"36"
"2b9a5941-28d0-4e60-ba3b-278e5c65cd09"	"be2208e3-aed6-4847-9b57-2a1b159d7c72"	"36"
"1e3f811b-cb0e-46da-9563-f1ff94107fa4"	"be2208e3-aed6-4847-9b57-2a1b159d7c72"	"36"
"45be364f-62e3-448c-8c3d-f6fba2f4794b"	"be2208e3-aed6-4847-9b57-2a1b159d7c72"	"36"
"7b1183b5-ec7c-4f96-829b-d9144385603d"	"be2208e3-aed6-4847-9b57-2a1b159d7c72"	"36"
"516d9460-288b-44bc-be93-022581b964c6"	"be2208e3-aed6-4847-9b57-2a1b159d7c72"	"36"
"189ebd78-57e5-4c08-95f5-6df631ab462c"	"be2208e3-aed6-4847-9b57-2a1b159d7c72"	"36"
"07137aea-e80e-4fe5-a18b-63136571bae4"	"be2208e3-aed6-4847-9b57-2a1b159d7c72"	"36"
"3831a9c7-a607-4759-b565-ef5caa76d50d"	"be2208e3-aed6-4847-9b57-2a1b159d7c72"	"36"
"5b628b67-85e4-4fc0-87b5-fcccb456289b"	"be2208e3-aed6-4847-9b57-2a1b159d7c72"	"36"
"79b4140c-c584-40f4-bd4a-c514df793bd0"	"be2208e3-aed6-4847-9b57-2a1b159d7c72"	"36"
"900d0325-8e76-4294-b20c-8b36fdb9d893"	"be2208e3-aed6-4847-9b57-2a1b159d7c72"	"36"
"33751a7e-81de-4aa0-a927-5e44189e34fb"	"be2208e3-aed6-4847-9b57-2a1b159d7c72"	"36"
"dc24ed04-e1fe-47ce-8dde-413f36fd50f4"	"be2208e3-aed6-4847-9b57-2a1b159d7c72"	"36"
"5bf8270b-76ee-4b49-afff-6e87fec16283"	"be2208e3-aed6-4847-9b57-2a1b159d7c72"	"36"
"d5526bcf-b03d-4bbb-b478-bddde56c10ca"	"be2208e3-aed6-4847-9b57-2a1b159d7c72"	"36"
"be703b61-180e-4f2a-b0e5-fe40c03d5b27"	"be2208e3-aed6-4847-9b57-2a1b159d7c72"	"36"
"5fa391d2-a2b5-40ed-9bc8-3001a14e87d5"	"be2208e3-aed6-4847-9b57-2a1b159d7c72"	"36"
"67c7b638-0bd1-45c6-9d9b-3bc02f392b8e"	"be2208e3-aed6-4847-9b57-2a1b159d7c72"	"36"
"6f50f416-be62-4739-8043-b4bf850e9600"	"be2208e3-aed6-4847-9b57-2a1b159d7c72"	"36"
"30993a89-728e-4db5-86ac-5ff38241e56d"	"be2208e3-aed6-4847-9b57-2a1b159d7c72"	"36"
"b404644a-9322-4cb5-8afc-e86ca2f949cd"	"be2208e3-aed6-4847-9b57-2a1b159d7c72"	"36"
"7f76172f-c864-4bb7-ba99-12dc7fa55fdc"	"be2208e3-aed6-4847-9b57-2a1b159d7c72"	"36"
"d91243bc-ef68-4724-943b-2b206f6b5a7e"	"be2208e3-aed6-4847-9b57-2a1b159d7c72"	"36"
"611db808-299e-4399-bcf8-486d7cc5ff53"	"be2208e3-aed6-4847-9b57-2a1b159d7c72"	"36"
"4cd16d66-913a-4c93-8f44-e4ff544a7fd6"	"be2208e3-aed6-4847-9b57-2a1b159d7c72"	"36"
"ab925609-7123-4bf5-96bf-eb873b9a2a0e"	"be2208e3-aed6-4847-9b57-2a1b159d7c72"	"36"
"ca4e5b6a-da00-40b9-8540-c23bf0e7993d"	"be2208e3-aed6-4847-9b57-2a1b159d7c72"	"36"
"0063b783-aac3-4656-8d27-f3f1eaea829e"	"3f0fafaf-d6ec-444c-8eeb-f3b1772a8437"	"56"
"51b48789-1ff3-4bf0-98ef-8e951396ab4c"	"be2208e3-aed6-4847-9b57-2a1b159d7c72"	"36"
"6abd22ae-874d-4002-90e1-b72ab1a5eb83"	"be2208e3-aed6-4847-9b57-2a1b159d7c72"	"36"
"e6c40e13-1456-4961-8142-ca2a199904a2"	"be2208e3-aed6-4847-9b57-2a1b159d7c72"	"36"
"4ce02c19-fe42-4b47-b25a-d99cff8510f3"	"be2208e3-aed6-4847-9b57-2a1b159d7c72"	"36"
"b2225feb-5c24-43a5-a10b-f3dee7738e2b"	"be2208e3-aed6-4847-9b57-2a1b159d7c72"	"36"
"851730a4-0226-4b02-b17c-ff4f6fa3db04"	"be2208e3-aed6-4847-9b57-2a1b159d7c72"	"36"
"4a3b6a5a-1e93-40ed-b888-3a62565c3c30"	"be2208e3-aed6-4847-9b57-2a1b159d7c72"	"36"
"cf38eb79-0f42-4aa5-b763-c9b11ee14e69"	"be2208e3-aed6-4847-9b57-2a1b159d7c72"	"36"
"2856ff05-fb92-43c6-ac44-2f1db31513e9"	"be2208e3-aed6-4847-9b57-2a1b159d7c72"	"36"
"aa16799c-fc8a-4804-81a8-64e6b462e4cf"	"be2208e3-aed6-4847-9b57-2a1b159d7c72"	"36"
"aa3d31ab-430e-4e27-8d93-d257b24d4f25"	"be2208e3-aed6-4847-9b57-2a1b159d7c72"	"36"
"ef759bcd-98f7-4022-8d1b-edd568f96ef8"	"be2208e3-aed6-4847-9b57-2a1b159d7c72"	"36"
"8d20a467-c82c-4f8f-94fb-6dd29b8ad595"	"be2208e3-aed6-4847-9b57-2a1b159d7c72"	"36"
"e8eef041-1da0-4568-8007-f64eab8923c9"	"be2208e3-aed6-4847-9b57-2a1b159d7c72"	"36"
"dd81a30e-3fe9-4b5b-8686-e1a6940da10a"	"be2208e3-aed6-4847-9b57-2a1b159d7c72"	"36"
"6e3b2631-1b41-460d-a47a-e85a87a0f23e"	"be2208e3-aed6-4847-9b57-2a1b159d7c72"	"36"
"6b9ee556-9d73-43a8-b362-8f268f8f3786"	"be2208e3-aed6-4847-9b57-2a1b159d7c72"	"36"
"2f3b9e69-37b1-407f-9d18-5bd0467658b1"	"be2208e3-aed6-4847-9b57-2a1b159d7c72"	"36"
"73065969-1ded-4687-9122-cee347c2c2bf"	"be2208e3-aed6-4847-9b57-2a1b159d7c72"	"36"
"edf3b118-696c-4b78-9e73-321ce6e8b758"	"be2208e3-aed6-4847-9b57-2a1b159d7c72"	"36"
"78dbe9ad-05bb-4e2f-839e-3f011234710a"	"be2208e3-aed6-4847-9b57-2a1b159d7c72"	"36"
"f27d5df4-35f0-4add-afac-3e389496ba70"	"be2208e3-aed6-4847-9b57-2a1b159d7c72"	"36"
"a8446cd3-9ee7-4e69-8b1d-4cfb41688739"	"be2208e3-aed6-4847-9b57-2a1b159d7c72"	"36"
"961ca9d8-39cd-4ecf-9166-62c33a0faca3"	"be2208e3-aed6-4847-9b57-2a1b159d7c72"	"36"
"a13fa401-2de2-4c78-9435-c3a0898eed47"	"be2208e3-aed6-4847-9b57-2a1b159d7c72"	"36"
"8743c613-ea71-4852-9eb0-cb21752985ab"	"be2208e3-aed6-4847-9b57-2a1b159d7c72"	"36"
"b2c864c6-881f-41e1-8149-5123cd11d5fb"	"be2208e3-aed6-4847-9b57-2a1b159d7c72"	"36"
"8706001e-6dce-46a2-ba87-1da08b7295e6"	"be2208e3-aed6-4847-9b57-2a1b159d7c72"	"36"
"b1f20809-3008-4e8f-8dbb-6d0cc127c14c"	"be2208e3-aed6-4847-9b57-2a1b159d7c72"	"36"
"4c935ffe-dbd6-4f7a-995b-587d6b796892"	"be2208e3-aed6-4847-9b57-2a1b159d7c72"	"36"
"f7ff664f-5f31-4481-9c37-8d5c2d8991b5"	"be2208e3-aed6-4847-9b57-2a1b159d7c72"	"36"
"b39179b5-f976-477f-944a-f0f571c42c6b"	"be2208e3-aed6-4847-9b57-2a1b159d7c72"	"36"
"1af1c46d-4c73-4c8b-b292-8a90e7cd25c0"	"be2208e3-aed6-4847-9b57-2a1b159d7c72"	"36"
"2e07fabb-5f40-49d2-aee6-2a92133b37a1"	"be2208e3-aed6-4847-9b57-2a1b159d7c72"	"36"
"12ea6268-cde8-4af5-b21f-f4c7997e2ea2"	"be2208e3-aed6-4847-9b57-2a1b159d7c72"	"36"
"03314eee-3ec2-4186-a832-aa7b445617df"	"be2208e3-aed6-4847-9b57-2a1b159d7c72"	"36"
"05f08820-ebd2-4bbd-8eb7-6b29c23cda69"	"be2208e3-aed6-4847-9b57-2a1b159d7c72"	"36"
"7bbf94fd-ceb5-4fc1-a7db-a1df53a6b494"	"be2208e3-aed6-4847-9b57-2a1b159d7c72"	"36"
"f0d5a74c-e925-4f6c-884a-b1bb5b483a88"	"be2208e3-aed6-4847-9b57-2a1b159d7c72"	"36"
"8e23c6f5-4bcb-4691-875c-927f2731b82d"	"be2208e3-aed6-4847-9b57-2a1b159d7c72"	"36"
"36563142-7a5f-4ee2-9321-4731158fa01d"	"be2208e3-aed6-4847-9b57-2a1b159d7c72"	"36"
"c3d39923-3584-48eb-b2d2-88889e8e8e4c"	"be2208e3-aed6-4847-9b57-2a1b159d7c72"	"36"
"ebc9f614-3fe3-4dd1-8c60-c18da8fe3b8a"	"be2208e3-aed6-4847-9b57-2a1b159d7c72"	"36"
"01d0b0c8-6592-4fc9-aeb9-d255854d56ec"	"be2208e3-aed6-4847-9b57-2a1b159d7c72"	"36"
"12349cdc-ab57-473f-b058-44d106ec854a"	"be2208e3-aed6-4847-9b57-2a1b159d7c72"	"36"
"4600aa3b-0bca-4512-a3ee-e285de544396"	"be2208e3-aed6-4847-9b57-2a1b159d7c72"	"36"
"7cebc1ee-47ce-484c-a398-f779b207ae94"	"be2208e3-aed6-4847-9b57-2a1b159d7c72"	"36"
"fa8afdba-7c1a-4de9-bc6f-fb66303d0bf8"	"8b263b5a-23cc-4f6f-bbd5-f60c6b7d0e28"	"56"
"0ca462ec-fbfc-42fb-b243-088713866f37"	"8b263b5a-23cc-4f6f-bbd5-f60c6b7d0e28"	"56"
"2e7910b5-876e-43f1-aa26-fd9341302ea8"	"8b263b5a-23cc-4f6f-bbd5-f60c6b7d0e28"	"56"
"394b8732-3f13-4157-8061-dbe7f213affb"	"8b263b5a-23cc-4f6f-bbd5-f60c6b7d0e28"	"56"
"6144a30f-5164-425c-a275-6c2fdf1cba14"	"8b263b5a-23cc-4f6f-bbd5-f60c6b7d0e28"	"56"
"6f71477d-dfbd-4fa5-b3ae-1eb2002c718f"	"8b263b5a-23cc-4f6f-bbd5-f60c6b7d0e28"	"56"
"da245cb2-2712-406c-8df3-1215ddb925e1"	"8b263b5a-23cc-4f6f-bbd5-f60c6b7d0e28"	"56"
"ed99b4ef-8805-4436-9c0e-dcb6579e1368"	"8b263b5a-23cc-4f6f-bbd5-f60c6b7d0e28"	"56"
"6eecd9e9-64e0-4397-ac90-7d3b583d02f2"	"8b263b5a-23cc-4f6f-bbd5-f60c6b7d0e28"	"56"
"a9b04c3b-cc2a-42ae-ada0-b3cca2fc05ad"	"8b263b5a-23cc-4f6f-bbd5-f60c6b7d0e28"	"56"
"64a559c1-a91b-41b2-8924-2e1521113724"	"8b263b5a-23cc-4f6f-bbd5-f60c6b7d0e28"	"56"
"566dd079-d87d-4e45-a344-27bc1a588e8e"	"8b263b5a-23cc-4f6f-bbd5-f60c6b7d0e28"	"56"
"0d749554-e6e5-48f2-bde4-d0cce23075f3"	"8b263b5a-23cc-4f6f-bbd5-f60c6b7d0e28"	"56"
"9fac3db8-c46b-4600-94b6-7ba71bcedb5a"	"8b263b5a-23cc-4f6f-bbd5-f60c6b7d0e28"	"56"
"abe2d5bc-b6f9-4530-81a7-59efd2de5088"	"8b263b5a-23cc-4f6f-bbd5-f60c6b7d0e28"	"56"
"c2e39160-a534-47ef-86c1-437a19147ec3"	"8b263b5a-23cc-4f6f-bbd5-f60c6b7d0e28"	"56"
"885a16d5-b328-4d00-bbe6-3af974a4cb77"	"8b263b5a-23cc-4f6f-bbd5-f60c6b7d0e28"	"56"
"ce56b6a3-4f06-4f5b-ab5b-f75ee55d230a"	"8b263b5a-23cc-4f6f-bbd5-f60c6b7d0e28"	"56"
"d92fe647-92ab-4f3f-b84d-b3a72b5331e0"	"8b263b5a-23cc-4f6f-bbd5-f60c6b7d0e28"	"56"
"c2b504e5-fb25-42ba-bf7d-11c50f8f5e28"	"8b263b5a-23cc-4f6f-bbd5-f60c6b7d0e28"	"56"
"e6d2b820-99e2-4c3f-bd3b-9162b2ba9aa1"	"8b263b5a-23cc-4f6f-bbd5-f60c6b7d0e28"	"56"
"316ec61a-435d-4fa6-9c70-a6677b16bbe0"	"8b263b5a-23cc-4f6f-bbd5-f60c6b7d0e28"	"56"
"c4e4d062-6eeb-47f0-a784-6651c5740f22"	"8b263b5a-23cc-4f6f-bbd5-f60c6b7d0e28"	"56"
"cf1688ac-70be-46e4-acae-b2379a6fa865"	"8b263b5a-23cc-4f6f-bbd5-f60c6b7d0e28"	"56"
"c4608cca-ab02-4cc6-b1b3-d0819ca581f9"	"8b263b5a-23cc-4f6f-bbd5-f60c6b7d0e28"	"56"
"7a94cd60-17e4-4c9c-b1b9-daccad6ec031"	"8b263b5a-23cc-4f6f-bbd5-f60c6b7d0e28"	"56"
"29d09e97-7ad7-4bbf-a392-4edd85b4840d"	"8b263b5a-23cc-4f6f-bbd5-f60c6b7d0e28"	"56"
"a2509c10-d6e9-40ae-96bd-994f2cfe8d86"	"8b263b5a-23cc-4f6f-bbd5-f60c6b7d0e28"	"56"
"b074ce4b-d63c-4ee8-a0c7-56efc59e468c"	"d6880446-c42d-4441-9b82-b89cefb7ea00"	"56"
"b074ce4b-d63c-4ee8-a0c7-56efc59e468c"	"1e549a10-8ef8-4759-b5b0-ba0eff7bcdc1"	"56"
"fc3eb17b-5152-4480-9f96-0744f9ac6243"	"d6880446-c42d-4441-9b82-b89cefb7ea00"	"56"
"fc3eb17b-5152-4480-9f96-0744f9ac6243"	"1e549a10-8ef8-4759-b5b0-ba0eff7bcdc1"	"56"
"c4526329-020e-4141-b105-017ec86eb0f2"	"d6880446-c42d-4441-9b82-b89cefb7ea00"	"56"
"c4526329-020e-4141-b105-017ec86eb0f2"	"1e549a10-8ef8-4759-b5b0-ba0eff7bcdc1"	"56"
"b8668110-3ab2-4051-b886-60ff9fd4fdee"	"6839b03c-969f-48ef-bd16-41a02efc5edd"	"27"
"47527f08-091f-4900-acc2-97cdea35f505"	"54e20cee-b15f-4da9-ac23-ff054031fee4"	"56"
"d9a03823-597b-4eab-8ae7-27e88cb8c700"	"54e20cee-b15f-4da9-ac23-ff054031fee4"	"56"
"eb5b9d5e-3a28-4396-b7ac-989d5e4f0ed6"	"54e20cee-b15f-4da9-ac23-ff054031fee4"	"56"
"b1f79bec-46f7-485c-90f8-bf87798a7626"	"fcaf9bd8-3fc5-4099-862d-e09d1da74104"	"11"
"4c83f0e0-1a22-4091-bca5-1b63cba76ce4"	"fcaf9bd8-3fc5-4099-862d-e09d1da74104"	"11"
"c5398d4d-85ce-4a75-b4e7-b23e400023be"	"fcaf9bd8-3fc5-4099-862d-e09d1da74104"	"11"
"dc408677-6a5e-4f63-b1a7-24660931e02b"	"43919a23-10b3-4db6-adf4-b396c06e8d6d"	"56"
"dc408677-6a5e-4f63-b1a7-24660931e02b"	"1e549a10-8ef8-4759-b5b0-ba0eff7bcdc1"	"56"
"fdb48ecf-d63e-448a-a7c5-b56004e4c30e"	"43919a23-10b3-4db6-adf4-b396c06e8d6d"	"56"
"f133e0e4-ee78-4e79-baf7-1fdf6a797a6a"	"07c58051-bcd2-4213-9a42-03ebfdd9f29a"	"56"
"25a43358-5fb2-470e-ba5b-e7587c5e94d8"	"dea968f7-88c6-45eb-84c1-e3dc4a9a5be8"	"11"
"f6fe29f7-d60c-4ed9-b4c5-c211eddefb55"	"dea968f7-88c6-45eb-84c1-e3dc4a9a5be8"	"11"
"fa340209-84c3-48d9-a7be-71242d3f3632"	"2860d79c-90fe-4180-83fb-15b0c60b7a76"	"33"
"4e386d16-4e36-4f48-a8d2-8572e594cfce"	"c18197a1-6075-4924-827c-a4badc6b15ab"	"56"
"83cf3b24-aa0c-473e-ac84-594694ba11ff"	"c18197a1-6075-4924-827c-a4badc6b15ab"	"56"
"e862bf22-1de1-40fe-9907-fe74cd4f31f6"	"b0d59403-e056-43b6-a194-f11dd16c1d09"	"118"
"9d3f997c-544e-4ac3-91f0-c8359597be5c"	"b0d59403-e056-43b6-a194-f11dd16c1d09"	"118"
"3f748575-7183-459e-95bc-5c0f4589edc8"	"b0d59403-e056-43b6-a194-f11dd16c1d09"	"118"
"3de4b041-b01f-4181-8ec3-13d25aa9d31b"	"b0d59403-e056-43b6-a194-f11dd16c1d09"	"118"
"d73e1d3f-81e4-445b-9b13-fa0fcfb2c3fa"	"b0d59403-e056-43b6-a194-f11dd16c1d09"	"118"
"a69c4f71-18a9-4ad7-9094-2816d6ca7e15"	"b0d59403-e056-43b6-a194-f11dd16c1d09"	"118"
"fcfac806-abcf-49ff-8117-9622826654ef"	"b0d59403-e056-43b6-a194-f11dd16c1d09"	"118"
"48997c77-393e-4d1c-86e5-99bec522ced0"	"1e549a10-8ef8-4759-b5b0-ba0eff7bcdc1"	"56"
"34825c5c-2d9d-4138-918d-d18c7933a562"	"1e549a10-8ef8-4759-b5b0-ba0eff7bcdc1"	"56"
"462661ee-d0f9-4697-aa5a-ab9db19cad96"	"5391a961-2c1c-4d4e-a5e0-11a84a50ba9a"	"118"
"ce31b5bb-310a-4332-bd84-bc14fc1963e6"	"9a9a9610-f22c-4d5c-a845-d9772561c6d6"	"87"
"1d19c493-d379-4bce-b3c2-39914c726cd7"	"9a9a9610-f22c-4d5c-a845-d9772561c6d6"	"87"
"cc07945b-c484-497f-a38d-9e7b8e4d745b"	"9a9a9610-f22c-4d5c-a845-d9772561c6d6"	"87"
"f26adf21-a2c0-4d9e-92cc-d47f3eb80805"	"973c7fc4-41af-4d97-9728-316e073b7865"	"115"
"407c8c18-9c7c-4b30-92f7-29b25847d359"	"e5a872fb-1efa-4251-a78c-0f8f900337ca"	"129"
"4e076fe2-ab06-4364-a903-29dc36455aa9"	"e5a872fb-1efa-4251-a78c-0f8f900337ca"	"129"
"0fa8b306-b8ac-4164-967f-8cedd920c403"	"2e993750-c458-472c-a76f-36271d2747e5"	"100"
"958eacc8-1ea9-4f2e-81b4-43c1e1c10529"	"2e993750-c458-472c-a76f-36271d2747e5"	"100"
"29d25acb-403a-417b-b63c-938d467a5c76"	"b43c5a2a-168f-408e-b86a-82f59d6f54f1"	"77"
"71f48e77-be18-45f5-a89e-656c10d1383f"	"b43c5a2a-168f-408e-b86a-82f59d6f54f1"	"77"
"6e246a64-f2b2-4544-856e-83d453047af2"	"f0e0defa-b720-4376-88b1-6cb81018126c"	"86"
"d1bba939-60f8-48a0-90e8-97de93a516d9"	"644267d0-3ba5-4834-9e96-bce5f6ea356a"	"86"
"6cbd3eaa-22c6-482f-8911-bf26fde97552"	"f0e0defa-b720-4376-88b1-6cb81018126c"	"86"
"8da1e0bb-a5a4-4ed4-a63b-593eb8a4186d"	"f0e0defa-b720-4376-88b1-6cb81018126c"	"86"
"53adc54f-b658-4a4e-b2b5-9713ef338d7f"	"f0e0defa-b720-4376-88b1-6cb81018126c"	"50"
"2dfa97c3-e3e8-42a3-9db3-2f038013036d"	"f0e0defa-b720-4376-88b1-6cb81018126c"	"86"
"d2712b17-d2ec-4bc8-a818-80c4765f5264"	"f0e0defa-b720-4376-88b1-6cb81018126c"	"86"
"c8962d11-abd1-41e4-9110-fd3048c4f03e"	"f0e0defa-b720-4376-88b1-6cb81018126c"	"86"
"56c63373-a03e-4623-8eba-b1350e867bd8"	"f0e0defa-b720-4376-88b1-6cb81018126c"	"86"
"7c31eeae-aa59-47f8-8bde-bbdfe994fe1d"	"f0e0defa-b720-4376-88b1-6cb81018126c"	"86"
"077ba325-3a88-4704-ab86-474c561e297c"	"f0e0defa-b720-4376-88b1-6cb81018126c"	"86"
"b5619c3e-d0cc-45b4-96aa-53228fe1f6f4"	"89582c60-b51e-4b97-bf4c-289ca3b2a7d6"	"77"
"121cde11-942c-4053-9c5a-7356f0063bf5"	"89582c60-b51e-4b97-bf4c-289ca3b2a7d6"	"77"
"d969ab65-9ed3-428d-9780-6f44f5461c15"	"89582c60-b51e-4b97-bf4c-289ca3b2a7d6"	"77"
"7f3bec64-867c-4c7d-9d7a-6114eddb0a6f"	"89582c60-b51e-4b97-bf4c-289ca3b2a7d6"	"77"
"d0658b1e-da55-440e-b68c-fce4db0ea177"	"89582c60-b51e-4b97-bf4c-289ca3b2a7d6"	"77"
"8371f5f8-6cb9-483e-92a8-bc955d6e9174"	"cf1adb15-2f22-4b82-880d-5407dc61ca54"	"117"
"8371f5f8-6cb9-483e-92a8-bc955d6e9174"	"bae8f7ad-ab59-4381-8d61-1792314abff6"	"117"
"a5df0899-c086-488d-930f-7c6537f7a359"	"47082ba4-49c7-4ada-a214-9803b9954858"	"5"
"641606fa-f30d-453b-bd26-2de2d0638771"	"47082ba4-49c7-4ada-a214-9803b9954858"	"5"
"41a37099-2910-4920-ae2b-97c529fdb5c5"	"47082ba4-49c7-4ada-a214-9803b9954858"	"5"
"bde07e27-829a-46fd-a1d2-4973abae8e3b"	"47082ba4-49c7-4ada-a214-9803b9954858"	"5"
"0634bc94-2cf4-487c-9871-b283558c8c6e"	"47082ba4-49c7-4ada-a214-9803b9954858"	"5"
"20df20b4-4232-4ada-96f9-5a9d2224fc7c"	"47082ba4-49c7-4ada-a214-9803b9954858"	"5"
"97ec1df3-0c88-4c15-91bb-c0090743ccb9"	"47082ba4-49c7-4ada-a214-9803b9954858"	"5"
"91c4729f-2fad-4448-af15-859927f533d4"	"47082ba4-49c7-4ada-a214-9803b9954858"	"5"
"2a8ae082-92b5-40e3-a3f7-4759e45bbc95"	"47082ba4-49c7-4ada-a214-9803b9954858"	"5"
"c41a758a-8284-4738-8239-a5be92ed742f"	"47082ba4-49c7-4ada-a214-9803b9954858"	"5"
"e6f32a16-9130-4f8c-8c55-a542fe0e415e"	"47082ba4-49c7-4ada-a214-9803b9954858"	"5"
"b91f7b0f-c60c-4a00-9569-4f847a57f7d9"	"47082ba4-49c7-4ada-a214-9803b9954858"	"5"
"3a7d8a43-ad8c-420b-84f8-71f39658e137"	"47082ba4-49c7-4ada-a214-9803b9954858"	"5"
"f4c6ea61-67b2-4e4d-b540-ca0740e4efb6"	"47082ba4-49c7-4ada-a214-9803b9954858"	"5"
"68392cfb-51bf-4da5-bdfa-dd13d83ef569"	"47082ba4-49c7-4ada-a214-9803b9954858"	"5"
"03c5bfee-133a-4507-8eb1-c9a7c768eeba"	"47082ba4-49c7-4ada-a214-9803b9954858"	"5"
"d4bddeaa-79df-4776-9b59-f1e975fe509e"	"47082ba4-49c7-4ada-a214-9803b9954858"	"5"
"589f7f4b-3335-400d-a142-e0d18194531a"	"47082ba4-49c7-4ada-a214-9803b9954858"	"5"
"0ba4ef2c-048b-4e36-a9d5-dadc47f5876c"	"b900b2ba-4cca-45dc-b5e9-742c85fc79da"	"27"
"ad98c89c-a88c-4374-9541-043fac4067cf"	"b900b2ba-4cca-45dc-b5e9-742c85fc79da"	"27"
"82a96853-b678-4df4-9448-d24658080140"	"a74e4841-9e1c-4dd5-a1c0-7e3b34e9cb2a"	"32"
"ba6fbaf9-73d2-461d-8034-59c175cc451d"	"b6fd34cd-7cb6-4166-87a1-9267d9f01f59"	"11"
"e2169a1b-b529-41ae-a76b-836d729a80d9"	"9ff6ebdf-a702-4974-9430-5409a7a7c8ce"	"75"
"a752f8dd-fdbc-4673-9bce-043bdd7fdb9d"	"703b7140-d776-4082-8837-7e4b22a466cd"	"27"
"73a40378-3de5-4d78-84a4-dbbdcfdbc06e"	"703b7140-d776-4082-8837-7e4b22a466cd"	"27"
"ed1f6aa7-3ed8-4704-aa8d-b6d000a04a6d"	"703b7140-d776-4082-8837-7e4b22a466cd"	"27"
"f2e12717-7001-44c9-8401-fef6a17ad770"	"703b7140-d776-4082-8837-7e4b22a466cd"	"27"
"49d58994-b94d-4979-adb6-3dde4a2c3c1a"	"703b7140-d776-4082-8837-7e4b22a466cd"	"27"
"def3f0b2-debe-431f-8bbf-9793e96a9d97"	"703b7140-d776-4082-8837-7e4b22a466cd"	"27"
"3951a2e3-1840-4846-901d-850fee330c69"	"703b7140-d776-4082-8837-7e4b22a466cd"	"27"
"0f45ed1a-4648-46f4-a792-5ec638135430"	"6b7056ad-e182-4f05-837e-53eb91edd131"	"86"
"8cb6779d-522f-4975-ba76-97ad7c824f23"	"87c65de1-67bc-4687-9fdf-697d33386c85"	"138"
"0eb6d653-ebe9-46c9-bbc6-7f0549e66d2e"	"78e5f351-470b-4313-bf9b-c61a8ed58248"	"56"
"0eb6d653-ebe9-46c9-bbc6-7f0549e66d2e"	"93b6791e-c77b-490b-9bd5-85d2d99daa05"	"56"
"b13f11e7-6da3-4f31-8be4-ed179b4036f6"	"11210fb8-2b42-4a09-8609-4d2baade15ec"	"11"
"2abcfd97-f7ca-46d9-b94d-69748ca1f455"	"5d558eff-de13-4fa1-8b1f-62369b69dbc7"	"36"
"cad65d71-a7bd-42b3-ae84-6f5c94536add"	"5d558eff-de13-4fa1-8b1f-62369b69dbc7"	"36"
"97f9a625-2e9a-437b-936c-3c96a01be5ad"	"5d558eff-de13-4fa1-8b1f-62369b69dbc7"	"36"
"453b65ac-601d-483d-a503-c4c64b356a5a"	"5d558eff-de13-4fa1-8b1f-62369b69dbc7"	"36"
"98a7db98-3e5b-4552-9397-7b557b2c5358"	"5d558eff-de13-4fa1-8b1f-62369b69dbc7"	"36"
"53d2ce3e-5d1e-4ecb-941e-4964a642b3f3"	"5d558eff-de13-4fa1-8b1f-62369b69dbc7"	"36"
"b7d9e356-8221-4959-bdbe-781ab5fd6742"	"5d558eff-de13-4fa1-8b1f-62369b69dbc7"	"36"
"a885f0a4-c975-4ecc-98b8-adbcdf672556"	"5d558eff-de13-4fa1-8b1f-62369b69dbc7"	"36"
"54cf76ad-67e5-41be-92a4-a5eaca644e8e"	"5d558eff-de13-4fa1-8b1f-62369b69dbc7"	"36"
"ebb49a6d-9195-4107-a369-85f62ac89372"	"5d558eff-de13-4fa1-8b1f-62369b69dbc7"	"36"
"08abdbce-dc4b-4bf3-a895-b3da83f35787"	"5d558eff-de13-4fa1-8b1f-62369b69dbc7"	"36"
"1d261e73-cbd1-4c81-b1d1-e65b7d8060ae"	"5d558eff-de13-4fa1-8b1f-62369b69dbc7"	"36"
"004677b9-ea2f-447e-8329-c976fbaf877f"	"5d558eff-de13-4fa1-8b1f-62369b69dbc7"	"36"
"32709812-916b-4080-9323-ba3095d959e1"	"5d558eff-de13-4fa1-8b1f-62369b69dbc7"	"36"
"6365ca56-540e-4cfb-9aa2-8b9e7f3a83e7"	"5d558eff-de13-4fa1-8b1f-62369b69dbc7"	"36"
"1bc1a837-94dc-4c9f-a822-c1793876c46c"	"5d558eff-de13-4fa1-8b1f-62369b69dbc7"	"36"
"f0a1f9d2-77f7-4cfa-9241-6fdcec831539"	"5d558eff-de13-4fa1-8b1f-62369b69dbc7"	"36"
"62fa372a-660c-4877-bd70-23371f6b97f9"	"5d558eff-de13-4fa1-8b1f-62369b69dbc7"	"36"
"94724aa7-1acc-42cf-b1d0-5baf0fc3be3f"	"5d558eff-de13-4fa1-8b1f-62369b69dbc7"	"36"
"f7bafdee-849c-4b55-b46a-08d1be1e4108"	"5d558eff-de13-4fa1-8b1f-62369b69dbc7"	"36"
"69a0e125-8824-4517-8804-2d9385b38a52"	"5d558eff-de13-4fa1-8b1f-62369b69dbc7"	"36"
"2d216aec-5e28-4673-9a06-416e5528d6f7"	"5d558eff-de13-4fa1-8b1f-62369b69dbc7"	"36"
"13df195d-22ff-4ec4-bcca-da9b7759ea5f"	"5d558eff-de13-4fa1-8b1f-62369b69dbc7"	"36"
"a1b555ea-2b40-4fac-a5e3-0d7ad388fdf1"	"5d558eff-de13-4fa1-8b1f-62369b69dbc7"	"36"
"fcccc46f-0f0f-4003-9381-a5bd19bd5f2c"	"5d558eff-de13-4fa1-8b1f-62369b69dbc7"	"36"
"d17fefa0-c91a-43cf-b6d4-3e56d9be570c"	"5d558eff-de13-4fa1-8b1f-62369b69dbc7"	"36"
"a3e764d7-bd6a-4e80-9316-56b36574bc12"	"5d558eff-de13-4fa1-8b1f-62369b69dbc7"	"36"
"57231be9-2649-41b1-a493-c78b90b4ee17"	"5d558eff-de13-4fa1-8b1f-62369b69dbc7"	"36"
"6c8a5c15-f8d6-48f8-91c4-9095a5d37ff7"	"5d558eff-de13-4fa1-8b1f-62369b69dbc7"	"36"
"3b4556f2-1844-4b38-b136-71ef307ce635"	"5d558eff-de13-4fa1-8b1f-62369b69dbc7"	"36"
"b3ee801c-9de2-4042-aaf7-f437940d4936"	"5d558eff-de13-4fa1-8b1f-62369b69dbc7"	"36"
"9133544e-2509-4ba1-82d3-27f714321c94"	"5d558eff-de13-4fa1-8b1f-62369b69dbc7"	"36"
"ca28fee6-ddae-4bb9-bd15-0d3e033919c0"	"5d558eff-de13-4fa1-8b1f-62369b69dbc7"	"36"
"39ec69bb-2b01-436b-bc4b-267b1ff40ca6"	"5d558eff-de13-4fa1-8b1f-62369b69dbc7"	"36"
"d6a2d8fd-d343-46ba-b6c6-0b7bfd87ed9e"	"5d558eff-de13-4fa1-8b1f-62369b69dbc7"	"36"
"5b05ca4d-0b82-4a52-ab4f-12870e2587ef"	"5d558eff-de13-4fa1-8b1f-62369b69dbc7"	"36"
"469e032a-8b76-4da8-8af2-11e09948e52c"	"5d558eff-de13-4fa1-8b1f-62369b69dbc7"	"36"
"29a66ad3-3eea-4e6d-97ea-273cd19e71e9"	"5d558eff-de13-4fa1-8b1f-62369b69dbc7"	"36"
"745fc68a-b6b2-45b0-90b3-3cdb12a82b60"	"5d558eff-de13-4fa1-8b1f-62369b69dbc7"	"36"
"5dbd74ce-c785-4b1f-ad5e-6a431bd8008e"	"5d558eff-de13-4fa1-8b1f-62369b69dbc7"	"36"
"ff4f8b25-a507-4d04-8f9f-bf97d98ce6f8"	"5d558eff-de13-4fa1-8b1f-62369b69dbc7"	"36"
"daf943d4-5e0c-4f4e-901e-033be440415b"	"5d558eff-de13-4fa1-8b1f-62369b69dbc7"	"36"
"e733cdf5-6925-4d98-9b59-5ea136e5e6ee"	"5d558eff-de13-4fa1-8b1f-62369b69dbc7"	"36"
"8677da49-989b-449c-898e-6b5024f9df71"	"5d558eff-de13-4fa1-8b1f-62369b69dbc7"	"36"
"b6050971-11c8-445f-91a5-a582a130d9ac"	"5d558eff-de13-4fa1-8b1f-62369b69dbc7"	"36"
"002f2e54-b244-4dea-ba55-828cebf9a55e"	"5d558eff-de13-4fa1-8b1f-62369b69dbc7"	"36"
"a2178665-37de-4414-96a3-43cf21c34b36"	"5d558eff-de13-4fa1-8b1f-62369b69dbc7"	"36"
"0ebfa84a-0cd5-4ec6-8f01-e7ad83de794b"	"5d558eff-de13-4fa1-8b1f-62369b69dbc7"	"36"
"3b11ecc1-9d1f-435b-9f1b-1addb6b82a68"	"5d558eff-de13-4fa1-8b1f-62369b69dbc7"	"36"
"87ff41b9-d33b-41df-8a2d-3aef4ffb7ccd"	"5d558eff-de13-4fa1-8b1f-62369b69dbc7"	"36"
"39e3950e-b563-4b47-9548-4df18f7ca796"	"5d558eff-de13-4fa1-8b1f-62369b69dbc7"	"36"
"8ef8afff-430d-4c3b-ba03-64c6af153178"	"0faf637f-8eac-4424-982d-0ed1e7266466"	"124"
"ea27661c-74a7-452c-a4e1-579bd5095a5b"	"0faf637f-8eac-4424-982d-0ed1e7266466"	"124"
"97bf57d5-e7b0-4b5f-922f-9dfc80ad002a"	"0faf637f-8eac-4424-982d-0ed1e7266466"	"124"
"54c19864-8d16-41e8-b7a4-6eefc9fb615e"	"ed29496e-64d4-49b6-a98b-553214ad4d62"	"102"
"246f3460-697e-453f-bfa3-c8a0fc7c7ceb"	"2614a156-2ae6-4fb9-871d-194a82d9a476"	"128"
"34e8a1a8-1960-45f9-8fcc-c580b7579e3e"	"08dacdb1-12fd-40aa-8395-4bfc3f32c351"	"32"
"2299ab1f-c9ed-477b-ab7e-440f02a2a1d1"	"08dacdb1-12fd-40aa-8395-4bfc3f32c351"	"32"
"be0e0502-c795-4628-a484-5b3a9df2f401"	"ee02c112-0d8d-4478-aaea-35df8998640b"	"129"
"247e516e-5973-4f5c-bf34-aded1c93ef3b"	"ee02c112-0d8d-4478-aaea-35df8998640b"	"129"
"3b8dd324-d973-4e67-a946-ee22c471ab2e"	"ee02c112-0d8d-4478-aaea-35df8998640b"	"129"
"3e9926a7-00db-4f53-be69-3d0f76a2fca3"	"ee02c112-0d8d-4478-aaea-35df8998640b"	"129"
"2e3e3cb8-0833-4b9f-a49d-2e50e05e84ad"	"ee02c112-0d8d-4478-aaea-35df8998640b"	"129"
"1e94b250-4b46-490f-8c67-913abc0b7068"	"ee02c112-0d8d-4478-aaea-35df8998640b"	"129"
"d93055a4-a3ff-48bf-82e4-5da09c7ef9ee"	"3a06944c-10cc-43ff-9aa4-b1cd9aad0d85"	"77"
"622cde6e-07ad-4562-ae9f-33fea4037152"	"48088733-f361-43f1-8be0-cfd91663e54a"	"56"
"76aa9121-2624-4a2d-a578-07160c248d90"	"12f0feea-72e0-4581-b9aa-3aeb2681eb00"	"56"
"cb5ac4d0-5247-449b-b619-76695981fc25"	"ec38b338-aff9-4aa1-91ff-a4b597fe8682"	"86"
"dd9ce334-a002-4eaf-89fc-c81d32f71c1d"	"3af5d7e6-e74e-4542-9cea-83e5ef432ca6"	"56"
"2f54f148-3014-430f-9d6c-ab2cd821479e"	"8fcf0f18-ebf7-4b98-a185-4fd6be4b884f"	"56"
"2f54f148-3014-430f-9d6c-ab2cd821479e"	"df47311e-6096-469a-b2dc-e1f203184d37"	"56"
"5d8d1e15-af76-4a49-a44c-77847b4bdb30"	"d81ec512-6557-484e-9d92-a9a7134ae09a"	"56"
"4c335bfa-f4b9-4065-9957-a638ee30b317"	"d81ec512-6557-484e-9d92-a9a7134ae09a"	"56"
"e21404cd-9746-4268-b078-02fedf551aa8"	"8e0d1425-c991-432f-9f0e-999cc1bc47d1"	"56"
"a58f67e6-2252-41a8-97c3-11172431ed9e"	"8e0d1425-c991-432f-9f0e-999cc1bc47d1"	"56"
"724a9902-b201-419d-8cf5-3831bfdd6e2f"	"449e89d7-3c17-48e8-bfc6-1c262b59c28b"	"27"
"56bf2c32-5d8f-43c8-b466-0b3ab23555b3"	"3e003103-5160-447d-b7fb-425141068db7"	"27"
"a8383e3a-b654-49ba-909a-efce6342dfd7"	"3e003103-5160-447d-b7fb-425141068db7"	"27"
"cf19b0ff-2d69-433d-84f6-66498661854f"	"3e003103-5160-447d-b7fb-425141068db7"	"27"
"ce03ed74-e992-416e-8a5c-c3a6f959d8c3"	"3e003103-5160-447d-b7fb-425141068db7"	"27"
"dcea8e1e-a3c9-4b65-9a03-795d57a18663"	"3e003103-5160-447d-b7fb-425141068db7"	"27"
"b217e597-f4e5-47ed-8f7f-7d088b78b50d"	"3e003103-5160-447d-b7fb-425141068db7"	"27"
"e50e2396-82fb-4ba7-a9ac-b0b14fc51c1c"	"3e003103-5160-447d-b7fb-425141068db7"	"27"
"d9646916-bddd-4615-ab15-a876faec3365"	"ddbf031d-1cae-4178-bec7-b7b3872bbc19"	"56"
"d7762225-fc28-4985-93e3-959313ec3908"	"ddbf031d-1cae-4178-bec7-b7b3872bbc19"	"56"
"91847f0e-f145-44c8-8e54-3db1ab76f634"	"8a12fa68-8606-4931-a302-2a9b1c4b2ed6"	"121"
"c1a90126-3760-4f87-97d0-43848099c24e"	"8a12fa68-8606-4931-a302-2a9b1c4b2ed6"	"121"
"5f3dc959-5d8e-447e-87fc-fee6f655e5fc"	"8a12fa68-8606-4931-a302-2a9b1c4b2ed6"	"121"
"3026c3fb-7774-4fbe-9895-b846a302f1f0"	"38692558-2439-4698-9f7e-0d290b2ff02c"	"56"
"2cbb7a22-5f34-4164-b92b-b661ef68459c"	"38692558-2439-4698-9f7e-0d290b2ff02c"	"56"
"9a24c268-9c38-4e41-a28d-f2b4305d4e0c"	"38692558-2439-4698-9f7e-0d290b2ff02c"	"56"
"2a32e05e-6db9-45e3-b1d8-d7f65db2d58e"	"38692558-2439-4698-9f7e-0d290b2ff02c"	"56"
"3292cfb5-7ae8-440b-bd3e-c44552d32d5f"	"38692558-2439-4698-9f7e-0d290b2ff02c"	"56"
"50760186-3ab2-4ee4-a319-be5853631af5"	"38692558-2439-4698-9f7e-0d290b2ff02c"	"56"
"8df12251-a615-45ac-9f3a-567df91bb847"	"38692558-2439-4698-9f7e-0d290b2ff02c"	"56"
"aebe49f5-8eb5-4ae3-b6bb-958d2a9f2961"	"38692558-2439-4698-9f7e-0d290b2ff02c"	"56"
"1775361b-74e3-46d2-8bd0-ae11a4d6a0ce"	"f4c99904-051d-414e-8468-c05fde569ef3"	"56"
"d73b7125-e244-4335-9bd8-1a275888a9dd"	"a8be73eb-3288-424f-b023-74be380f8a51"	"56"
"e79a2a95-c449-44b4-be8c-2f33b97b89a6"	"a7a857f8-eef2-421a-823c-3e4b5e8c05a0"	"27"
"2cdd01f2-d4f5-49a2-aa9e-6777968e228d"	"a7a857f8-eef2-421a-823c-3e4b5e8c05a0"	"27"
"71c84293-27c2-4036-ab94-f4b31cfc2ef1"	"a7a857f8-eef2-421a-823c-3e4b5e8c05a0"	"27"
"2a81f715-6e36-491c-9f67-fcbca6e35c24"	"a7a857f8-eef2-421a-823c-3e4b5e8c05a0"	"27"
"6698b821-5ed1-41aa-9230-d01d24eaf8fd"	"a7a857f8-eef2-421a-823c-3e4b5e8c05a0"	"27"
"f00c892c-c181-4c77-9539-64c546010e4c"	"a7a857f8-eef2-421a-823c-3e4b5e8c05a0"	"27"
"ea9fa2df-9931-4616-957c-69685ac6066b"	"a7a857f8-eef2-421a-823c-3e4b5e8c05a0"	"27"
"381ed5dc-9570-4c73-85a8-72cfcad78761"	"a7a857f8-eef2-421a-823c-3e4b5e8c05a0"	"27"
"7128d536-c50a-4831-9d03-408ea88f6eca"	"a7a857f8-eef2-421a-823c-3e4b5e8c05a0"	"27"
"606a3ee4-ed4e-4f3a-b283-f1b8a4202a9c"	"a7a857f8-eef2-421a-823c-3e4b5e8c05a0"	"27"
"45f709ab-a62c-4cf2-ac5d-2bff6ebc3f1f"	"a7a857f8-eef2-421a-823c-3e4b5e8c05a0"	"27"
"20566354-67db-4b03-997a-3ba827b2c20e"	"a7a857f8-eef2-421a-823c-3e4b5e8c05a0"	"27"
"8c214582-a150-4d69-8b2e-9177495cd14b"	"a7a857f8-eef2-421a-823c-3e4b5e8c05a0"	"27"
"17a4bd67-72b2-4539-81d5-ad05bf910aaa"	"a7a857f8-eef2-421a-823c-3e4b5e8c05a0"	"27"
"3ac0decf-b107-456b-a3f3-3f540f576c0b"	"a7a857f8-eef2-421a-823c-3e4b5e8c05a0"	"27"
"9539cc8c-b2a1-47f2-969d-30d990764f94"	"a7a857f8-eef2-421a-823c-3e4b5e8c05a0"	"27"
"1154c13e-96c0-41b5-8a8a-6efce7138997"	"a7a857f8-eef2-421a-823c-3e4b5e8c05a0"	"27"
"1f997d75-89d6-408a-b5ec-9121c927b8d6"	"a7a857f8-eef2-421a-823c-3e4b5e8c05a0"	"27"
"83b3d647-05c5-4baa-a1be-c9a9abb2f5cf"	"a7a857f8-eef2-421a-823c-3e4b5e8c05a0"	"27"
"25ae7e63-7ae4-47d6-84f7-68229756b96b"	"a7a857f8-eef2-421a-823c-3e4b5e8c05a0"	"27"
"77ba115d-25d6-4360-8675-b33cfe09237d"	"a7a857f8-eef2-421a-823c-3e4b5e8c05a0"	"27"
"1b3366f1-9568-4608-838c-e17b4d860a94"	"a7a857f8-eef2-421a-823c-3e4b5e8c05a0"	"27"
"9be035c5-3125-4ce1-ab63-0366818c4a80"	"a7a857f8-eef2-421a-823c-3e4b5e8c05a0"	"27"
"590d9c2b-f6d8-473a-8913-27de67ca5564"	"fce8d0ce-07d5-4530-b508-a782d8612064"	"27"
"46b34b80-72b5-4f89-947e-01a559198a08"	"8a30eda0-e09d-4a3b-ba8a-711c9c59b2fd"	"32"
"60325998-cc97-46c5-a7f6-47adf90c252f"	"8a30eda0-e09d-4a3b-ba8a-711c9c59b2fd"	"32"
"43f97386-0760-41a6-b0d6-e843b8803631"	"8a30eda0-e09d-4a3b-ba8a-711c9c59b2fd"	"32"
"d3ccbb9c-e777-407b-9a97-7d80f26365ba"	"8a30eda0-e09d-4a3b-ba8a-711c9c59b2fd"	"32"
"6ee5c331-fc1a-4d8c-ad45-02394a79f2bf"	"8a30eda0-e09d-4a3b-ba8a-711c9c59b2fd"	"32"
"c2b88e69-fdd2-4c99-b247-dd897ca7bc47"	"8a30eda0-e09d-4a3b-ba8a-711c9c59b2fd"	"32"
"80ae4a8c-bdb3-4771-a5da-5bc7c375bb4c"	"8a30eda0-e09d-4a3b-ba8a-711c9c59b2fd"	"32"
"6e7db8da-e003-40ee-aa9e-06011223250b"	"8a30eda0-e09d-4a3b-ba8a-711c9c59b2fd"	"32"
"03e3e9e8-30cd-4a8a-8d18-4b6b9af6b6c9"	"8a30eda0-e09d-4a3b-ba8a-711c9c59b2fd"	"32"
"c2e0b4ca-9ce7-4685-85c9-27054a3ba689"	"8a30eda0-e09d-4a3b-ba8a-711c9c59b2fd"	"32"
"a3591b81-0ab7-49b1-a57b-4ef58955720e"	"8a30eda0-e09d-4a3b-ba8a-711c9c59b2fd"	"32"
"978df2a9-47e5-4338-ab23-5dac4d7a51e7"	"8a30eda0-e09d-4a3b-ba8a-711c9c59b2fd"	"32"
"db74487f-1e30-4bf2-9661-0c853eb6b2f1"	"8a30eda0-e09d-4a3b-ba8a-711c9c59b2fd"	"32"
"50e8e484-43b5-4ebe-8b35-e35746089ab1"	"8a30eda0-e09d-4a3b-ba8a-711c9c59b2fd"	"32"
"bd25a916-9871-40df-8a3e-ac9342b8e27d"	"8a30eda0-e09d-4a3b-ba8a-711c9c59b2fd"	"32"
"21d9cc96-72e0-4664-b1f3-e2c14b21f2c9"	"11d005c7-18a9-4680-82b7-5cfa73850c70"	"33"
"d1db17ea-04f5-4116-b568-2662d0d3b32a"	"11d005c7-18a9-4680-82b7-5cfa73850c70"	"33"
"0e2c976f-71e6-4cff-b8be-65f0eb83eba6"	"11d005c7-18a9-4680-82b7-5cfa73850c70"	"33"
"af409252-e28e-4fd0-a50e-b3cabbb0084c"	"11d005c7-18a9-4680-82b7-5cfa73850c70"	"33"
"c9b86566-083b-42e6-a69a-fb10849359ff"	"11d005c7-18a9-4680-82b7-5cfa73850c70"	"33"
"eba5c298-ade8-455f-b673-1eeb60fc580c"	"11d005c7-18a9-4680-82b7-5cfa73850c70"	"33"
"84b63468-1945-4338-80e4-9f689e7de3ee"	"11d005c7-18a9-4680-82b7-5cfa73850c70"	"33"
"789ea1cf-ac7d-47fd-bf77-653bfcf0d232"	"11d005c7-18a9-4680-82b7-5cfa73850c70"	"33"
"fd786322-af20-4e4c-bcf0-f3a19eb6287f"	"1a70d56b-27b9-4c54-93ce-a0ef6a1eb8b2"	"129"
"478b8040-e412-40c2-973c-78b3bcd3187c"	"1a70d56b-27b9-4c54-93ce-a0ef6a1eb8b2"	"129"
"1c1e2821-aed2-4b20-a4af-cb6b482f190c"	"1a70d56b-27b9-4c54-93ce-a0ef6a1eb8b2"	"129"
"2543ea21-aaf6-4edc-bb43-4999a0790ced"	"1a70d56b-27b9-4c54-93ce-a0ef6a1eb8b2"	"129"
"d47f5770-8b27-415d-9dc3-9aa7f8628ea4"	"2eebda80-48f1-4d99-8f33-14ba93d065e3"	"27"
"5bbbd62e-72cf-4387-b74d-45e827339bfa"	"2eebda80-48f1-4d99-8f33-14ba93d065e3"	"27"
"6a114dc0-559f-4712-a644-003c0f8a5b12"	"2eebda80-48f1-4d99-8f33-14ba93d065e3"	"27"
"77731d3f-be04-448f-ab63-15ad7d919ce9"	"2eebda80-48f1-4d99-8f33-14ba93d065e3"	"27"
"cbc7fb7b-ce92-435d-a9c3-08799309f20b"	"2eebda80-48f1-4d99-8f33-14ba93d065e3"	"27"
"af83124e-ce47-41ba-94df-a86b3a1a42c4"	"2eebda80-48f1-4d99-8f33-14ba93d065e3"	"27"
"6a067353-69ad-4008-9ca8-920a117983f1"	"2eebda80-48f1-4d99-8f33-14ba93d065e3"	"27"
"75247b6f-b052-4e9a-a5ee-264c951cdda9"	"2eebda80-48f1-4d99-8f33-14ba93d065e3"	"27"
"22e457b9-5e21-43c9-8448-b0c8bd13bb23"	"2eebda80-48f1-4d99-8f33-14ba93d065e3"	"27"
"de10c44d-c03c-43d7-951f-9eef823970f4"	"2eebda80-48f1-4d99-8f33-14ba93d065e3"	"27"
"cda0f4ca-e856-4d58-9fa2-84e8790c024e"	"2eebda80-48f1-4d99-8f33-14ba93d065e3"	"27"
"d9fd081c-3a45-4bbd-8b14-8c12ec84bf65"	"2eebda80-48f1-4d99-8f33-14ba93d065e3"	"27"
"620646b3-b246-4095-b871-246b7d604c67"	"2eebda80-48f1-4d99-8f33-14ba93d065e3"	"27"
"f9f17115-2f7a-43f8-80fa-df026c702445"	"2eebda80-48f1-4d99-8f33-14ba93d065e3"	"27"
"2211ffde-6aaa-4de9-82fa-0b8862c84c2a"	"2eebda80-48f1-4d99-8f33-14ba93d065e3"	"27"
"69b95f20-a4ad-4879-a578-3d5802dc4613"	"2eebda80-48f1-4d99-8f33-14ba93d065e3"	"27"
"1389b97e-661e-4f0f-baa0-1063b81b237f"	"2eebda80-48f1-4d99-8f33-14ba93d065e3"	"27"
"52f19599-6777-4443-b3ee-2c4a1ab94b52"	"2eebda80-48f1-4d99-8f33-14ba93d065e3"	"27"
"b50f8835-cd89-450d-ae1f-cb57d459289f"	"2eebda80-48f1-4d99-8f33-14ba93d065e3"	"27"
"9903c370-6da5-4f71-b727-3c47580f9bdf"	"2eebda80-48f1-4d99-8f33-14ba93d065e3"	"27"
"7ef84e96-f212-4e77-b29c-84cd7fb3a316"	"2eebda80-48f1-4d99-8f33-14ba93d065e3"	"27"
"a6389eeb-e584-4ef3-9f37-69100a149022"	"2eebda80-48f1-4d99-8f33-14ba93d065e3"	"27"
"d4b4702d-bc07-4504-b4c7-88fbe6da1437"	"2eebda80-48f1-4d99-8f33-14ba93d065e3"	"27"
"9899b684-ac9f-4abe-be77-5df7cbf505f0"	"2eebda80-48f1-4d99-8f33-14ba93d065e3"	"27"
"cf2656e7-770f-4efc-a500-fb7e5efe5175"	"2eebda80-48f1-4d99-8f33-14ba93d065e3"	"27"
"b507ba55-42af-44ef-9cf5-9a13f24d2fe5"	"2eebda80-48f1-4d99-8f33-14ba93d065e3"	"27"
"39759bf5-34de-4bab-8bd7-20102bc63433"	"2eebda80-48f1-4d99-8f33-14ba93d065e3"	"27"
"7e740e4c-f282-4fbb-b7ee-8f1557250aed"	"2eebda80-48f1-4d99-8f33-14ba93d065e3"	"27"
"f384f0e6-aebb-4d81-9b45-17bf04971cc0"	"2eebda80-48f1-4d99-8f33-14ba93d065e3"	"27"
"b6828118-f07c-4da9-aa21-2eeb728fd51f"	"2eebda80-48f1-4d99-8f33-14ba93d065e3"	"27"
"bd1e110b-94ca-46c6-8135-b1fe969aa06a"	"2eebda80-48f1-4d99-8f33-14ba93d065e3"	"27"
"cc7b3b36-0471-424e-8476-6b7e37e73990"	"2eebda80-48f1-4d99-8f33-14ba93d065e3"	"27"
"f116333d-0217-49e8-ac45-2e0e19a0b70f"	"2eebda80-48f1-4d99-8f33-14ba93d065e3"	"27"
"9280038c-6e85-4f88-854a-fad2a80965ef"	"2eebda80-48f1-4d99-8f33-14ba93d065e3"	"27"
"8be15897-1f73-44c4-8a83-edc397846cdd"	"2eebda80-48f1-4d99-8f33-14ba93d065e3"	"27"
"2675984a-25c1-44fe-aab7-eea2526cc7b1"	"2eebda80-48f1-4d99-8f33-14ba93d065e3"	"27"
"06e7b547-e811-46a9-a5a9-2fb03d91110b"	"2eebda80-48f1-4d99-8f33-14ba93d065e3"	"27"
"a5b2149f-f73b-4fad-a805-0f3afe3f0e8a"	"2eebda80-48f1-4d99-8f33-14ba93d065e3"	"27"
"da356fe2-45a2-406b-ae83-7f3700577e70"	"2eebda80-48f1-4d99-8f33-14ba93d065e3"	"27"
"153f436e-add8-4e4a-afdc-47f70229e0ed"	"2eebda80-48f1-4d99-8f33-14ba93d065e3"	"27"
"185d8e56-2f3f-4ee4-889c-9750ae1955d2"	"2eebda80-48f1-4d99-8f33-14ba93d065e3"	"27"
"1a497a4c-2b9c-403b-81aa-707aa3c69706"	"2eebda80-48f1-4d99-8f33-14ba93d065e3"	"27"
"602c392c-01d6-4059-aa29-8674c0a360e1"	"2eebda80-48f1-4d99-8f33-14ba93d065e3"	"27"
"dbe61336-6572-4c30-91c7-e7da54f2c9f9"	"2eebda80-48f1-4d99-8f33-14ba93d065e3"	"27"
"e51d064f-9967-42bb-b9b8-55a811a4a20e"	"2eebda80-48f1-4d99-8f33-14ba93d065e3"	"27"
"4785e344-e888-4360-b3a9-cf42e8195231"	"2eebda80-48f1-4d99-8f33-14ba93d065e3"	"27"
"c681726b-f146-43c0-891b-755bb5f20bad"	"2eebda80-48f1-4d99-8f33-14ba93d065e3"	"27"
"bf475c2a-915e-4c7e-93f3-49ff5d716a15"	"2eebda80-48f1-4d99-8f33-14ba93d065e3"	"27"
"7691dd04-c2b3-4d49-88f2-b5946d091e94"	"2eebda80-48f1-4d99-8f33-14ba93d065e3"	"27"
"3e8a3ba2-2bde-4fff-af3d-d1dcb87b16ed"	"7366ceb7-820f-48dc-ab20-80a2a2f35f28"	"27"
"0df66c73-92f3-4294-a5b4-6a6443935bbe"	"7366ceb7-820f-48dc-ab20-80a2a2f35f28"	"27"
"9ccd396f-383d-4073-8095-a0df6a4df685"	"7366ceb7-820f-48dc-ab20-80a2a2f35f28"	"27"
"cfa2777e-e1f8-45a0-b0e7-f6e71c77f0a0"	"7366ceb7-820f-48dc-ab20-80a2a2f35f28"	"27"
"6efa5b40-259e-455e-abbe-860182274409"	"7366ceb7-820f-48dc-ab20-80a2a2f35f28"	"27"
"d470ccec-e9cd-49ae-817e-cadf281a95f5"	"7366ceb7-820f-48dc-ab20-80a2a2f35f28"	"27"
"3ff6f560-8442-48e8-8992-63604a88481f"	"7366ceb7-820f-48dc-ab20-80a2a2f35f28"	"27"
"e3dfeee6-5c0f-4990-8206-23775c51d646"	"7366ceb7-820f-48dc-ab20-80a2a2f35f28"	"27"
"60a32e19-377d-42a2-a214-2ac906b016fd"	"7366ceb7-820f-48dc-ab20-80a2a2f35f28"	"27"
"5953cca8-b5fd-43da-b69f-8bd73304c96d"	"7366ceb7-820f-48dc-ab20-80a2a2f35f28"	"27"
"4b4254c7-e613-4471-b7ad-a14a1552e4e1"	"7366ceb7-820f-48dc-ab20-80a2a2f35f28"	"27"
"19917443-f785-408a-8ccb-86a4405d83b8"	"7366ceb7-820f-48dc-ab20-80a2a2f35f28"	"27"
"71565459-25e7-475e-be5c-340fa0c91206"	"7366ceb7-820f-48dc-ab20-80a2a2f35f28"	"27"
"197f9191-3cf0-4f1c-916e-0bc24dd4d2e6"	"7366ceb7-820f-48dc-ab20-80a2a2f35f28"	"27"
"6247b299-ea40-411d-826a-22f1c18a1251"	"7366ceb7-820f-48dc-ab20-80a2a2f35f28"	"27"
"b898c656-51a0-4a23-82fd-2775484365fc"	"7366ceb7-820f-48dc-ab20-80a2a2f35f28"	"27"
"fce878a1-7fe2-4350-8a3e-db06cfabcacd"	"7366ceb7-820f-48dc-ab20-80a2a2f35f28"	"27"
"038b2e25-8011-49be-97ab-b285738623ec"	"7366ceb7-820f-48dc-ab20-80a2a2f35f28"	"27"
"1a0513c0-e8cb-4bd4-96b4-ff710a1e5434"	"7366ceb7-820f-48dc-ab20-80a2a2f35f28"	"27"
"c83b8906-4fd6-445a-83e3-39e9cbb17d75"	"7366ceb7-820f-48dc-ab20-80a2a2f35f28"	"27"
"bfd42f18-5a87-410a-afbe-8683feabf292"	"7366ceb7-820f-48dc-ab20-80a2a2f35f28"	"27"
"bceda0f9-6f7c-4e8e-aa34-fcf4003b5ad0"	"7366ceb7-820f-48dc-ab20-80a2a2f35f28"	"27"
"047a0eef-f316-492c-97e4-4f71a02f5ae6"	"6b6f6ca5-1d90-47d6-aa3e-f46b7c589ca4"	"11"
"21a0adad-48ac-45d4-b812-58449b42f4d6"	"1c4a3ef7-2ccf-4612-8c0a-0c0446c00537"	"6"
"646e335e-ec1b-4fcf-a8fe-a453f34cd9b8"	"be39feab-b5f5-4cfa-8616-03494e1f824d"	"27"
"ce453f9e-bf93-45da-bc29-9de4e60c8fca"	"162fc3d6-cd38-4e2e-9049-8d86b5acc4fc"	"32"
"aca68721-2f7c-4b8a-809f-b79eed92d10d"	"2eebda80-48f1-4d99-8f33-14ba93d065e3"	"27"
"ed39be2f-af28-4a86-894f-264b48742fc7"	"2eebda80-48f1-4d99-8f33-14ba93d065e3"	"27"
"0404bc5a-1197-4c50-b8e7-1b2090f7c58c"	"2eebda80-48f1-4d99-8f33-14ba93d065e3"	"27"
"8d7142cd-499d-465e-83ae-a359591ab205"	"2eebda80-48f1-4d99-8f33-14ba93d065e3"	"27"
"88f37843-b995-4c1f-9dde-578da70977a5"	"2eebda80-48f1-4d99-8f33-14ba93d065e3"	"27"
"6d003e84-9448-4a44-96b4-9c09537b5b2a"	"2eebda80-48f1-4d99-8f33-14ba93d065e3"	"27"
"5ddf1c50-4266-4860-b35c-f752433d29c6"	"2eebda80-48f1-4d99-8f33-14ba93d065e3"	"27"
"bb59755d-b2d9-41ca-882e-a27043e723de"	"2eebda80-48f1-4d99-8f33-14ba93d065e3"	"27"
"48e77520-50d7-4964-9855-9055893eb2c6"	"2eebda80-48f1-4d99-8f33-14ba93d065e3"	"27"
"f1da5213-c723-42bc-9e98-ce9c70a20d70"	"2eebda80-48f1-4d99-8f33-14ba93d065e3"	"27"
"fe92a304-b77a-436f-ac64-b83c4e7127fa"	"2eebda80-48f1-4d99-8f33-14ba93d065e3"	"27"
"c654b2db-edbb-4580-9fa4-23bd30db5173"	"2eebda80-48f1-4d99-8f33-14ba93d065e3"	"27"
"97034367-f9fc-4158-ba9d-f455e046d01f"	"2eebda80-48f1-4d99-8f33-14ba93d065e3"	"27"
"d3603b05-a5a8-4290-a802-3c3f480bb0c0"	"2eebda80-48f1-4d99-8f33-14ba93d065e3"	"27"
"d5e8baeb-6b11-44bb-b854-b763e8ec95fa"	"2eebda80-48f1-4d99-8f33-14ba93d065e3"	"27"
"3e98f7da-5023-4cc6-b6b9-950d34ab7a89"	"2eebda80-48f1-4d99-8f33-14ba93d065e3"	"27"
"f0c3d61e-8211-4ddf-929b-6b046a71a3ae"	"246fbd9a-02ac-4a45-8e0e-ba3ae7bbffd8"	"56"
"33a0a684-472c-4370-a863-8ea22c3debd6"	"246fbd9a-02ac-4a45-8e0e-ba3ae7bbffd8"	"56"
"20b6c5f9-bcf0-41ef-954e-25b875d59e3d"	"905ea98a-7c78-430f-884a-fa9debf0c386"	"138"
"eb04fc98-0968-450a-bdf0-89ef7c1d8348"	"905ea98a-7c78-430f-884a-fa9debf0c386"	"138"
"46031ccd-72cf-47a9-98d4-660fa470c554"	"905ea98a-7c78-430f-884a-fa9debf0c386"	"138"
"f1a8ff5a-9237-4f33-bfd1-5fd88f631697"	"905ea98a-7c78-430f-884a-fa9debf0c386"	"138"
"10c2abd9-f3e1-44f9-b486-d1957741f1db"	"905ea98a-7c78-430f-884a-fa9debf0c386"	"138"
"337b85ad-ee9f-4a56-a9fa-12852d43ef3c"	"905ea98a-7c78-430f-884a-fa9debf0c386"	"138"
"d50537c9-71d6-473e-85c2-f2e796c247af"	"905ea98a-7c78-430f-884a-fa9debf0c386"	"138"
"ad7943f9-f988-44de-bd1e-7d9aa11ff947"	"905ea98a-7c78-430f-884a-fa9debf0c386"	"138"
"90c77d9f-6f0c-43ed-91dc-d15a898f8fbd"	"905ea98a-7c78-430f-884a-fa9debf0c386"	"138"
"8178ab67-16da-4a08-b0b5-6c60d76513a0"	"905ea98a-7c78-430f-884a-fa9debf0c386"	"138"
"841ec542-42fc-43ad-a0b6-923ed41639be"	"905ea98a-7c78-430f-884a-fa9debf0c386"	"138"
"5a7235c1-633e-44cd-bd9b-414cc1922a9e"	"905ea98a-7c78-430f-884a-fa9debf0c386"	"138"
"eb7f7566-1a8b-4e7a-94e1-3942fd4f08c8"	"905ea98a-7c78-430f-884a-fa9debf0c386"	"138"
"97eac5ef-3392-4698-b4e7-833e2f029946"	"905ea98a-7c78-430f-884a-fa9debf0c386"	"138"
"3dc633e8-8b42-48dd-8d87-553837075e31"	"905ea98a-7c78-430f-884a-fa9debf0c386"	"138"
"b401ae0a-60cc-4458-8515-3dfdbe5dca4e"	"905ea98a-7c78-430f-884a-fa9debf0c386"	"138"
"a819cfae-5ab7-4d7c-97f5-c2aa269551f3"	"905ea98a-7c78-430f-884a-fa9debf0c386"	"138"
"8cfb5278-88f6-46c0-bb82-de9955b78213"	"905ea98a-7c78-430f-884a-fa9debf0c386"	"138"
"2aeb5e35-9d47-4dc5-a73e-9064d46cf4d1"	"905ea98a-7c78-430f-884a-fa9debf0c386"	"138"
"cc327551-fdfc-4ad7-8b31-5a4278f6bf24"	"905ea98a-7c78-430f-884a-fa9debf0c386"	"138"
"c9b058be-a187-491d-af92-3120f721aa52"	"905ea98a-7c78-430f-884a-fa9debf0c386"	"138"
"30dc87e7-654d-4b28-be31-b74c136f71dd"	"f4f35779-0847-401f-8d7f-b6f77e240f14"	"86"
"ee51177c-175f-4746-bd6d-53d8c36b76b2"	"f4f35779-0847-401f-8d7f-b6f77e240f14"	"86"
"ee393021-566c-48bb-b7b3-0398f14be791"	"f4f35779-0847-401f-8d7f-b6f77e240f14"	"86"
"82d7b718-7c30-4751-86e4-2319814f4265"	"f4f35779-0847-401f-8d7f-b6f77e240f14"	"86"
"c3045dc7-b3bf-4355-8743-97bdfb5b647e"	"f4f35779-0847-401f-8d7f-b6f77e240f14"	"86"
"d4984151-9a72-43f4-81ca-4c358350ee1b"	"f4f35779-0847-401f-8d7f-b6f77e240f14"	"86"
"4d31154d-22d7-482f-8b03-c73c0dbd71f4"	"f4f35779-0847-401f-8d7f-b6f77e240f14"	"86"
"da976d99-9c2c-44dc-8be6-5deae3ce58e3"	"72507bd6-7867-45d8-a936-b0655212b4bf"	"104"
"da976d99-9c2c-44dc-8be6-5deae3ce58e3"	"bda115b2-7968-41f5-b6e9-2bc61537c64b"	"77"
"161c696f-6ae7-4366-8b22-0233946b8e51"	"72507bd6-7867-45d8-a936-b0655212b4bf"	"104"
"161c696f-6ae7-4366-8b22-0233946b8e51"	"bda115b2-7968-41f5-b6e9-2bc61537c64b"	"77"
"be8126c0-f5dd-42d8-a8e6-b0c8344c9200"	"72507bd6-7867-45d8-a936-b0655212b4bf"	"104"
"be8126c0-f5dd-42d8-a8e6-b0c8344c9200"	"bda115b2-7968-41f5-b6e9-2bc61537c64b"	"77"
"354574d1-d9d2-434d-b3fc-ff4b9e98f500"	"72507bd6-7867-45d8-a936-b0655212b4bf"	"104"
"354574d1-d9d2-434d-b3fc-ff4b9e98f500"	"bda115b2-7968-41f5-b6e9-2bc61537c64b"	"77"
"57e9e0cb-dc22-4bb8-af39-f40743b9fa20"	"72507bd6-7867-45d8-a936-b0655212b4bf"	"104"
"57e9e0cb-dc22-4bb8-af39-f40743b9fa20"	"bda115b2-7968-41f5-b6e9-2bc61537c64b"	"77"
"03eb9c36-3ab8-4912-b6ba-23d48df43112"	"72507bd6-7867-45d8-a936-b0655212b4bf"	"104"
"03eb9c36-3ab8-4912-b6ba-23d48df43112"	"bda115b2-7968-41f5-b6e9-2bc61537c64b"	"77"
"768bba0d-6448-4292-b897-b415bcd2c465"	"ca82e16b-9c43-470c-8c8d-5cb0f98806cd"	"56"
"de6e4902-c7b3-4cd2-a572-1299798e2aaa"	"ca82e16b-9c43-470c-8c8d-5cb0f98806cd"	"56"
"dbd75695-b153-4dec-b2c0-eaf9221bb92d"	"ca82e16b-9c43-470c-8c8d-5cb0f98806cd"	"56"
"ee1575f9-2a36-4781-9f4f-8cc1f5a1bc20"	"ca82e16b-9c43-470c-8c8d-5cb0f98806cd"	"56"
"51f10096-512f-420d-8e7f-d2263b0b08a4"	"ca82e16b-9c43-470c-8c8d-5cb0f98806cd"	"56"
"14a2d7fb-b94b-43cc-850d-8b765f2df2ad"	"63d77dbc-0982-4f12-8f3e-9b36a28a663c"	"128"
"bbb37dc0-9879-4cff-bd68-4bc7b0f2a3a9"	"63d77dbc-0982-4f12-8f3e-9b36a28a663c"	"128"
"ee69ecdb-bb54-45e7-986d-c36bdc0904e2"	"63d77dbc-0982-4f12-8f3e-9b36a28a663c"	"128"
"4ed9870f-bf87-4302-9e66-abf9c13229bf"	"63d77dbc-0982-4f12-8f3e-9b36a28a663c"	"128"
"8969580d-2f61-41a9-a1dd-2aa1d89b9863"	"63d77dbc-0982-4f12-8f3e-9b36a28a663c"	"128"
"09096398-9a91-43ef-aecb-aa225b2ca16b"	"63d77dbc-0982-4f12-8f3e-9b36a28a663c"	"128"
"5ce0a5e6-2f56-4d08-9410-fb3acd7f7999"	"63d77dbc-0982-4f12-8f3e-9b36a28a663c"	"128"
"6e654394-3e04-49c2-8c1a-60bdf9afe04a"	"63d77dbc-0982-4f12-8f3e-9b36a28a663c"	"128"
"85d98147-e81c-4e7d-a823-8fe889d07a6f"	"63d77dbc-0982-4f12-8f3e-9b36a28a663c"	"128"
"b631585f-9773-4f3b-a50d-b30628f1ed05"	"63d77dbc-0982-4f12-8f3e-9b36a28a663c"	"128"
"511bda64-45e9-4e52-92fb-338d689d74e8"	"63d77dbc-0982-4f12-8f3e-9b36a28a663c"	"128"
"34876c77-b36a-4849-9764-6c678ce76f8d"	"63d77dbc-0982-4f12-8f3e-9b36a28a663c"	"128"
"379205dd-4341-431d-81d7-ab3e1a42ee78"	"63d77dbc-0982-4f12-8f3e-9b36a28a663c"	"128"
"ec7d2211-e6bc-485a-9a7b-4550132daed2"	"63d77dbc-0982-4f12-8f3e-9b36a28a663c"	"128"
"3ae17e0a-b032-45c0-a965-5ed9ce0e4fac"	"63d77dbc-0982-4f12-8f3e-9b36a28a663c"	"128"
"1f64e76b-6de8-41a5-8782-a70f1ff73ec8"	"63d77dbc-0982-4f12-8f3e-9b36a28a663c"	"128"
"58a04489-66d2-494b-90df-9a41a968f821"	"63d77dbc-0982-4f12-8f3e-9b36a28a663c"	"128"
"e842fd4b-e56b-480a-a041-e006f2dc172b"	"63d77dbc-0982-4f12-8f3e-9b36a28a663c"	"128"
"b2264dae-b885-4c0c-8ede-b2d9fcb81119"	"63d77dbc-0982-4f12-8f3e-9b36a28a663c"	"128"
"02481b74-c448-4dd0-9fdc-5e116325d234"	"63d77dbc-0982-4f12-8f3e-9b36a28a663c"	"128"
"1da4eaa3-4b2d-4271-ac64-ced488b99d89"	"63d77dbc-0982-4f12-8f3e-9b36a28a663c"	"128"
"8e29e435-e4f6-4fff-bafc-51bf01d9ff1c"	"63d77dbc-0982-4f12-8f3e-9b36a28a663c"	"128"
"483aa948-eaa6-4487-b952-e3614b2af7bc"	"63d77dbc-0982-4f12-8f3e-9b36a28a663c"	"128"
"c215e8b2-ac83-4bbf-aa66-f20886a23169"	"63d77dbc-0982-4f12-8f3e-9b36a28a663c"	"128"
"814d0590-f0fe-455c-abf9-0a3b6d7cafa2"	"63d77dbc-0982-4f12-8f3e-9b36a28a663c"	"128"
"dd84c2be-d38d-4260-af54-eed50781678a"	"63d77dbc-0982-4f12-8f3e-9b36a28a663c"	"128"
"646bb669-cd15-4504-b082-3261eb278702"	"63d77dbc-0982-4f12-8f3e-9b36a28a663c"	"128"
"3cc35d3f-9373-4dbb-9c95-0f2803310cbd"	"63d77dbc-0982-4f12-8f3e-9b36a28a663c"	"128"
"67c20ce7-19cd-4120-b458-40d883ec0d0d"	"63d77dbc-0982-4f12-8f3e-9b36a28a663c"	"128"
"91e3c357-560d-4aa1-8a24-7d564ad0e2ef"	"63d77dbc-0982-4f12-8f3e-9b36a28a663c"	"128"
"bfc59793-29b5-46b2-b227-0866b1c3a3e2"	"63d77dbc-0982-4f12-8f3e-9b36a28a663c"	"128"
"319ec48c-b647-4783-8624-d0a75930636f"	"63d77dbc-0982-4f12-8f3e-9b36a28a663c"	"128"
"5078b647-954c-46d0-be69-2c7c10a110a0"	"63d77dbc-0982-4f12-8f3e-9b36a28a663c"	"128"
"3bc9671b-d093-4780-af94-012b033adaa9"	"63d77dbc-0982-4f12-8f3e-9b36a28a663c"	"128"
"85025139-7a4f-4911-bb9c-4d2bda3e74eb"	"63d77dbc-0982-4f12-8f3e-9b36a28a663c"	"128"
"e6b4dcc2-456d-4910-a999-d4eb759f440a"	"63d77dbc-0982-4f12-8f3e-9b36a28a663c"	"128"
"f07d1e5a-356f-49ea-a2a7-7ac864bf6e40"	"63d77dbc-0982-4f12-8f3e-9b36a28a663c"	"128"
"9bf8ac27-3281-4d1f-b081-31174cc76ecc"	"63d77dbc-0982-4f12-8f3e-9b36a28a663c"	"128"
"eb9e9199-d0e8-48aa-86f7-e2de2943a8ee"	"63d77dbc-0982-4f12-8f3e-9b36a28a663c"	"128"
"0ab82746-e385-45a5-8850-e7d04b25cf20"	"63d77dbc-0982-4f12-8f3e-9b36a28a663c"	"128"
"d794635b-d5f8-4a4d-81f0-2f39d7f1d42e"	"63d77dbc-0982-4f12-8f3e-9b36a28a663c"	"128"
"3c913866-5d78-4971-a6e4-4918f05b7a88"	"63d77dbc-0982-4f12-8f3e-9b36a28a663c"	"128"
"88baee10-bc30-4dac-977d-3c215160e6f9"	"63d77dbc-0982-4f12-8f3e-9b36a28a663c"	"128"
"4aa49e45-1b9b-440a-b65a-e533c99fefec"	"63d77dbc-0982-4f12-8f3e-9b36a28a663c"	"128"
"184e689f-bc60-41b2-b2c2-1e0919ff2c24"	"63d77dbc-0982-4f12-8f3e-9b36a28a663c"	"128"
"8aaf22ba-e062-4a20-b3a0-3ba5cff56bdc"	"63d77dbc-0982-4f12-8f3e-9b36a28a663c"	"128"
"63a25633-254a-4531-b0d1-a5beecaaa43a"	"63d77dbc-0982-4f12-8f3e-9b36a28a663c"	"128"
"f9d74c70-1778-475e-a52a-ad310b968068"	"63d77dbc-0982-4f12-8f3e-9b36a28a663c"	"128"
"89ff1a57-b1f2-44a5-88e8-06f00524f6e4"	"63d77dbc-0982-4f12-8f3e-9b36a28a663c"	"128"
"94ac2b4b-b8f2-4663-a1e7-fd9c523b6944"	"63d77dbc-0982-4f12-8f3e-9b36a28a663c"	"128"
"71819007-7c88-48e2-8a75-006ac1a2809a"	"63d77dbc-0982-4f12-8f3e-9b36a28a663c"	"128"
"fb225f55-eea7-4a3e-87e4-b83f1db8e373"	"63d77dbc-0982-4f12-8f3e-9b36a28a663c"	"128"
"3721e89a-314f-45ab-93f4-63115952dad0"	"63d77dbc-0982-4f12-8f3e-9b36a28a663c"	"128"
"770a829e-7b66-4c11-add7-02f18a16a415"	"63d77dbc-0982-4f12-8f3e-9b36a28a663c"	"128"
"a5149b81-ac78-4e4c-bcfe-a5e2bf9dfdd1"	"63d77dbc-0982-4f12-8f3e-9b36a28a663c"	"128"
"12b6934c-8d60-47b0-b186-3510778d5b58"	"63d77dbc-0982-4f12-8f3e-9b36a28a663c"	"128"
"69316ea5-21f5-43fa-b15c-874789b008a3"	"63d77dbc-0982-4f12-8f3e-9b36a28a663c"	"128"
"f3fc867a-a45c-4d18-88c4-40ec4b47b77d"	"63d77dbc-0982-4f12-8f3e-9b36a28a663c"	"128"
"e40fc7cb-5900-4f11-9a3d-be0b93e281f8"	"63d77dbc-0982-4f12-8f3e-9b36a28a663c"	"128"
"8228311e-9b6a-476a-b5f7-a5fdc80b39a0"	"63d77dbc-0982-4f12-8f3e-9b36a28a663c"	"128"
"3da35b05-4e14-44e9-afdd-c873b107d15c"	"63d77dbc-0982-4f12-8f3e-9b36a28a663c"	"128"
"717fa3a6-01fb-4aed-b573-05eb56ca7df0"	"63d77dbc-0982-4f12-8f3e-9b36a28a663c"	"128"
"73011a12-e248-4808-bd62-1328d79df343"	"63d77dbc-0982-4f12-8f3e-9b36a28a663c"	"128"
"0480a604-1ebb-4d1a-be45-7a5415ae0c89"	"63d77dbc-0982-4f12-8f3e-9b36a28a663c"	"128"
"64ab4e73-7f1b-4f24-bad5-b769fd29bb59"	"63d77dbc-0982-4f12-8f3e-9b36a28a663c"	"128"
"bf9ba15f-448f-48f2-89d7-8dbc9b4c3af1"	"63d77dbc-0982-4f12-8f3e-9b36a28a663c"	"128"
"56c91ecc-44e8-4304-9417-aa1bfd8bb816"	"63d77dbc-0982-4f12-8f3e-9b36a28a663c"	"128"
"113fc41e-3025-45a9-a882-713585520947"	"63d77dbc-0982-4f12-8f3e-9b36a28a663c"	"128"
"f32da249-b611-4641-92b0-07ec53e33175"	"63d77dbc-0982-4f12-8f3e-9b36a28a663c"	"128"
"0184b93d-31ea-4295-8396-489e4cadde44"	"63d77dbc-0982-4f12-8f3e-9b36a28a663c"	"128"
"c3b7472c-eb12-41f8-bf8b-ce08ad6a3039"	"63d77dbc-0982-4f12-8f3e-9b36a28a663c"	"128"
"77e9bdda-3174-4abe-ab37-f0613dcf04b3"	"63d77dbc-0982-4f12-8f3e-9b36a28a663c"	"128"
"e9ab036c-99af-4ea5-b8c7-c4f0d2e9e643"	"63d77dbc-0982-4f12-8f3e-9b36a28a663c"	"128"
"90280db7-50f4-4740-badd-aa848a2ec78c"	"63d77dbc-0982-4f12-8f3e-9b36a28a663c"	"128"
"6c6f7601-032e-4805-b7de-f41a75f2ecca"	"63d77dbc-0982-4f12-8f3e-9b36a28a663c"	"128"
"48e29bd7-212f-4c38-a775-f39c6d3fba27"	"63d77dbc-0982-4f12-8f3e-9b36a28a663c"	"128"
"10d79994-f20d-4404-8e1e-53d9a7b5f18f"	"63d77dbc-0982-4f12-8f3e-9b36a28a663c"	"128"
"c3459bd4-8a53-4da7-9734-abbed521ee07"	"63d77dbc-0982-4f12-8f3e-9b36a28a663c"	"128"
"451399d1-353b-4b1a-9890-eb4ffc5d19a0"	"63d77dbc-0982-4f12-8f3e-9b36a28a663c"	"128"
"aea6af51-298e-4609-861d-8de85de80059"	"63d77dbc-0982-4f12-8f3e-9b36a28a663c"	"128"
"d200ae17-1757-4ed1-8930-e10e043dc90c"	"63d77dbc-0982-4f12-8f3e-9b36a28a663c"	"128"
"e23d56c0-36c1-4c37-b8d3-42e9b44679b9"	"63d77dbc-0982-4f12-8f3e-9b36a28a663c"	"128"
"68e2de4d-c071-478f-a08f-d9570daad79b"	"63d77dbc-0982-4f12-8f3e-9b36a28a663c"	"128"
"73f0745d-5670-4bdc-9968-a097f2c77ebe"	"63d77dbc-0982-4f12-8f3e-9b36a28a663c"	"128"
"5e439334-e74a-43fb-968f-6fe638201cbc"	"63d77dbc-0982-4f12-8f3e-9b36a28a663c"	"128"
"ac862436-2502-469e-8b46-efeb28398c09"	"63d77dbc-0982-4f12-8f3e-9b36a28a663c"	"128"
"1d54a67a-20ef-4a3b-8a71-0d43e5a0a0da"	"63d77dbc-0982-4f12-8f3e-9b36a28a663c"	"128"
"e9793434-3c14-4417-bb20-0edce3fc2f48"	"63d77dbc-0982-4f12-8f3e-9b36a28a663c"	"128"
"c7eaa124-e117-4996-9ed8-93abd9d3805e"	"63d77dbc-0982-4f12-8f3e-9b36a28a663c"	"128"
"5f6f7a7b-e858-4764-a1e0-b3c2af45f087"	"63d77dbc-0982-4f12-8f3e-9b36a28a663c"	"128"
"2f24abe8-a869-45a4-b56c-4ada6378d82e"	"63d77dbc-0982-4f12-8f3e-9b36a28a663c"	"128"
"77ecb0e7-28d1-4cb2-a60a-9ac6a2b37f28"	"63d77dbc-0982-4f12-8f3e-9b36a28a663c"	"128"
"bb5d1b2c-240a-4c7b-a69a-38ad4f4cbf94"	"b91ac872-a558-4a4a-a423-0ab52b40c8a8"	"27"
"f619fac7-a961-488c-9feb-89d64994f457"	"63d77dbc-0982-4f12-8f3e-9b36a28a663c"	"128"
"b6749b6e-d711-4c29-9960-7d886adc3f2e"	"63d77dbc-0982-4f12-8f3e-9b36a28a663c"	"128"
"659ceb6a-c952-4a8b-9703-e4eeba1a544e"	"63d77dbc-0982-4f12-8f3e-9b36a28a663c"	"128"
"e9e73313-8211-4dd0-96b6-3b50f3475387"	"63d77dbc-0982-4f12-8f3e-9b36a28a663c"	"128"
"9bbb2588-f3c0-4a1d-8710-32475717cf77"	"63d77dbc-0982-4f12-8f3e-9b36a28a663c"	"128"
"2579dbb8-9bea-4586-906f-c4f70a2e733f"	"63d77dbc-0982-4f12-8f3e-9b36a28a663c"	"128"
"61af075d-d642-498d-a449-2bcad7e9ec9a"	"63d77dbc-0982-4f12-8f3e-9b36a28a663c"	"128"
"fc36c356-bea5-47ef-bbb1-a56950dc62f0"	"63d77dbc-0982-4f12-8f3e-9b36a28a663c"	"128"
"f6d228e2-af86-40f4-830e-e25256045359"	"63d77dbc-0982-4f12-8f3e-9b36a28a663c"	"128"
"7651956d-a055-463c-8486-5bd6b9bf597d"	"63d77dbc-0982-4f12-8f3e-9b36a28a663c"	"128"
"b59ca8e1-2a11-40eb-b8d4-8fcbdc78ca39"	"63d77dbc-0982-4f12-8f3e-9b36a28a663c"	"128"
"a898ed62-43c1-48fc-9e00-4fa957276d56"	"63d77dbc-0982-4f12-8f3e-9b36a28a663c"	"128"
"a249f4cd-e963-43b7-a4ce-a7681cdcb5f2"	"11a5f421-89c6-4988-afaf-ac50f3acbbeb"	"113"
"77ded907-fd2e-475e-9430-761bcf50d86b"	"11a5f421-89c6-4988-afaf-ac50f3acbbeb"	"113"
"fea7733a-b195-4af2-bdbf-a8ac530e12c1"	"6e7bc926-fc35-493b-aab1-4f59b268d9ea"	"11"
"fea7733a-b195-4af2-bdbf-a8ac530e12c1"	"2da94171-a881-4638-86d4-7a4bd9898993"	"11"
"947d0a70-4b65-4197-8f82-4b8c9ccdb54d"	"8c2092f1-5709-45ad-907e-4a218f609eb4"	"91"
"936fa79b-7979-4722-bf09-1f327c67cb03"	"8c2092f1-5709-45ad-907e-4a218f609eb4"	"91"
"ecc13d8d-2631-4202-adf8-3f73ffdad3b6"	"8c2092f1-5709-45ad-907e-4a218f609eb4"	"91"
"f38aaa8b-26fe-4b2f-bffb-9906c1631bea"	"8c2092f1-5709-45ad-907e-4a218f609eb4"	"91"
"9000e9bc-544b-4fc3-94e3-8fc40fe4af3a"	"8c2092f1-5709-45ad-907e-4a218f609eb4"	"91"
"a204608d-6e10-4784-9fc7-367498b04ec0"	"8c2092f1-5709-45ad-907e-4a218f609eb4"	"91"
"f5e68de8-8385-489b-a3a8-c5f861e342ad"	"8c2092f1-5709-45ad-907e-4a218f609eb4"	"91"
"6fdf2349-96f2-489b-accf-74c1e8d897ce"	"8c2092f1-5709-45ad-907e-4a218f609eb4"	"91"
"e257ddca-c35a-4514-913e-f4f6d7ee12d8"	"8c2092f1-5709-45ad-907e-4a218f609eb4"	"91"
"c970a8c2-e28b-457a-8273-005c68aa0903"	"8c2092f1-5709-45ad-907e-4a218f609eb4"	"91"
"5052ffe7-8fbf-45f0-826e-228bd9a2f659"	"8c2092f1-5709-45ad-907e-4a218f609eb4"	"91"
"40ae1dd8-e417-4f33-aac3-d2b128334dde"	"8c2092f1-5709-45ad-907e-4a218f609eb4"	"91"
"516f1702-3db2-4e4e-88f6-93f52416dddf"	"8c2092f1-5709-45ad-907e-4a218f609eb4"	"91"
"63b236c0-e7f2-426c-aa2f-7a34f01bb08f"	"8c2092f1-5709-45ad-907e-4a218f609eb4"	"91"
"176c93fe-71c9-49a7-b263-e989641f9b96"	"8c2092f1-5709-45ad-907e-4a218f609eb4"	"91"
"f24dae12-f262-47de-aa19-f77c39610773"	"01f790fa-ef68-442e-85d0-e12c2814cb45"	"11"
"f24dae12-f262-47de-aa19-f77c39610773"	"c1953234-f125-44e2-8821-56ca10afb1a5"	"11"
"5faa2fb3-7184-4d63-93f0-6c29931f2850"	"01f790fa-ef68-442e-85d0-e12c2814cb45"	"11"
"5faa2fb3-7184-4d63-93f0-6c29931f2850"	"c1953234-f125-44e2-8821-56ca10afb1a5"	"11"
"c5bd4383-e249-4bd0-b02a-b2aefa65186a"	"01f790fa-ef68-442e-85d0-e12c2814cb45"	"11"
"c5bd4383-e249-4bd0-b02a-b2aefa65186a"	"c1953234-f125-44e2-8821-56ca10afb1a5"	"11"
"0735a0aa-195f-4e0b-8f86-e92871e68515"	"01f790fa-ef68-442e-85d0-e12c2814cb45"	"11"
"0735a0aa-195f-4e0b-8f86-e92871e68515"	"c1953234-f125-44e2-8821-56ca10afb1a5"	"11"
"60ed3883-652b-4937-994f-1c38a1967268"	"01f790fa-ef68-442e-85d0-e12c2814cb45"	"11"
"60ed3883-652b-4937-994f-1c38a1967268"	"c1953234-f125-44e2-8821-56ca10afb1a5"	"11"
"a9934727-3d02-4472-8bca-2a7254632dc0"	"01f790fa-ef68-442e-85d0-e12c2814cb45"	"11"
"a9934727-3d02-4472-8bca-2a7254632dc0"	"c1953234-f125-44e2-8821-56ca10afb1a5"	"11"
"a341a87a-8995-42aa-a6de-4751094483aa"	"01f790fa-ef68-442e-85d0-e12c2814cb45"	"11"
"a341a87a-8995-42aa-a6de-4751094483aa"	"c1953234-f125-44e2-8821-56ca10afb1a5"	"11"
"927e6e9b-9da0-4c54-9a3b-9ce97fecbd99"	"01f790fa-ef68-442e-85d0-e12c2814cb45"	"11"
"927e6e9b-9da0-4c54-9a3b-9ce97fecbd99"	"c1953234-f125-44e2-8821-56ca10afb1a5"	"11"
"67bc8a3c-1e0f-4c35-81b5-8e068025ae18"	"01f790fa-ef68-442e-85d0-e12c2814cb45"	"11"
"67bc8a3c-1e0f-4c35-81b5-8e068025ae18"	"c1953234-f125-44e2-8821-56ca10afb1a5"	"11"
"6f6481f9-2cc1-4174-8983-e96ccf8aba78"	"01f790fa-ef68-442e-85d0-e12c2814cb45"	"11"
"6f6481f9-2cc1-4174-8983-e96ccf8aba78"	"c1953234-f125-44e2-8821-56ca10afb1a5"	"11"
"6cfa00be-ebb1-4156-9ee0-fa238117a673"	"01f790fa-ef68-442e-85d0-e12c2814cb45"	"11"
"6cfa00be-ebb1-4156-9ee0-fa238117a673"	"c1953234-f125-44e2-8821-56ca10afb1a5"	"11"
"d38b9f4c-8514-4535-8241-58774d01e5e1"	"01f790fa-ef68-442e-85d0-e12c2814cb45"	"11"
"d38b9f4c-8514-4535-8241-58774d01e5e1"	"c1953234-f125-44e2-8821-56ca10afb1a5"	"11"
"b89e957f-950d-4391-b226-72a5e56d1d88"	"01f790fa-ef68-442e-85d0-e12c2814cb45"	"11"
"b89e957f-950d-4391-b226-72a5e56d1d88"	"c1953234-f125-44e2-8821-56ca10afb1a5"	"11"
"bdad705d-3e0f-4b0f-8c7e-c1f59b3d0811"	"01f790fa-ef68-442e-85d0-e12c2814cb45"	"11"
"bdad705d-3e0f-4b0f-8c7e-c1f59b3d0811"	"c1953234-f125-44e2-8821-56ca10afb1a5"	"11"
"00f2efc7-ebd0-4737-962b-38fea3a187dd"	"e0e6556a-35fb-49f0-bc38-0624cb142611"	"32"
"36538413-84a7-4eb4-b55d-069159211b90"	"fda04896-a0bc-499f-abcc-1f2aa595d21f"	"129"
"07375849-b738-4a5b-b5ed-9ea5bc1f6698"	"fda04896-a0bc-499f-abcc-1f2aa595d21f"	"129"
"babd2def-c01b-4ef0-a3bc-2641f9f3347f"	"fda04896-a0bc-499f-abcc-1f2aa595d21f"	"129"
"e1f0681b-9421-4e12-a78d-6624946cd31d"	"14d7c2a9-5616-4c64-b757-13db1ca11fb9"	"11"
"6320de90-48dd-4ecf-83a3-66be6efc3e87"	"14d7c2a9-5616-4c64-b757-13db1ca11fb9"	"11"
"6cf0a9e5-3dc8-446d-b646-3079840cbf87"	"14d7c2a9-5616-4c64-b757-13db1ca11fb9"	"11"
"2c4a4461-fa65-4e86-8d1d-eb575c151482"	"14d7c2a9-5616-4c64-b757-13db1ca11fb9"	"11"
"c4774608-353e-4816-bbb4-0623241b4bae"	"14d7c2a9-5616-4c64-b757-13db1ca11fb9"	"11"
"a7bcd54b-beb6-424d-972d-ac948639799d"	"14d7c2a9-5616-4c64-b757-13db1ca11fb9"	"11"
"76a12e5d-1709-43fa-ba18-99a9273e95df"	"14d7c2a9-5616-4c64-b757-13db1ca11fb9"	"11"
"911a138c-3d9c-4952-8520-e6f3a8837848"	"2614a156-2ae6-4fb9-871d-194a82d9a476"	"128"
"eb2af3db-a9a0-4e1e-853b-807938717631"	"2614a156-2ae6-4fb9-871d-194a82d9a476"	"128"
"1c265519-5391-4edf-9b03-b4329539cf5d"	"2614a156-2ae6-4fb9-871d-194a82d9a476"	"128"
"bed1a80d-25e5-48d6-8b4c-a0c8dbfe82af"	"2614a156-2ae6-4fb9-871d-194a82d9a476"	"128"
"b96670b5-e4da-4273-affe-8a7964d46dfb"	"2614a156-2ae6-4fb9-871d-194a82d9a476"	"128"
"f4b529db-f2b8-45f0-8fac-e402c817e32b"	"2614a156-2ae6-4fb9-871d-194a82d9a476"	"128"
"283aa44b-792f-45ea-817c-194463e39ca0"	"2614a156-2ae6-4fb9-871d-194a82d9a476"	"128"
"f67a8668-1bba-44fd-96f4-f7cc54f9d915"	"2614a156-2ae6-4fb9-871d-194a82d9a476"	"128"
"da95f0f0-6f32-4fc4-91cc-a5e7015ff3d0"	"2614a156-2ae6-4fb9-871d-194a82d9a476"	"128"
"aa8718ce-5f89-482e-a1e5-94ca41857996"	"10a827f4-b901-424b-b1b4-787df094193b"	"109"
"63cdd7d6-7749-46a4-864e-7351b37cf395"	"10a827f4-b901-424b-b1b4-787df094193b"	"109"
"2cb22dd0-c920-4825-bd98-3c0439770bda"	"ae8cc0ef-afc2-45f2-9900-c4eeda4e79cd"	"82"
"b83fdcff-d6e6-4299-994c-3010cf667965"	"ae8cc0ef-afc2-45f2-9900-c4eeda4e79cd"	"82"
"6196d7c8-4692-4c14-a5bc-90ecf33a2dc2"	"ae8cc0ef-afc2-45f2-9900-c4eeda4e79cd"	"82"
"9d546709-fa86-48a3-9810-392947d57397"	"ae8cc0ef-afc2-45f2-9900-c4eeda4e79cd"	"82"
"6516e38d-2851-49d2-b96d-c818a38cb3a8"	"ae8cc0ef-afc2-45f2-9900-c4eeda4e79cd"	"82"
"dd51994a-60f2-485f-b8c8-8ed8f7b76857"	"ae8cc0ef-afc2-45f2-9900-c4eeda4e79cd"	"82"
"486a6527-7568-47a0-a82e-c54210e05779"	"ae8cc0ef-afc2-45f2-9900-c4eeda4e79cd"	"82"
"16afb16a-6058-4f95-a6d3-daf888dbacc5"	"ae8cc0ef-afc2-45f2-9900-c4eeda4e79cd"	"82"
"5a01134d-6758-408d-93b4-d9b5eea6ba9b"	"ae8cc0ef-afc2-45f2-9900-c4eeda4e79cd"	"82"
"be6f8d08-142a-4e95-ad55-ad3c07da8c19"	"f32e9417-18d0-45b0-9316-921744d9fb84"	"77"
"88b04ad6-6c9c-481a-be72-425ace30cb0d"	"5046b796-1805-4974-8ca5-9a784374a4bf"	"5"
"88b04ad6-6c9c-481a-be72-425ace30cb0d"	"47082ba4-49c7-4ada-a214-9803b9954858"	"5"
"9a9537be-8c81-4827-8f0c-13c20559c2a0"	"5046b796-1805-4974-8ca5-9a784374a4bf"	"5"
"9a9537be-8c81-4827-8f0c-13c20559c2a0"	"47082ba4-49c7-4ada-a214-9803b9954858"	"5"
"2c5629e7-9805-42c8-9a45-038626724958"	"5046b796-1805-4974-8ca5-9a784374a4bf"	"5"
"2c5629e7-9805-42c8-9a45-038626724958"	"47082ba4-49c7-4ada-a214-9803b9954858"	"5"
"7f0d08af-b732-4e04-98a3-b68bac3c364f"	"5046b796-1805-4974-8ca5-9a784374a4bf"	"5"
"7f0d08af-b732-4e04-98a3-b68bac3c364f"	"47082ba4-49c7-4ada-a214-9803b9954858"	"5"
"25ab9d01-e99d-498d-a955-49b69fdcc63f"	"5046b796-1805-4974-8ca5-9a784374a4bf"	"5"
"25ab9d01-e99d-498d-a955-49b69fdcc63f"	"47082ba4-49c7-4ada-a214-9803b9954858"	"5"
"dd3c9703-d4d3-46d8-bb33-2dfc03ff182c"	"5046b796-1805-4974-8ca5-9a784374a4bf"	"5"
"dd3c9703-d4d3-46d8-bb33-2dfc03ff182c"	"47082ba4-49c7-4ada-a214-9803b9954858"	"5"
"9bd8396a-7015-48fe-8fe7-b3fd9354f19e"	"af76b083-fbb2-41b9-93eb-797838170a2a"	"78"
"57258886-6fe7-4cd8-8f75-a14629f585e3"	"af76b083-fbb2-41b9-93eb-797838170a2a"	"78"
"b1cb9f7a-3fb1-4721-aa5a-3183036c6551"	"af76b083-fbb2-41b9-93eb-797838170a2a"	"78"
"b4a6a4b8-9f22-4ae3-a2cd-a82a83d5f872"	"597cdf48-8c7a-4d55-ae57-83dae6be74f5"	"14"
"33424ebc-f05f-4167-9f1e-7082419b11cf"	"597cdf48-8c7a-4d55-ae57-83dae6be74f5"	"14"
"da44190a-ef73-479e-b637-5b5fcdad23c6"	"597cdf48-8c7a-4d55-ae57-83dae6be74f5"	"14"
"e1c77b65-6de6-4688-a944-d709f696f0cd"	"02b01c91-69a7-4c1c-8365-b9e4d5fe87d5"	"41"
"1f5456f7-5383-44d6-a5ad-23f5fec4f2ef"	"472de46b-61a9-4129-8330-e870fe154db2"	"32"
"c097266f-2a36-4283-a5e1-42ef8613a7e3"	"472de46b-61a9-4129-8330-e870fe154db2"	"32"
"63c4791f-ac76-47c6-8cb2-c20c84702984"	"472de46b-61a9-4129-8330-e870fe154db2"	"32"
"d6b5e261-4e24-4742-a352-5ca40c1b8f3a"	"472de46b-61a9-4129-8330-e870fe154db2"	"32"
"9d053b78-5540-4183-8a85-9598a9dd013c"	"472de46b-61a9-4129-8330-e870fe154db2"	"32"
"991eb816-023f-44aa-a537-bd94e65b5c2c"	"472de46b-61a9-4129-8330-e870fe154db2"	"32"
"83f3c1d6-0c08-41a1-a8f4-4cc9b600128d"	"472de46b-61a9-4129-8330-e870fe154db2"	"32"
"1f7f965a-6ea6-40bc-9b9d-3adb35fde41e"	"472de46b-61a9-4129-8330-e870fe154db2"	"32"
"35e141c5-eb08-418b-955f-1c7885eb7f48"	"472de46b-61a9-4129-8330-e870fe154db2"	"32"
"4f78a609-924a-40db-8dc0-00023b8132a0"	"472de46b-61a9-4129-8330-e870fe154db2"	"32"
"8dd875db-459c-4bc9-83b5-b88aa7ae51c7"	"472de46b-61a9-4129-8330-e870fe154db2"	"32"
"31c0a45b-d0c6-4051-ad8c-31802eee383a"	"472de46b-61a9-4129-8330-e870fe154db2"	"32"
"c52d3b05-b4ac-4bbc-9864-47c5d65b4c18"	"472de46b-61a9-4129-8330-e870fe154db2"	"32"
"11576038-6165-445e-bdc4-678e5e2e3513"	"12c6e361-d246-428e-a499-a823fd838f4c"	"56"
"c9bd0adf-cda8-4e69-83a3-55aee8c6945d"	"07e3c165-3057-405c-b915-723beae646d0"	"55"
"c9bd0adf-cda8-4e69-83a3-55aee8c6945d"	"1521ff9b-9a20-415f-9ad3-8edb4c639431"	"55"
"81bceb00-2835-476b-ba53-e45705058a01"	"07e3c165-3057-405c-b915-723beae646d0"	"55"
"81bceb00-2835-476b-ba53-e45705058a01"	"1521ff9b-9a20-415f-9ad3-8edb4c639431"	"55"
"a4cfc241-3b5a-48b4-b9ad-e0ce9e82fc33"	"47051959-48dc-484c-8f2e-f32a3a431af0"	"114"
"2ebd078c-d69b-4b48-a49c-acf532fa69c6"	"51d15aa7-6cd9-493d-9c2b-ecd31e785c3e"	"36"
"33d195df-00ec-46c2-859b-493c74c11976"	"d041e83e-6471-4ccf-8d48-7e9f1629536d"	"11"
"dae4a63a-bdce-40d3-b01d-58b564b0acfe"	"d041e83e-6471-4ccf-8d48-7e9f1629536d"	"129"
"c43d226b-d96d-4438-8455-3a45e76c93d5"	"d041e83e-6471-4ccf-8d48-7e9f1629536d"	"129"
"c43d226b-d96d-4438-8455-3a45e76c93d5"	"7c7c627b-1c6d-4d19-ac0b-5b5bd519bbec"	"129"
"c7bf48c9-0854-40db-92e2-8905bc4454a9"	"d041e83e-6471-4ccf-8d48-7e9f1629536d"	"129"
"c7bf48c9-0854-40db-92e2-8905bc4454a9"	"7c7c627b-1c6d-4d19-ac0b-5b5bd519bbec"	"129"
"67a18352-4de5-4b6e-8124-1a1843f6759d"	"7b3051e3-d22e-4c66-9a12-fe81e143b1d5"	"66"
"67a18352-4de5-4b6e-8124-1a1843f6759d"	"1a2907b3-41f3-486b-a8ce-0dfaf1ac98c7"	"66"
"3fbf2cf4-a049-42d1-8609-822d90732377"	"e0444280-e193-4485-b755-4eeec9c455e8"	"27"
"f8f94a16-6ce1-464d-a02b-37323e7cdd35"	"e0444280-e193-4485-b755-4eeec9c455e8"	"27"
"732c47b9-f99a-4116-8cee-083bb854eba8"	"e0444280-e193-4485-b755-4eeec9c455e8"	"27"
"0c1110d5-4abe-4b80-843b-105deb4b6e45"	"e0444280-e193-4485-b755-4eeec9c455e8"	"27"
"e96f2a40-ee3e-4383-bc95-e6458ae4f3d3"	"f56bee93-7c10-4211-8684-ddea201d9f19"	"55"
"e96f2a40-ee3e-4383-bc95-e6458ae4f3d3"	"ec2fce44-be6d-4d4d-810f-38f8cca6a914"	"55"
"1ff9aeae-17d7-40c1-b1ab-91bb6e607758"	"a02d2742-b5a9-4db2-913a-e681bb790ca5"	"66"
"f8a0bae9-a243-4fdb-aa66-f7bc6be32cce"	"46608a38-efd2-441d-8246-d96b36f48e7b"	"55"
"3f4767dc-f90a-4ea6-b2cb-ae1c269a1617"	"46608a38-efd2-441d-8246-d96b36f48e7b"	"55"
"65f7940d-4fde-43ae-8426-e5f36259e926"	"46608a38-efd2-441d-8246-d96b36f48e7b"	"55"
"c4d39c67-54f9-4020-962e-9527a1add08c"	"03b5013d-65b4-40c5-a6d9-6db63ef3f8ba"	"77"
"1078cb2a-1afb-4d19-a221-990faa4a0d55"	"e06302f2-e457-47c1-9808-f1b6bad769c7"	"50"
"db9d4d19-2a24-46b1-8d29-cb32f759f12a"	"31032a7a-48ea-4ede-ad11-7327d17ac75e"	"32"
"db9d4d19-2a24-46b1-8d29-cb32f759f12a"	"e0e6556a-35fb-49f0-bc38-0624cb142611"	
"2e5903a9-d502-49c3-940f-520b58459d0a"	"31032a7a-48ea-4ede-ad11-7327d17ac75e"	"32"
"2e5903a9-d502-49c3-940f-520b58459d0a"	"e0e6556a-35fb-49f0-bc38-0624cb142611"	
"4a6dad91-391e-4ee1-b1c3-defb09d60448"	"787f2f10-0e07-4c12-835f-61a741989a2e"	"82"
"bf185fe4-2bcc-4f02-8fbf-8660f7c05012"	"787f2f10-0e07-4c12-835f-61a741989a2e"	"82"
"c0f24005-71b5-42d8-bceb-9bcbf6335e2f"	"787f2f10-0e07-4c12-835f-61a741989a2e"	"82"
"15ca4856-e7ec-4966-a4eb-458f412696a7"	"787f2f10-0e07-4c12-835f-61a741989a2e"	"82"
"c0f6bede-7296-48f1-a7c3-01a8584b3119"	"11ed26f9-4bff-4ce1-9c2f-037f368118da"	"14"
"701402ad-db9c-4a87-a691-a3d782f21b56"	"4d0b815e-406b-4e96-acea-73b9e6de790f"	"56"
"9b87f0a1-a897-4915-8f7f-8816f21028ec"	"7b1cfc92-1b5f-4dd0-8041-09899de652fc"	"56"
"da14a509-04a3-445b-8e6c-bcdd31f959a4"	"7b1cfc92-1b5f-4dd0-8041-09899de652fc"	"56"
"af422e0f-0654-47e5-a00e-4a64e2b8f180"	"1f16ec2b-759f-4184-b06c-157804f13d6f"	"56"
"eabd88b5-eee1-47ad-938b-68e0292c6aed"	"d2aa2fdb-a022-436e-be0d-f6de6e824f61"	"128"
"5fcb550c-cb1f-472c-80ac-f7aa211958ba"	"d2aa2fdb-a022-436e-be0d-f6de6e824f61"	"128"
"e997469a-603a-4a15-a241-da19d575f017"	"d2aa2fdb-a022-436e-be0d-f6de6e824f61"	"128"
"41ee703b-0d5e-40f0-a2f8-ef5c95d7076f"	"d2aa2fdb-a022-436e-be0d-f6de6e824f61"	"128"
"109772ef-780e-4391-b7eb-22280bcc14d7"	"99776c8e-326e-4208-b097-e7578911909f"	"129"
"d5cd4c6c-30f1-4eb5-a27c-93990f048870"	"41b71277-780e-4984-9a27-9db53c0b4858"	"56"
"5e7ceec1-111b-4b3b-852c-3753502857c4"	"41b71277-780e-4984-9a27-9db53c0b4858"	"56"
"d229f811-d763-4878-ad7f-b3d1da9da129"	"41b71277-780e-4984-9a27-9db53c0b4858"	"56"
"98c9619c-e775-4451-909d-cf43012c8b92"	"41b71277-780e-4984-9a27-9db53c0b4858"	"56"
"1a0e0649-39ae-46cc-93ff-c299b1f9aaed"	"40925968-4d0a-4152-8a8d-61b81841d8b3"	"129"
"73bdb17d-225e-4129-a33d-438f3879d17e"	"d5dd0ca3-ce2a-47e5-9d8e-19e322da961d"	"129"
"f96b5d4f-7119-44ce-bd0e-211a5c4ec960"	"6d4f6949-de89-4e75-9a3e-eef6ae847125"	"128"
"18d88562-0c24-485c-bb9e-7b2a12ea8105"	"6d4f6949-de89-4e75-9a3e-eef6ae847125"	"128"
"f6500985-151e-41bf-8378-c9cf7acedfca"	"6d4f6949-de89-4e75-9a3e-eef6ae847125"	"128"
"e26f6159-8488-4eaa-be74-67b85b6ea9a2"	"6d4f6949-de89-4e75-9a3e-eef6ae847125"	"128"
"b324ddff-198f-49d9-ad64-8a99316c3a26"	"6d4f6949-de89-4e75-9a3e-eef6ae847125"	"128"
"984dae80-1d59-4793-acc6-87e3f7b81080"	"6d4f6949-de89-4e75-9a3e-eef6ae847125"	"128"
"2965488d-032f-4f10-bb1e-f66f199a1d7a"	"6d4f6949-de89-4e75-9a3e-eef6ae847125"	"128"
"0bad3b14-a673-448b-811b-27975edaddbb"	"6d4f6949-de89-4e75-9a3e-eef6ae847125"	"128"
"4e7300ce-51c0-4a99-b56e-cd5300b25c0d"	"6d4f6949-de89-4e75-9a3e-eef6ae847125"	"128"
"8b832940-6782-4d92-b7bc-41dad640f7d0"	"6d4f6949-de89-4e75-9a3e-eef6ae847125"	"128"
"bee40ff8-eb6f-4901-8f3f-8de8b84a303c"	"6d4f6949-de89-4e75-9a3e-eef6ae847125"	"128"
"a60a7f05-2868-4cea-ba4b-b8cdf237f80d"	"6d4f6949-de89-4e75-9a3e-eef6ae847125"	"128"
"5e7ba632-4bd2-4cf7-a5d7-52e08f70dc6b"	"9e7675e8-d27b-47a6-81f1-94390ea9f8a0"	"27"
"22fd9f66-0a17-47bb-aa72-94323694b9ac"	"dd310e18-ec72-4c2f-a40b-d38b237357b1"	"78"
"042d8765-9334-47f8-971a-f263ec32f1d0"	"dd310e18-ec72-4c2f-a40b-d38b237357b1"	"78"
"bd17996c-6063-4f9b-9e77-406faa5721b9"	"dd310e18-ec72-4c2f-a40b-d38b237357b1"	"78"
"ecfb36f0-8619-423f-896e-b46785948ed8"	"56a152fa-4655-4d8d-9023-bcf25b913a68"	"27"
"d61c2976-8990-49e9-8f21-22560e0f5e96"	"f23b7e0f-4afd-4128-bfce-b83ef8211d9e"	"37"
"9ef882a2-af59-4cd7-a0f7-96cd3e7df57d"	"f23b7e0f-4afd-4128-bfce-b83ef8211d9e"	"37"
"39ffdfe8-ab15-4e56-86da-ec674e757ed0"	"f23b7e0f-4afd-4128-bfce-b83ef8211d9e"	"37"
"afc10371-4198-4f2e-a9a2-708cb4a40af9"	"f23b7e0f-4afd-4128-bfce-b83ef8211d9e"	"37"
"16a4cf1b-3b8d-4a5b-82f1-1b35b9d57bcf"	"fb899a87-0fc5-4666-85c9-16be298d3ede"	"56"
"c2456e50-7e4e-4063-9247-61301900cea9"	"fb899a87-0fc5-4666-85c9-16be298d3ede"	"56"
"701dd15f-8816-426a-8793-365500130150"	"4f07fad8-d3c9-467d-9547-3fca916008cd"	"56"
"fddd96ad-9895-4329-ac1a-29b06b9b6274"	"f1fb1f74-78eb-4c25-b03b-b52bf67b28fa"	"27"
"8180f341-7e0f-46de-a12c-d4f56c55891e"	"830ffcf4-b0b4-434f-9b2c-c38726c3ffe3"	"56"
"8180f341-7e0f-46de-a12c-d4f56c55891e"	"0e15c5de-e677-464f-90fd-126c8c4bbf62"	"56"
"b2591dfe-a13b-490e-b5ae-c21225555402"	"f5ffbfdc-593a-425c-abda-3801b3b614f8"	"50"
"512abea4-4e9e-4de9-b21e-87edc811f537"	"fce8d0ce-07d5-4530-b508-a782d8612064"	"27"
"9b4ece96-9239-4e27-997d-e6d8617591b6"	"fce8d0ce-07d5-4530-b508-a782d8612064"	"27"
"e225b2f0-4d71-4065-a2e0-4761869d3c10"	"fce8d0ce-07d5-4530-b508-a782d8612064"	"27"
"cc6173a2-03f8-4db9-8f7d-9a32f8ab186e"	"fce8d0ce-07d5-4530-b508-a782d8612064"	"27"
"a561c531-566b-4f38-9247-af40db2bd53a"	"fce8d0ce-07d5-4530-b508-a782d8612064"	"27"
"383cb6f9-1323-4bd6-9ba7-db4c50c78f9d"	"fce8d0ce-07d5-4530-b508-a782d8612064"	"27"
"5734b9ed-26db-455f-9c7e-a08541614edc"	"fce8d0ce-07d5-4530-b508-a782d8612064"	"27"
"09e93e38-e490-45e1-bf07-7eda4fe21c3a"	"fce8d0ce-07d5-4530-b508-a782d8612064"	"27"
"f6bd5f07-6c86-4d1d-b3e2-ca3b3d59bc6b"	"90c291ef-d0a9-4f14-a977-00873d6150fe"	"129"
"5bfb9e22-64df-401f-9fd9-4ad8534105b4"	"e7133739-1e1e-4aef-93d1-533cc3b17d3d"	"129"
"5c326541-498d-4b07-b8f5-aa01963ab8b1"	"b91ac872-a558-4a4a-a423-0ab52b40c8a8"	"27"
"e7a1ad93-dda4-460f-80c1-16d8c952e813"	"b91ac872-a558-4a4a-a423-0ab52b40c8a8"	"27"
"fbc09324-18d8-40ee-8062-d1083590200a"	"b91ac872-a558-4a4a-a423-0ab52b40c8a8"	"27"
"c2d7d440-249a-4f18-8e8a-b6a9fb27620a"	"b91ac872-a558-4a4a-a423-0ab52b40c8a8"	"27"
"08b93012-5286-4ed3-bc64-7a92c72ce1fb"	"b91ac872-a558-4a4a-a423-0ab52b40c8a8"	"27"
"90171dec-d0ff-4dc4-948b-885dc05a4b04"	"b91ac872-a558-4a4a-a423-0ab52b40c8a8"	"27"
"8c8e6a4c-a33a-49c6-8e3d-08eb9eeb57e9"	"b91ac872-a558-4a4a-a423-0ab52b40c8a8"	"27"
"a308732e-a50a-404c-acd9-970f731deada"	"b91ac872-a558-4a4a-a423-0ab52b40c8a8"	"27"
"62ca8fd5-2988-4d4b-8fee-07276a29b752"	"b91ac872-a558-4a4a-a423-0ab52b40c8a8"	"27"
"4288271a-d520-4bef-9249-d5c1a05b4d6c"	"b91ac872-a558-4a4a-a423-0ab52b40c8a8"	"27"
"c024e294-5b5c-4b07-bc4b-3b3a276cd3d6"	"b91ac872-a558-4a4a-a423-0ab52b40c8a8"	"27"
"c024e294-5b5c-4b07-bc4b-3b3a276cd3d6"	"7366ceb7-820f-48dc-ab20-80a2a2f35f28"	"27"
"e3bf5ce6-d97a-4139-9384-8305a515bb6e"	"b91ac872-a558-4a4a-a423-0ab52b40c8a8"	"27"
"e3bf5ce6-d97a-4139-9384-8305a515bb6e"	"7366ceb7-820f-48dc-ab20-80a2a2f35f28"	"27"
"d61a046b-cd4e-40e2-9d3c-cbce162e216f"	"b91ac872-a558-4a4a-a423-0ab52b40c8a8"	"27"
"d61a046b-cd4e-40e2-9d3c-cbce162e216f"	"7366ceb7-820f-48dc-ab20-80a2a2f35f28"	"27"
"37652bba-91e6-4234-b5ea-a4260220114a"	"b91ac872-a558-4a4a-a423-0ab52b40c8a8"	"27"
"37652bba-91e6-4234-b5ea-a4260220114a"	"7366ceb7-820f-48dc-ab20-80a2a2f35f28"	"27"
"27a635d8-1546-4eb5-951e-be24d3e92007"	"b91ac872-a558-4a4a-a423-0ab52b40c8a8"	"27"
"27a635d8-1546-4eb5-951e-be24d3e92007"	"7366ceb7-820f-48dc-ab20-80a2a2f35f28"	"27"
"a248a764-d123-495d-8bf8-c37403e30e55"	"b91ac872-a558-4a4a-a423-0ab52b40c8a8"	"27"
"a248a764-d123-495d-8bf8-c37403e30e55"	"7366ceb7-820f-48dc-ab20-80a2a2f35f28"	"27"
"351bd518-fe4c-4f44-926e-f75078b548db"	"b91ac872-a558-4a4a-a423-0ab52b40c8a8"	"27"
"351bd518-fe4c-4f44-926e-f75078b548db"	"7366ceb7-820f-48dc-ab20-80a2a2f35f28"	"27"
"045c436c-c785-4ff5-b5de-c1bfb25fd6ee"	"b91ac872-a558-4a4a-a423-0ab52b40c8a8"	"27"
"045c436c-c785-4ff5-b5de-c1bfb25fd6ee"	"7366ceb7-820f-48dc-ab20-80a2a2f35f28"	"27"
"f0a9d290-2c3e-45d6-b659-a6e840a26048"	"b91ac872-a558-4a4a-a423-0ab52b40c8a8"	"27"
"f0a9d290-2c3e-45d6-b659-a6e840a26048"	"7366ceb7-820f-48dc-ab20-80a2a2f35f28"	"27"
"52075a9c-3efc-4a6f-819d-5e541df662ea"	"b91ac872-a558-4a4a-a423-0ab52b40c8a8"	"27"
"52075a9c-3efc-4a6f-819d-5e541df662ea"	"7366ceb7-820f-48dc-ab20-80a2a2f35f28"	"27"
"edc2bf5b-95b6-4ce4-aff6-4cee366c2a0f"	"b91ac872-a558-4a4a-a423-0ab52b40c8a8"	"27"
"edc2bf5b-95b6-4ce4-aff6-4cee366c2a0f"	"7366ceb7-820f-48dc-ab20-80a2a2f35f28"	"27"
"fe4a01e0-2a5c-44f3-a5fd-dfc2c3df3b11"	"b91ac872-a558-4a4a-a423-0ab52b40c8a8"	"27"
"fe4a01e0-2a5c-44f3-a5fd-dfc2c3df3b11"	"7366ceb7-820f-48dc-ab20-80a2a2f35f28"	"27"
"992bc3a9-081c-4fec-923b-7375708042b7"	"b91ac872-a558-4a4a-a423-0ab52b40c8a8"	"27"
"992bc3a9-081c-4fec-923b-7375708042b7"	"7366ceb7-820f-48dc-ab20-80a2a2f35f28"	"27"
"ceba3e66-c500-49e5-8cf6-b1d1b8cef178"	"b91ac872-a558-4a4a-a423-0ab52b40c8a8"	"27"
"ceba3e66-c500-49e5-8cf6-b1d1b8cef178"	"7366ceb7-820f-48dc-ab20-80a2a2f35f28"	"27"
"e1522246-9b40-4b7f-a1cf-5c1d745e23a2"	"b91ac872-a558-4a4a-a423-0ab52b40c8a8"	"27"
"e1522246-9b40-4b7f-a1cf-5c1d745e23a2"	"7366ceb7-820f-48dc-ab20-80a2a2f35f28"	"27"
"1ba5ce02-8c87-4915-8e09-101502384133"	"b91ac872-a558-4a4a-a423-0ab52b40c8a8"	"27"
"1ba5ce02-8c87-4915-8e09-101502384133"	"7366ceb7-820f-48dc-ab20-80a2a2f35f28"	"27"
"bb1cf574-46ab-44a2-98ed-e9c95bbfc0ae"	"b91ac872-a558-4a4a-a423-0ab52b40c8a8"	"27"
"bb1cf574-46ab-44a2-98ed-e9c95bbfc0ae"	"7366ceb7-820f-48dc-ab20-80a2a2f35f28"	"27"
"60f50210-2887-4385-884c-e83cc9734a85"	"b91ac872-a558-4a4a-a423-0ab52b40c8a8"	"27"
"60f50210-2887-4385-884c-e83cc9734a85"	"7366ceb7-820f-48dc-ab20-80a2a2f35f28"	"27"
"0b34c62e-e838-409a-85cb-ec3df5c4cfd9"	"b91ac872-a558-4a4a-a423-0ab52b40c8a8"	"27"
"0b34c62e-e838-409a-85cb-ec3df5c4cfd9"	"7366ceb7-820f-48dc-ab20-80a2a2f35f28"	"27"
"1f9e66f2-335f-4e8e-9868-d7c15872b239"	"b91ac872-a558-4a4a-a423-0ab52b40c8a8"	"27"
"1f9e66f2-335f-4e8e-9868-d7c15872b239"	"7366ceb7-820f-48dc-ab20-80a2a2f35f28"	"27"
"0b071c60-2b29-4a8e-b3f9-68ae8a88aa96"	"b91ac872-a558-4a4a-a423-0ab52b40c8a8"	"27"
"0b071c60-2b29-4a8e-b3f9-68ae8a88aa96"	"7366ceb7-820f-48dc-ab20-80a2a2f35f28"	"27"
"3593f882-cb79-4574-91f8-901212b5dbe4"	"b91ac872-a558-4a4a-a423-0ab52b40c8a8"	"27"
"3593f882-cb79-4574-91f8-901212b5dbe4"	"7366ceb7-820f-48dc-ab20-80a2a2f35f28"	"27"
"b09e4f98-31e5-4732-a7cc-bba4e215ca88"	"b91ac872-a558-4a4a-a423-0ab52b40c8a8"	"27"
"b09e4f98-31e5-4732-a7cc-bba4e215ca88"	"7366ceb7-820f-48dc-ab20-80a2a2f35f28"	"27"
"d6380f2a-883f-4ad6-b63c-666646fccdae"	"b91ac872-a558-4a4a-a423-0ab52b40c8a8"	"27"
"d6380f2a-883f-4ad6-b63c-666646fccdae"	"7366ceb7-820f-48dc-ab20-80a2a2f35f28"	
"827ef0c2-2ef9-4985-817c-20349b4d2842"	"b91ac872-a558-4a4a-a423-0ab52b40c8a8"	"27"
"762804e9-03e3-4de4-90b1-467ad9ca2322"	"b3f5b18d-79d1-4e8b-b42b-866ab587c49f"	"56"
"a2beeffd-92a0-49d1-8762-571093c5ff2e"	"b3f5b18d-79d1-4e8b-b42b-866ab587c49f"	"56"
"ce6560d6-8deb-4e62-9c67-c6040fdcd523"	"b3f5b18d-79d1-4e8b-b42b-866ab587c49f"	"56"
"f86ba0fe-498d-40d8-935f-506a96db3a90"	"b3f5b18d-79d1-4e8b-b42b-866ab587c49f"	"56"
"af74cc1c-e925-416d-971d-913e92e6c0c3"	"b3f5b18d-79d1-4e8b-b42b-866ab587c49f"	"56"
"42b60cac-d595-48b8-870b-f587ba538fad"	"b3f5b18d-79d1-4e8b-b42b-866ab587c49f"	"56"
"dbcb4843-df52-45d2-8bbf-a671ffed8eb6"	"b3f5b18d-79d1-4e8b-b42b-866ab587c49f"	"56"
"774c8bcb-ba2e-47e1-bcaa-2d283d4a513c"	"b3f5b18d-79d1-4e8b-b42b-866ab587c49f"	"56"
"b8930c41-c146-4ba1-8773-bd6cde297c4e"	"b3f5b18d-79d1-4e8b-b42b-866ab587c49f"	"56"
"9d39c05d-4fc7-433d-b244-95296665cdeb"	"b3f5b18d-79d1-4e8b-b42b-866ab587c49f"	"56"
"074d82bf-bcd0-44c7-a60a-4ccd671bd318"	"b3f5b18d-79d1-4e8b-b42b-866ab587c49f"	"56"
"fcbaab6f-2e22-4c88-bcab-f47e5f6d1934"	"b3f5b18d-79d1-4e8b-b42b-866ab587c49f"	"56"
"7a4d4d91-a7e2-40f7-96b2-f247515762d6"	"b3f5b18d-79d1-4e8b-b42b-866ab587c49f"	"56"
"a6726818-2542-461f-b2ab-4cfd547fed39"	"b3f5b18d-79d1-4e8b-b42b-866ab587c49f"	"56"
"d8dab5b8-c0d2-46b6-9e79-abbf6146e4c4"	"b3f5b18d-79d1-4e8b-b42b-866ab587c49f"	"56"
"69e0859e-8f5c-43fc-a52b-c7c202f3c47e"	"b3f5b18d-79d1-4e8b-b42b-866ab587c49f"	"56"
"53d4dbbc-931d-4f41-a889-efadc0b5a108"	"b3f5b18d-79d1-4e8b-b42b-866ab587c49f"	"56"
"8201f3d5-ce71-436a-b2c0-ef8231af7aca"	"b3f5b18d-79d1-4e8b-b42b-866ab587c49f"	"56"
"266a0fb9-b0b9-43b1-9cf1-5fdf4d888873"	"b3f5b18d-79d1-4e8b-b42b-866ab587c49f"	"56"
"014bf0b3-1d81-4ad4-ab5d-b93e2128bbaa"	"b3f5b18d-79d1-4e8b-b42b-866ab587c49f"	"56"
"95355efe-2af1-4d67-af6f-242ace76cfa3"	"b3f5b18d-79d1-4e8b-b42b-866ab587c49f"	"56"
"7e37168c-8268-47fb-b792-e71c790ed143"	"b3f5b18d-79d1-4e8b-b42b-866ab587c49f"	"56"
"5e7c9510-9cd4-4a59-8273-ec522fe6b64a"	"b3f5b18d-79d1-4e8b-b42b-866ab587c49f"	"56"
"e39a3acf-807a-4df8-8259-b1ef5331cb96"	"b3f5b18d-79d1-4e8b-b42b-866ab587c49f"	"56"
"a7dfdd75-4af6-42ed-a395-3c345d36c026"	"b3f5b18d-79d1-4e8b-b42b-866ab587c49f"	"56"
"f3f791c0-4ddf-4d4c-b9ae-b26535c66181"	"b3f5b18d-79d1-4e8b-b42b-866ab587c49f"	"56"
"933997a5-3459-4f59-a633-2310d3ae83b8"	"b3f5b18d-79d1-4e8b-b42b-866ab587c49f"	"56"
"39ae4b9a-0ac9-4cdf-a34f-1496f6def332"	"b3f5b18d-79d1-4e8b-b42b-866ab587c49f"	"56"
"3923c81b-7d12-486c-9d95-5b8e4c4cf87b"	"b3f5b18d-79d1-4e8b-b42b-866ab587c49f"	"56"
"999451a8-c71a-4e51-bb8e-ed158b5e81f5"	"b3f5b18d-79d1-4e8b-b42b-866ab587c49f"	"56"
"2ece5e85-93c6-4917-991a-cfa5679bd1cf"	"b3f5b18d-79d1-4e8b-b42b-866ab587c49f"	"56"
"e531a9ac-3eb7-43c3-88db-b4c7d7aa47c9"	"b3f5b18d-79d1-4e8b-b42b-866ab587c49f"	"56"
"88e24d23-cff5-4d28-859e-1cf62098f0e9"	"b3f5b18d-79d1-4e8b-b42b-866ab587c49f"	"56"
"bad627a1-52da-42f0-bd3d-a4821b38da36"	"b3f5b18d-79d1-4e8b-b42b-866ab587c49f"	"56"
"d4b9327e-6942-4176-818b-8a5315f1be3d"	"b3f5b18d-79d1-4e8b-b42b-866ab587c49f"	"56"
"c60d0d7a-0edf-43ec-834f-570109ab6406"	"b3f5b18d-79d1-4e8b-b42b-866ab587c49f"	"56"
"080a21b1-485f-413e-aeb8-3a496ab6ee83"	"b3f5b18d-79d1-4e8b-b42b-866ab587c49f"	"56"
"3a0ab008-6d02-4451-8de5-69acbfaae490"	"b3f5b18d-79d1-4e8b-b42b-866ab587c49f"	"56"
"174015bc-8745-43d5-9066-18ffe92fa271"	"b3f5b18d-79d1-4e8b-b42b-866ab587c49f"	"56"
"0d53eab5-8dba-4c36-a932-7b269f4e867c"	"b3f5b18d-79d1-4e8b-b42b-866ab587c49f"	"56"
"ab97be6a-04eb-4044-818a-d7f4d2f97862"	"b3f5b18d-79d1-4e8b-b42b-866ab587c49f"	"56"
"0aa9360b-cd63-4276-9f91-a68a51b11298"	"6de65542-8b4e-4b62-ae1d-0dce73f62593"	"6"
"8995379b-e1ef-41cc-a9a9-e244b4ca29ab"	"2216b724-b6f2-49f2-9d8a-5f6bcc53c594"	"82"
"e3b5ddf7-8022-47aa-a7c2-a5e90eb3407b"	"2216b724-b6f2-49f2-9d8a-5f6bcc53c594"	"82"
"df77bdc3-f1a0-4925-90b2-8786cd2aa2be"	"2216b724-b6f2-49f2-9d8a-5f6bcc53c594"	"82"
"0202d81a-7145-41e6-87e3-6d6f472e4093"	"2216b724-b6f2-49f2-9d8a-5f6bcc53c594"	"82"
"e9c90d5f-e508-4166-ab9f-24c9e7f5ca4c"	"2216b724-b6f2-49f2-9d8a-5f6bcc53c594"	"82"
"dcc47f49-a7d1-42cc-b0d6-94bedbcb0586"	"2216b724-b6f2-49f2-9d8a-5f6bcc53c594"	"82"
"fde281ad-ba74-42df-85d0-edfe18b0369a"	"2216b724-b6f2-49f2-9d8a-5f6bcc53c594"	"82"
"4e24125f-a7e6-4f25-a6db-af136951c0d2"	"2216b724-b6f2-49f2-9d8a-5f6bcc53c594"	"82"
"6c1a919c-82e4-44b0-8642-09c92ae03a83"	"2216b724-b6f2-49f2-9d8a-5f6bcc53c594"	"82"
"fc490278-f3e2-48c2-892b-b12c5d183d31"	"2216b724-b6f2-49f2-9d8a-5f6bcc53c594"	"82"
"a43170d4-a730-4d10-8e81-fc285fdd7d7a"	"2216b724-b6f2-49f2-9d8a-5f6bcc53c594"	"82"
"dff3bd03-e277-4a1c-9a5e-18a73a48f899"	"2216b724-b6f2-49f2-9d8a-5f6bcc53c594"	"82"
"bc61bd47-8b24-4f3a-907b-77d52416efa3"	"2216b724-b6f2-49f2-9d8a-5f6bcc53c594"	"82"
"603f7af9-8d94-4805-b89b-fefd3adbdb8f"	"2216b724-b6f2-49f2-9d8a-5f6bcc53c594"	"82"
"444c07eb-5003-4cde-bc1f-d22f681b7aff"	"2216b724-b6f2-49f2-9d8a-5f6bcc53c594"	"82"
"2ab8dd8f-8aad-4685-901c-4ed725b0cf10"	"2216b724-b6f2-49f2-9d8a-5f6bcc53c594"	"82"
"6dcac089-7a88-403b-bd38-b2f7739545c3"	"2216b724-b6f2-49f2-9d8a-5f6bcc53c594"	"82"
"9f1beacd-5277-4df0-8517-88e38495623a"	"2216b724-b6f2-49f2-9d8a-5f6bcc53c594"	"82"
"0677eb15-aec0-4885-a867-ace61e7f621d"	"2216b724-b6f2-49f2-9d8a-5f6bcc53c594"	"82"
"ac261a96-7ff6-4ca6-b858-40d7b87933c0"	"694408f7-e3bf-467e-8a1d-598f9b8e5f51"	"56"
"d9f75a02-9614-4fd6-adb6-b8d985aa0d40"	"694408f7-e3bf-467e-8a1d-598f9b8e5f51"	"56"
"31d8f8b7-a880-4c89-8eaa-3cad4b0dda14"	"4ab4418b-ef85-46de-9970-d46737211f26"	"128"
"06058399-5f4e-4409-97c4-431f3a81641f"	"ee667e3b-0205-46d3-af5f-8e4e0ed7e6fb"	"77"
"ea6c7c06-91e2-48c8-bff4-cd8fa3855c69"	"ee667e3b-0205-46d3-af5f-8e4e0ed7e6fb"	"77"
"b7f75767-e4f1-4c47-8ada-1d6289a6d043"	"ee667e3b-0205-46d3-af5f-8e4e0ed7e6fb"	"77"
"8c0531f3-9f05-4cc4-8257-65b4044d6533"	"ee667e3b-0205-46d3-af5f-8e4e0ed7e6fb"	"77"
"10090f9d-85ce-4808-8a07-9c0b7c17282d"	"fa8f66d7-2c33-41a8-8fd8-84d4aee6b0e1"	"77"
"a33f840a-4461-4d8f-a41e-f05dc98d4953"	"fa8f66d7-2c33-41a8-8fd8-84d4aee6b0e1"	"77"
"dd11208c-6f21-446c-b59b-5b1a6e2ff3a5"	"fa8f66d7-2c33-41a8-8fd8-84d4aee6b0e1"	"77"
"5ab43da0-b1eb-4388-90ea-9ad70cf5a41c"	"fa8f66d7-2c33-41a8-8fd8-84d4aee6b0e1"	"77"
"8db7dd29-49f5-407a-8443-9829ad5938f7"	"fa8f66d7-2c33-41a8-8fd8-84d4aee6b0e1"	"77"
"cfdca52b-146e-4db3-9e50-84152436538d"	"fa8f66d7-2c33-41a8-8fd8-84d4aee6b0e1"	"77"
"5674b9f5-b662-4352-9824-72d5803850c4"	"fa8f66d7-2c33-41a8-8fd8-84d4aee6b0e1"	"106"
"48d3228c-b137-4dec-a40d-e2a1b339f084"	"fa8f66d7-2c33-41a8-8fd8-84d4aee6b0e1"	"106"
"1631368b-7365-4962-9e94-01cb17644e44"	"c419ba3c-839f-41bb-b78f-1b6a39242619"	"128"
"d9f50e3e-86b2-44d5-86bd-bdc51814e947"	"c419ba3c-839f-41bb-b78f-1b6a39242619"	"128"
"670f292d-a631-467a-a8a5-d8a3240a5627"	"c419ba3c-839f-41bb-b78f-1b6a39242619"	"128"
"fd899691-4d28-4d03-9e04-d4f2a922a97a"	"c419ba3c-839f-41bb-b78f-1b6a39242619"	"128"
"72f1c930-c3c4-4979-8557-9729a77685c9"	"c419ba3c-839f-41bb-b78f-1b6a39242619"	"128"
"a83129f8-fc2a-44f4-83f3-8858ed58a696"	"c419ba3c-839f-41bb-b78f-1b6a39242619"	"128"
"7432579e-5ac5-4863-a2ca-21cd748ff2bb"	"b3f5b18d-79d1-4e8b-b42b-866ab587c49f"	"56"
"2eef61ca-74a8-41bb-a935-6ca0d0df7e6b"	"c18197a1-6075-4924-827c-a4badc6b15ab"	"56"
"157e0e28-4ec6-4e3b-b1f8-4dc002135228"	"c18197a1-6075-4924-827c-a4badc6b15ab"	"56"
"3420f6a6-6db0-48c4-9a15-ec92be398a62"	"655ddeec-d897-4112-a4c6-c6efc129cca3"	"56"
"5648e7e9-4ee8-4770-b8a8-55379ba400ed"	"e986641c-5570-4569-83bf-c55f9f6aeaac"	"56"
"cab34ba1-90e9-4a01-89a7-439aa383888e"	"246fbd9a-02ac-4a45-8e0e-ba3ae7bbffd8"	"56"
"aa749db5-c75a-43c4-8227-62a147772fcf"	"b3f5b18d-79d1-4e8b-b42b-866ab587c49f"	"56"
"d65c5aa6-9699-4028-8e8b-31816d32b269"	"b3f5b18d-79d1-4e8b-b42b-866ab587c49f"	"56"
"cea15e30-7b50-44c9-9536-d7a53a8526c8"	"b3f5b18d-79d1-4e8b-b42b-866ab587c49f"	"56"
"de1fb16e-ee67-43ea-93a5-78cbe794a75a"	"9f392f68-92c2-4bda-9922-8324a17022a4"	"56"
"af3d066f-0f71-4692-acf8-339cca086cf6"	"b3f5b18d-79d1-4e8b-b42b-866ab587c49f"	"56"
"e7c0938e-2eb3-4a79-a24b-bbf1717eb4d8"	"3f0fafaf-d6ec-444c-8eeb-f3b1772a8437"	"56"
"d3f6be13-d794-4bc6-bd37-b5fd8d181a51"	"b91ac872-a558-4a4a-a423-0ab52b40c8a8"	"27"
"d3f6be13-d794-4bc6-bd37-b5fd8d181a51"	"7366ceb7-820f-48dc-ab20-80a2a2f35f28"	"27"
"0d034eba-7d20-4207-82e6-5f65979ea057"	"3f0fafaf-d6ec-444c-8eeb-f3b1772a8437"	"56"
"f3933712-e6ea-4306-a8ef-e7b8d444093d"	"3f0fafaf-d6ec-444c-8eeb-f3b1772a8437"	"56"
"625ad9af-1ccb-46cf-a9ff-97f6edbda31a"	"e9396c70-c72d-4895-aeb0-72285a8f58f9"	"56"
"496a56cc-c7cf-4e05-96a5-d8e165d24447"	"be2208e3-aed6-4847-9b57-2a1b159d7c72"	"36"
"bd926a8b-e0bc-475b-8b4f-bfe07c6c106b"	"41b71277-780e-4984-9a27-9db53c0b4858"	"56"
"47104b53-7929-4584-bf8f-7f8c3f7fa032"	"41b71277-780e-4984-9a27-9db53c0b4858"	"56"
"c3959a1b-74f4-459c-bd9c-61a07a79942e"	"d45f180f-4b1b-4a4a-baf1-c11d9986cbc2"	
