manifestation_id	title	language	certainty
"bcb42947-4b7c-4966-a9ae-3ded62aec4bf"	"Esthera Regina"	"Latin"	"Certain"
"b5c489ab-3e36-4db0-bada-04d7df6b40bb"	"Didascalus"	"Latin"	"Certain"
"9161ebc9-7816-4f2e-8158-64eeaea26d85"	"Iosephus"	"Latin"	"Certain"
"2f0075c5-d5cb-4922-b491-57c26b0e7005"	"Iuditha"	"Latin"	"Certain"
"b44d899f-8a5d-44b5-bbd9-940a4e7bcacb"	"Naaman"	"Latin"	"Certain"
"f4c94f5b-566f-43c0-a66a-140d982fba4b"	"Nehemias"	"Latin"	"Certain"
"29efc3f9-bbce-4374-bd0c-50a9b600a3ba"	"Pseudostratiotae"	"Latin"	"Certain"
"053931e8-4619-4c83-8b10-364e5ee8fb66"	"Saulus"	"Latin"	"Certain"
"a40d2292-fa28-4332-87c5-f035178124ab"	"Tobaeus"	"Latin"	"Certain"
"3e9d158a-fe7c-4611-8939-74823bbd09b0"	"Adamus exul"	"Latin"	"Certain"
"ddb32ce3-1209-4d1f-aa17-a32a3fc6c8ea"	"L’hypocrite demasqué"	"French"	"Certain"
"65034498-c8a2-4757-bf5a-5d046255d758"	"L’orgeuil humilié ou Aman"	"French"	"Certain"
"7638cb0c-149b-472e-936d-307d29a34839"	"Sedecias"	"Latin"	"Certain"
"e10d9caa-a668-402c-8009-4f1437fd4320"	"Sergius vel capitis caput"	"Latin"	"Certain"
"bf578f71-17b7-4007-99b8-bfb02fcf5cd6"	"Scenica Progymnasmata hoc est Ludicra praeexercitamenta"	"Latin"	"Certain"
"2f0b89ef-a0da-4b1c-b60a-49dbbff18e75"	"Eydel is het waght te stellen,, En te breken liefdens bandt:"	"Dutch"	"Certain"
"8b93c30f-2cae-44c6-9ae5-b720d4f3f4d5"	"In amore stabili vana sit custodia"	"Latin"	"Certain"
"780bb6df-e2c8-4a4a-b9f1-1d32930eee44"	"Judicium temerarium sive Adolphus Teutonum comes"	"Latin"	"Certain"
"ecd4bc57-219c-4332-bb48-8cc682c053db"	"t lichtveerdig oordeel door Adolphus"	"Dutch"	"Certain"
"230526fc-bf2a-47f0-9273-e47c85ddccda"	"Joseph se fratribus manifestans"	"Latin"	"Certain"
"a08a2ad5-d38c-4e8f-81f4-b7bb261aca30"	"Prodigus ad frugem revocatus"	"Latin"	"Certain"
"a08a2ad5-d38c-4e8f-81f4-b7bb261aca30"	"De verquister tot beternis gebragt"	"Dutch"	"Certain"
"dbc85cf3-743f-417c-b3d8-040217ea8d61"	"Salomon unctus"	"Latin"	"Certain"
"dbc85cf3-743f-417c-b3d8-040217ea8d61"	"Salomon gezalfd"	"Dutch"	"Certain"
"ee93a8d9-2bef-4baa-8a03-07a859fc312b"	"Den allerkinderen-dag"	"Dutch"	"Certain"
"f374d548-228d-4ea7-b8e4-4ae164e210b8"	"Salomona met haer zeven zonen Machabeen"	"Dutch"	"Certain"
"17352fb6-17f2-4320-a733-7fe260417c4b"	"Dry-dobbel verlies van Sapricius door den haet teghen Nicephorus"	"Dutch"	"Uncertain"
"588576e4-c248-4442-8e8d-3e53e127e91a"	"Franciscus De Borgia in’t hof van den keyser kloeckmoedigh"	"Dutch"	"Uncertain"
"4e7c4351-1ae7-4b2d-86ad-02dde19d3297"	"Joseph"	"Latin"	"Certain"
"946973b8-9e77-45d8-acce-a5c08d92476f"	"Auriacus sive libertas saucia"	"Latin"	"Certain"
"5f87d1b7-76c4-4e37-ba09-24459e84cf0c"	"Christus patiens"	"Latin"	"Certain"
"aec0ed8a-47df-4ac7-90bf-cdeed8250050"	"Maria Graeca"	"Latin"	"Certain"
"a941a8ba-7f2d-4891-8c23-0a8fa4d4bc75"	"Rosimunda"	"Latin"	"Certain"
"9b422405-fab8-454f-8d44-386ef45b5d13"	"Paulus Kien"	"Latin"	"Certain"
"a6f76ee0-749b-42d4-bcd9-358b4e9b978b"	"Triumphus Ecclesiae"	"Latin"	"Certain"
"0933e016-a371-4735-98ca-b72246a1c938"	"Aeternus Pater in Jephte"	"Latin"	"Certain"
"453c3d59-7aa2-4910-9d11-5b0904b69608"	"Adonias et Salomon"	"Latin"	"Certain"
"04ece791-9d41-4860-b43e-85cc99bc50fc"	"Brandende ende lichtende lanterne"	"Dutch"	"Certain"
"aab61506-afb7-4191-aaa5-d7b783d7f35f"	"Lucerna ardens"	"Latin"	"Certain"
"171dde55-3d7f-41f3-b16d-427abb6988c7"	"Mauritius imperator"	"Latin"	"Certain"
"2f07b81f-ee9a-474e-933f-9d3f58f3840a"	"Mauritius orientis imperator"	"Latin"	"Certain"
"b93a7e3a-3f83-434c-bab2-5b20e8f46fba"	"Menecrates"	"Latin"	"Certain"
"a7f2b0e4-d6ab-4b91-9718-5966c4648867"	"Jesus in templo inventus"	"Latin"	"Certain"
"0e6e7ffb-e55e-4a44-8b8a-8950b638a9d4"	"Calvinus"	"Latin"	"Certain"
"7cb76e58-8802-4682-9a6b-571b698f5ff2"	"Servus nequam"	"Latin"	"Certain"
"05f879b0-3279-4f73-8f82-84651260bdc6"	"Athalia"	"Latin"	"Certain"
"05f879b0-3279-4f73-8f82-84651260bdc6"	"Athalia"	"Dutch"	"Certain"
"7883d9d1-bc65-47c9-8eb2-b7bc3df0418e"	"Donec eris felix"	"Latin"	"Certain"
"7883d9d1-bc65-47c9-8eb2-b7bc3df0418e"	"Soo lanck gy sult geluckig zyn"	"Dutch"	"Certain"
"335094e2-9da4-405b-b5ff-c4138d3a0aa0"	"Jonathas"	"Latin"	"Certain"
"f5294589-d044-4096-9828-c4de8f18033d"	"Mulier vidua"	"Latin"	"Certain"
"2b932b2e-e2d1-4fae-884f-eef301046bd0"	"Titus Manlius"	"Latin"	"Certain"
"2e14af5a-4d6c-47ed-b52f-e4353ee49f92"	"Morophilus"	"Latin"	"Certain"
"24204698-0a9c-4099-818d-5e96d50963e2"	"Nisus et Eurialus"	"Latin"	"Certain"
"fbf00d5e-4ba2-426c-8a45-948b22ca4c58"	"Pambo Eremita"	"Latin"	"Certain"
"66bfe7e9-001d-450b-bcfd-4f469b8c3a9d"	"S. Aloysius"	"Latin"	"Certain"
"e375ade8-e69f-4fa3-afec-d4737ed1ddf4"	"Serpens in deserto exaltatus"	"Latin"	"Certain"
"487316c4-ca8c-46fb-8ca1-edc674f1942c"	"Nabuchodonosor"	"Latin"	"Certain"
"487316c4-ca8c-46fb-8ca1-edc674f1942c"	"Nabuchodonosor"	"Dutch"	"Certain"
"f734f7ff-658f-49a1-a3b5-91a86a1b333d"	"Domitianus"	"Latin"	"Certain"
"4382ffe0-8ade-4390-b8d3-676c4c548488"	"Putagius"	"Latin"	"Certain"
"ca993765-dd14-4a38-8036-3fbaa7445e22"	"Clinia"	"Latin"	"Certain"
"de64ab67-20cf-49c4-a8da-1dea303f8a2a"	"Cyrus"	"Latin"	"Certain"
"592a4d97-7113-40ef-9b17-e962cfb52959"	"Theophilus"	"Latin"	"Certain"
"2bb92c0e-27d9-4e4d-8a34-9fd2fe99833a"	"Achab poenitens"	"Latin"	"Certain"
"8b9343ed-0d92-4be2-92eb-ce3a0493760b"	"Philargyrus"	"Latin"	"Certain"
"80046511-63dc-444f-90de-88a3f2a10fb8"	"Vray modelle des Evesques remontré en Sainct Iean l’Apostre"	"French"	"Certain"
"f535c915-83e0-4027-8321-a4b25b5da245"	"S. Henricus pius, fortis, pacificus, imperator"	"Latin"	"Certain"
"faf70438-4339-4949-b4f0-86c62a3a0103"	"Manasses coninck van Ierusalem"	"Dutch"	"Uncertain"
"ea13dedc-50ab-4845-96b8-54f28591afa2"	"Rechtveerdich oordeel Godts ofte Mauritius Keyser vanden Oosten"	"Dutch"	"Uncertain"
"1c1a5fb3-c9d0-4363-ae00-b7438ac154d6"	"Christelycke vraecke in Wamba coninck der Gothen in Spaignien"	"Dutch"	"Uncertain"
"717f721b-8cd7-4228-9f1e-5f2c891e3604"	"H. Xaverius apostel vanden Oosten ondervvijser der ionckheyt"	"Dutch"	"Uncertain"
"0219d0b1-bb90-4a4d-ac87-93e6af8a6a5c"	"Ionathas Machabaevs oppersten priester en capiteyn van het volck des heeren."	"Dutch"	"Certain"
"0f76a4e7-2f68-4298-bbd2-5cb4f947666b"	"Tragoedie Evstachivs in alle teghenspoet, onvvinbaer"	"Dutch"	"Certain"
"633ffc57-d145-4c63-b28e-c8178ff5d66a"	"Den Glorieusen strydt voor de wet Godts ende Victorie van Eleazarus"	"Dutch"	"Certain"
"be815750-8ce7-451e-ab3e-d8c98a011a88"	"Saul ghestraft om sijne onghehoorsaemheydt"	"Dutch"	"Uncertain"
"61851a3d-1a7a-4d24-843a-e08834fc7ce7"	"Den h. Martinvs bischop van Tovrs"	"Dutch"	"Uncertain"
"43504fa6-9558-4762-9b76-1a47804a0ec7"	"Eer-vluchtigen Alexander"	"Dutch"	"Uncertain"
"a5e28f17-7323-4a87-b6a8-21050ee7eb32"	"Isaacius Angelus keyser vanden Oosten en Balduinus van Vlaenderen"	"Dutch"	"Certain"
"d36651da-ae27-4722-8441-c5136bd6dd43"	"Ongheluckighe eersucht van Adonias, in wiens plaetse Salomon ghestelt wort"	"Dutch"	"Uncertain"
"1f3da80e-ddcd-4601-9f96-279f37aa8f15"	"Trebellius Coninck van Bulgarien"	"Dutch"	"Uncertain"
"ce660570-bef8-4b8a-a9b6-f6551dee0209"	"Maurice empereur du Levant"	"French"	"Certain"
"29c9af07-0a52-4719-bc1e-8d0c811742bc"	"David en Jonathas malkandren beminnende"	"Dutch"	"Uncertain"
"ce0a5a1b-450c-4021-8168-5d7560704c6d"	"Ismael"	"Latin"	"Certain"
"bf7e857a-0af7-48b6-9577-ab52fadbf0ab"	"Jephte"	"Latin"	"Certain"
"eceea297-b51f-4f29-b86c-ebcd2912b063"	"Adam et Eva"	"Latin"	"Certain"
"ba0056f5-22c7-4fca-925f-3511c35a755c"	"Potitus"	"Latin"	"Certain"
"382257fc-52bb-4c0d-af84-6009935a569f"	"Pastor bonus"	"Latin"	"Certain"
"ac310c0d-7267-4666-ba27-b3f0381a8334"	"Chrysomisus"	"Latin"	"Certain"
"322102cf-49b4-449b-9ca5-57a8b856aa48"	"Le malade imaginaire comedie"	"French"	"Certain"
"47c44883-076e-46f7-8174-626ee998ce62"	"Christus Xylonicus"	"Latin"	"Certain"
"538736ae-c554-4dd8-a1a9-d7c353c0bea3"	"Susanna"	"Latin"	"Certain"
"556ac184-321b-4475-860e-7dcaee23109b"	"Ananias"	"Latin"	"Certain"
"e0a2f5cc-0007-4848-b442-9fc6d46acd6c"	"Daniel"	"Latin"	"Certain"
"2dd26ce5-eeca-4dca-a44f-ad234837d28e"	"Pentecoste"	"Latin"	"Certain"
"95ed33ff-b9f7-4126-9593-e42d2ce00a61"	"Triumphus Christi"	"Latin"	"Certain"
"80b756b6-2853-432f-89da-905188d7c5f4"	"Typhlus"	"Latin"	"Certain"
"388462d6-328f-47cb-a3ba-6c9ad8a341cc"	"Semiramis"	"Dutch"	"Certain"
"388462d6-328f-47cb-a3ba-6c9ad8a341cc"	"Semiramis"	"Latin"	"Certain"
"98660324-294a-4cd6-acb4-7eb33b726f9a"	"Veranderinge van het menschelyck lot, ofte Origenon ende Dafrosa"	"Dutch"	"Uncertain"
"a293b685-ceaa-412c-9b3e-9f8856167ab4"	"Sedecias"	"Latin"	"Certain"
"203dd33e-f66d-4530-9cf9-3f57179e8f53"	"Soter gloriosus"	"Latin"	"Certain"
"f674c8b7-8c0f-4b90-85fd-c69a3be4033a"	"Hypocrisis: de hypocrisis falsa religione, ficta disciplina"	"Latin"	"Certain"
"cdb126b7-e557-4fd8-b9ba-fda98f23ede4"	"Adelphi"	"Latin"	"Certain"
"cdb126b7-e557-4fd8-b9ba-fda98f23ede4"	"Adelphi"	"Dutch"	"Certain"
"ed9685f0-71c1-4485-a067-2d3b36fed53b"	"Andria"	"Latin"	"Certain"
"ed9685f0-71c1-4485-a067-2d3b36fed53b"	"Andria"	"Dutch"	"Certain"
"322f749b-6f86-4e5c-97e3-5e950120fdb7"	"Eunuchus"	"Latin"	"Certain"
"322f749b-6f86-4e5c-97e3-5e950120fdb7"	"Eunuchus"	"Dutch"	"Certain"
"4cbda9c0-2a1d-4089-a72d-1c6c153d081c"	"Heautontimorumenos"	"Latin"	"Certain"
"4cbda9c0-2a1d-4089-a72d-1c6c153d081c"	"Heautontimorumenos"	"Dutch"	"Certain"
"3689cca3-2e61-4100-9c60-e6687a5cf943"	"Hecyra"	"Latin"	"Certain"
"3689cca3-2e61-4100-9c60-e6687a5cf943"	"Hecyra"	"Dutch"	"Certain"
"6203b402-3691-4239-b970-a3445f13e525"	"Phormio"	"Latin"	"Certain"
"6203b402-3691-4239-b970-a3445f13e525"	"Phormio"	"Dutch"	"Certain"
"a49cbfb2-c54e-440d-bfe0-1cda290620d8"	"Adelphi"	"Latin"	"Certain"
"a49cbfb2-c54e-440d-bfe0-1cda290620d8"	"Adelphi"	"Dutch"	"Certain"
"1c28c459-9a44-4951-a45d-3c06538a48c5"	"Andria"	"Latin"	"Certain"
"1c28c459-9a44-4951-a45d-3c06538a48c5"	"Andria"	"Dutch"	"Certain"
"39dbf449-67a5-43f3-8741-c9f50c548d9c"	"Eunuchus"	"Latin"	"Certain"
"39dbf449-67a5-43f3-8741-c9f50c548d9c"	"Eunuchus"	"Dutch"	"Certain"
"57e53fb0-c216-40eb-9d78-ff9366863c80"	"Heautontimorumenos"	"Latin"	"Certain"
"57e53fb0-c216-40eb-9d78-ff9366863c80"	"Heautontimorumenos"	"Dutch"	"Certain"
"ac095dcf-21d2-4810-89b1-db35fe3504a4"	"Hecyra"	"Latin"	"Certain"
"ac095dcf-21d2-4810-89b1-db35fe3504a4"	"Hecyra"	"Dutch"	"Certain"
"d68e0317-2fa9-480c-a24e-3b6e826212e7"	"Phormio"	"Latin"	"Certain"
"d68e0317-2fa9-480c-a24e-3b6e826212e7"	"Phormio"	"Dutch"	"Certain"
"da5a285d-0fa1-46b8-b422-a7d9ce94d15a"	"Adelphi"	"Latin"	"Certain"
"da5a285d-0fa1-46b8-b422-a7d9ce94d15a"	"Adelphi"	"Dutch"	"Certain"
"1874e3b9-514e-40a6-8adf-71262c98291c"	"Andria"	"Latin"	"Certain"
"1874e3b9-514e-40a6-8adf-71262c98291c"	"Andria"	"Dutch"	"Certain"
"a78a7976-62ed-4fb0-9de1-83161a054709"	"Eunuchus"	"Latin"	"Certain"
"a78a7976-62ed-4fb0-9de1-83161a054709"	"Eunuchus"	"Dutch"	"Certain"
"8442c596-95a9-4f01-83e6-24470e488dfb"	"Heautontimorumenos"	"Latin"	"Certain"
"8442c596-95a9-4f01-83e6-24470e488dfb"	"Heautontimorumenos"	"Dutch"	"Certain"
"dc2b0a50-5ad0-4315-a691-99baa69c290b"	"Hecyra"	"Latin"	"Certain"
"dc2b0a50-5ad0-4315-a691-99baa69c290b"	"Hecyra"	"Dutch"	"Certain"
"7a69ec0b-82ad-467c-9905-676e4a2ac618"	"Phormio"	"Latin"	"Certain"
"7a69ec0b-82ad-467c-9905-676e4a2ac618"	"Phormio"	"Dutch"	"Certain"
"efff411b-9907-4714-922f-cde0726cd00a"	"Joseph den Patriarch"	"Dutch"	"Certain"
"efa1a4a0-1dc5-4482-afbe-6408200d3ba0"	"Blyden inganck van Phoebus ende Musen"	"Dutch"	"Uncertain"
"3c58f1d7-fce2-4e58-b21a-0f42bd0ad269"	"Goddelycke wysheyt voor den Godts-dienst door den coninck Salomon"	"Dutch"	"Uncertain"
"b051ba84-a5ee-48b8-91c7-1d3c1105c253"	"Mardochaeus over den doodt-vyandt der Ioden Aman, triomferende"	"Dutch"	"Uncertain"
"bbd0c7c4-368b-4eee-955d-340a5e6e16fd"	"Triomphe de la foy catholique representée dans Marc et Marcelliain"	"French"	"Certain"
"b4685920-cd28-44f2-baba-d05d0a31c125"	"Rycken vreck in weelde ghestraft ende Lazarus in ellende gheloont"	"Dutch"	"Uncertain"
"55896634-2410-49a0-8bcd-2bb53c5cc147"	"Onnoosel bloedt vergoten door Ugolinus, prince van Hetrurie"	"Dutch"	"Uncertain"
"70e210d8-9961-41aa-8af0-4b3c5514a118"	"Vruchten van leet-wesen"	"Dutch"	"Certain"
"b58eb28e-95d9-49dd-84ca-f5cbe1caa9cd"	"Zedelyck schou-speel"	"Dutch"	"Certain"
"50dc0134-9dbd-4e7c-a95c-ae1e07b024a2"	"Eustachius"	"Latin"	"Certain"
"8ba1d7d0-1877-4c64-a747-bd541b9e960f"	"Clodoaldus prince van Denemarcken"	"Dutch"	"Certain"
"254052aa-0727-4d45-ad16-6f08bae7acc1"	"De Doodt aen rycke, hooveerdighe versmaeders des Cruys Christi"	"Dutch"	"Uncertain"
"9ed73071-5d4e-4f03-9e53-a5c0cb40ab8c"	"Mors divitibus superbis infelix pauperibus ac crucis christi cultoribus felix"	"Latin"	"Certain"
"836d12ca-993d-4f63-a1fc-4d1e856d4ed1"	"Gvilielmvs eerst hertoghe van Aqvitanien van S. Avgvstyns orden"	"Dutch"	"Certain"
"62ed9c0e-a2ad-4d18-8498-5c7df9cebe8a"	"Gorcomienses sive Fidei exilium"	"Latin"	"Certain"
"25d8086c-a035-44aa-937b-d92386d9b8e9"	"Sedecias"	"Latin"	"Certain"
"e8f6d848-0517-41a2-b432-12a505b28470"	"Salomon"	"Latin"	"Certain"
"0d514b1c-ae9c-4674-87c6-679d9c866553"	"Princeps Auriacus, sive libertas defensa"	"Latin"	"Certain"
"6bb1e054-68b2-48b5-a3f8-a105ac6e4422"	"Auriacus"	"Latin"	"Certain"
"2891ace9-e52c-47ff-be40-39e96fc8f51c"	"Sapricio-Nicephorus"	"Latin"	"Certain"
"8d80fdbf-6ea7-4d0a-93ad-1abff59168e7"	"Alexander soone van Alexander"	"Dutch"	"Uncertain"
"9cd11580-dd02-4f40-b5b5-509e640aa29e"	"La compagnie de Iesus esparse par tovt le monde"	"French"	"Certain"
"c36f04d0-4f73-4cd2-be8c-2c10d22272db"	"Svbiect de la tragicomedie de Ioseph= tiree dv chapitre trente-septiesme= trente-noevfiesme= &c. ivsqves av qvarante-hvictiesme de la Genese. Laquelle se representera le lendemain de la procession= en la court du college de la ville de Tovrnay= par les escoliers de la Compagnie de Iesvs."	"French"	"Certain"
"1c7a84e5-3a1f-422a-8aff-6744ceadf5e5"	"Joseph"	"Latin"	"Certain"
"8eac8e25-0fd6-41de-a559-f6675284acb5"	"Joseph"	"Latin"	"Certain"
"af63e928-57de-4328-ac25-e21764f54ca9"	"Acolastus"	"Latin"	"Certain"
"cd983fd2-d905-49c8-a353-246fa12baf05"	"H. Nicolaus Tollentinas"	"Latin"	"Uncertain"
"af1123f0-e06e-4cfa-9a50-bb8785e23a9d"	"Nehemias"	"Latin"	"Certain"
"443ace9e-6f55-4dc0-be82-1a9fed98defc"	"Tobaeus"	"Latin"	"Certain"
"8b8e8cf4-ffaa-4332-b835-a26ad6b8d818"	"Naaman"	"Latin"	"Certain"
"a1679d12-9c3c-49f2-ad2c-5339bc17bdd9"	"Saulus conversus"	"Latin"	"Certain"
"7fa39720-684f-410b-8140-738d4be2c341"	"Lazarus mendicus"	"Latin"	"Certain"
"4ee2cf42-67f7-4944-96a0-dbfbf8df8dde"	"Destructio Jerosolymitana sub Sedecia"	"Latin"	"Certain"
"edbe7fab-9490-4932-b46c-3ad72751db19"	"Ajax lorarius"	"Latin"	"Certain"
"a789a3e6-5400-4d42-9e49-d11d76b22775"	"Philedonius"	"Latin"	"Certain"
"fa2751a2-6716-4493-957e-c580dcf574bb"	"Cyrus coningh der Persianen overwonnen door Tomeris coninginne van Schytien"	"Dutch"	"Certain"
"ec9381ff-fc61-46a7-ad65-01a169badc92"	"Cyrus Persarum rex a Tomeri Schytiae regina superatus"	"Latin"	"Certain"
"34ffa0ff-0b74-49a7-bbbd-848db7faf0ef"	"Diogenes Romanus"	"Latin"	"Certain"
"6c307ee8-161b-4fc1-9e4a-c9301ecb0490"	"Poliodorus rusticus"	"Latin"	"Certain"
"acedae5f-b3ec-4f71-9c39-0c60f7390ef0"	"Ortus in occasu, sive Semiramidis ad solium Assyriae ascensus"	"Latin"	"Certain"
"c01d2272-4870-4d85-9bf5-62b1bcded045"	"Philenus"	"Latin"	"Certain"
"bc64c0c4-50c7-4048-b515-a8d0a9727d45"	"Bustum Sodomae"	"Latin"	"Certain"
"f85b2289-8611-4b34-8159-f0b27b96e3ba"	"Amnon"	"Latin"	"Certain"
"73e515b0-102a-4a7e-ad62-bafd5e8254f8"	"Ottocarus Bohemiae rex"	"Latin"	"Certain"
"3ef61831-ab84-43f7-bb15-e5c8474b3a3e"	"Conradinus"	"Latin"	"Certain"
"ac1ff9c5-c6e4-44db-a7e0-11e13b748a0f"	"Crispus"	"Latin"	"Certain"
"19aa25eb-eb7d-4a75-9ba9-a5d5ef641af7"	"Eustachius"	"Latin"	"Certain"
"1b3e9fb0-8714-44ac-9ea5-6450d4642394"	"Gorcomienses sive Fidei exilium"	"Latin"	"Certain"
"eac786c1-bdc6-43aa-8783-6bf1298f062c"	"Henricus Octavus seu schisma Anglicarum"	"Latin"	"Certain"
"709dac17-8672-472a-8942-93cc64b07d29"	"Ioanna Darcia"	"Latin"	"Certain"
"b2e726f8-34cf-4254-b3b6-3ba81a2a017a"	"Ottocarus Bohemiae rex"	"Latin"	"Certain"
"0f15e2e7-f17e-4efa-b0ac-2c80a2b1f79b"	"Rodericus fatalis"	"Latin"	"Certain"
"cd40439b-c996-4146-8915-b9eb76af4198"	"Stanislaus"	"Latin"	"Certain"
"0206ca85-3449-4a08-85cf-2af26049bda0"	"Theodoricus"	"Latin"	"Certain"
"c65015f4-3a29-4131-a409-84e1944c4d84"	"Thomas Cantuariensis"	"Latin"	"Certain"
"20558668-4171-422f-831e-0c25d23364a7"	"Carcer Babylonius"	"Latin"	"Certain"
"3bea714f-4c19-4c79-ac5b-1e7369784c36"	"Edessa, sive Hester"	"Latin"	"Certain"
"673c51d3-20b4-401a-a4bc-36e33e6d948a"	"Herodes saeviens"	"Latin"	"Certain"
"1839f9f8-fdb1-4524-ba3a-24f8442aa262"	"Rodericus fatalis"	"Latin"	"Certain"
"a39a6f57-d940-41e5-90f4-a6c2679c2926"	"Hypocrisis: de hypocrisis falsa religione, ficta disciplina"	"Latin"	"Certain"
"eee9033e-d3d9-45db-a00a-9bf86c446e6a"	"Drama inter Lovaniensem Nympham, & duos Genios"	"Latin"	"Certain"
"fd0aecfc-72c8-48e5-9bbf-a2f878d42e0f"	"Drama inter Phoebum, et Lovaniensem Eremum, ac Minervam"	"Latin"	"Certain"
"b2b11a38-62d0-4fcd-9809-f67f3695ea21"	"Joseph"	"Latin"	"Certain"
"b0443a7a-39f5-4118-a40d-218586ad3552"	"Esther"	"Latin"	"Certain"
"c25906d4-0838-420d-8e22-2c3b46345b79"	"Maria Graeca"	"Latin"	"Certain"
"b5ca08ee-6a82-4244-959a-e6dc96c09a41"	"Rosimunda"	"Latin"	"Certain"
"3932a26a-2161-4592-8122-1b62583cb74e"	"Het hooveerdigh huys van Tarquinius moordaedigh en bloedt-schendig in ballinghschap ghesonden / ... door de jonckheydt van het collegie van den grooten vader Augustinus ... 1 ende 2 september 1716."	"Dutch"	"Uncertain"
"300fad39-2438-469b-a988-6263aa039ba9"	"Veranderinghe der menschelycke fortunen ofte Horibinon ende Dafrosa"	"Dutch"	"Uncertain"
"c61b61cf-1888-4271-922b-4ec3462f0e67"	"Vreyheydt der kercke bevochten door Henricus, beschermt door Ludovicus"	"Dutch"	"Uncertain"
"20cda6d9-d0ed-4a25-bc90-8a484295ea6c"	"Christus patiens"	"Latin"	"Certain"
"45a3e14f-fc94-4cb1-89ce-5655bb459140"	"Ongheluckighe uyt-werckinghe der wraecke vertoont in Hormisda"	"Dutch"	"Certain"
"456dd1ab-bb57-4e3a-9967-6270344a9929"	"Strophio"	"Dutch"	"Certain"
"371ec110-7f71-445b-8061-2695a6ba2ac6"	"Adamus exul"	"Latin"	"Certain"
"120ed334-cbe4-4533-a71f-35477c2af61a"	"Herodes infanticida"	"Latin"	"Certain"
"9cbbf26e-67ef-4e00-add0-41976458ed5a"	"Bardas"	"Latin"	"Certain"
"1a9adf7e-37ef-4ac1-a6a1-a76aa1bc0d41"	"Vertoogh-spel van het Leven des Heijlighen Henricus I"	"Dutch"	"Uncertain"
"e8399227-24b2-46e2-86cc-7966046d40c0"	"Pendularia"	"Latin"	"Certain"
"4fc3844d-2436-428d-b485-b0838e44cc46"	"Balthasar, sone van Nabuchodonosor, den lesten coninck van Babylonien"	"Dutch"	"Certain"
"aefc7452-599f-4a75-b5e1-930c99c955fb"	"Umfredus"	"Latin"	"Certain"
"f900fcc5-a06b-4539-a727-ca290671b2c4"	"Ghestrafte onghetrouwigheyd ofte Sedecias Coninck van Juda"	"Dutch"	"Uncertain"
"5af13dc9-0680-4b9e-99f5-d85e8e65f9f1"	"Jephte"	"Latin"	"Uncertain"
"1fed316b-d3ab-4603-947b-981d9effd7ed"	"Jepthe"	"Dutch"	"Certain"
"fea52e89-d826-46fb-82b6-c841e8767ada"	"Lucius Cinna"	"Dutch"	"Certain"
"942a8803-6b9e-4a90-9f2a-94ee4b1a3f16"	"Saul"	"Dutch"	"Certain"
"87369cf8-a7ae-4ab8-a700-c16e85e906c6"	"Esther"	"Dutch"	"Certain"
"812f44b0-1b38-4081-828b-dd0c052782bb"	"Octavianus Augustus"	"Latin"	"Certain"
"b9774058-77cf-4c52-9169-085a5ee0bdad"	"Wraeck-lust in Octavianus Augustus"	"Dutch"	"Certain"
"1e8b5945-6261-4e69-a546-9bd3363d95d4"	"Adiatorix"	"Latin"	"Certain"
"8bb20c75-6550-4773-ac35-c7abacf33b1b"	"Aristobulus et Antigonus"	"Latin"	"Certain"
"0b6612de-f4d1-419f-9d77-b48e22aa5d6c"	"Omsichtigheydt der Coninghen, ofte Horatii ende Curiatii"	"Dutch"	"Certain"
"251615fb-654b-45e6-8049-66f3a47b7a08"	"Ingratitudo per Elenahan"	"Latin"	"Certain"
"0798a406-ca5c-425c-aa36-6d52499f3ff2"	"Ondancbaerheyt van Elenahan"	"Dutch"	"Certain"
"e3471cb1-d9cc-4d90-996a-b1d9151c1c1d"	"Amor in odia sive Menalippa"	"Latin"	"Certain"
"e00367f9-2ecd-41b1-8f11-67b94e8e3f11"	"Horatiorum Curatiorumque conflictus"	"Latin"	"Certain"
"453432b2-2f01-463f-9383-9c49bf41caa5"	"Langh-ghewensten vrede"	"Dutch"	"Uncertain"
"eb1a72e0-d563-476c-a971-2395c14d0e05"	"Wraecklust in Octavianus Augustus"	"Dutch"	"Certain"
"24966be1-7294-42ab-a5f4-8c6391c635dd"	"Acolastus"	"Latin"	"Certain"
"82f52057-f7ec-4fc0-b1ac-a5e18afa3dc3"	"Acolastus"	"Latin"	"Certain"
"4f55a29b-4bed-4fdf-a85d-2037bf7ef27c"	"Cyrus Persarum rex"	"Latin"	"Certain"
"1bce7fe1-bf9e-482f-8784-9792208cf706"	"Dulce bellum inexpertis"	"Latin"	"Certain"
"6b1f2ad6-ce84-4bac-af9a-06b941c0b3b2"	"Baltassar"	"Dutch"	"Certain"
"4cd33c79-5d84-4232-a604-1c6d0a059fc7"	"Charmides"	"Dutch"	"Certain"
"d962be4f-92bc-4dd4-99d4-d068d1b2486c"	"Onderghebrachte Goddeloosheyt ofte Clodoaldus bekeert"	"Dutch"	"Certain"
"d962be4f-92bc-4dd4-99d4-d068d1b2486c"	"Subacta impietas, sive Clodoaldus"	"Latin"	"Certain"
"ca38b178-fc1b-46be-8bdb-32a955bfd74a"	"Avaritia"	"Latin"	"Certain"
"781b5775-08cd-4bd3-a275-12df24a0f0ea"	"Eugenius triumphans"	"Latin"	"Certain"
"033aaeed-93b5-4d35-b895-c2c4d97af02a"	"Daniel in de kuyl der leeuwen"	"Dutch"	"Certain"
"74696a5f-beed-4e7e-b13c-b39ed3b0ae35"	"Daniel in lacu leonum"	"Latin"	"Certain"
"c631400a-97bc-4573-9d8b-fd28b4964a96"	"Athanasius inter varias calamitates"	"Latin"	"Certain"
"8eae2e53-47b0-4270-b600-71f963622475"	"Ontrauwige arglistigheyt verandert in zegenpralende loosheyt"	"Dutch"	"Uncertain"
"d667e367-53b3-417d-8254-f6d79c1784e7"	"Stratagema perfidiae"	"Latin"	"Certain"
"bc9b6ffa-a1b4-4b9f-87cf-82d0fbb85915"	"Revolutio imperii Sinarum ad Tartoros facta circa 1644"	"Latin"	"Certain"
"984efeca-8e25-4260-8c18-59190986fb85"	"Keyser Mauritius"	"Dutch"	"Certain"
"e8290a99-1c9b-4970-b831-2d4e5c8ee610"	"Baiazetes Ottomanus Turcarum Imperator"	"Latin"	"Certain"
"9d8ec60e-6d38-4874-bf93-7b976f26ecc4"	"Zeno Isauricus"	"Dutch"	"Certain"
"a5123d5e-5e07-4ebf-a185-2832fe35643d"	"Balduinus imperator Constantinopolitanus"	"Latin"	"Certain"
"a5123d5e-5e07-4ebf-a185-2832fe35643d"	"Baudewyn graeff van Vlaenderen ende Henegauwe, keyser van Constantinopolen"	"Dutch"	"Certain"
"00829d21-14be-4057-a8dc-d461e047b068"	"S. Ignatius de Loiola, instelder der societeyt Jesu"	"Dutch"	"Certain"
"0e75ada3-b032-4f9d-9b14-30f45507cf26"	"Morosophus de vera ac personata sapientia"	"Latin"	"Certain"
"35971539-7e4e-4eb6-833f-8a0c94323227"	"Samarites"	"Latin"	"Certain"
"80e8a86e-a580-4b79-9671-4c5c437fe8fd"	"Heylighen ende onverwonnen bisschop van Milanen Ambrosius"	"Dutch"	"Certain"
"80b5c084-8dda-4892-9666-f410484f3369"	"Tragedie: vanden h. Thomas aerts-bisschop van Cantelbergh= ende martelaer."	"Dutch"	"Certain"
"e590aa80-3e24-475a-8ae8-b47d68368272"	"Inconstantis Fortunae lusus in tribus Constantinopoleos imperatoribus"	"Latin"	"Certain"
"ca83bcd1-f5da-49fa-bb90-cd7500d6f775"	"La terre abandonnée et visitée de nouveau par la paix"	"French"	"Certain"
"c55ba2c5-d424-4f9b-95de-9129f8c67ebc"	"Iosephus"	"Latin"	"Certain"
"b686922d-683b-4d18-a6f4-5beb90770574"	"Iuditha"	"Latin"	"Certain"
"580cfe9b-be6f-40b6-a02a-1042df412e93"	"Naaman"	"Latin"	"Certain"
"bb61432f-33b4-4150-9c89-1fa107f3d45f"	"Nehemias"	"Latin"	"Certain"
"d31fcd80-088a-4b90-9948-88e859384b47"	"Saulus"	"Latin"	"Certain"
"bf3a9a75-9ee1-4baa-a93b-0968cc8456d1"	"Tobaeus"	"Latin"	"Certain"
"2b6006d5-237b-4657-835a-c5021f0fa208"	"Iosephus"	"Latin"	"Certain"
"e0528f48-717d-4e93-a382-38494c031cdc"	"Iuditha"	"Latin"	"Certain"
"8f19b3d3-cc13-4906-bc98-dcd79a4c3a0f"	"Naaman"	"Latin"	"Certain"
"a116441c-c145-4d47-bedc-b6ab6cc17b42"	"Nehemias"	"Latin"	"Certain"
"9ecc4e4f-5054-49f0-9026-227ef7a33dd5"	"Saulus"	"Latin"	"Certain"
"d82dd40b-bedd-4dd0-948a-18597ce8850b"	"Tobaeus"	"Latin"	"Certain"
"c4ecbc89-56dd-4f6a-9dc1-6800f5750bcd"	"Ananias"	"Latin"	"Certain"
"fc4e2101-9c89-497c-96a6-52823ccdb415"	"Daniel"	"Latin"	"Certain"
"dffef42a-a71b-4f0e-b866-fffa43359d7b"	"Pentecoste"	"Latin"	"Certain"
"7ec0e8d7-3bc6-41b0-97f0-c6eae3d80f2e"	"Susanna"	"Latin"	"Certain"
"90446476-39f1-46bb-b07b-f726d0269e80"	"Triumphus Christi"	"Latin"	"Certain"
"c39939d6-8a67-45ea-bcad-46d7d6bcde5b"	"Typhlus"	"Latin"	"Certain"
"33613f25-ceaa-4cab-bc23-a8901b6d9bb2"	"Iosephus"	"Latin"	"Certain"
"ce116f63-14db-46a0-b5dd-3daf7f1ec82b"	"Iuditha"	"Latin"	"Certain"
"1c0caaac-fc55-47ec-937e-19336485cd74"	"Naaman"	"Latin"	"Certain"
"c5c28b5c-88e7-446b-8aa2-9249ede189b2"	"Nehemias"	"Latin"	"Certain"
"299ccc22-fcf4-4d3c-8235-a778d418c009"	"Saulus"	"Latin"	"Certain"
"76742a36-412d-4066-ac61-6758222a1ad5"	"Tobaeus"	"Latin"	"Certain"
"8e718eb2-e60c-458b-937e-bf7ecba843c4"	"Tobaeus"	"Latin"	"Certain"
"db4c9e93-45cd-4fd6-ba22-1a06e964309b"	"Iosephus"	"Latin"	"Certain"
"02255717-7ca8-457d-ae16-b16185ad2080"	"Iuditha"	"Latin"	"Certain"
"24de020f-cbb4-4388-8282-95ca83a03184"	"Naaman"	"Latin"	"Certain"
"f3050820-a2a3-4ec2-a594-a89fa14e0306"	"Nehemias"	"Latin"	"Certain"
"c5bc4e9d-d56b-4eac-a0a4-c19108a9337e"	"Saulus"	"Latin"	"Certain"
"e3891195-d294-4721-b311-f6f1861c241b"	"Tobaeus"	"Latin"	"Certain"
"d514a883-f48a-4072-9baf-05bc113f1909"	"Pseudostratiotae"	"Latin"	"Certain"
"e4bcbda0-c89f-42c6-84a6-430c90a670a0"	"Rebelles"	"Latin"	"Certain"
"24edb79b-660c-423f-962f-63e8afd8c645"	"Aluta"	"Latin"	"Certain"
"69915b88-671d-453c-b6b0-27d5f40e1de9"	"Aluta"	"Latin"	"Certain"
"16ea13a5-e9dd-4d44-89e2-cbaf4a00f65b"	"Rebelles"	"Latin"	"Certain"
"68307157-53a5-4945-9b1e-f24cca434c06"	"Petriscus"	"Latin"	"Certain"
"70b90922-da3b-440e-ade7-29489d365ffb"	"Asotus"	"Latin"	"Certain"
"eadd5866-0b06-498a-84dd-4892efb36f8f"	"Andrisca"	"Latin"	"Certain"
"a3c9df6f-761e-4054-9723-e57a3b721708"	"Samarites"	"Latin"	"Certain"
"95d83660-1a14-4a3e-98e6-5e041d86fbca"	"Rebelles"	"Latin"	"Certain"
"78029a9d-3e2d-4fba-9207-62c5f76fc573"	"Aluta"	"Latin"	"Certain"
"03e774f3-fcac-412e-95b9-86e7af7736d7"	"Rebelles"	"Latin"	"Certain"
"4caa824d-8ba8-413d-b93e-c771d25ce1f5"	"Aluta"	"Latin"	"Certain"
"dfbabe33-36b8-4321-bc99-d4c32bc53eb4"	"Bassarus"	"Latin"	"Certain"
"240b3f1e-d86f-4f89-a345-ae496fbe302e"	"Palamedes"	"Latin"	"Certain"
"ae14a77c-7d4c-4ad4-b37d-307bd02371e0"	"Prudentia carnis"	"Latin"	"Certain"
"78990143-70c6-4722-bb7b-7067b44087b8"	"Aran et Titus"	"Latin"	"Certain"
"89e1e698-79e2-446f-bd6d-ef885a2737a9"	"Balduinus, Grave van Vlaenderen, Keyser van Constantinopolen"	"Dutch"	"Certain"
"51641250-fe96-413e-b15d-aa60d2418a64"	"Ambrosias"	"Latin"	"Certain"
"2ac04e53-5545-433c-a97b-623c6f0c5a43"	"Iovianus"	"Latin"	"Certain"
"eb5dd61b-f99b-4735-aafc-a6fa32424f1e"	"Ananias"	"Latin"	"Certain"
"bcda7a8e-0bb6-4fc7-b971-5d3f4de6438d"	"Baptistes"	"Latin"	"Certain"
"d0ab7797-836e-4aa7-aa6d-7e822121a529"	"Cunae"	"Latin"	"Certain"
"feb5ce6f-dacd-4cc4-9910-c8a28ad8ee6d"	"Daniel"	"Latin"	"Certain"
"6eae5638-adc5-4140-8e2b-417c27d5a8a3"	"Dyscoli"	"Latin"	"Certain"
"95fe45ae-9ba0-4f08-b03e-d13bbb3416c8"	"Iosephus"	"Latin"	"Certain"
"5fbfcb4a-6734-49ec-b1b6-246389ceeca3"	"Iuditha"	"Latin"	"Certain"
"488ad751-930d-401a-91f8-4e1e407d8efb"	"Naaman"	"Latin"	"Certain"
"ddbeb427-0791-4594-ae80-555be7a04c5c"	"Nehemias"	"Latin"	"Certain"
"2eaa46b9-6b35-40c4-8520-c3b9f76eb79d"	"Pentecoste"	"Latin"	"Certain"
"7a342eb6-5812-4ccb-8733-a45c89b2e4eb"	"Pseudostratiotae"	"Latin"	"Certain"
"57ec439c-9590-44ad-b5d8-03112dc2ea3c"	"Saulus"	"Latin"	"Certain"
"6f237a0f-4416-4e39-9542-b5f19dfad6e7"	"Susanna"	"Latin"	"Certain"
"aea68f8f-4286-4fd5-9378-1c1681a9c846"	"Tobaeus"	"Latin"	"Certain"
"1a143805-1d1a-4ddf-aa7a-9b7b227305c1"	"Triumphus Christi"	"Latin"	"Certain"
"041068d8-14a4-4745-bf9f-07a0c7317797"	"Typhlus"	"Latin"	"Certain"
"285b3a95-bd44-4a66-8816-1d5a5930b858"	"Vitulus"	"Latin"	"Certain"
"5e2e95c4-3c81-4442-974c-1d47e2ebc293"	"Isaacius Angelus Keyser van Griecken-landt ghedreven uyt het Ryck"	"Dutch"	"Uncertain"
"aca0ee68-bd21-4617-888b-12b5b96feed8"	"Tydelycke wellusten, ghe-eyndight met de eeuwigje onghenuchten"	"Dutch"	"Certain"
"f4a12d25-1358-4933-b0f2-ef891869bef2"	"Sanctus Franciscus Xaverius apostolus Indiae et Iaponiae"	"Latin"	"Certain"
"ff49632c-d704-4090-b1eb-e09042ab4e12"	"Triumphe van Iacobus ende Justus gebroeders ende martelaers van Iaponien"	"Dutch"	"Uncertain"
"2434efaa-2f78-4fad-8d13-917320b68599"	"S. Iean Baptiste decapité par le commandement d’Herodes"	"French"	"Certain"
"597b355d-ed8f-4bbc-bc57-5c71e5c874dd"	"Xenophon met syne twee soonen Ioannes ende Arcadius"	"Dutch"	"Certain"
"48a274b5-931e-4497-ab07-744e1c992758"	"Ioseph Aegypti prorex a fratribus agnitus"	"Latin"	"Certain"
"6cba5a07-fc88-4660-b3d9-4288e37c6743"	"Manasses koningh van Juda"	"Dutch"	"Certain"
"3756f359-5276-452d-a8fa-b577dacc752b"	"Joseph"	"Latin"	"Certain"
"edac5e8b-86bb-4a11-b2aa-4806702f2005"	"Miles Christianus"	"Latin"	"Certain"
"3adb24d9-cb38-4c9e-84f3-6b85a63b08eb"	"Tobaeus"	"Latin"	"Certain"
"dd67e945-c876-4603-ad8c-ea92336a4b7b"	"Divus Alexander cognomento carbonarius"	"Latin"	"Certain"
"cefa7be6-c874-4eb0-a4b4-04b27577ee17"	"Divus Canutus martyr"	"Latin"	"Certain"
"25706d95-ba5d-49de-93a9-f69ffe0661b8"	"Elko abbas Lidlumensium, ordinis praemonstratensis"	"Latin"	"Certain"
"7c7ee1b1-0d43-4c9e-ab71-95e829918e75"	"Pseudo-Balduinus vulgo peregrinus Longobardus"	"Latin"	"Certain"
"36ae605e-2a10-4546-a062-212b257d09e5"	"Flavius Belisarius"	"Latin"	"Uncertain"
"e6138a14-e06d-48d5-a77e-0ee549aaf30b"	"Mauritius imperator"	"Latin"	"Certain"
"bc9e9c00-5af3-4c22-ae25-dc901879e51b"	"Trebellius rex Bulgarorum"	"Latin"	"Certain"
"ddca1b89-ed38-477a-aeec-f6c66486bcf7"	"Titvm Iaponem tragico-comoediam s. Francisco Xaverio primo Iaponvm apostolo sacram"	"Latin"	"Certain"
"3e68c5c1-6fbd-4f54-9d13-08be3f6538c5"	"Gallicanus"	"Latin"	"Certain"
"22ffd898-90c4-423b-949d-57fc6493a578"	"Den H. Libertus Martelaer"	"Dutch"	"Uncertain"
"a8d77837-3744-4d8f-aca7-e6e291823a79"	"La vierge Marie dame des Hongrois ov Estienne: premier roy de Hongri"	"French"	"Certain"
"283e7838-d05c-4ab6-8812-f8713953536d"	"Gloriosus B. Matris Theresae de subacto mundo triumphus"	"Latin"	"Certain"
"e916276c-6419-4e93-8e94-f62b226911c8"	"Verbeeldinghe van der arbeydt, ende vrvchten, der Societeyt Iesv"	"Dutch"	"Uncertain"
"6ccac23c-2094-4268-9da7-22537cfb7ffa"	"Catholicae religionis de fera idololatria triumphus vel Abenner"	"Latin"	"Certain"
"bdb4860c-abcb-4383-ba9e-b98e9b2bfcb4"	"Sicatora princeps Japoniae"	"Latin"	"Certain"
"4845aa32-cd13-4be1-b796-e75f1cb8cb69"	"Naaman"	"Latin"	"Certain"
"d592251b-5261-43ab-a500-e6628b05f888"	"Severinus Boëtius"	"Latin"	"Certain"
"0283bf2f-c6fe-4a68-9fdb-9c2c616539fd"	"Sampson"	"Latin"	"Certain"
"829c6d5c-fe7c-4fb6-bd2c-4e0122496f3f"	"Vitulus"	"Latin"	"Certain"
"533453a0-12fd-404e-b8b3-ff70decadeb3"	"Baptistes"	"Latin"	"Certain"
"82a54460-a2fc-4d7e-bd60-444ef104de9b"	"Cunae"	"Latin"	"Certain"
"199a2b10-d423-4817-957b-b13fd0ff5809"	"Dyscoli"	"Latin"	"Certain"
"03b0c068-1958-484f-9d48-f539e7635d4a"	"Iosephus"	"Latin"	"Certain"
"3b78fa23-8354-40d1-87e7-0e4d02708e83"	"Iuditha"	"Latin"	"Certain"
"d957d1f9-7c98-4d26-996d-f711cd63381a"	"Naaman"	"Latin"	"Certain"
"37e3ed54-a831-4c6d-b415-0a8112407f60"	"Nehemias"	"Latin"	"Certain"
"5dde51df-94c2-4baf-a449-93bc5d56f1da"	"Pseudostratiotae"	"Latin"	"Certain"
"ad0079b1-96bb-43a7-ac67-bcc3ea94049f"	"Saulus"	"Latin"	"Certain"
"451a6587-05c8-4c44-9e1b-1d4dfa09ea01"	"Tobaeus"	"Latin"	"Certain"
"d2efdb64-bdbb-45cd-bb8e-be7fd028415b"	"Waerachtighe liefde"	"Dutch"	"Certain"
"a12c885a-7c2e-484e-b00c-c7a5a033b86e"	"Siet voor eerst wie ghy betrouwt. Op dat op t’lest u niet berouwt"	"Dutch"	"Certain"
"ac2e87a0-7b4f-4794-99e4-0011761e42c6"	"Den Heylighen Joannes Baptista"	"Dutch"	"Certain"
"9d06c6ef-2f1f-41a6-b09d-78ea7f13aee4"	"Judith Judaicae libertatis vindex"	"Latin"	"Certain"
"a7b17869-9372-493e-8592-1d0f8b5a5851"	"De stantvastigheydt in het Christen gheloof van Magdalena ende haere dochter Theresia"	"Dutch"	"Certain"
"3ab526b5-6cc3-4037-8c97-2d0a261e10ee"	"Hecuba"	"Dutch"	"Certain"
"9fd4b27d-835b-4e16-9877-cfae662da14b"	"Jovianus post Julianum Romanorum imperator"	"Latin"	"Certain"
"1dabec50-289f-4ef6-9b51-0af46fd6d872"	"Inconstantis Fortunae lusus in tribus Constantinopoleos imperatoribus"	"Latin"	"Certain"
"6fd4bde3-e004-45a2-8f49-db2ebcb0cbcc"	"Aman"	"Latin"	"Certain"
"c27de542-8043-4703-b8c6-6cae78601f1a"	"Symmachus et Boëtius"	"Latin"	"Certain"
"0ab86a1a-09f9-4746-92b1-8257d35daf46"	"Sedecias"	"Latin"	"Certain"
"7043bf04-8a5d-4e87-982d-0d82e3c5f16d"	"Doodt van Agathocles"	"Dutch"	"Uncertain"
"d2344aa6-8150-455a-9353-0d8626af47c9"	"Twist tusschen de tragaedi ende comaedi over het ghebruyck tonneels"	"Dutch"	"Certain"
"b362cd0f-f493-49c7-ba5d-5f3b68bc9ee7"	"Den veerdighen wille"	"Dutch"	"Certain"
"6f398fef-5be3-47f8-8ea6-ddb41ab207b5"	"Wederlycke liefde van Nisus ende Euryalus"	"Dutch"	"Certain"
"742f384b-3e34-4c05-8594-58d6bf7ba0c1"	"Belofte van noyt te lieghen"	"Dutch"	"Certain"
"ed1cb492-7ef1-424c-9432-6bce2c8a5106"	"De wet Godts"	"Dutch"	"Certain"
"670392b1-1232-443b-b797-8afe66c7b7da"	"Jonathas"	"Latin"	"Certain"
"788d7397-e0c6-467c-9720-4822717072cb"	"Asotus"	"Latin"	"Certain"
"e327caa3-bfc0-4194-93b2-129bb9394a6a"	"Hecastus"	"Latin"	"Certain"
"d3735cc4-610c-4a7d-be37-88c2a9bdf90f"	"Lazarus mendicus"	"Latin"	"Certain"
"5110663f-3017-47d9-a9a9-02e1112efe76"	"Adamus"	"Latin"	"Certain"
"b6a59bda-28ac-4cd7-a8bf-4a83aee7102d"	"Adamus"	"Latin"	"Certain"
"a79682fb-04aa-42e4-a320-4fe53fbf5c90"	"Aluta"	"Latin"	"Certain"
"4652390d-d159-4a85-9183-436c42c92fad"	"Andrisca"	"Latin"	"Certain"
"b981b846-1ce5-4ab2-a13d-05cc478775fb"	"Bassarus"	"Latin"	"Certain"
"8b450b83-cea1-4e66-b446-1112f98dcb5e"	"Josephus"	"Latin"	"Certain"
"f01326d0-e3f2-416e-8b34-05e416662ec1"	"Petriscus"	"Latin"	"Certain"
"f7ddf176-0be9-4098-95ae-ae8c44125cf3"	"Rebelles"	"Latin"	"Certain"
"458ab0f4-9b31-42da-9e80-3e061175814e"	"Asotus"	"Latin"	"Certain"
"37aa47df-cd1b-49d7-872a-c1fa48be6cb8"	"Hypomone seu patientia"	"Latin"	"Certain"
"0c60ebd1-3f57-4c80-8065-1c17fb2a0f64"	"Jesus scholasticus"	"Latin"	"Certain"
"369750d8-0044-4c62-b3a3-090e4cf8cd34"	"Esthera Regina"	"Latin"	"Certain"
"e1a53aa4-ab05-478b-8194-4b5f47a9fe11"	"Bassarus"	"Latin"	"Certain"
"a417c9ff-ad22-497a-920b-3f1833203c19"	"Lazarus mendicus"	"Latin"	"Certain"
"cd954c9a-426d-438d-9670-e583f5884e06"	"Medea Euripidis"	"Latin"	"Certain"
"72ec701d-5718-4a44-a351-78711edf6d79"	"Onnoosele liefde tot Maria"	"Dutch"	"Certain"
"eca6dc39-c0c4-44b6-936a-64332c8dc18a"	"De christelycke leeringhe van vele misacht= ende verlaten="	"Dutch"	"Uncertain"
"b1217d12-c7c2-4fb7-acc2-258440e8b66f"	"Christus patiens"	"Latin"	"Certain"
"5fdc3946-01ab-4d11-b70e-b2ce96a50d25"	"Sophompaneas"	"Latin"	"Certain"
"bdb735da-2b9d-4741-9aad-1f56c033df2e"	"Christus patiens"	"Latin"	"Certain"
"96d971f1-c359-483a-8a70-e14af5298d11"	"Sophompaneas"	"Latin"	"Certain"
"1c77adc7-7afe-4b94-9f7d-c9e943ef5c17"	"Solemnelen ende triumphanten Antwerpschen omme-ganck"	"Dutch"	"Certain"
"837715c7-8bd6-44a6-8595-404521966ab6"	"Iephthe"	"Latin"	"Certain"
"2d7ff338-bef6-467f-987c-294e28a7ef05"	"Iason comedia Leonina"	"Latin"	"Uncertain"
"a4d032f9-c177-4c74-9284-832fe4ce1d41"	"Sanctus Hermenigildus Hispaniae Princeps"	"Latin"	"Certain"
"48060505-ddc1-4cc4-8bd6-1612c5094870"	"La Paix et reconciliation de deux illustres freres Iaromire et Udalric souverains de Boheme"	"French"	"Certain"
"faf7800a-39c9-439e-bcf0-cd6a32e44962"	"Samarites"	"Latin"	"Certain"
"b91bd114-006b-43e1-a35a-3e2fb9b8778c"	"Acolastus"	"Latin"	"Certain"
"43f06362-2051-4630-a6ed-49873046db37"	"Acolastus"	"Latin"	"Certain"
"45d27df9-dc7d-4243-968d-0b5816275c10"	"Nicephorus ende Sapricius"	"Dutch"	"Uncertain"
"f5af9177-5252-40b8-8d5a-b4cc17a4a89b"	"Acolastus"	"Latin"	"Certain"
"b270cf6b-9b4e-4405-be7e-e15d16361c9b"	"Acolastus"	"Latin"	"Certain"
"ef3569bc-854a-4ee7-9463-d77c7f6be659"	"Iphigénie en Tauride tragédie en trois actes, suivie de l'école des jeunes gens comédie"	"French"	"Certain"
"718e3d23-99fa-41e4-b991-57760cb7804d"	"Description de la cavalcade= accompagnée de chars de triomphe= qui sera exécutée par les écoliers du college de la Compagnie de Jesus a l'occasion du jubilé de quatre cents ans du très-saint sacrement de miracles= à bruxelles le 16 & le 29 de juillet 1770."	"French"	"Certain"
"87fdcd2b-bebe-4f4a-aeae-b6ea436dc32b"	"Alexandre et Aristobule"	"French"	"Certain"
"337ee376-2f10-4598-9a84-ebebe593f33f"	"Abel"	"Latin"	"Certain"
"337ee376-2f10-4598-9a84-ebebe593f33f"	"Abel"	"Dutch"	"Certain"
"a2c0f6f9-ffbf-4c0c-a018-23f379cb08ed"	"Klucht-spel getrokken uit de verbeteringe van den Almanach"	"Dutch"	"Certain"
"a45e4223-c48e-4cd1-b23e-379576c16440"	"Comoedia e corretione calendarii"	"Latin"	"Certain"
"30087fef-3599-4898-8192-855899f37618"	"Abel"	"Latin"	"Certain"
"fcb093c9-b34d-4cba-a320-ce9e794150e8"	"Cyri in Croesum clementia"	"Latin"	"Certain"
"ac823906-b3cf-40a3-8a58-adc8bebd8697"	"Codrillos"	"Latin"	"Certain"
"59c7b2d6-63f9-46e0-b474-6e86f4af32cf"	"Dormientes"	"Latin"	"Certain"
"c8f1ceec-481d-4944-8ccf-0d5cb0e523ae"	"Dos"	"Latin"	"Certain"
"04111b75-f6d4-42c8-bdc2-fbdad25cf959"	"Fernandes"	"Latin"	"Certain"
"9c1534e3-cf81-4626-92e7-020a1f324a92"	"Franciscanus"	"Latin"	"Certain"
"0114d321-02b2-4554-869e-2a1a05bd5ac2"	"Gemma"	"Latin"	"Certain"
"e452d99a-f84b-4a4c-9eca-f7d7e4f5b77e"	"Gymnasium"	"Latin"	"Certain"
"bfebce13-2b83-4c3f-b134-20d91c69c245"	"Lytrum"	"Latin"	"Certain"
"f44e8fc6-d07f-4cd2-a40d-ba4d72a31b5a"	"Marsupium"	"Latin"	"Certain"
"5a1fec8f-8ea9-4e43-ae57-467e3fdce4d8"	"Prandium"	"Latin"	"Certain"
"512d29a3-3094-45ad-8715-f854e04dab76"	"Sepultus"	"Latin"	"Certain"
"6fc329a5-6fd5-4cc6-9abd-24e997bb5abe"	"Villicus"	"Latin"	"Certain"
"b9f00231-fbf4-4632-8135-7362a6cbe961"	"Epaminondas"	"Latin"	"Uncertain"
"4932abc1-c252-4d49-81e0-b133029b68e7"	"Baasa delens stirpem Jeroboami"	"Latin"	"Certain"
"411e9a2f-47d1-4cdd-a370-10158642d6ac"	"Adonibezec"	"Dutch"	"Certain"
"7c5f2dd7-81ab-4cf8-9a7e-14638829c9d9"	"Fino den dommen"	"Dutch"	"Certain"
"1a7b7a48-00d9-4a11-adf7-04cea081e5d4"	"Hongers-noodt van Samarien"	"Dutch"	"Uncertain"
"b38c62f7-2837-487d-a48d-acab16aec140"	"Lubbert Lubbertse dommen knecht"	"Dutch"	"Uncertain"
"4b3d1930-56ee-4bf0-b819-b11a4e4ada7c"	"Philantus"	"Dutch"	"Certain"
"9dc737c5-6c73-4e2a-9b05-9978143c6506"	"Triumphe vande vier cardinale deughden"	"Dutch"	"Certain"
"8d7e8060-d719-402f-832c-fba9d3d457f5"	"Ghedempte goddeloosheydt ofte Clodoaldus"	"Dutch"	"Certain"
"6563800b-c524-4933-95e6-276ab5d8d486"	"Susanna Belgica"	"Dutch"	"Certain"
"28c68880-1dfd-4ed1-845c-fec7fa5044ff"	"De al-verblijdende victorie"	"Dutch"	"Certain"
"19149772-4ec0-4575-832e-06ba3ff22356"	"Weder-strydt tussen Oostenryck en Otthoman opghehitst door Furien"	"Dutch"	"Certain"
"927b45df-5ae8-4085-ac97-f4eac4139369"	"Quaedt door syn quaedt ghewêer-wraeckt"	"Dutch"	"Uncertain"
"6fdde9e1-6374-43de-b501-c1b55daecc4a"	"Perfidia vindicata sive Sedecias per Nabuchodonosorem punitus"	"Latin"	"Uncertain"
"c0dff04a-2211-4219-b221-19d9c5a782c0"	"Leopoldus ende Josephus in den onder-ganck van Mahomet"	"Dutch"	"Uncertain"
"ef249617-5b76-44c8-82ce-0b64788f0e53"	"Thestylis levende ende stervende uyt liefde tot de H. Maeghet Maria"	"Dutch"	"Certain"
"d7f323b0-b742-4e9d-93be-232cf656bac2"	"Adonibezec"	"Dutch"	"Certain"
"7fcc7a0f-fcd8-4f4e-9067-bdfdd53203cf"	"Hermenegildus"	"Dutch"	"Certain"
"47abf2a7-7f0a-46da-90d0-e149186f4ae3"	"Manlius Torquatus"	"Latin"	"Uncertain"
"f2caa1ae-0851-4255-b268-31b9b6475998"	"Vader die uw Kind bemint"	"Dutch"	"Uncertain"
"cdbaff33-5249-46b3-97c7-33af825a6167"	"Boer door loosen treck, en uytgevonden raet, die komt tot eenen ed’len staet"	"Dutch"	"Uncertain"
"4d55318d-e544-4c05-9d1e-8a6e99b18469"	"Goddelycke vraeck ofte Balthassar Chaldeusche Coninck"	"Dutch"	"Uncertain"
"5ec71f72-cd0a-4b38-aa2d-209eb574a14b"	"Damon et Pythias"	"Latin"	"Certain"
"f08c2a49-e49c-43b5-8496-e64589cda548"	"Staurophilus"	"Latin"	"Uncertain"
"c9ef2cc7-6a70-43fc-aaf2-5f8a9b901614"	"Ingratus in patrem filius"	"Latin"	"Certain"
"c5dd68a3-b256-458b-93fc-724316a96fa6"	"Jacob et Esau"	"Latin"	"Certain"
"12467a14-76e0-4a27-bad2-83d27edb7b53"	"Malum consilium consultori pessimum"	"Latin"	"Certain"
"b7800d02-d8aa-40f5-bf64-101828957834"	"Mucius Scoevola"	"Latin"	"Certain"
"8a7afa9b-7019-48ea-9c6d-6d75b94882f8"	"Sapor"	"Latin"	"Certain"
"a6f7cd59-d305-40b6-9d80-75b6a94dc008"	"Isaac"	"Latin"	"Certain"
"b9150c04-9f6d-44e8-b126-d5dc09a9e3cc"	"Patris indulgentiâ corruptus filius"	"Latin"	"Certain"
"f0245e49-0b3b-4a5e-8c4e-ac91fb5ec300"	"Susanna"	"Latin"	"Certain"
"0183bacd-8426-41db-82c5-9b6e2e7ccf33"	"Amantes commilitones"	"Latin"	"Certain"
"4e0a191d-5002-443f-9af7-26cf9daa5c7a"	"Jonathas"	"Latin"	"Certain"
"5cb36548-43e6-499a-8446-62caed6e2a15"	"Tobias redux"	"Latin"	"Certain"
"2dbc869e-578b-4c4f-99c5-8f8844b386ce"	"Ongheluckigh eynde van Saül Eersten Coningh van Israel"	"Dutch"	"Uncertain"
"46aeb98d-59da-487e-a30d-df2b6a87abf3"	"Crispus"	"Dutch"	"Certain"
"ca03074a-a091-42ff-914d-cec7147e8287"	"Phoenissae"	"Greek"	"Certain"
"ca03074a-a091-42ff-914d-cec7147e8287"	"Phoenissae"	"Latin"	"Certain"
"d03fcbf1-1dfe-465e-8409-9cc12d2eba75"	"Keyser Carel den Vijfden vraeck nemende over Joannes Fredericus"	"Dutch"	"Uncertain"
"00a83d1f-5baa-4172-b8a3-c6c6cebb00f5"	"Haet en nyd tusschen C. Marius en Sylla"	"Dutch"	"Uncertain"
"0090e20d-9685-42d9-b93b-fa1f8fd24dd2"	"Joseph"	"Latin"	"Certain"
"08ac49b2-6208-49c7-8ddc-fe2c4cf099bd"	"Joseph"	"Latin"	"Certain"
"387fdb77-9393-407c-b02f-b5bf637a1bbe"	"Phoenissae"	"Greek"	"Certain"
"387fdb77-9393-407c-b02f-b5bf637a1bbe"	"Phoenissae"	"Latin"	"Certain"
"25f43f32-c997-40b7-9e83-364cb25acb4e"	"Wreet-dadige eerzugt van Herodes koning der Joden"	"Dutch"	"Certain"
"fee3c6af-6296-4019-9772-8fd9e4e37497"	"Iamires hertoogh van Bohemen, ende zijn broeders Boleslavs ende Odalricvs"	"Dutch"	"Certain"
"fee3c6af-6296-4019-9772-8fd9e4e37497"	"Iamire duc de Boheme, & ses freres Boleslas & Odalric"	"French"	"Certain"
"c23a2dc2-b77a-43c7-a385-7ee69ae97b25"	"Dido"	"Latin"	"Certain"
"77dc99cd-bc40-4d6b-a3c6-e0ca3629f414"	"Ioseph"	"Latin"	"Certain"
"e5dac9b1-7897-4143-9c68-ff6cb8bc2135"	"Joas"	"Latin"	"Certain"
"736a7780-6684-4c36-ab33-f899c93976e8"	"Jonathas et David, par amicorum"	"Latin"	"Certain"
"fd1c3866-3800-48c7-92a3-8c3a7fbcf646"	"Isacius Angelus Keyser van Constantinopelen"	"Dutch"	"Certain"
"a39f993a-bbd4-4698-a5af-0c35e3078fd2"	"Blind-recht"	"Dutch"	"Uncertain"
"a82c0f8b-e7b5-4188-8373-3f9fcd29e933"	"Manassus Joodschen coningh"	"Dutch"	"Certain"
"88417ea1-8b16-490b-9378-30d438d8e32d"	"Societyt Iesu hondert iaeren langh beschermt tegen haere vyanden"	"Dutch"	"Certain"
"1d63c6bd-853d-4a68-837d-984a123e5421"	"Hermenigildus den oudtsten sone vanden coninck Levigildus"	"Dutch"	"Certain"
"acfa0e6c-d437-4718-b2b1-e0ccf2bcc938"	"Diable ennemy de la verité"	"French"	"Certain"
"3a478667-1f1f-4da6-9ded-a50316b507cd"	"H. Pelagia ongheluckigh in haere ydelheyt, gheluckigh in bekeeringhe"	"Dutch"	"Uncertain"
"bab22fc6-f34d-4ca2-8dd7-0cbf8e4d59f1"	"Maria Stuarta"	"Dutch"	"Certain"
"bab22fc6-f34d-4ca2-8dd7-0cbf8e4d59f1"	"Marie Stuart"	"French"	"Certain"
"5b65a92a-90e3-4e78-b2b0-998ef9016c0e"	"Clodovaeus van de dolinghe der afgoderye keerende tot het gheloof"	"Dutch"	"Certain"
"f6e3bbaf-323d-4457-aab3-79fbb0850e91"	"Leersucht ongestadigh verthoont in den toom-loosen Acephalos"	"Dutch"	"Uncertain"
"a8325110-4119-4064-8a99-fd1ee8388b97"	"Radbodus Coninck van Vrieslandt"	"Dutch"	"Certain"
"a8325110-4119-4064-8a99-fd1ee8388b97"	"Chatiment de la penitence differée dans Radbodus roi de Frise"	"French"	"Certain"
"77c8f0cc-c920-428b-80f8-4091d6201e31"	"Zopyrus"	"Dutch"	"Certain"
"77c8f0cc-c920-428b-80f8-4091d6201e31"	"Zopyrus"	"French"	"Certain"
"12c3703b-238f-4a41-b003-b3eac9325293"	"Maria Stuarta"	"Dutch"	"Certain"
"2813bfc0-702f-4bd3-a6fe-b49f823b5136"	"Godefridus Bullionius, coninck van Jerusalem"	"Dutch"	"Certain"
"2813bfc0-702f-4bd3-a6fe-b49f823b5136"	"Godefroy de Boullion, roy de Jérusalem"	"French"	"Certain"
"93ee15f0-98a9-46b1-9513-aaa795ebfa30"	"De doot van Maria Stuarta"	"Dutch"	"Certain"
"9d37f165-91ee-4435-8a30-40bcc9b31c0a"	"Mechelen uyt-muntende door Godts-diensticheydt, vermaert, edel"	"Dutch"	"Uncertain"
"7d86776c-a5a2-48a3-b301-a619530be3d7"	"Mechlinia pia, docta, nobilis"	"Latin"	"Certain"
"78a33921-b318-42fb-9a97-9a0bf7fe4f6b"	"Miser e potente e misero potens Aman Mardochaeus"	"Latin"	"Certain"
"ece34e0b-276e-4746-8391-a218477e565a"	"Voor den armen. Maria Stuart"	"Dutch"	"Uncertain"
"de551618-53fc-48db-abf6-19a28cdc3baf"	"Trebellivs koninck van Bvlgarien"	"Dutch"	"Uncertain"
"f795485a-fc67-44de-b486-e4ae426b86c4"	"Mauritius den Keyser"	"Dutch"	"Certain"
"02a021d2-7ee9-4a33-b4e6-2feaa1184191"	"Triomphe der Goddelycke liefde"	"Dutch"	"Certain"
"8d66e755-9763-4041-ae95-2916f1d892be"	"Jovinianus, Romanorum Imperator"	"Latin"	"Certain"
"c6870ac2-de18-499c-ac69-e5729f67ebb9"	"Gonzalus Silveria"	"Dutch"	"Certain"
"1ef31324-2351-40f8-978f-b9b030aeb849"	"Mardochaeus auctoribus eloquentiae studiosis"	"Latin"	"Certain"
"0c5f0b5f-0a0f-4257-9dee-42aeea94a312"	"Ghestrafte ghiericheyt vertoont in Mauritius Keyser vanden Oosten"	"Dutch"	"Uncertain"
"42eb2b13-9550-4061-8f10-ea391e8e4e5a"	"Trebellivs christen coninck van bvlgarien= overwinder zyns selfs= ende van zynen wederspannigen sone."	"Dutch"	"Uncertain"
"867f406f-14ff-42ef-b15f-876b96bee511"	"Manasses conick van Juda"	"Dutch"	"Certain"
"7c2a1bfc-fc51-47d0-80ae-139ae58e8557"	"Boëtius, Borghmeester van Roomen"	"Dutch"	"Certain"
"df2968f3-4b69-4a4f-a9e4-d5e5c9b21249"	"De godtvrvchticheyt der kinderen streckende tot ghelvck der ovders wordt bewesen in xenophon raedts-heere van constantinopolen."	"Dutch"	"Uncertain"
"74bcc66d-7ba3-42e9-b576-1cce301aab31"	"Heylighen Franciscus Xaverius, Apostel van Indien ende Iaponien"	"Dutch"	"Uncertain"
"bc4a88e2-e7f8-4164-84ee-e7d9cfcea29e"	"Laetsten nacht van Coningh Balthasar"	"Dutch"	"Uncertain"
"a3c4e28d-5979-4229-9709-f3d1bace44ad"	"Eleazarvs ende de seven heylighe Machabaei voorvechters van godts wet"	"Dutch"	"Uncertain"
"3797dc6c-76bc-456d-a83e-a969746550d1"	"Vyandtschap onsaligh aen Sapricivs bly-eyndigh aen Nicephorvs"	"Dutch"	"Uncertain"
"d0b777df-8117-4208-814e-9e350f159f04"	"Eustachivs ende sijne huysvrouvve Theopista, met hun soonen agapivs= ende theopistvs door teghenspoedt, eñ voorspoedt beproeft= met de martelie ghecroont."	"Dutch"	"Uncertain"
"017db0d6-92ac-4fb4-93ce-6b03e234b5ed"	"Cort-ryck van Demipho, voor eenen dagh Graef van Vlaenderen"	"Dutch"	"Uncertain"
"2b2c5907-4477-40cb-bba1-9c04e541ecf0"	"S. Hermenegilde fils de Leouigilde roy de Visi-Gots martyr"	"French"	"Certain"
"9c715404-0489-4e46-8150-837fb2e84eb9"	"Tragedie Romanvs Diogenes, emperevr de l'Orient"	"Dutch"	"Uncertain"
"d663b24b-985e-43a5-9bf3-9b637352d5d1"	"Oprechte liefde in Calliopius en sijne moeder Theoclia"	"Dutch"	"Uncertain"
"531ba595-f045-465d-a8b6-3ca6920b0038"	"Clodoalde prince du royaume de Danemarck"	"French"	"Certain"
"0524053f-0034-4094-9342-14742723ed02"	"Sigismundus, Coninck van Bvrgondien"	"Dutch"	"Uncertain"
"74e70e1c-cafe-401e-8923-f8fa7121e95b"	"Menecrates"	"French"	"Certain"
"cda61167-412b-4737-9beb-0de36a28e814"	"Justus Ucondonus in ballinckschap gesonden door Taycosama"	"Dutch"	"Certain"
"bf235420-0c7e-4610-a109-cc393ee96bbd"	"Mauritius keyser vanden Oosten"	"Dutch"	"Certain"
"d3ce9386-6e1c-49e2-8feb-2571e2cc041b"	"Representations pieuses faictes en la represence d’Isabella Clara Eugenia"	"French"	"Certain"
"4e02efae-7912-4b74-bad6-96566f14a000"	"Ghedaghtenisse des doots, vertoont inden persoon vanden keyser Henricvs den Eersten"	"Dutch"	"Uncertain"
"281a8a5a-4c8e-4b1b-9957-dad034a159fe"	"Absalon"	"Latin"	"Certain"
"9f9aae89-93fa-4de3-b022-131d22afac28"	"Pompeius Magnus"	"Latin"	"Certain"
"f57f30c5-6161-409b-9f98-42417041c934"	"Lidericus oppersten jagher oft forestier van Vlaenderen"	"Dutch"	"Certain"
"c052a0cf-23dc-4071-a3dd-d6d00723af75"	"Mirakel van Calvinus, ghedaen tot bevestinghe ende slot van sijne bedrieghelijcke, botte ende valsche Ketterye"	"Dutch"	"Certain"
"cc46d959-4569-4901-8fad-964c87ef3be1"	"Salomon, coninck van Israël"	"Dutch"	"Uncertain"
"1620f7e7-c7f2-4948-9206-3e5e9990a939"	"Ionckheydt vanden H. Ioannes Baptista"	"Dutch"	"Uncertain"
"80ad057d-a926-43e6-a078-ae5b5b6c5f0f"	"Justus martelaer"	"Dutch"	"Uncertain"
"e6072399-c755-4327-a6da-a80b54fc92c3"	"Ryckenvreck ende Lazarus"	"Dutch"	"Certain"
"61296dad-0507-4c33-b290-c6f7efe94b14"	"Den vrvchtbarighen aerbeyt der Societeyt Iesv door de vier deelen des wereldts"	"Dutch"	"Certain"
"5749ba48-9e83-4f9a-9a91-d2580773e23f"	"Het ongelijc leven en sterven vanden Rijcken-Vreck ende van Lazarus"	"Dutch"	"Certain"
"2683d2b8-f182-4d64-a348-c8e0ef5ea12c"	"Mauritius Keyser van Roomen"	"Dutch"	"Uncertain"
"39147739-42bf-43fc-bff8-48f23f01d903"	"Joseph"	"French"	"Certain"
"126b15de-1a4e-42c7-a6f6-00ab5cfaf8ba"	"Alexander Macedo"	"Latin"	"Certain"
"8b810117-6863-4517-bcb1-e766ffc1aec8"	"Christelycke Sterckheydt ofte Marcvs ende Marcellianvs ghebroeders martelaers"	"Dutch"	"Uncertain"
"808e1680-3961-4cc1-b3e4-04b75f6f2497"	"Theatrum pietatis et impietatis in Jaromiro et Udalrico"	"Latin"	"Certain"
"53c18056-c34c-428b-8ef3-9d7cd5a16f5a"	"Horatius sororicida"	"Latin"	"Certain"
"bac28ee1-fe24-4d99-af3e-5279d7f796e7"	"Sedecias"	"Dutch"	"Uncertain"
"01432e3e-7768-4d4a-b89e-3b24ed9adef7"	"Celse"	"French"	"Uncertain"
"62fe2bd5-7519-46a8-beaf-fe0fe8046ed0"	"Pedantus, sçavant imaginaire"	"French"	"Uncertain"
"47a2ecff-1773-4a7d-a273-3efc0f466ab5"	"Abraham"	"Latin"	"Certain"
"5144810b-61de-46f9-99b5-b65cecf1a815"	"Bamba Hispaniae rex"	"Latin"	"Certain"
"0d5b26b7-856a-493d-986a-785748b6aa29"	"Sisaras"	"Dutch"	"Uncertain"
"6df2db8d-7fc0-40ed-b2ce-9d37e8632108"	"Aegyptus conservata procurante Joseph"	"Latin"	"Certain"
"d63c9704-cd97-4aa1-9863-99b4eab94835"	"Daniel"	"Latin"	"Certain"
"5cdd7317-baaf-4ad5-aa43-c1e3c11c73c3"	"Aepytus"	"Latin"	"Certain"
"7e534985-05fb-4930-a4c7-c0cdeebe00d5"	"Joseph"	"Dutch"	"Certain"
"7ec925a5-b1ae-4e68-98fa-10a4c6c38eab"	"Judocus"	"Dutch"	"Certain"
"7ec925a5-b1ae-4e68-98fa-10a4c6c38eab"	"Judocus"	"Latin"	"Certain"
"f2b2622c-8a11-4f47-89ca-ac3801974d75"	"Constantia christiana in Nabore, et Felice"	"Latin"	"Certain"
"f2b2622c-8a11-4f47-89ca-ac3801974d75"	"Christelijke standvastigheid in Nabor en Felix"	"Dutch"	"Certain"
"a53be33c-4587-4614-a888-94c6506a80c1"	"Joannes Aratus"	"Latin"	"Certain"
"a53be33c-4587-4614-a888-94c6506a80c1"	"Joannes Aratus"	"Dutch"	"Certain"
"11242f28-6647-4f39-8b85-5c68e37adf24"	"Chremes filium suum Chaeream philosophiae animum cupiebat adjungere"	"Latin"	"Certain"
"2bf2da15-235b-4745-a4b8-50741ab1076b"	"Cyrus"	"Latin"	"Certain"
"dbb185ec-8184-4c5c-95a8-ec6f35975104"	"David"	"Latin"	"Certain"
"fa93a28a-8b4d-4e7d-b57b-d9b9e7467b94"	"Perfidus Ibrahim et fidelis Mahomet"	"Latin"	"Certain"
"0c85e4e9-d034-4715-9ef4-08644b2e5e6f"	"Theophilus"	"Latin"	"Certain"
"20cfa436-dad5-4805-afd9-28da1e73fb34"	"[Christelijke standvastigheid]"	"Dutch"	"Uncertain"
"4d4c11b8-35c5-47ea-8e66-f45adaa042c0"	"Babylas"	"Dutch"	"Certain"
"4d4c11b8-35c5-47ea-8e66-f45adaa042c0"	"Constantia christiana sive Babylas"	"Latin"	"Certain"
"a8502792-6c7b-4b06-9b99-3c32e02a3793"	"Oft dat ghy zyt geneust"	"Dutch"	"Certain"
"a8502792-6c7b-4b06-9b99-3c32e02a3793"	"Nasutus sis usque licet"	"Latin"	"Certain"
"084a768a-a82e-4493-9d5b-90b3c5c41c6f"	"Justinianus"	"Dutch"	"Certain"
"084a768a-a82e-4493-9d5b-90b3c5c41c6f"	"Justinianus"	"Latin"	"Certain"
"39d063d3-980f-44e6-a2fb-3ef871c9fe2f"	"Sigismundus"	"Dutch"	"Certain"
"39d063d3-980f-44e6-a2fb-3ef871c9fe2f"	"Sigismundus"	"Latin"	"Certain"
"25bf5019-2427-47d5-a02e-7fa3abd8b801"	"De hooveerdigheyt gestraft ofte Baltassar"	"Dutch"	"Certain"
"9c23a376-40e9-43f9-85f7-8dadafe5c956"	"Nobilis esse cupit dives ignobilis ante"	"Latin"	"Certain"
"0413471b-5635-4e3d-af1f-29212fa1f797"	"Quid nimium est fugito"	"Latin"	"Certain"
"d0fd48da-735d-40bb-b0f7-216a7ccbe5be"	"Superbia punita sive Baltassar"	"Latin"	"Certain"
"a0b8579f-cf10-4d4e-a6af-fc9b6866466b"	"Abram triumphans"	"Latin"	"Certain"
"3f5b20ae-10bc-451e-b6db-b5bc15d82fa3"	"Acolin et Rubaea"	"Latin"	"Certain"
"749e1179-f3e9-4455-a8d0-232eff4b9014"	"Dolis icta, non victa innocentia Philysandri"	"Latin"	"Certain"
"47cd0192-9867-42de-b73f-9271c68e2fc5"	"Ecclesiae immunitas sive Thomas Cantuariensis"	"Latin"	"Certain"
"7ac209bc-4bc8-454f-9a8b-54727623dd7e"	"Grillus"	"Latin"	"Certain"
"55b56552-d8af-40a0-9168-8064a90d7e68"	"Henricus fatalis"	"Latin"	"Certain"
"d1695c20-3030-4cab-8e77-7d091b930d08"	"Semper avarus eget"	"Latin"	"Certain"
"6836baa7-7e14-493f-aa0a-9557e70a1b15"	"Surgit origo mali de turpi saepe sodali"	"Latin"	"Certain"
"2530258a-b804-470a-a225-edd6cb3d6e36"	"Mato ultimae fecis rusticus"	"Latin"	"Certain"
"912e7f34-0bdf-440c-8714-53356ba023dc"	"Pressa, non oppressa fidelitas"	"Latin"	"Certain"
"3e3567a6-e702-4384-96e8-ad87577bec2e"	"Alludit patiens patienti Mopsus Iöbo"	"Latin"	"Certain"
"aa13c619-f94a-4a14-8916-dab75ca07bd8"	"Christus patiens"	"Latin"	"Certain"
"2fb279fa-f8aa-4b5a-855a-0c1a3ff4db8e"	"Joannes puer impus parricida"	"Latin"	"Certain"
"1d17acb5-20f0-463e-a534-e62f9f8489b1"	"Job"	"Latin"	"Certain"
"d302e53f-e63d-421c-aec1-fb0633670a38"	"Stultus stultitiâ luditur ipse sua"	"Latin"	"Certain"
"da40a8d2-1b05-4081-8548-ed5c7eb6f902"	"Moÿse exposé et trouvé"	"French"	"Certain"
"b9872e2e-71c3-47ef-a4df-a209caee369f"	"Sainct Gallican"	"French"	"Certain"
"d98ea1a4-ece4-4c8a-ab5f-9e8bcb3772fc"	"Ioseph den Patriarche"	"Dutch"	"Certain"
"64dd1655-8f30-449c-92e5-6e1760ea8475"	"De gheboorte ons heeren Jesu Christi"	"Dutch"	"Certain"
"27f6252a-937c-40f3-93a4-cbf9a1aaecd3"	"Demipho"	"French"	"Certain"
"358b2f93-982b-4f57-8a34-153829cb135b"	"Amour triomphant de la mort, Asmonde sur Asvite"	"French"	"Certain"
"67b18962-82c4-4d31-9f29-e71332366506"	"Juste Ucundone banny par Taycosama"	"French"	"Certain"
"a4093c47-0ade-4e67-9f46-0c05e0619e66"	"Crispe"	"French"	"Uncertain"
"d71ffe5e-cf5d-4aa4-b9c2-e7ea0256a989"	"Le medecin malgré-luy"	"French"	"Uncertain"
"b261e057-4e47-477d-85b3-ec54bdc10c8e"	"Baltassar koninck van Babylonien"	"Dutch"	"Certain"
"b261e057-4e47-477d-85b3-ec54bdc10c8e"	"Balthasar roy de Babylone"	"French"	"Certain"
"a282785b-37fb-4174-bc50-c4e5120682ea"	"Abraham le pacifique"	"French"	"Certain"
"a282785b-37fb-4174-bc50-c4e5120682ea"	"Den vreedsamighen Abraham"	"Dutch"	"Certain"
"59824919-63db-4738-b67c-201b58fd489b"	"Manasses koninck van Juda"	"Dutch"	"Certain"
"59824919-63db-4738-b67c-201b58fd489b"	"Manasses roy de Jude"	"French"	"Certain"
"05f4e3e0-cfb6-4436-9a61-804485a9d818"	"Mithridates"	"Dutch"	"Certain"
"05f4e3e0-cfb6-4436-9a61-804485a9d818"	"Mithridate"	"French"	"Certain"
"eb1474b5-f2dc-47e8-a8de-4253b30c1633"	"Themistocles"	"Dutch"	"Certain"
"eb1474b5-f2dc-47e8-a8de-4253b30c1633"	"Themistocles"	"French"	"Certain"
"cbe0055a-6ad7-4c78-8f96-26d76e43a3dc"	"Sedecias"	"Dutch"	"Certain"
"cbe0055a-6ad7-4c78-8f96-26d76e43a3dc"	"Sédécie"	"French"	"Certain"
"aaaafe51-1618-40bf-8578-28b8323c8c9c"	"Mal retourne à son autheur, en la personne de Polyphon"	"French"	"Certain"
"6cbf4971-aa34-405a-8030-6d87e47f685c"	"Diogenes Romanus"	"Dutch"	"Certain"
"6cbf4971-aa34-405a-8030-6d87e47f685c"	"Diogene Romain"	"French"	"Certain"
"a5550e50-32e2-4f58-a762-17058e1ba865"	"Samuel den bode van God"	"Latin"	"Certain"
"a5550e50-32e2-4f58-a762-17058e1ba865"	"Samuel den bode van God"	"Dutch"	"Certain"
"d34e1d00-cbc3-4ed7-8a15-7412ade878ba"	"Deus humiliabit calumniatorem"	"Latin"	"Certain"
"d34e1d00-cbc3-4ed7-8a15-7412ade878ba"	"God sal den valschen beclapper vernederen"	"Dutch"	"Certain"
"98066e02-9297-4843-ab55-4532bfc8f7c6"	"Thomas Japon"	"Latin"	"Certain"
"109c230b-b0ac-4d30-8966-9c6db46b92b9"	"Andronicus"	"Latin"	"Certain"
"109c230b-b0ac-4d30-8966-9c6db46b92b9"	"Andronicus"	"Dutch"	"Certain"
"e4d76bc2-f0d7-4522-8414-faf949d30368"	"Davus dolis à Mago instructus"	"Latin"	"Certain"
"e4d76bc2-f0d7-4522-8414-faf949d30368"	"Davus door een Toveraer in arg-listigheden bedreven"	"Dutch"	"Certain"
"0f0e64a8-9fd4-40e4-a4d8-1ff929d0c153"	"Thomas Apostolus"	"Latin"	"Uncertain"
"dd71d90f-11ef-4896-aa2c-29312120271a"	"Lot ab angelis ductus é Sodoma"	"Latin"	"Certain"
"4b112dd7-54c1-4738-bb16-c67746f9988c"	"Asmundus et Asuitus"	"Latin"	"Uncertain"
"85df7681-8906-43da-b988-42e4b5e71d9d"	"Soter gloriosus"	"Latin"	"Certain"
"e293e067-2c39-4132-ba88-8ac13430bf26"	"Magdalis"	"Latin"	"Certain"
"84c904a0-d40b-4483-9dfa-dc4dd3f9f895"	"Mors"	"Latin"	"Certain"
"4a8cd163-35d5-41ea-be37-6ed9c0572e21"	"Aluredus, sive Alfredus"	"Latin"	"Certain"
"0b7abd27-e4c3-4389-852c-6cd2df1825fe"	"Christus patiens"	"Latin"	"Certain"
"3a25512a-719e-49b7-8c9a-1fba5cfe34c8"	"Ioannes Protasius Arimandonus"	"Latin"	"Certain"
"7f961278-42ee-41fd-a7bc-2811ee4dc798"	"Joseph"	"Latin"	"Certain"
"e21dec7d-e4af-49ac-b594-b528b8945cfc"	"Chosroes"	"Latin"	"Certain"
"c074cc51-e707-4f19-85cf-9a5e7ff876f7"	"Crispus"	"Latin"	"Certain"
"072f3708-c28f-4722-a8d1-bcce14184c39"	"Flavia"	"Latin"	"Certain"
"fadc3d6a-49f8-41ea-8289-0f110785c75c"	"s. Adrianvs martyr"	"Latin"	"Certain"
"fe1ed3f2-2f94-4a3b-a158-75926ae2f6c7"	"Sapor Admonitvs"	"Latin"	"Certain"
"4f564871-3056-45f1-9a84-b2f75c20c666"	"Suevia"	"Latin"	"Certain"
"b3f8d8c9-5374-4cba-9bae-45d8236180e7"	"Sedecias"	"Latin"	"Certain"
"951f4407-3b77-4fe8-8270-13384f11fd98"	"Abimelech"	"Latin"	"Certain"
"2f645c01-fcb6-4a9a-80fb-c1e741912ec7"	"Saul"	"Latin"	"Certain"
"9d9a6bec-c8cc-47b0-9fca-51443e3c49ff"	"Amnon"	"Latin"	"Certain"
"6a728b8c-28a4-44bb-9399-5980722ee143"	"Bustum Sodomae"	"Latin"	"Certain"
"97a64ed4-02b0-44af-aa64-b31883642f37"	"Iephthe"	"Latin"	"Certain"
"cdd072dc-fa48-4a5f-97c4-32629005ff28"	"Sampson"	"Latin"	"Certain"
"af8386a7-fd67-49c9-864c-99d31e72191a"	"Sedechias"	"Latin"	"Certain"
"89e44340-5bd4-4ec6-a2b4-a1c1a7316155"	"Asami in Diogenem clementia"	"Latin"	"Certain"
"3d3734e5-f055-454e-88c2-cc2915e55b1e"	"Ebrius in feretro"	"Latin"	"Certain"
"db5c7302-1785-4757-b530-2563b0d821f1"	"Christus patiens"	"Latin"	"Certain"
"9d2ad671-d579-4385-b9d7-a2069e6fb1a7"	"Plautianus intimum Severo"	"Latin"	"Certain"
"70217069-9830-41a8-8062-49340f51e1d7"	"Res, de quâ duo laborant, saepe tertio cedit"	"Latin"	"Certain"
"4078575f-b8b3-41cb-9eab-fd40fb4a87bb"	"Sennacherib Rex Assyriorum a Deo punitus"	"Latin"	"Certain"
"e8cd710c-25f3-41c1-b5f4-a4ea31efa838"	"Subdola centoculos juvenum fraus decipit Argos"	"Latin"	"Certain"
"37621641-2790-4718-9a03-eaf286af03a0"	"Civis nobilitatem affectans"	"Latin"	"Certain"
"49976e33-c550-4ac2-86d2-50015f55fabc"	"Curae caesarum"	"Latin"	"Certain"
"b5e553b8-0084-4cb5-9b10-63d0ed2ccdcd"	"Drolio sylvester"	"Latin"	"Certain"
"75dd587f-6bd2-4f66-a77b-5d355c23390e"	"Jonathas Machabaeus"	"Latin"	"Certain"
"ab599a38-f639-4db0-838c-bd00349ab6b3"	"Alexii Angeli"	"Latin"	"Certain"
"155a2885-3dab-4d55-8d3f-62928fbf7359"	"Discordia conjugum"	"Latin"	"Certain"
"c8bdc173-5e1f-41d4-8c16-f54413077671"	"Novus saeculi Aristides"	"Latin"	"Certain"
"0a9fcfd1-848b-47fe-ac86-8af9b0ea7206"	"Rusticus"	"Latin"	"Certain"
"1b3fafcd-ce12-4fc6-be7e-6af6bd20facf"	"Castigat mores Mopsus ridendo modernos"	"Latin"	"Certain"
"35264a00-36a3-4805-a7b4-196a4ee72791"	"Felicitas"	"Latin"	"Certain"
"e2df3738-b6c2-4d34-a9de-fc01998d0e09"	"Intelligentem non posse phantasmata speculari, docet Mopsus"	"Latin"	"Certain"
"4fabdf7b-3915-4e4c-aab5-9fe2af1f6b21"	"Mirabilis Cyri et Ariennae fortuna"	"Latin"	"Certain"
"7436900d-805d-4c2a-8a69-5dbd27f4cc49"	"Augustinus ecclesiae propugnator acerrimus"	"Latin"	"Certain"
"0b89ca7d-e3d1-4036-bc54-fa212ac90ea1"	"Pessimus est aeger, qui fertur imagine morbi"	"Latin"	"Certain"
"101055e9-cc7c-4b9a-949e-fbf789b1e643"	"Subdolus ut vixit"	"Latin"	"Certain"
"40c3fbe9-3e0e-491d-a299-beda92131a93"	"Tragica belli Mithridatici coronis"	"Latin"	"Certain"
"c2391e04-723d-4a0b-b0e4-f47668f6eb76"	"Mors Darii in Besso per Alexandrum vindicata"	"Latin"	"Certain"
"137a0991-8bff-4fa7-8798-f855cb52498e"	"Prima dabit tactum, visumque"	"Latin"	"Certain"
"4602d590-278a-48d7-af73-3c99e2118fc1"	"Varia sortis alea sive Severinus Boetius à Theodorico trucidatus"	"Latin"	"Certain"
"f29e738e-6d9e-4ddf-8059-891b142a2565"	"Dolus a Phenenna conceptus, ab Almigerino punitus"	"Latin"	"Certain"
"57985211-4fac-4523-bbae-c841f60f0bb3"	"Eripit ex olla Sosiam Pallaestrio fidus"	"Latin"	"Certain"
"f70e581e-e9bc-4462-81a5-8059b1e20ace"	"Fallitur is, faciles cunctis qui commodat aures"	"Latin"	"Certain"
"0ef21ef0-e317-4bf2-9dd4-1d1d7022fae6"	"Samson"	"Latin"	"Certain"
"eaa484d8-f872-456d-8370-5fca83cf16e6"	"Sosia languebat, melior tunc esse volebat"	"Latin"	"Certain"
"b31ec711-ac26-48c1-970b-4a025fb78f1f"	"Divinae justitiae tuba, sive justum Dei judicium in Mauritio"	"Latin"	"Certain"
"da294a28-58f6-4f15-adca-046fa4c3fd40"	"Phaëton"	"Latin"	"Certain"
"7b646dfb-166a-4add-b349-978c1f8ee88a"	"Turpe senex miles: turpe senilis amor"	"Latin"	"Certain"
"77740ae0-eab0-4805-bd43-bd2639afea1d"	"Vincitur in pugnis Hispanus ab Horspide Maphon"	"Latin"	"Certain"
"bd086ffe-72f6-467d-b750-122ce8f0b784"	"Megadorus"	"Latin"	"Uncertain"
"d8cf0528-70f3-4298-868d-12207c1b6575"	"Rodericus rex et Julianus comes"	"Latin"	"Certain"
"a59504d1-6ffd-4b2a-9821-6c11adca6ba2"	"Daniel in lacu leonum"	"Latin"	"Certain"
"0d9da33e-e3b9-4933-8640-bbe51ba4e32b"	"Rollo fraude docet Mopsum submittere Bertam"	"Latin"	"Uncertain"
"87260620-77f5-4748-9f16-39c45a7079af"	"Saepe dat infaustum finem"	"Latin"	"Certain"
"d4fdc4ab-de53-4983-b803-e57396b4850c"	"Stratagema amoris"	"Latin"	"Certain"
"7fd583e7-adbb-445d-828f-0e6d4c0b13a4"	"Baltassaris per Cyrum et Darium occasus à Daniële"	"Latin"	"Certain"
"4edf88b3-8920-4fed-b4d9-2b2138eaaac0"	"Centoculus sis"	"Latin"	"Certain"
"6120c73b-dcb8-445c-853a-29b2ac07ebc8"	"Duringus punitus"	"Latin"	"Certain"
"0dafea41-b4ff-4a86-ba18-3f02eaa350f9"	"Vin vivas felix?"	"Latin"	"Certain"
"4fb4b051-de83-40e6-9077-f94d2f8a528c"	"Podagricus"	"Latin"	"Certain"
"4fb4b051-de83-40e6-9077-f94d2f8a528c"	"Den flerecynist"	"Dutch"	"Certain"
"601bed1a-e7c4-4a97-9d14-d73c53f54b1d"	"Jephte"	"Latin"	"Certain"
"601bed1a-e7c4-4a97-9d14-d73c53f54b1d"	"Jephte"	"Dutch"	"Certain"
"4b1c7b65-2372-449a-9f1e-f1b4cd1be362"	"Cha-abas Persiae rex"	"Latin"	"Certain"
"4b1c7b65-2372-449a-9f1e-f1b4cd1be362"	"Cha-abas koning van Persien"	"Dutch"	"Certain"
"9f034441-25c3-41fc-a2a2-df818520ac90"	"Avarus"	"Latin"	"Certain"
"9f034441-25c3-41fc-a2a2-df818520ac90"	"Den gierigaert"	"Dutch"	"Certain"
"f386aa4e-ef04-4399-ab1e-16715edace18"	"Drolio Sylvester"	"Latin"	"Uncertain"
"34d689cf-61fc-4b37-a18e-83b6c16fec1e"	"Phricodemi tyrannidem in Philone vindicans Themisto"	"Latin"	"Certain"
"221c776d-f00c-47fc-a723-35448f0b02e0"	"Esther"	"Latin"	"Certain"
"221c776d-f00c-47fc-a723-35448f0b02e0"	"Esther"	"Dutch"	"Certain"
"68a509db-a550-41c7-984f-658d3c76da80"	"Praecautio inutilis"	"Latin"	"Certain"
"68a509db-a550-41c7-984f-658d3c76da80"	"Onprofytige voorsorge"	"Dutch"	"Certain"
"0152a11a-fbb5-4e8c-8378-647539fbe199"	"Dure senex nimiùm prohibens connubia natae"	"Latin"	"Uncertain"
"b3fed4d5-9b3c-44c2-995d-d74d677972a5"	"Triumphus christianae fidei"	"Latin"	"Certain"
"feee77b8-5c31-4c96-954e-de1b71e0a66b"	"Cosrhoës Persiae rex"	"Latin"	"Certain"
"feee77b8-5c31-4c96-954e-de1b71e0a66b"	"Cosrhoës koning van Persien"	"Dutch"	"Certain"
"587089d9-8b73-4238-b081-e9c162ec06f4"	"Diabolus claudus"	"Latin"	"Certain"
"05da67b7-0ac8-4c76-b471-81d5ab2d970f"	"Een’ die zig doot gelooft"	"Dutch"	"Uncertain"
"b509fa5b-6ad2-44d1-879b-c00cb7bd6adc"	"Verduldige liefde van Joseph"	"Dutch"	"Uncertain"
"5fec05db-a48b-430c-bee1-1eafcd2ceec4"	"Achab rex Israël"	"Latin"	"Certain"
"5fec05db-a48b-430c-bee1-1eafcd2ceec4"	"Achab koning van Israël"	"Dutch"	"Certain"
"ab5ecd67-9f9d-497f-a592-abab0d25c27e"	"Laet Medecyn en raed een treurig hert beproeven"	"Dutch"	"Uncertain"
"5f5c5902-d8d4-47c3-8a07-4ef875230ba9"	"Leonis Armenii"	"Latin"	"Certain"
"3edd3579-4066-4131-9f04-62c1aa00f18b"	"Medicus invitus"	"Latin"	"Certain"
"378d358c-78ae-4b60-94ad-665493009970"	"Stultitia languido remedia est"	"Latin"	"Certain"
"3adf54f7-2790-47a0-b856-f31e0c217f16"	"Subdola centoculos"	"Latin"	"Certain"
"3adf54f7-2790-47a0-b856-f31e0c217f16"	"Hebt hondert oogen"	"Dutch"	"Certain"
"eb261abd-9976-41f9-b9d9-f3770edc4145"	"Superbia Sennacherib"	"Latin"	"Certain"
"eb261abd-9976-41f9-b9d9-f3770edc4145"	"De hooveerdigheyd van Sennacherib"	"Dutch"	"Certain"
"22cdafd4-2b7c-45bc-a181-d3a2420d0825"	"Alphonsus vincens in bono malum"	"Latin"	"Certain"
"44ad23d2-a4d0-4c2a-8208-8761ba3bed64"	"Megadorus civis nobilitatem affectans"	"Latin"	"Uncertain"
"2567122f-e577-42d1-81e8-7452cafef277"	"Wulpsche jonkheyd in Manasses"	"Dutch"	"Uncertain"
"472feae9-54af-498f-b17a-fcffd06bdccd"	"Octo similes"	"Latin"	"Certain"
"472feae9-54af-498f-b17a-fcffd06bdccd"	"De acht gelycke"	"Dutch"	"Certain"
"8444a68c-e9c5-42aa-9a66-dee3a80d2202"	"Saul, rex Israël"	"Latin"	"Certain"
"8444a68c-e9c5-42aa-9a66-dee3a80d2202"	"Saul, koning van Israël"	"Dutch"	"Certain"
"120b8626-dae4-46a3-9334-c686a844ecbc"	"Quod dolus"	"Latin"	"Certain"
"120b8626-dae4-46a3-9334-c686a844ecbc"	"’t Geen loosheyd listig had gestigt, Maekt jonkheyds dwaesheyd onverrigt"	"Dutch"	"Certain"
"8d8169e7-34ee-41af-92de-3f447dc78c00"	"Wambanus Hispanorum rex"	"Latin"	"Certain"
"8d8169e7-34ee-41af-92de-3f447dc78c00"	"Wambanus koning van Spagnien"	"Dutch"	"Certain"
"7d442571-94d1-42bf-9260-8a19ce730c0e"	"Constantinus den Grooten, eersten Christenen keyzer"	"Dutch"	"Uncertain"
"c199103b-ebf2-41e6-a671-1c4abccb8ccf"	"Fide, videque cui"	"Latin"	"Uncertain"
"c4e949a5-6f66-455d-a819-28a85c8889d8"	"Justinianus imperator"	"Latin"	"Certain"
"6700cc8d-47d3-466e-9a55-fe1b045b0086"	"Niet is ’er dat een Mensch meer smert, Als dobbel loosheyt van het hert"	"Dutch"	"Uncertain"
"9fbbb9f5-5400-4120-a126-5b62850470b0"	"Damon et Pythias"	"Latin"	"Certain"
"9221c401-f419-4342-bd60-a68ab7650fd6"	"Samaritana"	"Latin"	"Certain"
"64f8fc09-e227-47d2-8388-81e0cc89495c"	"Staurophilus"	"Latin"	"Certain"
"283d3a18-441c-4a0e-87e6-3c3cda20650d"	"Vinitor"	"Latin"	"Certain"
"44fecc71-483c-429f-b91a-210ec77dad17"	"Heli"	"Latin"	"Certain"
"8d1af2cb-29c0-4fdd-a88b-a4b50b4a1dc6"	"Aman et Mardochaeus"	"Latin"	"Certain"
"2b9a5941-28d0-4e60-ba3b-278e5c65cd09"	"Asarhaddon"	"Latin"	"Certain"
"1e3f811b-cb0e-46da-9563-f1ff94107fa4"	"Salomona"	"Latin"	"Certain"
"45be364f-62e3-448c-8c3d-f6fba2f4794b"	"Polyeuctus"	"Latin"	"Certain"
"7b1183b5-ec7c-4f96-829b-d9144385603d"	"Justus ende Pastor"	"Dutch"	"Certain"
"516d9460-288b-44bc-be93-022581b964c6"	"Darius Medus, veri Dei cultum in Oriente restituens"	"Latin"	"Certain"
"516d9460-288b-44bc-be93-022581b964c6"	"Darius Coning van Babylonien"	"Dutch"	"Certain"
"189ebd78-57e5-4c08-95f5-6df631ab462c"	"Sibi nocet ille, quisquis insonti nocet"	"Latin"	"Certain"
"189ebd78-57e5-4c08-95f5-6df631ab462c"	"Men maekt voor sig een straf bereyd,, Als men verdrukt d’onnooselheyd"	"Dutch"	"Certain"
"07137aea-e80e-4fe5-a18b-63136571bae4"	"Alexander et Aritobulus"	"Latin"	"Certain"
"3831a9c7-a607-4759-b565-ef5caa76d50d"	"Amiras"	"Latin"	"Certain"
"5b628b67-85e4-4fc0-87b5-fcccb456289b"	"Athalia"	"Dutch"	"Certain"
"79b4140c-c584-40f4-bd4a-c514df793bd0"	"Mors Xerxis Persarum Regis"	"Latin"	"Certain"
"900d0325-8e76-4294-b20c-8b36fdb9d893"	"Abia"	"Latin"	"Certain"
"33751a7e-81de-4aa0-a927-5e44189e34fb"	"Elias in coelum raptus"	"Latin"	"Certain"
"dc24ed04-e1fe-47ce-8dde-413f36fd50f4"	"Rumoldus"	"Latin"	"Certain"
"5bf8270b-76ee-4b49-afff-6e87fec16283"	"David poenitens"	"Latin"	"Certain"
"d5526bcf-b03d-4bbb-b478-bddde56c10ca"	"Judithae de Holoferne triumphus"	"Latin"	"Certain"
"be703b61-180e-4f2a-b0e5-fe40c03d5b27"	"Vervolginge van het kindeken Jesus afgebeeld in de vervolginge van het kind Moyses"	"Dutch"	"Uncertain"
"5fa391d2-a2b5-40ed-9bc8-3001a14e87d5"	"Joannes Baptista"	"Latin"	"Certain"
"67c7b638-0bd1-45c6-9d9b-3bc02f392b8e"	"Cacophilus"	"Latin"	"Certain"
"6f50f416-be62-4739-8043-b4bf850e9600"	"Cyri in Croesum clementia"	"Latin"	"Certain"
"30993a89-728e-4db5-86ac-5ff38241e56d"	"Horatius sororicida"	"Latin"	"Certain"
"b404644a-9322-4cb5-8afc-e86ca2f949cd"	"Terwijl dat Thetis veyst"	"Dutch"	"Uncertain"
"7f76172f-c864-4bb7-ba99-12dc7fa55fdc"	"Divina charitas victrix"	"Latin"	"Certain"
"d91243bc-ef68-4724-943b-2b206f6b5a7e"	"Josaphat"	"Latin"	"Certain"
"611db808-299e-4399-bcf8-486d7cc5ff53"	"Bamba"	"Latin"	"Certain"
"4cd16d66-913a-4c93-8f44-e4ff544a7fd6"	"Boer die tegen danck, doctoor word met bedwanck"	"Dutch"	"Uncertain"
"ab925609-7123-4bf5-96bf-eb873b9a2a0e"	"Hanc dabit illusus morosi nasus avari"	"Latin"	"Certain"
"ca4e5b6a-da00-40b9-8540-c23bf0e7993d"	"Kindeken Jesus gevonden in den tempel"	"Dutch"	"Certain"
"0063b783-aac3-4656-8d27-f3f1eaea829e"	"Salomona et Jacobus"	"Latin"	"Certain"
"0063b783-aac3-4656-8d27-f3f1eaea829e"	"Salomona moeder der Machabeen ende Jacobus haeren jongsten soon"	"Dutch"	"Certain"
"51b48789-1ff3-4bf0-98ef-8e951396ab4c"	"Maria Stuart"	"Latin"	"Certain"
"6abd22ae-874d-4002-90e1-b72ab1a5eb83"	"Ex avaro prodigus"	"Latin"	"Certain"
"6abd22ae-874d-4002-90e1-b72ab1a5eb83"	"Vreck geworden verquister"	"Dutch"	"Certain"
"e6c40e13-1456-4961-8142-ca2a199904a2"	"Inopia et copia Samariae sub rege Joram"	"Latin"	"Certain"
"4ce02c19-fe42-4b47-b25a-d99cff8510f3"	"Eliacim et Joachaz"	"Latin"	"Certain"
"b2225feb-5c24-43a5-a10b-f3dee7738e2b"	"Judicium Salomonis"	"Latin"	"Certain"
"851730a4-0226-4b02-b17c-ff4f6fa3db04"	"Si quisquam exoptat sortem mutare"	"Latin"	"Certain"
"4a3b6a5a-1e93-40ed-b888-3a62565c3c30"	"Den borger edelman"	"Dutch"	"Uncertain"
"cf38eb79-0f42-4aa5-b763-c9b11ee14e69"	"Haeres ex asse"	"Latin"	"Certain"
"2856ff05-fb92-43c6-ac44-2f1db31513e9"	"Jonathas"	"Dutch"	"Certain"
"aa16799c-fc8a-4804-81a8-64e6b462e4cf"	"Joseph uxorem ducens Aseneth"	"Latin"	"Certain"
"aa3d31ab-430e-4e27-8d93-d257b24d4f25"	"Overlastige"	"Dutch"	"Uncertain"
"ef759bcd-98f7-4022-8d1b-edd568f96ef8"	"Trebellius Bulgarorum rex"	"Latin"	"Certain"
"8d20a467-c82c-4f8f-94fb-6dd29b8ad595"	"Manasses"	"Latin"	"Certain"
"e8eef041-1da0-4568-8007-f64eab8923c9"	"Als den vader is te goed, het kind niet als ondeugden voed"	"Dutch"	"Uncertain"
"dd81a30e-3fe9-4b5b-8686-e1a6940da10a"	"Juvenis Mercator"	"Latin"	"Certain"
"6e3b2631-1b41-460d-a47a-e85a87a0f23e"	"Nabuchodonosor regno restitutus"	"Latin"	"Certain"
"6b9ee556-9d73-43a8-b362-8f268f8f3786"	"Sennacherib"	"Latin"	"Certain"
"2f3b9e69-37b1-407f-9d18-5bd0467658b1"	"Interitus"	"Latin"	"Certain"
"73065969-1ded-4687-9122-cee347c2c2bf"	"Achan"	"Latin"	"Certain"
"edf3b118-696c-4b78-9e73-321ce6e8b758"	"De waerheyd die baert nijd"	"Dutch"	"Uncertain"
"78dbe9ad-05bb-4e2f-839e-3f011234710a"	"Midas"	"Latin"	"Certain"
"f27d5df4-35f0-4add-afac-3e389496ba70"	"Salomona met haer zeven zonen Machabeen"	"Dutch"	"Uncertain"
"a8446cd3-9ee7-4e69-8b1d-4cfb41688739"	"Fides"	"Latin"	"Certain"
"961ca9d8-39cd-4ecf-9166-62c33a0faca3"	"Daniel super sapientes Babylonis consitutus"	"Latin"	"Certain"
"a13fa401-2de2-4c78-9435-c3a0898eed47"	"Dromo"	"Latin"	"Certain"
"8743c613-ea71-4852-9eb0-cb21752985ab"	"Sisaras"	"Latin"	"Certain"
"b2c864c6-881f-41e1-8149-5123cd11d5fb"	"Distractus"	"Latin"	"Certain"
"8706001e-6dce-46a2-ba87-1da08b7295e6"	"Jonathas"	"Latin"	"Certain"
"b1f20809-3008-4e8f-8dbb-6d0cc127c14c"	"Ryks-versmading van de dry kinderen van Jacobus konink van Schotland"	"Dutch"	"Uncertain"
"4c935ffe-dbd6-4f7a-995b-587d6b796892"	"Ulysses"	"Latin"	"Certain"
"f7ff664f-5f31-4481-9c37-8d5c2d8991b5"	"Baasa delens stirpem Jeroboami"	"Latin"	"Certain"
"f7ff664f-5f31-4481-9c37-8d5c2d8991b5"	"Baasa heeft doodgeslaegen"	"Dutch"	"Certain"
"b39179b5-f976-477f-944a-f0f571c42c6b"	"Durus herus famuli deluditur"	"Latin"	"Certain"
"b39179b5-f976-477f-944a-f0f571c42c6b"	"Een al te strengen heer word van zyn knecht geplaegt"	"Dutch"	"Certain"
"1af1c46d-4c73-4c8b-b292-8a90e7cd25c0"	"De bruyd der gezangen"	"Dutch"	"Uncertain"
"2e07fabb-5f40-49d2-aee6-2a92133b37a1"	"Een al te strengen heer wotd van zijn knecht geplaegt"	"Dutch"	"Uncertain"
"12ea6268-cde8-4af5-b21f-f4c7997e2ea2"	"Quaeden raed aldermeest den raedtsman schaedt"	"Dutch"	"Uncertain"
"03314eee-3ec2-4186-a832-aa7b445617df"	"Sanctissimum Sacramentum"	"Latin"	"Certain"
"05f08820-ebd2-4bbd-8eb7-6b29c23cda69"	"Inconsiderandus"	"Latin"	"Certain"
"7bbf94fd-ceb5-4fc1-a7db-a1df53a6b494"	"Amasias rex Judae"	"Latin"	"Certain"
"f0d5a74c-e925-4f6c-884a-b1bb5b483a88"	"Perfectio evangelica sive Antoium eremum ingrediens"	"Latin"	"Certain"
"8e23c6f5-4bcb-4691-875c-927f2731b82d"	"Impius-illusus"	"Latin"	"Certain"
"36563142-7a5f-4ee2-9321-4731158fa01d"	"Joas coronatus"	"Latin"	"Certain"
"c3d39923-3584-48eb-b2d2-88889e8e8e4c"	"Aristophanes hooveerdigheid bespot door Davus schalk beleyd"	"Dutch"	"Uncertain"
"ebc9f614-3fe3-4dd1-8c60-c18da8fe3b8a"	"Ostanus en Taphernes"	"Dutch"	"Certain"
"01d0b0c8-6592-4fc9-aeb9-d255854d56ec"	"Wanneer de ouders zijn verblind, men ongeschikte-kinders vind"	"Dutch"	"Uncertain"
"12349cdc-ab57-473f-b058-44d106ec854a"	"Evilmerodachi in Joachin clementia"	"Latin"	"Certain"
"4600aa3b-0bca-4512-a3ee-e285de544396"	"Jephte"	"Latin"	"Certain"
"7cebc1ee-47ce-484c-a398-f779b207ae94"	"Adonias"	"Latin"	"Certain"
"fa8afdba-7c1a-4de9-bc6f-fb66303d0bf8"	"Josephus fratres agnoscens"	"Latin"	"Certain"
"fa8afdba-7c1a-4de9-bc6f-fb66303d0bf8"	"Joseph zyne broeders herkennende"	"Dutch"	"Certain"
"0ca462ec-fbfc-42fb-b243-088713866f37"	"Subdolus ut vixit"	"Latin"	"Certain"
"0ca462ec-fbfc-42fb-b243-088713866f37"	"Zoo listig als hy heeft geleeft"	"Dutch"	"Certain"
"2e7910b5-876e-43f1-aa26-fd9341302ea8"	"Audaces fortuna juvat timidosque repellit"	"Latin"	"Certain"
"394b8732-3f13-4157-8061-dbe7f213affb"	"Lucta amoris patrem inter et filios sive Adiatorix"	"Latin"	"Certain"
"6144a30f-5164-425c-a275-6c2fdf1cba14"	"Paedagogus ludificatus"	"Latin"	"Certain"
"6144a30f-5164-425c-a275-6c2fdf1cba14"	"Den bespotten paedagoog"	"Dutch"	"Certain"
"6f71477d-dfbd-4fa5-b3ae-1eb2002c718f"	"Romanus Diogenes"	"Latin"	"Certain"
"6f71477d-dfbd-4fa5-b3ae-1eb2002c718f"	"Den Roomschen Diogenes"	"Dutch"	"Certain"
"da245cb2-2712-406c-8df3-1215ddb925e1"	"Defuncto ficto frustrà medicina paratur: Ad mentem ut redeat, sufficit ipsa fames"	"Latin"	"Certain"
"ed99b4ef-8805-4436-9c0e-dcb6579e1368"	"Eleazar en Salomona met haer zeven zonen de Machabeën"	"Dutch"	"Certain"
"6eecd9e9-64e0-4397-ac90-7d3b583d02f2"	"Ulferus Merciae rex"	"Latin"	"Certain"
"a9b04c3b-cc2a-42ae-ada0-b3cca2fc05ad"	"Zyt met uw lot te Vred’, men zal met U niet gekken"	"Dutch"	"Uncertain"
"64a559c1-a91b-41b2-8924-2e1521113724"	"Regnum unius diei, sive Semiramis"	"Latin"	"Certain"
"64a559c1-a91b-41b2-8924-2e1521113724"	"Het ryk van eenen dag ofte Semiramis"	"Dutch"	"Certain"
"566dd079-d87d-4e45-a344-27bc1a588e8e"	"Fallitur, astuto faciles qui commodat aures"	"Latin"	"Certain"
"0d749554-e6e5-48f2-bde4-d0cce23075f3"	"Gelooft geen schalk"	"Dutch"	"Uncertain"
"9fac3db8-c46b-4600-94b6-7ba71bcedb5a"	"Neanias divina virtute ad fidem conversus, alias Procopius"	"Latin"	"Certain"
"abe2d5bc-b6f9-4530-81a7-59efd2de5088"	"Nobilium titulos capienten errore Colonum, Rustica calliditas"	"Latin"	"Uncertain"
"c2e39160-a534-47ef-86c1-437a19147ec3"	"Themistocles"	"Latin"	"Certain"
"c2e39160-a534-47ef-86c1-437a19147ec3"	"Themistocles"	"Dutch"	"Certain"
"885a16d5-b328-4d00-bbe6-3af974a4cb77"	"Theophane"	"Latin"	"Certain"
"885a16d5-b328-4d00-bbe6-3af974a4cb77"	"Theophane"	"Dutch"	"Certain"
"ce56b6a3-4f06-4f5b-ab5b-f75ee55d230a"	"Divortium"	"Latin"	"Certain"
"d92fe647-92ab-4f3f-b84d-b3a72b5331e0"	"Uxoria lis"	"Latin"	"Certain"
"d92fe647-92ab-4f3f-b84d-b3a72b5331e0"	"Het houwelyckx krakeel"	"Dutch"	"Certain"
"c2b504e5-fb25-42ba-bf7d-11c50f8f5e28"	"Petrus I, Russiae monarcha"	"Latin"	"Certain"
"c2b504e5-fb25-42ba-bf7d-11c50f8f5e28"	"Petrus I, monarch van Rusland"	"Dutch"	"Certain"
"e6d2b820-99e2-4c3f-bd3b-9162b2ba9aa1"	"Fit comes ex Mopso; post hâc fit ut ante colonus"	"Latin"	"Certain"
"e6d2b820-99e2-4c3f-bd3b-9162b2ba9aa1"	"Mopsus van Boer wordt Graef; dan weêr Boer, en houd staen, dat ’t droomen is geweest"	"Dutch"	"Certain"
"316ec61a-435d-4fa6-9c70-a6677b16bbe0"	"Sanctius, Navarrae et Castellae Rex"	"Latin"	"Certain"
"316ec61a-435d-4fa6-9c70-a6677b16bbe0"	"Sanctius, Koning van Navarre en Castilien"	"Dutch"	"Certain"
"c4e4d062-6eeb-47f0-a784-6651c5740f22"	"Richardae fidelitas coronata ab Othone III"	"Latin"	"Certain"
"c4e4d062-6eeb-47f0-a784-6651c5740f22"	"De waere getrouwigheyd van Richarda aen haeren man Robertus"	"Dutch"	"Certain"
"cf1688ac-70be-46e4-acae-b2379a6fa865"	"Adolphus Teutonum comes"	"Latin"	"Certain"
"cf1688ac-70be-46e4-acae-b2379a6fa865"	"Adolphus grave van Duytsland"	"Dutch"	"Certain"
"c4608cca-ab02-4cc6-b1b3-d0819ca581f9"	"De verduldige liefde van Joseph"	"Dutch"	"Certain"
"7a94cd60-17e4-4c9c-b1b9-daccad6ec031"	"Overlast der rykdommen"	"Dutch"	"Certain"
"29d09e97-7ad7-4bbf-a392-4edd85b4840d"	"Esther"	"Latin"	"Certain"
"29d09e97-7ad7-4bbf-a392-4edd85b4840d"	"Esther"	"Dutch"	"Certain"
"a2509c10-d6e9-40ae-96bd-994f2cfe8d86"	"Stultitia languido remedium optimum"	"Latin"	"Certain"
"a2509c10-d6e9-40ae-96bd-994f2cfe8d86"	"Gekheyd verdryft het best de Swaermoedigheyd"	"Dutch"	"Certain"
"b074ce4b-d63c-4ee8-a0c7-56efc59e468c"	"Joseph"	"Latin"	"Certain"
"fc3eb17b-5152-4480-9f96-0744f9ac6243"	"Joseph"	"Latin"	"Certain"
"c4526329-020e-4141-b105-017ec86eb0f2"	"Joseph"	"Latin"	"Certain"
"b8668110-3ab2-4051-b886-60ff9fd4fdee"	"Saul"	"Latin"	"Certain"
"47527f08-091f-4900-acc2-97cdea35f505"	"Asotus"	"Latin"	"Certain"
"d9a03823-597b-4eab-8ae7-27e88cb8c700"	"Bassarus"	"Latin"	"Certain"
"eb5b9d5e-3a28-4396-b7ac-989d5e4f0ed6"	"Ovis perdita"	"Latin"	"Certain"
"b1f79bec-46f7-485c-90f8-bf87798a7626"	"Eleazarus"	"Latin"	"Certain"
"4c83f0e0-1a22-4091-bca5-1b63cba76ce4"	"L. Junius Brutus"	"Latin"	"Certain"
"4c83f0e0-1a22-4091-bca5-1b63cba76ce4"	"L. Junius Brutus"	"Dutch"	"Certain"
"c5398d4d-85ce-4a75-b4e7-b23e400023be"	"Senex stolidè urbanus"	"Latin"	"Certain"
"c5398d4d-85ce-4a75-b4e7-b23e400023be"	"Plomp-beleefden ouden-man"	"Dutch"	"Certain"
"dc408677-6a5e-4f63-b1a7-24660931e02b"	"Christus Patiens"	"Latin"	"Certain"
"fdb48ecf-d63e-448a-a7c5-b56004e4c30e"	"Dido"	"Latin"	"Certain"
"f133e0e4-ee78-4e79-baf7-1fdf6a797a6a"	"Occasio arrepta neglecta, Huius commoda, illius incommoda"	"Latin"	"Certain"
"25a43358-5fb2-470e-ba5b-e7587c5e94d8"	"Conradinus"	"Latin"	"Certain"
"f6fe29f7-d60c-4ed9-b4c5-c211eddefb55"	"Crispus"	"Latin"	"Certain"
"fa340209-84c3-48d9-a7be-71242d3f3632"	"Joseph"	"Latin"	"Certain"
"4e386d16-4e36-4f48-a8d2-8572e594cfce"	"Sub impio Turcarum imperatore Frechreddi"	"Latin"	"Certain"
"83cf3b24-aa0c-473e-ac84-594694ba11ff"	"Arlequinus Cartouche"	"Latin"	"Certain"
"e862bf22-1de1-40fe-9907-fe74cd4f31f6"	"Lazarus mendicus"	"Latin"	"Certain"
"9d3f997c-544e-4ac3-91f0-c8359597be5c"	"Asotus"	"Latin"	"Certain"
"3f748575-7183-459e-95bc-5c0f4589edc8"	"Petriscus"	"Latin"	"Certain"
"3de4b041-b01f-4181-8ec3-13d25aa9d31b"	"Petriscus"	"Latin"	"Certain"
"d73e1d3f-81e4-445b-9b13-fa0fcfb2c3fa"	"Lazarus mendicus"	"Latin"	"Certain"
"a69c4f71-18a9-4ad7-9094-2816d6ca7e15"	"Aluta"	"Latin"	"Certain"
"fcfac806-abcf-49ff-8117-9622826654ef"	"Andrisca"	"Latin"	"Certain"
"48997c77-393e-4d1c-86e5-99bec522ced0"	"Joseph"	"Latin"	"Certain"
"34825c5c-2d9d-4138-918d-d18c7933a562"	"Joseph"	"Latin"	"Certain"
"462661ee-d0f9-4697-aa5a-ab9db19cad96"	"Lazarus mendicus"	"Latin"	"Certain"
"ce31b5bb-310a-4332-bd84-bc14fc1963e6"	"Fuga Mundi in Bernardo et Fratribus"	"Latin"	"Certain"
"1d19c493-d379-4bce-b3c2-39914c726cd7"	"Paulus fugiens"	"Latin"	"Certain"
"cc07945b-c484-497f-a38d-9e7b8e4d745b"	"Iphigenia"	"Latin"	"Certain"
"f26adf21-a2c0-4d9e-92cc-d47f3eb80805"	"Christus patiens"	"Latin"	"Certain"
"407c8c18-9c7c-4b30-92f7-29b25847d359"	"Eustachius"	"Latin"	"Certain"
"4e076fe2-ab06-4364-a903-29dc36455aa9"	"S. Joannes Gualbertus"	"Latin"	"Certain"
"0fa8b306-b8ac-4164-967f-8cedd920c403"	"Christus patiens"	"Latin"	"Certain"
"958eacc8-1ea9-4f2e-81b4-43c1e1c10529"	"Christus patiens"	"Latin"	"Certain"
"29d25acb-403a-417b-b63c-938d467a5c76"	"Christus patiens"	"Latin"	"Certain"
"71f48e77-be18-45f5-a89e-656c10d1383f"	"Sophompaneas"	"Latin"	"Certain"
"6e246a64-f2b2-4544-856e-83d453047af2"	"Acolastus"	"Latin"	"Certain"
"d1bba939-60f8-48a0-90e8-97de93a516d9"	"Lazarus mendicus"	"Latin"	"Certain"
"6cbd3eaa-22c6-482f-8911-bf26fde97552"	"Acolastus"	"Latin"	"Certain"
"8da1e0bb-a5a4-4ed4-a63b-593eb8a4186d"	"Acolastus"	"Latin"	"Certain"
"53adc54f-b658-4a4e-b2b5-9713ef338d7f"	"Joseph"	"Latin"	"Certain"
"2dfa97c3-e3e8-42a3-9db3-2f038013036d"	"Samarites"	"Latin"	"Certain"
"d2712b17-d2ec-4bc8-a818-80c4765f5264"	"Asotus"	"Latin"	"Certain"
"c8962d11-abd1-41e4-9110-fd3048c4f03e"	"Samarites"	"Latin"	"Certain"
"56c63373-a03e-4623-8eba-b1350e867bd8"	"Didascalus"	"Latin"	"Certain"
"7c31eeae-aa59-47f8-8bde-bbdfe994fe1d"	"Aluta"	"Latin"	"Certain"
"077ba325-3a88-4704-ab86-474c561e297c"	"Rebelles"	"Latin"	"Certain"
"b5619c3e-d0cc-45b4-96aa-53228fe1f6f4"	"Sophompaneas"	"Latin"	"Certain"
"121cde11-942c-4053-9c5a-7356f0063bf5"	"Christus patiens"	"Latin"	"Certain"
"d969ab65-9ed3-428d-9780-6f44f5461c15"	"Maria Graeca"	"Latin"	"Certain"
"7f3bec64-867c-4c7d-9d7a-6114eddb0a6f"	"Rosimunda"	"Latin"	"Certain"
"d0658b1e-da55-440e-b68c-fce4db0ea177"	"Herodes infanticida"	"Latin"	"Certain"
"8371f5f8-6cb9-483e-92a8-bc955d6e9174"	"Christus patiens"	"Latin"	"Certain"
"a5df0899-c086-488d-930f-7c6537f7a359"	"Adelphi"	"Dutch"	"Certain"
"641606fa-f30d-453b-bd26-2de2d0638771"	"Andria"	"Dutch"	"Certain"
"41a37099-2910-4920-ae2b-97c529fdb5c5"	"Eunuchus"	"Dutch"	"Certain"
"bde07e27-829a-46fd-a1d2-4973abae8e3b"	"Heautontimorumenos"	"Dutch"	"Certain"
"0634bc94-2cf4-487c-9871-b283558c8c6e"	"Hecyra"	"Dutch"	"Certain"
"20df20b4-4232-4ada-96f9-5a9d2224fc7c"	"Phormio"	"Dutch"	"Certain"
"97ec1df3-0c88-4c15-91bb-c0090743ccb9"	"Adelphi"	"Latin"	"Certain"
"97ec1df3-0c88-4c15-91bb-c0090743ccb9"	"Adelphi"	"Dutch"	"Certain"
"91c4729f-2fad-4448-af15-859927f533d4"	"Andria"	"Latin"	"Certain"
"91c4729f-2fad-4448-af15-859927f533d4"	"Andria"	"Dutch"	"Certain"
"2a8ae082-92b5-40e3-a3f7-4759e45bbc95"	"Eunuchus"	"Latin"	"Certain"
"2a8ae082-92b5-40e3-a3f7-4759e45bbc95"	"Eunuchus"	"Dutch"	"Certain"
"c41a758a-8284-4738-8239-a5be92ed742f"	"Heautontimorumenos"	"Latin"	"Certain"
"c41a758a-8284-4738-8239-a5be92ed742f"	"Heautontimorumenos"	"Dutch"	"Certain"
"e6f32a16-9130-4f8c-8c55-a542fe0e415e"	"Hecyra"	"Latin"	"Certain"
"e6f32a16-9130-4f8c-8c55-a542fe0e415e"	"Hecyra"	"Dutch"	"Certain"
"b91f7b0f-c60c-4a00-9569-4f847a57f7d9"	"Phormio"	"Latin"	"Certain"
"b91f7b0f-c60c-4a00-9569-4f847a57f7d9"	"Phormio"	"Dutch"	"Certain"
"3a7d8a43-ad8c-420b-84f8-71f39658e137"	"Adelphi"	"Dutch"	"Certain"
"f4c6ea61-67b2-4e4d-b540-ca0740e4efb6"	"Andria"	"Dutch"	"Certain"
"68392cfb-51bf-4da5-bdfa-dd13d83ef569"	"Eunuchus"	"Dutch"	"Certain"
"03c5bfee-133a-4507-8eb1-c9a7c768eeba"	"Heautontimorumenos"	"Dutch"	"Certain"
"d4bddeaa-79df-4776-9b59-f1e975fe509e"	"Hecyra"	"Dutch"	"Certain"
"589f7f4b-3335-400d-a142-e0d18194531a"	"Phormio"	"Dutch"	"Certain"
"0ba4ef2c-048b-4e36-a9d5-dadc47f5876c"	"Ioannes Zemisces keyser van Constantinopelen verwinder door hulpe van Maria"	"Dutch"	"Certain"
"ad98c89c-a88c-4374-9541-043fac4067cf"	"Tragicomedie s. Sebastien martyr"	"French"	"Certain"
"82a96853-b678-4df4-9448-d24658080140"	"Nabuchodonosor in zyn ryk herstelt"	"Dutch"	"Uncertain"
"ba6fbaf9-73d2-461d-8034-59c175cc451d"	"Fritlandus"	"Latin"	"Certain"
"e2169a1b-b529-41ae-a76b-836d729a80d9"	"Esther"	"Dutch"	"Certain"
"a752f8dd-fdbc-4673-9bce-043bdd7fdb9d"	"Canutus den IV. Coninck van Denemercken"	"Dutch"	"Certain"
"73a40378-3de5-4d78-84a4-dbbdcfdbc06e"	"Rosimunda"	"Latin"	"Certain"
"ed1f6aa7-3ed8-4704-aa8d-b6d000a04a6d"	"Esther"	"Latin"	"Certain"
"f2e12717-7001-44c9-8401-fef6a17ad770"	"Eustachius drama como-tragicum"	"Latin"	"Certain"
"49d58994-b94d-4979-adb6-3dde4a2c3c1a"	"Andronicus Comnenus"	"French"	"Certain"
"def3f0b2-debe-431f-8bbf-9793e96a9d97"	"Artabanus"	"Latin"	"Certain"
"3951a2e3-1840-4846-901d-850fee330c69"	"Exilium Tarquinii"	"Latin"	"Certain"
"0f45ed1a-4648-46f4-a792-5ec638135430"	"Tobaeus"	"Latin"	"Certain"
"8cb6779d-522f-4975-ba76-97ad7c824f23"	"Tobaeus"	"Latin"	"Certain"
"0eb6d653-ebe9-46c9-bbc6-7f0549e66d2e"	"Acolastus"	"Latin"	"Certain"
"b13f11e7-6da3-4f31-8be4-ed179b4036f6"	"Andromeda Belgica"	"Latin"	"Certain"
"2abcfd97-f7ca-46d9-b94d-69748ca1f455"	"Alexander en Mathildis"	"Dutch"	"Certain"
"cad65d71-a7bd-42b3-ae84-6f5c94536add"	"Absalom"	"Dutch"	"Certain"
"97f9a625-2e9a-437b-936c-3c96a01be5ad"	"Achas"	"Latin"	"Certain"
"453b65ac-601d-483d-a503-c4c64b356a5a"	"Samaritanus"	"Latin"	"Certain"
"98a7db98-3e5b-4552-9397-7b557b2c5358"	"Terballus"	"Latin"	"Certain"
"53d2ce3e-5d1e-4ecb-941e-4964a642b3f3"	"Jacobi et Francisci in Jesulum pietas, in pios fratres mutuus amor"	"Latin"	"Certain"
"b7d9e356-8221-4959-bdbe-781ab5fd6742"	"Jacobus Machabaeorum natu minimus"	"Latin"	"Certain"
"a885f0a4-c975-4ecc-98b8-adbcdf672556"	"Samuel puer"	"Latin"	"Certain"
"54cf76ad-67e5-41be-92a4-a5eaca644e8e"	"Mortuus imaginarius"	"Latin"	"Certain"
"ebb49a6d-9195-4107-a369-85f62ac89372"	"Salomona"	"Latin"	"Certain"
"08abdbce-dc4b-4bf3-a895-b3da83f35787"	"Theognostus"	"Latin"	"Certain"
"1d261e73-cbd1-4c81-b1d1-e65b7d8060ae"	"Hermenigildus"	"Dutch"	"Certain"
"004677b9-ea2f-447e-8329-c976fbaf877f"	"Jephtias"	"Dutch"	"Certain"
"32709812-916b-4080-9323-ba3095d959e1"	"Kindeken Jesus gevonden in den tempel"	"Dutch"	"Certain"
"6365ca56-540e-4cfb-9aa2-8b9e7f3a83e7"	"Zoydono"	"Latin"	"Certain"
"1bc1a837-94dc-4c9f-a822-c1793876c46c"	"Incomparabilis Heros Maria Stuarta"	"Latin"	"Certain"
"f0a1f9d2-77f7-4cfa-9241-6fdcec831539"	"Joas coninc van Juda"	"Dutch"	"Certain"
"62fa372a-660c-4877-bd70-23371f6b97f9"	"Soo d’oude songen, pypen de jongen"	"Dutch"	"Uncertain"
"94724aa7-1acc-42cf-b1d0-5baf0fc3be3f"	"Cynindoxus venator gloriosus"	"Latin"	"Certain"
"f7bafdee-849c-4b55-b46a-08d1be1e4108"	"David"	"Latin"	"Certain"
"69a0e125-8824-4517-8804-2d9385b38a52"	"Nicocles et Periander"	"Latin"	"Certain"
"2d216aec-5e28-4673-9a06-416e5528d6f7"	"Avaritia punita"	"Latin"	"Certain"
"13df195d-22ff-4ec4-bcca-da9b7759ea5f"	"Polyeuctus"	"Latin"	"Certain"
"a1b555ea-2b40-4fac-a5e3-0d7ad388fdf1"	"Mulier Hebraea"	"Latin"	"Certain"
"fcccc46f-0f0f-4003-9381-a5bd19bd5f2c"	"Nero"	"Latin"	"Certain"
"fcccc46f-0f0f-4003-9381-a5bd19bd5f2c"	"Nero"	"Dutch"	"Certain"
"d17fefa0-c91a-43cf-b6d4-3e56d9be570c"	"Divina Charitas victrix"	"Latin"	"Certain"
"d17fefa0-c91a-43cf-b6d4-3e56d9be570c"	"De goddelyke liefde zegepralende"	"Dutch"	"Certain"
"a3e764d7-bd6a-4e80-9316-56b36574bc12"	"David Goliathi victor"	"Latin"	"Certain"
"57231be9-2649-41b1-a493-c78b90b4ee17"	"Fur delusus comoedia"	"Latin"	"Certain"
"6c8a5c15-f8d6-48f8-91c4-9095a5d37ff7"	"Innocentia triumphans"	"Latin"	"Certain"
"6c8a5c15-f8d6-48f8-91c4-9095a5d37ff7"	"De onnoozelheyd zegenpralende"	"Dutch"	"Certain"
"3b4556f2-1844-4b38-b136-71ef307ce635"	"Limella"	"Latin"	"Certain"
"b3ee801c-9de2-4042-aaf7-f437940d4936"	"Jovianus imperator"	"Latin"	"Certain"
"b3ee801c-9de2-4042-aaf7-f437940d4936"	"Jovianus Keyser"	"Dutch"	"Certain"
"9133544e-2509-4ba1-82d3-27f714321c94"	"Jonathas et Tryphon"	"Latin"	"Certain"
"ca28fee6-ddae-4bb9-bd15-0d3e033919c0"	"Moyses"	"Latin"	"Certain"
"39ec69bb-2b01-436b-bc4b-267b1ff40ca6"	"Umbrae"	"Latin"	"Certain"
"d6a2d8fd-d343-46ba-b6c6-0b7bfd87ed9e"	"Jacobus den jongsten van de Machabeen"	"Dutch"	"Certain"
"5b05ca4d-0b82-4a52-ab4f-12870e2587ef"	"Jacobus Machabaeorum natu minimus"	"Latin"	"Certain"
"469e032a-8b76-4da8-8af2-11e09948e52c"	"Invica Sebastiani in fide constantia"	"Latin"	"Certain"
"29a66ad3-3eea-4e6d-97ea-273cd19e71e9"	"Theodoricus"	"Latin"	"Certain"
"745fc68a-b6b2-45b0-90b3-3cdb12a82b60"	"Achab moriens"	"Latin"	"Certain"
"5dbd74ce-c785-4b1f-ad5e-6a431bd8008e"	"Andronicus"	"Latin"	"Certain"
"ff4f8b25-a507-4d04-8f9f-bf97d98ce6f8"	"Debitor evangelicus"	"Latin"	"Certain"
"daf943d4-5e0c-4f4e-901e-033be440415b"	"Morhelius"	"Latin"	"Certain"
"e733cdf5-6925-4d98-9b59-5ea136e5e6ee"	"Den val der engelen"	"Dutch"	"Uncertain"
"8677da49-989b-449c-898e-6b5024f9df71"	"Obedientia Abrahae"	"Latin"	"Certain"
"b6050971-11c8-445f-91a5-a582a130d9ac"	"Samaria fame et obsidione liberata"	"Latin"	"Certain"
"b6050971-11c8-445f-91a5-a582a130d9ac"	"Samaria"	"Dutch"	"Certain"
"002f2e54-b244-4dea-ba55-828cebf9a55e"	"Calistus"	"Latin"	"Certain"
"002f2e54-b244-4dea-ba55-828cebf9a55e"	"Calistus"	"Dutch"	"Certain"
"a2178665-37de-4414-96a3-43cf21c34b36"	"Calista"	"Latin"	"Certain"
"0ebfa84a-0cd5-4ec6-8f01-e7ad83de794b"	"Asami in Romanum Diogenem clementia"	"Latin"	"Certain"
"3b11ecc1-9d1f-435b-9f1b-1addb6b82a68"	"Asa"	"Latin"	"Certain"
"87ff41b9-d33b-41df-8a2d-3aef4ffb7ccd"	"Punita Saulis posteritas"	"Latin"	"Certain"
"39e3950e-b563-4b47-9548-4df18f7ca796"	"Stanislaus Kostka de werelt verlaetende"	"Dutch"	"Uncertain"
"8ef8afff-430d-4c3b-ba03-64c6af153178"	"Hymenaeum serenissimis princibus Guilielmo Hyacintho"	"Latin"	"Uncertain"
"ea27661c-74a7-452c-a4e1-579bd5095a5b"	"Den H. Propheet Daniel"	"Dutch"	"Certain"
"97bf57d5-e7b0-4b5f-922f-9dfc80ad002a"	"Den blyde weder-komste van den Heylighen Landelinus"	"Dutch"	"Certain"
"54c19864-8d16-41e8-b7a4-6eefc9fb615e"	"Hypocrisis: de hypocrisis falsa religione, ficta disciplina"	"Latin"	"Certain"
"246f3460-697e-453f-bfa3-c8a0fc7c7ceb"	"Mauritius Keyser"	"Dutch"	"Uncertain"
"34e8a1a8-1960-45f9-8fcc-c580b7579e3e"	"Plausus quercetanus applaususque Adriano van Cattenbroec"	"Latin"	"Uncertain"
"2299ab1f-c9ed-477b-ab7e-440f02a2a1d1"	"David cadens et resurgens"	"Latin"	"Certain"
"be0e0502-c795-4628-a484-5b3a9df2f401"	"Ivventvs Edmvndi"	"Latin"	"Uncertain"
"247e516e-5973-4f5c-bf34-aded1c93ef3b"	"Error tragicus in Iosepho Agnito"	"Latin"	"Certain"
"3b8dd324-d973-4e67-a946-ee22c471ab2e"	"Sapricio-Nicephorus"	"Latin"	"Uncertain"
"3e9926a7-00db-4f53-be69-3d0f76a2fca3"	"Action theatrale des devx contraires estandarts: de Iesvs Christ et Lvcifer"	"French"	"Certain"
"2e3e3cb8-0833-4b9f-a49d-2e50e05e84ad"	"Begintsel ende voort-ganck vande Societeyt Iesu"	"Dutch"	"Certain"
"1e94b250-4b46-490f-8c67-913abc0b7068"	"De duobus vexillis Christi et Luciferi, sive S. Ignatius"	"Latin"	"Certain"
"d93055a4-a3ff-48bf-82e4-5da09c7ef9ee"	"Macchiavelli"	"Latin"	"Certain"
"622cde6e-07ad-4562-ae9f-33fea4037152"	"Acolastus"	"Latin"	"Certain"
"76aa9121-2624-4a2d-a578-07160c248d90"	"Acolastus"	"Latin"	"Certain"
"cb5ac4d0-5247-449b-b619-76695981fc25"	"Joseph"	"Latin"	"Certain"
"dd9ce334-a002-4eaf-89fc-c81d32f71c1d"	"Serenissimo Archeduci Ernesto, Belgii supremo Gubernatori"	"Latin"	"Certain"
"2f54f148-3014-430f-9d6c-ab2cd821479e"	"Empereur Henry et Kunégunde"	"French"	"Certain"
"5d8d1e15-af76-4a49-a44c-77847b4bdb30"	"David. Sterck, gheluckich, ende goedertieren teghen sijne vijanden"	"Dutch"	"Uncertain"
"4c335bfa-f4b9-4065-9957-a638ee30b317"	"Ioseph"	"Latin"	"Certain"
"e21404cd-9746-4268-b078-02fedf551aa8"	"Modernus filius prodigus"	"Latin"	"Certain"
"a58f67e6-2252-41a8-97c3-11172431ed9e"	"Samson"	"Latin"	"Certain"
"724a9902-b201-419d-8cf5-3831bfdd6e2f"	"Perfidia sibi vindex seu Julianus Comes"	"Latin"	"Certain"
"56bf2c32-5d8f-43c8-b466-0b3ab23555b3"	"Curae regum"	"Latin"	"Certain"
"a8383e3a-b654-49ba-909a-efce6342dfd7"	"David en Jonathas"	"Dutch"	"Certain"
"cf19b0ff-2d69-433d-84f6-66498661854f"	"Ioseph"	"Dutch"	"Certain"
"ce03ed74-e992-416e-8a5c-c3a6f959d8c3"	"Heylighe vyf wonden"	"Dutch"	"Uncertain"
"dcea8e1e-a3c9-4b65-9a03-795d57a18663"	"Ghecroonde memorie des doodts inden heylighen Henricus"	"Dutch"	"Uncertain"
"b217e597-f4e5-47ed-8f7f-7d088b78b50d"	"Boosheyt rechtveerdighlijck ghestraft in Gerardus van Britannien"	"Dutch"	"Uncertain"
"e50e2396-82fb-4ba7-a9ac-b0b14fc51c1c"	"Ghetrouwigheyt van Belgica in alle haer beroerten aen Carolvs den II."	"Dutch"	"Uncertain"
"d9646916-bddd-4615-ab15-a876faec3365"	"Plausus luctificae mortis"	"Latin"	"Certain"
"d7762225-fc28-4985-93e3-959313ec3908"	"Susanna"	"Latin"	"Certain"
"91847f0e-f145-44c8-8e54-3db1ab76f634"	"Hecastus"	"Latin"	"Certain"
"c1a90126-3760-4f87-97d0-43848099c24e"	"Joseph"	"Latin"	"Certain"
"5f3dc959-5d8e-447e-87fc-fee6f655e5fc"	"Joseph"	"Latin"	"Certain"
"3026c3fb-7774-4fbe-9895-b846a302f1f0"	"Ruth"	"Latin"	"Certain"
"2cbb7a22-5f34-4164-b92b-b661ef68459c"	"Ruth"	"Latin"	"Certain"
"9a24c268-9c38-4e41-a28d-f2b4305d4e0c"	"Acolastus"	"Latin"	"Certain"
"2a32e05e-6db9-45e3-b1d8-d7f65db2d58e"	"Acolastus"	"Latin"	"Certain"
"3292cfb5-7ae8-440b-bd3e-c44552d32d5f"	"Andrisca"	"Latin"	"Certain"
"50760186-3ab2-4ee4-a319-be5853631af5"	"Hecastus"	"Latin"	"Certain"
"8df12251-a615-45ac-9f3a-567df91bb847"	"Josephus"	"Latin"	"Certain"
"aebe49f5-8eb5-4ae3-b6bb-958d2a9f2961"	"Andrisca"	"Latin"	"Certain"
"1775361b-74e3-46d2-8bd0-ae11a4d6a0ce"	"Dunstan"	"Dutch"	"Certain"
"d73b7125-e244-4335-9bd8-1a275888a9dd"	"B. Ioannem Calibitam"	"Latin"	"Certain"
"e79a2a95-c449-44b4-be8c-2f33b97b89a6"	"Sigismundus Koning van Bourgoignien"	"Dutch"	"Certain"
"2cdd01f2-d4f5-49a2-aa9e-6777968e228d"	"Staet-gierigheydt bestraft in Amalaberga ende Hermofredus"	"Dutch"	"Certain"
"71c84293-27c2-4036-ab94-f4b31cfc2ef1"	"Staet-gierigheyt bestraft in Amalaberga ende Hermofredus"	"Dutch"	"Certain"
"2a81f715-6e36-491c-9f67-fcbca6e35c24"	"Wat is de werelt? ’t is maer schyn"	"Dutch"	"Uncertain"
"6698b821-5ed1-41aa-9230-d01d24eaf8fd"	"De doodt, die door bedrog een ander tracht te plaegen"	"Dutch"	"Certain"
"f00c892c-c181-4c77-9539-64c546010e4c"	"Joseph a fratribus venditus"	"Latin"	"Certain"
"ea9fa2df-9931-4616-957c-69685ac6066b"	"Ladislaus XV. Bohemorum rex"	"Latin"	"Certain"
"381ed5dc-9570-4c73-85a8-72cfcad78761"	"Malum consilium consultori pessimum"	"Latin"	"Certain"
"7128d536-c50a-4831-9d03-408ea88f6eca"	"Subdola diverso tantatur hypocrisis astu"	"Latin"	"Certain"
"606a3ee4-ed4e-4f3a-b283-f1b8a4202a9c"	"Joannes Nepomucenus"	"Dutch"	"Uncertain"
"45f709ab-a62c-4cf2-ac5d-2bff6ebc3f1f"	"Joannes Nepomucenus martelaer"	"Dutch"	"Certain"
"20566354-67db-4b03-997a-3ba827b2c20e"	"Joannes Nepomucenus martyr"	"Latin"	"Certain"
"8c214582-a150-4d69-8b2e-9177495cd14b"	"B. Didacus d’Ortis proto-martyr"	"Latin"	"Certain"
"17a4bd67-72b2-4539-81d5-ad05bf910aaa"	"Quis dolus affirmet, valeat quid fallere mortem"	"Latin"	"Certain"
"3ac0decf-b107-456b-a3f3-3f540f576c0b"	"Quis dolus affirmet, valeat quod fallere mortem"	"Latin"	"Certain"
"9539cc8c-b2a1-47f2-969d-30d990764f94"	"Rarus homo, aut nullus, si verus quaeris, in orbe est"	"Latin"	"Certain"
"1154c13e-96c0-41b5-8a8a-6efce7138997"	"Ambitionis catastrophe sive Demetrius Griska Russiae autocrator"	"Latin"	"Certain"
"1f997d75-89d6-408a-b5ec-9121c927b8d6"	"Ambitiosis catastrophe, Demetrius Grisca Russiae autocrator"	"Latin"	"Certain"
"83b3d647-05c5-4baa-a1be-c9a9abb2f5cf"	"Als d’hoovaerdy’ is groot en bot"	"Dutch"	"Uncertain"
"25ae7e63-7ae4-47d6-84f7-68229756b96b"	"Ladislaus XV. Bohemorum rex"	"Latin"	"Certain"
"77ba115d-25d6-4360-8675-b33cfe09237d"	"Petrus I. Russiae autocrator corripiens"	"Latin"	"Certain"
"1b3366f1-9568-4608-838c-e17b4d860a94"	"Superba Tarquinii domus exilio multata"	"Latin"	"Certain"
"9be035c5-3125-4ce1-ab63-0366818c4a80"	"T Hoovaerdig huys van Tarquinius in ballinckschap gesonden"	"Dutch"	"Certain"
"590d9c2b-f6d8-473a-8913-27de67ca5564"	"Alphonsus"	"Latin"	"Certain"
"46b34b80-72b5-4f89-947e-01a559198a08"	"Occupationem pessimam dedit Deus filiis hominum"	"Latin"	"Certain"
"60325998-cc97-46c5-a7f6-47adf90c252f"	"Salomon, wys door Gotds gave, sot door vrauwen-liefde"	"Dutch"	"Uncertain"
"43f97386-0760-41a6-b0d6-e843b8803631"	"Mauritius keyser vanden Oosten, van Godt ghestraft"	"Dutch"	"Uncertain"
"d3ccbb9c-e777-407b-9a97-7d80f26365ba"	"Eere Godts over de vier gewesten des werelts door de Societeyt Iesu"	"Dutch"	"Certain"
"6ee5c331-fc1a-4d8c-ad45-02394a79f2bf"	"Heyligen Guillielmus, hertogh van Aquitanien"	"Dutch"	"Uncertain"
"c2b88e69-fdd2-4c99-b247-dd897ca7bc47"	"Voorspoedighe Wapenen in Iudas Machabaeus"	"Dutch"	"Uncertain"
"80ae4a8c-bdb3-4771-a5da-5bc7c375bb4c"	"Ruth ofte de ziele sich bereydende tot het H. Sacrament des Autaers"	"Dutch"	"Certain"
"6e7db8da-e003-40ee-aa9e-06011223250b"	"Isaacius Angelus, Keyser van Griecken-landt"	"Dutch"	"Certain"
"03e3e9e8-30cd-4a8a-8d18-4b6b9af6b6c9"	"Bertulfus"	"Dutch"	"Certain"
"c2e0b4ca-9ce7-4685-85c9-27054a3ba689"	"Exercitatio scholastica quinque classium"	"Latin"	"Certain"
"a3591b81-0ab7-49b1-a57b-4ef58955720e"	"Verloren Soon wulps door de Rijckdommen: aerm door de wulpsheyt"	"Dutch"	"Uncertain"
"978df2a9-47e5-4338-ab23-5dac4d7a51e7"	"Ambrosius vervoordert tot het Bisdom van Milanen"	"Dutch"	"Uncertain"
"db74487f-1e30-4bf2-9661-0c853eb6b2f1"	"Manasses goddeloos, gestraft, ende bekeert"	"Dutch"	"Uncertain"
"50e8e484-43b5-4ebe-8b35-e35746089ab1"	"Clodoaldvs visv ac prole orbatvs vtrivsqve restitvtione felix"	"Latin"	"Uncertain"
"bd25a916-9871-40df-8a3e-ac9342b8e27d"	"Iephte Israelis iudex"	"Latin"	"Certain"
"21d9cc96-72e0-4664-b1f3-e2c14b21f2c9"	"Bassarus"	"Latin"	"Certain"
"d1db17ea-04f5-4116-b568-2662d0d3b32a"	"Acolastus"	"Latin"	"Certain"
"0e2c976f-71e6-4cff-b8be-65f0eb83eba6"	"Andrisca"	"Latin"	"Certain"
"af409252-e28e-4fd0-a50e-b3cabbb0084c"	"Christus Xilonicus"	"Latin"	"Certain"
"c9b86566-083b-42e6-a69a-fb10849359ff"	"Hecastus"	"Latin"	"Certain"
"eba5c298-ade8-455f-b673-1eeb60fc580c"	"Joseph"	"Latin"	"Certain"
"84b63468-1945-4338-80e4-9f689e7de3ee"	"Ovis perdita"	"Latin"	"Certain"
"789ea1cf-ac7d-47fd-bf77-653bfcf0d232"	"Samarites"	"Latin"	"Certain"
"fd786322-af20-4e4c-bcf0-f3a19eb6287f"	"Vier-hondert-jarighen zeghen-prael naer den slagh van Woeringhen"	"Dutch"	"Uncertain"
"478b8040-e412-40c2-973c-78b3bcd3187c"	"Aman et Mardochée"	"French"	"Certain"
"1c1e2821-aed2-4b20-a4af-cb6b482f190c"	"Assuerus deprimens Amanum exaltans Mardochaeum ope Estheris"	"Latin"	"Certain"
"2543ea21-aaf6-4edc-bb43-4999a0790ced"	"De christelycke leeringhe verdruckt door de onachtsaemheydt"	"Dutch"	"Certain"
"d47f5770-8b27-415d-9dc3-9aa7f8628ea4"	"Themistocles"	"Latin"	"Certain"
"5bbbd62e-72cf-4387-b74d-45e827339bfa"	"Adelphophilus comoedia"	"Latin"	"Certain"
"6a114dc0-559f-4712-a644-003c0f8a5b12"	"Cn. Pompeius"	"Dutch"	"Certain"
"77731d3f-be04-448f-ab63-15ad7d919ce9"	"Petrus van Luxemborgh een kindt"	"Dutch"	"Certain"
"cbc7fb7b-ce92-435d-a9c3-08799309f20b"	"Blanda patrum segnes facit indulgentia natos"	"Latin"	"Certain"
"af83124e-ce47-41ba-94df-a86b3a1a42c4"	"Cyrus"	"Latin"	"Certain"
"6a067353-69ad-4008-9ca8-920a117983f1"	"Nicanor"	"Latin"	"Certain"
"75247b6f-b052-4e9a-a5ee-264c951cdda9"	"Eschines"	"Latin"	"Certain"
"22e457b9-5e21-43c9-8448-b0c8bd13bb23"	"Manichæus"	"Latin"	"Certain"
"de10c44d-c03c-43d7-951f-9eef823970f4"	"Naas"	"Latin"	"Certain"
"cda0f4ca-e856-4d58-9fa2-84e8790c024e"	"Antichrist"	"Dutch"	"Certain"
"d9fd081c-3a45-4bbd-8b14-8c12ec84bf65"	"Helsche geesten"	"Dutch"	"Certain"
"620646b3-b246-4095-b871-246b7d604c67"	"Imperii sacrilega tyrannide foedati"	"Latin"	"Certain"
"f9f17115-2f7a-43f8-80fa-df026c702445"	"Jonathas Apphus"	"Latin"	"Certain"
"2211ffde-6aaa-4de9-82fa-0b8862c84c2a"	"Pergentinus en Laurentius broeders"	"Dutch"	"Certain"
"69b95f20-a4ad-4879-a578-3d5802dc4613"	"Pictoribus alta potestas"	"Latin"	"Certain"
"1389b97e-661e-4f0f-baa0-1063b81b237f"	"Salome"	"Latin"	"Certain"
"52f19599-6777-4443-b3ee-2c4a1ab94b52"	"Sapor"	"Latin"	"Uncertain"
"b50f8835-cd89-450d-ae1f-cb57d459289f"	"Superbo Sapori alludit Iphaniophilus"	"Latin"	"Certain"
"9903c370-6da5-4f71-b727-3c47580f9bdf"	"Maffo"	"Latin"	"Uncertain"
"7ef84e96-f212-4e77-b29c-84cd7fb3a316"	"Theresia met haeren broeder Jacobus"	"Dutch"	"Uncertain"
"a6389eeb-e584-4ef3-9f37-69100a149022"	"Timotheus"	"Latin"	"Uncertain"
"d4b4702d-bc07-4504-b4c7-88fbe6da1437"	"Titus Manlius"	"Latin"	"Certain"
"9899b684-ac9f-4abe-be77-5df7cbf505f0"	"Benjamin ducendus in Aegyptum"	"Latin"	"Certain"
"cf2656e7-770f-4efc-a500-fb7e5efe5175"	"David en Goliath"	"Dutch"	"Uncertain"
"b507ba55-42af-44ef-9cf5-9a13f24d2fe5"	"Joseph venditus"	"Latin"	"Certain"
"39759bf5-34de-4bab-8bd7-20102bc63433"	"Vinitores"	"Latin"	"Certain"
"7e740e4c-f282-4fbb-b7ee-8f1557250aed"	"Wys naer schyn, en nochtans bot, Wort van ieder-een bespot"	"Dutch"	"Uncertain"
"f384f0e6-aebb-4d81-9b45-17bf04971cc0"	"Constantius"	"Latin"	"Certain"
"b6828118-f07c-4da9-aa21-2eeb728fd51f"	"Jonathas et David"	"Latin"	"Certain"
"bd1e110b-94ca-46c6-8135-b1fe969aa06a"	"Rustico-philosophus"	"Latin"	"Certain"
"cc7b3b36-0471-424e-8476-6b7e37e73990"	"Athalia"	"Latin"	"Certain"
"f116333d-0217-49e8-ac45-2e0e19a0b70f"	"Cresphon"	"Latin"	"Certain"
"9280038c-6e85-4f88-854a-fad2a80965ef"	"Demeae interludium"	"Latin"	"Certain"
"8be15897-1f73-44c4-8a83-edc397846cdd"	"Joseph a fratribus adoratus"	"Latin"	"Certain"
"2675984a-25c1-44fe-aab7-eea2526cc7b1"	"Jupiter Menecrates"	"Latin"	"Certain"
"06e7b547-e811-46a9-a5a9-2fb03d91110b"	"Jesus onder de leeraers"	"Dutch"	"Uncertain"
"a5b2149f-f73b-4fad-a805-0f3afe3f0e8a"	"Croesus"	"Latin"	"Certain"
"da356fe2-45a2-406b-ae83-7f3700577e70"	"Gedeon"	"Latin"	"Certain"
"153f436e-add8-4e4a-afdc-47f70229e0ed"	"Jonathas"	"Latin"	"Certain"
"185d8e56-2f3f-4ee4-889c-9750ae1955d2"	"Joseph van syne broeders verkocht"	"Dutch"	"Uncertain"
"1a497a4c-2b9c-403b-81aa-707aa3c69706"	"Philippus"	"Latin"	"Certain"
"602c392c-01d6-4059-aa29-8674c0a360e1"	"Sedecias"	"Latin"	"Certain"
"dbe61336-6572-4c30-91c7-e7da54f2c9f9"	"L. Papyrius Roomsch opper-heer"	"Dutch"	"Uncertain"
"e51d064f-9967-42bb-b9b8-55a811a4a20e"	"Magdalena ende Theresia"	"Dutch"	"Uncertain"
"4785e344-e888-4360-b3a9-cf42e8195231"	"Joseph van syne broeders erkent"	"Dutch"	"Uncertain"
"c681726b-f146-43c0-891b-755bb5f20bad"	"Moyses gestelt op den Nilus"	"Dutch"	"Uncertain"
"bf475c2a-915e-4c7e-93f3-49ff5d716a15"	"Sophia met haere dry dochters fides, spes, ende charitas"	"Dutch"	"Uncertain"
"7691dd04-c2b3-4d49-88f2-b5946d091e94"	"Judicium divae Caeciliae Virginis"	"Latin"	"Certain"
"3e8a3ba2-2bde-4fff-af3d-d1dcb87b16ed"	"Joakim rex juda"	"Latin"	"Certain"
"0df66c73-92f3-4294-a5b4-6a6443935bbe"	"Nabuchodonosor regno restitutus"	"Latin"	"Certain"
"9ccd396f-383d-4073-8095-a0df6a4df685"	"Lapsus angelorum"	"Latin"	"Certain"
"cfa2777e-e1f8-45a0-b0e7-f6e71c77f0a0"	"Jacobus Machabaeorum natu-minimus"	"Latin"	"Certain"
"6efa5b40-259e-455e-abbe-860182274409"	"Job"	"Latin"	"Certain"
"d470ccec-e9cd-49ae-817e-cadf281a95f5"	"Susanna"	"Latin"	"Certain"
"d470ccec-e9cd-49ae-817e-cadf281a95f5"	"Susanna"	"Dutch"	"Certain"
"3ff6f560-8442-48e8-8992-63604a88481f"	"Aman et Mardochaeus"	"Latin"	"Certain"
"3ff6f560-8442-48e8-8992-63604a88481f"	"Aman en Mardochaeus"	"Dutch"	"Certain"
"e3dfeee6-5c0f-4990-8206-23775c51d646"	"Manasses herstelt in syn ryk"	"Latin"	"Certain"
"e3dfeee6-5c0f-4990-8206-23775c51d646"	"Manasses regno restitutus"	"Dutch"	"Certain"
"60a32e19-377d-42a2-a214-2ac906b016fd"	"Sedecias"	"Latin"	"Certain"
"60a32e19-377d-42a2-a214-2ac906b016fd"	"Sedecias"	"Dutch"	"Certain"
"5953cca8-b5fd-43da-b69f-8bd73304c96d"	"Augusta stervende voor het geloof"	"Dutch"	"Certain"
"4b4254c7-e613-4471-b7ad-a14a1552e4e1"	"Christus redemptor allegoricè adumbratus"	"Latin"	"Certain"
"19917443-f785-408a-8ccb-86a4405d83b8"	"Jephte"	"Latin"	"Certain"
"19917443-f785-408a-8ccb-86a4405d83b8"	"Jephte"	"Dutch"	"Certain"
"71565459-25e7-475e-be5c-340fa0c91206"	"Jephte"	"Latin"	"Certain"
"71565459-25e7-475e-be5c-340fa0c91206"	"Jephte"	"Dutch"	"Certain"
"197f9191-3cf0-4f1c-916e-0bc24dd4d2e6"	"Astyanax"	"Latin"	"Certain"
"6247b299-ea40-411d-826a-22f1c18a1251"	"Liefde des Zone Gods tot het menschelyk geslacht"	"Dutch"	"Certain"
"b898c656-51a0-4a23-82fd-2775484365fc"	"Judicium Salomonis"	"Latin"	"Certain"
"b898c656-51a0-4a23-82fd-2775484365fc"	"Het oordeel van Salomon"	"Dutch"	"Certain"
"fce878a1-7fe2-4350-8a3e-db06cfabcacd"	"Filii jambri"	"Latin"	"Certain"
"fce878a1-7fe2-4350-8a3e-db06cfabcacd"	"Zonen van Jambri"	"Dutch"	"Certain"
"038b2e25-8011-49be-97ab-b285738623ec"	"Tryphonis in Jonatham perfidia"	"Latin"	"Certain"
"038b2e25-8011-49be-97ab-b285738623ec"	"De trouwloosheid van Tryphon tot Jonathas"	"Dutch"	"Certain"
"1a0513c0-e8cb-4bd4-96b4-ff710a1e5434"	"Joannes Baptista"	"Latin"	"Certain"
"c83b8906-4fd6-445a-83e3-39e9cbb17d75"	"Adam en Eva"	"Dutch"	"Certain"
"bfd42f18-5a87-410a-afbe-8683feabf292"	"Pharao"	"Latin"	"Certain"
"bfd42f18-5a87-410a-afbe-8683feabf292"	"Pharao"	"Dutch"	"Certain"
"bceda0f9-6f7c-4e8e-aa34-fcf4003b5ad0"	"Pharao"	"Latin"	"Certain"
"bceda0f9-6f7c-4e8e-aa34-fcf4003b5ad0"	"Pharao"	"Dutch"	"Certain"
"047a0eef-f316-492c-97e4-4f71a02f5ae6"	"Martyrium septem fratrum Machabaeorum"	"Latin"	"Certain"
"21a0adad-48ac-45d4-b812-58449b42f4d6"	"Mors"	"Latin"	"Certain"
"646e335e-ec1b-4fcf-a8fe-a453f34cd9b8"	"De passione Domini Nostri Jesu Christi"	"Latin"	"Certain"
"ce453f9e-bf93-45da-bc29-9de4e60c8fca"	"Sidrach, Misach ende Abdenago"	"Dutch"	"Uncertain"
"aca68721-2f7c-4b8a-809f-b79eed92d10d"	"David"	"Latin"	"Certain"
"ed39be2f-af28-4a86-894f-264b48742fc7"	"Eleazarus"	"Latin"	"Certain"
"0404bc5a-1197-4c50-b8e7-1b2090f7c58c"	"Baana et Rechab"	"Latin"	"Certain"
"8d7142cd-499d-465e-83ae-a359591ab205"	"Dido"	"Latin"	"Certain"
"88f37843-b995-4c1f-9dde-578da70977a5"	"Eustachius"	"Latin"	"Certain"
"6d003e84-9448-4a44-96b4-9c09537b5b2a"	"Coliphonius"	"Latin"	"Certain"
"5ddf1c50-4266-4860-b35c-f752433d29c6"	"Wambanus"	"Latin"	"Certain"
"bb59755d-b2d9-41ca-882e-a27043e723de"	"Zacharias"	"Latin"	"Certain"
"48e77520-50d7-4964-9855-9055893eb2c6"	"Cyrinus"	"Latin"	"Certain"
"f1da5213-c723-42bc-9e98-ce9c70a20d70"	"Fremundus sone van den Hertog van Algaria de werelt vluchtende"	"Dutch"	"Uncertain"
"fe92a304-b77a-436f-ac64-b83c4e7127fa"	"Judocus"	"Latin"	"Certain"
"c654b2db-edbb-4580-9fa4-23bd30db5173"	"Pantamatesterus"	"Latin"	"Certain"
"97034367-f9fc-4158-ba9d-f455e046d01f"	"Theodemena"	"Dutch"	"Uncertain"
"d3603b05-a5a8-4290-a802-3c3f480bb0c0"	"Thomas Coninck van Arima door keyser Daifusama omghebracht"	"Dutch"	"Uncertain"
"d5e8baeb-6b11-44bb-b854-b763e8ec95fa"	"Amasias"	"Latin"	"Certain"
"3e98f7da-5023-4cc6-b6b9-950d34ab7a89"	"Parthenophila"	"Latin"	"Certain"
"f0c3d61e-8211-4ddf-929b-6b046a71a3ae"	"Rodericus rex, et Julianus comes"	"Latin"	"Certain"
"33a0a684-472c-4370-a863-8ea22c3debd6"	"Inconstans vitae theatrum"	"Latin"	"Certain"
"20b6c5f9-bcf0-41ef-954e-25b875d59e3d"	"Iosephus"	"Latin"	"Certain"
"eb04fc98-0968-450a-bdf0-89ef7c1d8348"	"Iuditha"	"Latin"	"Certain"
"46031ccd-72cf-47a9-98d4-660fa470c554"	"Naaman"	"Latin"	"Certain"
"f1a8ff5a-9237-4f33-bfd1-5fd88f631697"	"Nehemias"	"Latin"	"Certain"
"10c2abd9-f3e1-44f9-b486-d1957741f1db"	"Saulus"	"Latin"	"Certain"
"337b85ad-ee9f-4a56-a9fa-12852d43ef3c"	"Tobaeus"	"Latin"	"Certain"
"d50537c9-71d6-473e-85c2-f2e796c247af"	"Baptistes"	"Latin"	"Certain"
"ad7943f9-f988-44de-bd1e-7d9aa11ff947"	"Cunae"	"Latin"	"Certain"
"90c77d9f-6f0c-43ed-91dc-d15a898f8fbd"	"Daniel"	"Latin"	"Certain"
"8178ab67-16da-4a08-b0b5-6c60d76513a0"	"Dyscoli"	"Latin"	"Certain"
"841ec542-42fc-43ad-a0b6-923ed41639be"	"Iuditha"	"Latin"	"Certain"
"5a7235c1-633e-44cd-bd9b-414cc1922a9e"	"Josephus"	"Latin"	"Certain"
"eb7f7566-1a8b-4e7a-94e1-3942fd4f08c8"	"Naaman"	"Latin"	"Certain"
"97eac5ef-3392-4698-b4e7-833e2f029946"	"Nehemias"	"Latin"	"Certain"
"3dc633e8-8b42-48dd-8d87-553837075e31"	"Pentecoste"	"Latin"	"Certain"
"b401ae0a-60cc-4458-8515-3dfdbe5dca4e"	"Pseudostratiotae"	"Latin"	"Certain"
"a819cfae-5ab7-4d7c-97f5-c2aa269551f3"	"Saulus"	"Latin"	"Certain"
"8cfb5278-88f6-46c0-bb82-de9955b78213"	"Susanna"	"Latin"	"Certain"
"2aeb5e35-9d47-4dc5-a73e-9064d46cf4d1"	"Triumphus Christi"	"Latin"	"Certain"
"cc327551-fdfc-4ad7-8b31-5a4278f6bf24"	"Typhlus"	"Latin"	"Certain"
"c9b058be-a187-491d-af92-3120f721aa52"	"Vitulus"	"Latin"	"Certain"
"30dc87e7-654d-4b28-be31-b74c136f71dd"	"Aluta"	"Latin"	"Certain"
"ee51177c-175f-4746-bd6d-53d8c36b76b2"	"Rebelles"	"Latin"	"Certain"
"ee393021-566c-48bb-b7b3-0398f14be791"	"Lazarus mendicus"	"Latin"	"Certain"
"82d7b718-7c30-4751-86e4-2319814f4265"	"Aluta"	"Latin"	"Certain"
"c3045dc7-b3bf-4355-8743-97bdfb5b647e"	"Rebelles"	"Latin"	"Certain"
"d4984151-9a72-43f4-81ca-4c358350ee1b"	"Acolastus"	"Latin"	"Certain"
"4d31154d-22d7-482f-8b03-c73c0dbd71f4"	"Acolastus"	"Latin"	"Certain"
"da976d99-9c2c-44dc-8be6-5deae3ce58e3"	"Ananias"	"Latin"	"Certain"
"161c696f-6ae7-4366-8b22-0233946b8e51"	"Daniel"	"Latin"	"Certain"
"be8126c0-f5dd-42d8-a8e6-b0c8344c9200"	"Pentecoste"	"Latin"	"Certain"
"354574d1-d9d2-434d-b3fc-ff4b9e98f500"	"Susanna"	"Latin"	"Certain"
"57e9e0cb-dc22-4bb8-af39-f40743b9fa20"	"Triumphus Christi"	"Latin"	"Certain"
"03eb9c36-3ab8-4912-b6ba-23d48df43112"	"Typhlus"	"Latin"	"Certain"
"768bba0d-6448-4292-b897-b415bcd2c465"	"Chosroes"	"Latin"	"Certain"
"de6e4902-c7b3-4cd2-a572-1299798e2aaa"	"Adiatorix"	"Latin"	"Certain"
"dbd75695-b153-4dec-b2c0-eaf9221bb92d"	"Miles gloriosus variè illusus"	"Latin"	"Certain"
"ee1575f9-2a36-4781-9f4f-8cc1f5a1bc20"	"Asarhaddon, rex Assyriorum"	"Latin"	"Certain"
"51f10096-512f-420d-8e7f-d2263b0b08a4"	"Tranio sutor advocatus"	"Latin"	"Certain"
"14a2d7fb-b94b-43cc-850d-8b765f2df2ad"	"Achan"	"Dutch"	"Certain"
"bbb37dc0-9879-4cff-bd68-4bc7b0f2a3a9"	"Agar"	"Latin"	"Certain"
"ee69ecdb-bb54-45e7-986d-c36bdc0904e2"	"Cosmophila"	"Dutch"	"Certain"
"4ed9870f-bf87-4302-9e66-abf9c13229bf"	"Die wilt te wys syn, en is bot; Die wort van ider een bespot"	"Dutch"	"Certain"
"8969580d-2f61-41a9-a1dd-2aa1d89b9863"	"Fremundus"	"Latin"	"Certain"
"09096398-9a91-43ef-aecb-aa225b2ca16b"	"Hermenegildus"	"Latin"	"Certain"
"5ce0a5e6-2f56-4d08-9410-fb3acd7f7999"	"Mauritius Orientis imperator"	"Latin"	"Certain"
"6e654394-3e04-49c2-8c1a-60bdf9afe04a"	"Numitor et Amulius"	"Latin"	"Certain"
"85d98147-e81c-4e7d-a823-8fe889d07a6f"	"Constantia"	"Latin"	"Certain"
"b631585f-9773-4f3b-a50d-b30628f1ed05"	"Judas Machabaeus"	"Latin"	"Certain"
"511bda64-45e9-4e52-92fb-338d689d74e8"	"Landelinus"	"Latin"	"Certain"
"34876c77-b36a-4849-9764-6c678ce76f8d"	"Puer"	"Latin"	"Certain"
"379205dd-4341-431d-81d7-ab3e1a42ee78"	"Redivivus"	"Latin"	"Certain"
"ec7d2211-e6bc-485a-9a7b-4550132daed2"	"Achior dux Ammonitarum"	"Latin"	"Certain"
"3ae17e0a-b032-45c0-a965-5ed9ce0e4fac"	"Adam et Eva"	"Latin"	"Certain"
"1f64e76b-6de8-41a5-8782-a70f1ff73ec8"	"Bacchus imaginarius ad saniorem mentem reducitur"	"Latin"	"Certain"
"58a04489-66d2-494b-90df-9a41a968f821"	"Herodes"	"Latin"	"Certain"
"e842fd4b-e56b-480a-a041-e006f2dc172b"	"Jacob et Esau"	"Latin"	"Certain"
"b2264dae-b885-4c0c-8ede-b2d9fcb81119"	"Samuel"	"Latin"	"Certain"
"02481b74-c448-4dd0-9fdc-5e116325d234"	"Daniel"	"Dutch"	"Certain"
"02481b74-c448-4dd0-9fdc-5e116325d234"	"Daniel"	"French"	"Certain"
"1da4eaa3-4b2d-4271-ac64-ced488b99d89"	"Desiderius"	"Dutch"	"Certain"
"8e29e435-e4f6-4fff-bafc-51bf01d9ff1c"	"Fremundus"	"Latin"	"Certain"
"483aa948-eaa6-4487-b952-e3614b2af7bc"	"Herodes"	"Latin"	"Certain"
"c215e8b2-ac83-4bbf-aa66-f20886a23169"	"Jdomeneus"	"Dutch"	"Certain"
"814d0590-f0fe-455c-abf9-0a3b6d7cafa2"	"Jesulum inter et Mariam ac Josephum quotidianum commercium"	"Latin"	"Certain"
"dd84c2be-d38d-4260-af54-eed50781678a"	"Joseph"	"Latin"	"Certain"
"646bb669-cd15-4504-b082-3261eb278702"	"Triumph vande broederlycke liefde"	"Dutch"	"Certain"
"3cc35d3f-9373-4dbb-9c95-0f2803310cbd"	"De seven broeders Machabeen"	"Dutch"	"Certain"
"67c20ce7-19cd-4120-b458-40d883ec0d0d"	"Epicureus larvatus"	"Latin"	"Certain"
"91e3c357-560d-4aa1-8a24-7d564ad0e2ef"	"Jonathas"	"Latin"	"Certain"
"bfc59793-29b5-46b2-b227-0866b1c3a3e2"	"Neophytus martyr"	"Latin"	"Certain"
"319ec48c-b647-4783-8624-d0a75930636f"	"S. Aloysius Gonzaga"	"Latin"	"Certain"
"5078b647-954c-46d0-be69-2c7c10a110a0"	"Sedecias"	"Latin"	"Certain"
"3bc9671b-d093-4780-af94-012b033adaa9"	"Septem Fratres Machabaei"	"Latin"	"Certain"
"85025139-7a4f-4911-bb9c-4d2bda3e74eb"	"Verlost Bethulien"	"Dutch"	"Uncertain"
"e6b4dcc2-456d-4910-a999-d4eb759f440a"	"Adonibezec"	"Latin"	"Certain"
"f07d1e5a-356f-49ea-a2a7-7ac864bf6e40"	"Catilina"	"Latin"	"Certain"
"9bf8ac27-3281-4d1f-b081-31174cc76ecc"	"Certamen Tragoediam inter et Comoediam"	"Latin"	"Certain"
"eb9e9199-d0e8-48aa-86f7-e2de2943a8ee"	"Guatzettus"	"Dutch"	"Certain"
"0ab82746-e385-45a5-8850-e7d04b25cf20"	"Joannes Calybita"	"Latin"	"Certain"
"d794635b-d5f8-4a4d-81f0-2f39d7f1d42e"	"Mercurius"	"Latin"	"Certain"
"3c913866-5d78-4971-a6e4-4918f05b7a88"	"Mustapha ende Ziangir"	"Dutch"	"Certain"
"88baee10-bc30-4dac-977d-3c215160e6f9"	"Quo semel est imbuta recens servabit odorem testa diu"	"Latin"	"Certain"
"4aa49e45-1b9b-440a-b65a-e533c99fefec"	"Salomon et Adonias"	"Latin"	"Certain"
"184e689f-bc60-41b2-b2c2-1e0919ff2c24"	"Typhlogenomenus"	"Latin"	"Certain"
"8aaf22ba-e062-4a20-b3a0-3ba5cff56bdc"	"Sedecias"	"Dutch"	"Certain"
"63a25633-254a-4531-b0d1-a5beecaaa43a"	"Athalia"	"Dutch"	"Certain"
"f9d74c70-1778-475e-a52a-ad310b968068"	"Constantini Orientis Imperatoris"	"Latin"	"Certain"
"89ff1a57-b1f2-44a5-88e8-06f00524f6e4"	"Core, Dathan et Abiron"	"Latin"	"Certain"
"94ac2b4b-b8f2-4663-a1e7-fd9c523b6944"	"Daniël"	"Latin"	"Certain"
"71819007-7c88-48e2-8a75-006ac1a2809a"	"Heliodorus"	"Latin"	"Certain"
"fb225f55-eea7-4a3e-87e4-b83f1db8e373"	"Lazarus a mortuis excitatus"	"Latin"	"Certain"
"3721e89a-314f-45ab-93f4-63115952dad0"	"Solymannus"	"Latin"	"Certain"
"770a829e-7b66-4c11-add7-02f18a16a415"	"Stanislaus Kostka"	"Dutch"	"Certain"
"a5149b81-ac78-4e4c-bcfe-a5e2bf9dfdd1"	"Ostanus et Taphernes"	"Latin"	"Certain"
"12b6934c-8d60-47b0-b186-3510778d5b58"	"Rebecca a creditoribus vexata"	"Latin"	"Certain"
"69316ea5-21f5-43fa-b15c-874789b008a3"	"Theodoricus"	"Latin"	"Certain"
"f3fc867a-a45c-4d18-88c4-40ec4b47b77d"	"Antichrist"	"Dutch"	"Certain"
"e40fc7cb-5900-4f11-9a3d-be0b93e281f8"	"Antichristus"	"Latin"	"Certain"
"8228311e-9b6a-476a-b5f7-a5fdc80b39a0"	"Tycho"	"Dutch"	"Certain"
"3da35b05-4e14-44e9-afdd-c873b107d15c"	"Jaddus"	"Latin"	"Certain"
"717fa3a6-01fb-4aed-b573-05eb56ca7df0"	"Alexander den Grooten"	"Dutch"	"Certain"
"73011a12-e248-4808-bd62-1328d79df343"	"Charinus et Parmeno"	"Latin"	"Certain"
"0480a604-1ebb-4d1a-be45-7a5415ae0c89"	"Christus judex"	"Latin"	"Certain"
"64ab4e73-7f1b-4f24-bad5-b769fd29bb59"	"Fuga saeculi in Petro de Morono"	"Latin"	"Certain"
"bf9ba15f-448f-48f2-89d7-8dbc9b4c3af1"	"Henoch et Elias"	"Latin"	"Certain"
"56c91ecc-44e8-4304-9417-aa1bfd8bb816"	"Lazarus"	"Dutch"	"Certain"
"113fc41e-3025-45a9-a882-713585520947"	"Malum consilium consultori pessimum"	"Latin"	"Certain"
"f32da249-b611-4641-92b0-07ec53e33175"	"Thomas"	"Latin"	"Certain"
"0184b93d-31ea-4295-8396-489e4cadde44"	"Torquatus in filium severus pater"	"Latin"	"Certain"
"c3b7472c-eb12-41f8-bf8b-ce08ad6a3039"	"Alexander"	"Latin"	"Certain"
"77e9bdda-3174-4abe-ab37-f0613dcf04b3"	"Alexander"	"Dutch"	"Certain"
"e9ab036c-99af-4ea5-b8c7-c4f0d2e9e643"	"Antipho et Phaedromus"	"Latin"	"Certain"
"90280db7-50f4-4740-badd-aa848a2ec78c"	"Asarhaddon"	"Latin"	"Certain"
"6c6f7601-032e-4805-b7de-f41a75f2ecca"	"Cartouchius incarceratus"	"Latin"	"Certain"
"48e29bd7-212f-4c38-a775-f39c6d3fba27"	"Chrysogonus"	"Latin"	"Certain"
"10d79994-f20d-4404-8e1e-53d9a7b5f18f"	"Philomachus"	"Latin"	"Certain"
"c3459bd4-8a53-4da7-9734-abbed521ee07"	"Den eerst-geboren Soon van David uyt Bethsabea"	"Dutch"	"Certain"
"451399d1-353b-4b1a-9890-eb4ffc5d19a0"	"Syrus"	"Latin"	"Certain"
"aea6af51-298e-4609-861d-8de85de80059"	"Chremes vreest voor ’t leven van synen sone"	"Dutch"	"Uncertain"
"d200ae17-1757-4ed1-8930-e10e043dc90c"	"Joannes, Michael ende Ignatius"	"Dutch"	"Uncertain"
"e23d56c0-36c1-4c37-b8d3-42e9b44679b9"	"Jovianus Keyser"	"Dutch"	"Uncertain"
"68e2de4d-c071-478f-a08f-d9570daad79b"	"Polyphontes"	"Latin"	"Certain"
"73f0745d-5670-4bdc-9968-a097f2c77ebe"	"Achan"	"Latin"	"Certain"
"5e439334-e74a-43fb-968f-6fe638201cbc"	"Aman"	"Latin"	"Certain"
"ac862436-2502-469e-8b46-efeb28398c09"	"Megaronides"	"Latin"	"Certain"
"1d54a67a-20ef-4a3b-8a71-0d43e5a0a0da"	"Prospiticus Hypocrita"	"Latin"	"Certain"
"e9793434-3c14-4417-bb20-0edce3fc2f48"	"Sisara"	"Dutch"	"Certain"
"c7eaa124-e117-4996-9ed8-93abd9d3805e"	"Sisara"	"Latin"	"Certain"
"5f6f7a7b-e858-4764-a1e0-b3c2af45f087"	"Thomas Morus"	"Latin"	"Certain"
"2f24abe8-a869-45a4-b56c-4ada6378d82e"	"Vitus puer"	"Latin"	"Certain"
"77ecb0e7-28d1-4cb2-a60a-9ac6a2b37f28"	"David"	"Latin"	"Certain"
"bb5d1b2c-240a-4c7b-a69a-38ad4f4cbf94"	"Hermenegildus"	"Dutch"	"Certain"
"f619fac7-a961-488c-9feb-89d64994f457"	"Jonathas"	"Latin"	"Certain"
"b6749b6e-d711-4c29-9960-7d886adc3f2e"	"Pergentini et Laurentini in fide constantia"	"Latin"	"Certain"
"659ceb6a-c952-4a8b-9703-e4eeba1a544e"	"Jaromirus"	"Latin"	"Certain"
"e9e73313-8211-4dd0-96b6-3b50f3475387"	"Daniel"	"Latin"	"Certain"
"9bbb2588-f3c0-4a1d-8710-32475717cf77"	"De auro abscondito ac hero ludificato"	"Latin"	"Certain"
"2579dbb8-9bea-4586-906f-c4f70a2e733f"	"Gualberti in hostem clementia"	"Latin"	"Certain"
"61af075d-d642-498d-a449-2bcad7e9ec9a"	"Histriones malevoli conversi"	"Latin"	"Certain"
"fc36c356-bea5-47ef-bbb1-a56950dc62f0"	"Maacha"	"Latin"	"Certain"
"f6d228e2-af86-40f4-830e-e25256045359"	"Saulus Christi fidem amplectens"	"Latin"	"Certain"
"7651956d-a055-463c-8486-5bd6b9bf597d"	"Joseph a fratribus agnitus"	"Latin"	"Certain"
"b59ca8e1-2a11-40eb-b8d4-8fcbdc78ca39"	"Mesa"	"Latin"	"Certain"
"a898ed62-43c1-48fc-9e00-4fa957276d56"	"Severus Romanorum imperator"	"Latin"	"Certain"
"a898ed62-43c1-48fc-9e00-4fa957276d56"	"Severe empereur des Romains"	"French"	"Certain"
"a249f4cd-e963-43b7-a4ce-a7681cdcb5f2"	"Maacha"	"Latin"	"Uncertain"
"77ded907-fd2e-475e-9430-761bcf50d86b"	"David de Gabaoniten bevredigende"	"Dutch"	"Uncertain"
"fea7733a-b195-4af2-bdbf-a8ac530e12c1"	"Euripus"	"Latin"	"Certain"
"947d0a70-4b65-4197-8f82-4b8c9ccdb54d"	"Ajax lorarius"	"Latin"	"Certain"
"936fa79b-7979-4722-bf09-1f327c67cb03"	"Iosephus"	"Latin"	"Certain"
"ecc13d8d-2631-4202-adf8-3f73ffdad3b6"	"Iuditha"	"Latin"	"Certain"
"f38aaa8b-26fe-4b2f-bffb-9906c1631bea"	"Naaman"	"Latin"	"Certain"
"9000e9bc-544b-4fc3-94e3-8fc40fe4af3a"	"Nehemias"	"Latin"	"Certain"
"a204608d-6e10-4784-9fc7-367498b04ec0"	"Pseudostratiotae"	"Latin"	"Certain"
"f5e68de8-8385-489b-a3a8-c5f861e342ad"	"Saulus"	"Latin"	"Certain"
"6fdf2349-96f2-489b-accf-74c1e8d897ce"	"Tobaeus"	"Latin"	"Certain"
"e257ddca-c35a-4514-913e-f4f6d7ee12d8"	"Iosephus"	"Latin"	"Certain"
"c970a8c2-e28b-457a-8273-005c68aa0903"	"Iuditha"	"Latin"	"Certain"
"5052ffe7-8fbf-45f0-826e-228bd9a2f659"	"Naaman"	"Latin"	"Certain"
"40ae1dd8-e417-4f33-aac3-d2b128334dde"	"Nehemias"	"Latin"	"Certain"
"516f1702-3db2-4e4e-88f6-93f52416dddf"	"Saulus"	"Latin"	"Certain"
"63b236c0-e7f2-426c-aa2f-7a34f01bb08f"	"Tobaeus"	"Latin"	"Certain"
"176c93fe-71c9-49a7-b263-e989641f9b96"	"Pseudostratiotae"	"Latin"	"Certain"
"f24dae12-f262-47de-aa19-f77c39610773"	"Conradinus"	"Latin"	"Certain"
"5faa2fb3-7184-4d63-93f0-6c29931f2850"	"Crispus"	"Latin"	"Certain"
"c5bd4383-e249-4bd0-b02a-b2aefa65186a"	"Eustachius"	"Latin"	"Certain"
"0735a0aa-195f-4e0b-8f86-e92871e68515"	"Fritlandus"	"Latin"	"Certain"
"60ed3883-652b-4937-994f-1c38a1967268"	"Gorcomienses sive Fidei exilium"	"Latin"	"Certain"
"a9934727-3d02-4472-8bca-2a7254632dc0"	"Henricus Octavus seu schisma Anglicarum"	"Latin"	"Certain"
"a341a87a-8995-42aa-a6de-4751094483aa"	"Hermenegildus"	"Latin"	"Certain"
"927e6e9b-9da0-4c54-9a3b-9ce97fecbd99"	"Ioanna Darcia"	"Latin"	"Certain"
"67bc8a3c-1e0f-4c35-81b5-8e068025ae18"	"Lambertus"	"Latin"	"Certain"
"6f6481f9-2cc1-4174-8983-e96ccf8aba78"	"Maximus"	"Latin"	"Certain"
"6cfa00be-ebb1-4156-9ee0-fa238117a673"	"Ottocarus Bohemiae rex"	"Latin"	"Certain"
"d38b9f4c-8514-4535-8241-58774d01e5e1"	"Stanislaus"	"Latin"	"Certain"
"b89e957f-950d-4391-b226-72a5e56d1d88"	"Theodoricus"	"Latin"	"Certain"
"bdad705d-3e0f-4b0f-8c7e-c1f59b3d0811"	"Thomas Cantuariensis"	"Latin"	"Certain"
"00f2efc7-ebd0-4737-962b-38fea3a187dd"	"Herculis Averno domito ac caelo sustentato apotheosis"	"Latin"	"Certain"
"36538413-84a7-4eb4-b55d-069159211b90"	"Fornax"	"Latin"	"Certain"
"07375849-b738-4a5b-b5ed-9ea5bc1f6698"	"Elias"	"Latin"	"Certain"
"babd2def-c01b-4ef0-a3bc-2641f9f3347f"	"Aman"	"Latin"	"Certain"
"e1f0681b-9421-4e12-a78d-6624946cd31d"	"Divus Eustachius, sive Fidei et Patientiae triumphus"	"Latin"	"Certain"
"6320de90-48dd-4ecf-83a3-66be6efc3e87"	"Carcer Babylonius"	"Latin"	"Certain"
"6cf0a9e5-3dc8-446d-b646-3079840cbf87"	"Dives Epulo"	"Latin"	"Certain"
"2c4a4461-fa65-4e86-8d1d-eb575c151482"	"Iephthe"	"Latin"	"Certain"
"c4774608-353e-4816-bbb4-0623241b4bae"	"Henricus Octavus seu schisma Anglicarum"	"Latin"	"Certain"
"a7bcd54b-beb6-424d-972d-ac948639799d"	"Maximus"	"Latin"	"Certain"
"76a12e5d-1709-43fa-ba18-99a9273e95df"	"Divinae iustitiae theatrum sive Maria Othonis III imp. uxor"	"Latin"	"Certain"
"911a138c-3d9c-4952-8520-e6f3a8837848"	"De waerheyt ende de liefde"	"Dutch"	"Certain"
"eb2af3db-a9a0-4e1e-853b-807938717631"	"Kracht vande goede ende quaede op-voedinghe"	"Dutch"	"Certain"
"1c265519-5391-4edf-9b03-b4329539cf5d"	"Den bewaer-enghel verthoont in Raphaël den mede-geselle van Tobias"	"Dutch"	"Uncertain"
"bed1a80d-25e5-48d6-8b4c-a0c8dbfe82af"	"Sigismundus coninck van Burgundien"	"Dutch"	"Certain"
"b96670b5-e4da-4273-affe-8a7964d46dfb"	"Drama. de waerheyt"	"Dutch"	"Certain"
"f4b529db-f2b8-45f0-8fac-e402c817e32b"	"Societeyt Iesu in haer eerste eeuvve cloeckelijck strijdende"	"Dutch"	"Certain"
"283aa44b-792f-45ea-817c-194463e39ca0"	"Eulogius"	"Dutch"	"Certain"
"f67a8668-1bba-44fd-96f4-f7cc54f9d915"	"Ioachimus met sijnen sone Iechonias"	"Dutch"	"Uncertain"
"da95f0f0-6f32-4fc4-91cc-a5e7015ff3d0"	"De offerande van Abraham"	"Dutch"	"Certain"
"aa8718ce-5f89-482e-a1e5-94ca41857996"	"Joannes Calybita"	"Latin"	"Certain"
"63cdd7d6-7749-46a4-864e-7351b37cf395"	"Trivmphe van het Catholyck gheloof sal verthoont worden in Hermenigildvs Coninck van Spagnien"	"Dutch"	"Certain"
"2cb22dd0-c920-4825-bd98-3c0439770bda"	"Jephtias"	"French"	"Certain"
"b83fdcff-d6e6-4299-994c-3010cf667965"	"L’homme variable comme la lune"	"French"	"Certain"
"6196d7c8-4692-4c14-a5bc-90ecf33a2dc2"	"Polyeucte"	"French"	"Certain"
"9d546709-fa86-48a3-9810-392947d57397"	"Daniel"	"French"	"Certain"
"6516e38d-2851-49d2-b96d-c818a38cb3a8"	"Diable peintre"	"French"	"Certain"
"dd51994a-60f2-485f-b8c8-8ed8f7b76857"	"Jean Calybite"	"French"	"Certain"
"486a6527-7568-47a0-a82e-c54210e05779"	"Triomphe de l’amour divin sur l’ambition"	"French"	"Certain"
"16afb16a-6058-4f95-a6d3-daf888dbacc5"	"Mal retourne à son autheur, en la personne de Polyphon"	"French"	"Certain"
"5a01134d-6758-408d-93b4-d9b5eea6ba9b"	"Megadorus"	"French"	"Certain"
"5a01134d-6758-408d-93b4-d9b5eea6ba9b"	"Megadorus"	"Dutch"	"Certain"
"be6f8d08-142a-4e95-ad55-ad3c07da8c19"	"Diogenes redivivus"	"Latin"	"Certain"
"88b04ad6-6c9c-481a-be72-425ace30cb0d"	"Adelphi"	"Latin"	"Certain"
"88b04ad6-6c9c-481a-be72-425ace30cb0d"	"Adelphi"	"Dutch"	"Certain"
"9a9537be-8c81-4827-8f0c-13c20559c2a0"	"Andria"	"Latin"	"Certain"
"9a9537be-8c81-4827-8f0c-13c20559c2a0"	"Andria"	"Dutch"	"Certain"
"2c5629e7-9805-42c8-9a45-038626724958"	"Eunuchus"	"Latin"	"Certain"
"2c5629e7-9805-42c8-9a45-038626724958"	"Eunuchus"	"Dutch"	"Certain"
"7f0d08af-b732-4e04-98a3-b68bac3c364f"	"Heautontimorumenos"	"Latin"	"Certain"
"7f0d08af-b732-4e04-98a3-b68bac3c364f"	"Heautontimorumenos"	"Dutch"	"Certain"
"25ab9d01-e99d-498d-a955-49b69fdcc63f"	"Hecyra"	"Latin"	"Certain"
"25ab9d01-e99d-498d-a955-49b69fdcc63f"	"Hecyra"	"Dutch"	"Certain"
"dd3c9703-d4d3-46d8-bb33-2dfc03ff182c"	"Phormio"	"Latin"	"Certain"
"dd3c9703-d4d3-46d8-bb33-2dfc03ff182c"	"Phormio"	"Dutch"	"Certain"
"9bd8396a-7015-48fe-8fe7-b3fd9354f19e"	"Den heylighen Martinvs bisschop van Tovrs= ende patroon van Cortryck."	"Dutch"	"Certain"
"57258886-6fe7-4cd8-8f75-a14629f585e3"	"Thomas Morus, Cancellier van Enghelant"	"Dutch"	"Certain"
"b1cb9f7a-3fb1-4721-aa5a-3183036c6551"	"Het Christen-saet van Iaponien"	"Dutch"	"Certain"
"b4a6a4b8-9f22-4ae3-a2cd-a82a83d5f872"	"Savl onghehoorsaem wort berooft van siin riick ende leven, en David"	"Dutch"	"Uncertain"
"33424ebc-f05f-4167-9f1e-7082419b11cf"	"P. Gonzalvus Silveira"	"Dutch"	"Certain"
"da44190a-ef73-479e-b637-5b5fcdad23c6"	"Theodoricus Arians-ketter, koninck der Gothen ende van Italien"	"Dutch"	"Certain"
"e1c77b65-6de6-4688-a944-d709f696f0cd"	"Adamus exul"	"Latin"	"Certain"
"1f5456f7-5383-44d6-a5ad-23f5fec4f2ef"	"Agathocles et Amyntas"	"Latin"	"Certain"
"c097266f-2a36-4283-a5e1-42ef8613a7e3"	"Landelinus"	"Latin"	"Certain"
"63c4791f-ac76-47c6-8cb2-c20c84702984"	"Justinus"	"Latin"	"Certain"
"d6b5e261-4e24-4742-a352-5ca40c1b8f3a"	"Duo Vexilla unum Christi alterum Luciferi"	"Latin"	"Certain"
"9d053b78-5540-4183-8a85-9598a9dd013c"	"Battus"	"Latin"	"Certain"
"991eb816-023f-44aa-a537-bd94e65b5c2c"	"Caecus a nativitate"	"Latin"	"Certain"
"83f3c1d6-0c08-41a1-a8f4-4cc9b600128d"	"Innocentia beatissimae virginis ope triumphans"	"Latin"	"Certain"
"1f7f965a-6ea6-40bc-9b9d-3adb35fde41e"	"Midas"	"Latin"	"Certain"
"35e141c5-eb08-418b-955f-1c7885eb7f48"	"Salomona"	"Dutch"	"Uncertain"
"4f78a609-924a-40db-8dc0-00023b8132a0"	"Joas, Konink van Juda"	"Dutch"	"Certain"
"8dd875db-459c-4bc9-83b5-b88aa7ae51c7"	"Jovinianus"	"Latin"	"Certain"
"31c0a45b-d0c6-4051-ad8c-31802eee383a"	"Thestylis stervende van liefde tot de H. Maget Maria"	"Dutch"	"Certain"
"c52d3b05-b4ac-4bbc-9864-47c5d65b4c18"	"Villicus"	"Latin"	"Certain"
"11576038-6165-445e-bdc4-678e5e2e3513"	"Occasio"	"Latin"	"Certain"
"c9bd0adf-cda8-4e69-83a3-55aee8c6945d"	"Christus patiens"	"Latin"	"Certain"
"81bceb00-2835-476b-ba53-e45705058a01"	"Sophompaneas"	"Latin"	"Certain"
"a4cfc241-3b5a-48b4-b9ad-e0ce9e82fc33"	"Morosophus de vera ac personata sapientia"	"Latin"	"Certain"
"2ebd078c-d69b-4b48-a49c-acf532fa69c6"	"Justum Dei judicium in rebelles parentibus filios, in Jarba, Persarum regis filio"	"Latin"	"Certain"
"33d195df-00ec-46c2-859b-493c74c11976"	"Euripus"	"Latin"	"Certain"
"dae4a63a-bdce-40d3-b01d-58b564b0acfe"	"San Antonio Magno. Sacada de la vida de San Antonio"	"Spanish"	"Certain"
"c43d226b-d96d-4438-8455-3a45e76c93d5"	"Albert, cardinal et evesque de Liège"	"French"	"Certain"
"c7bf48c9-0854-40db-92e2-8905bc4454a9"	"Comedie Isabelle= fille d'Andre ii. Roy d'Hongrie="	"French"	"Certain"
"67a18352-4de5-4b6e-8124-1a1843f6759d"	"Phoenissae"	"Greek"	"Certain"
"67a18352-4de5-4b6e-8124-1a1843f6759d"	"Phoenissae"	"Latin"	"Certain"
"3fbf2cf4-a049-42d1-8609-822d90732377"	"Carolus I Angliae rex decollatus"	"Latin"	"Certain"
"3fbf2cf4-a049-42d1-8609-822d90732377"	"[Karel I koning van Engeland onthoofd]"	"Dutch"	"Certain"
"f8f94a16-6ce1-464d-a02b-37323e7cdd35"	"Combat nocturne, ou les morts vivants"	"French"	"Certain"
"732c47b9-f99a-4116-8cee-083bb854eba8"	"Jagt van Henricus den IV"	"Dutch"	"Certain"
"0c1110d5-4abe-4b80-843b-105deb4b6e45"	"Salomona met haere zeven zoonen de Machabëen"	"Dutch"	"Uncertain"
"e96f2a40-ee3e-4383-bc95-e6458ae4f3d3"	"Phoenissae"	"Greek"	"Certain"
"e96f2a40-ee3e-4383-bc95-e6458ae4f3d3"	"Phoenissae"	"Latin"	"Certain"
"1ff9aeae-17d7-40c1-b1ab-91bb6e607758"	"Christus patiens"	"Latin"	"Certain"
"f8a0bae9-a243-4fdb-aa66-f7bc6be32cce"	"Iuditha"	"Latin"	"Certain"
"3f4767dc-f90a-4ea6-b2cb-ae1c269a1617"	"Pseudostratiotae"	"Latin"	"Certain"
"65f7940d-4fde-43ae-8426-e5f36259e926"	"Tobaeus"	"Latin"	"Certain"
"c4d39c67-54f9-4020-962e-9527a1add08c"	"Andria"	"Latin"	"Uncertain"
"1078cb2a-1afb-4d19-a221-990faa4a0d55"	"Acolastus"	"Latin"	"Certain"
"db9d4d19-2a24-46b1-8d29-cb32f759f12a"	"Tweede deel. Kort verhael van het ghene vertoont wordt door de Jonckheyt vande Scholen der eerw: PP. vande Societeyt Jesu binnen Brugge."	"Dutch"	"Certain"
"2e5903a9-d502-49c3-940f-520b58459d0a"	"Verborghen schat in’t openbaer ghebroght, ofte vande herstellinghe over 100. jaeren van het weerdigh H. Bloedt inde Stadt Brugghe bewaert, ende vande Triomph-feest’, oft Honderdt-jaerigh Jubilé, met een Solemnele ende prachtighe Processie gheviert binnen Brugghe op den 3. van Mey 1686."	"Dutch"	"Certain"
"4a6dad91-391e-4ee1-b1c3-defb09d60448"	"Henricus Koninck van Denemarcken Noortwegen ende Sweeden"	"Dutch"	"Certain"
"bf185fe4-2bcc-4f02-8fbf-8660f7c05012"	"Den Heyligen Ludovicus"	"Dutch"	"Certain"
"bf185fe4-2bcc-4f02-8fbf-8660f7c05012"	"Saint Louis"	"French"	"Certain"
"c0f24005-71b5-42d8-bceb-9bcbf6335e2f"	"Joseph door syne broeders vercoght aen d’Ismaëliten"	"Dutch"	"Uncertain"
"15ca4856-e7ec-4966-a4eb-458f412696a7"	"Themistocles"	"Dutch"	"Uncertain"
"c0f6bede-7296-48f1-a7c3-01a8584b3119"	"David voor-vluchtisch"	"Dutch"	"Uncertain"
"701402ad-db9c-4a87-a691-a3d782f21b56"	"Manasses, Coninck van Juda"	"Dutch"	"Certain"
"9b87f0a1-a897-4915-8f7f-8816f21028ec"	"De Heylighe Glaphyra maghet het waerachtigh geloove beleydende"	"Dutch"	"Certain"
"da14a509-04a3-445b-8e6c-bcdd31f959a4"	"De verdruckte christelycke leeringe in staet herstelt door Catharina Clerx"	"Dutch"	"Certain"
"af422e0f-0654-47e5-a00e-4a64e2b8f180"	"Sedecias"	"Latin"	"Certain"
"eabd88b5-eee1-47ad-938b-68e0292c6aed"	"Sepultus"	"Latin"	"Certain"
"5fcb550c-cb1f-472c-80ac-f7aa211958ba"	"Gabinia"	"Latin"	"Certain"
"e997469a-603a-4a15-a241-da19d575f017"	"Manasses regno restitutus"	"Latin"	"Certain"
"e997469a-603a-4a15-a241-da19d575f017"	"Manasse’s retabli sur le thrône"	"French"	"Certain"
"41ee703b-0d5e-40f0-a2f8-ef5c95d7076f"	"Jesus inter doctores inventus"	"Latin"	"Certain"
"109772ef-780e-4391-b7eb-22280bcc14d7"	"Triumph van het Christen Gheloove in Titus Prince van Japonien"	"Dutch"	"Certain"
"d5cd4c6c-30f1-4eb5-a27c-93990f048870"	"Severus"	"Latin"	"Certain"
"5e7ceec1-111b-4b3b-852c-3753502857c4"	"David ad speluncam Engaddi"	"Latin"	"Certain"
"d229f811-d763-4878-ad7f-b3d1da9da129"	"Mithridates"	"Latin"	"Certain"
"98c9619c-e775-4451-909d-cf43012c8b92"	"Annibal"	"Latin"	"Certain"
"1a0e0649-39ae-46cc-93ff-c299b1f9aaed"	"Romanus Diogenes Constantinopolitanus imperator"	"Latin"	"Uncertain"
"73bdb17d-225e-4129-a33d-438f3879d17e"	"Hypocrita"	"Latin"	"Certain"
"f96b5d4f-7119-44ce-bd0e-211a5c4ec960"	"Adiatorix"	"Dutch"	"Certain"
"f96b5d4f-7119-44ce-bd0e-211a5c4ec960"	"Adiatorix"	"French"	"Certain"
"18d88562-0c24-485c-bb9e-7b2a12ea8105"	"Den ghesonden siecken"	"Dutch"	"Certain"
"18d88562-0c24-485c-bb9e-7b2a12ea8105"	"Le malade imaginaire"	"French"	"Certain"
"f6500985-151e-41bf-8378-c9cf7acedfca"	"Sennacherib"	"Dutch"	"Uncertain"
"e26f6159-8488-4eaa-be74-67b85b6ea9a2"	"Theozyta"	"Latin"	"Certain"
"b324ddff-198f-49d9-ad64-8a99316c3a26"	"B. Aloysius Gonzaga"	"Latin"	"Certain"
"984dae80-1d59-4793-acc6-87e3f7b81080"	"Craesus Lydorum rex"	"Latin"	"Certain"
"2965488d-032f-4f10-bb1e-f66f199a1d7a"	"Theresia Begheirigh tot de Martelie"	"Dutch"	"Certain"
"0bad3b14-a673-448b-811b-27975edaddbb"	"Joseph"	"Dutch"	"Certain"
"4e7300ce-51c0-4a99-b56e-cd5300b25c0d"	"Lapsus angelorum"	"Latin"	"Certain"
"8b832940-6782-4d92-b7bc-41dad640f7d0"	"Mundi diluvium"	"Latin"	"Certain"
"bee40ff8-eb6f-4901-8f3f-8de8b84a303c"	"Thebais"	"Latin"	"Certain"
"a60a7f05-2868-4cea-ba4b-b8cdf237f80d"	"Usumcassanus Persarum rex"	"Latin"	"Certain"
"5e7ba632-4bd2-4cf7-a5d7-52e08f70dc6b"	"Beverlei"	"Latin"	"Certain"
"22fd9f66-0a17-47bb-aa72-94323694b9ac"	"De gheveynstheyt wort ondeckt in eenen doctoor van parijs."	"Dutch"	"Certain"
"042d8765-9334-47f8-971a-f263ec32f1d0"	"Ioannes Zemisces keyser van Constantinopelen"	"Dutch"	"Certain"
"bd17996c-6063-4f9b-9e77-406faa5721b9"	"Boëtius"	"Dutch"	"Certain"
"ecfb36f0-8619-423f-896e-b46785948ed8"	"Nicephoro-Sapritius"	"Latin"	"Certain"
"d61c2976-8990-49e9-8f21-22560e0f5e96"	"La clemence de Cyrus"	"French"	"Certain"
"9ef882a2-af59-4cd7-a0f7-96cd3e7df57d"	"Tiridate"	"French"	"Certain"
"39ffdfe8-ab15-4e56-86da-ec674e757ed0"	"Judas-Machabée"	"French"	"Certain"
"afc10371-4198-4f2e-a9a2-708cb4a40af9"	"Benjamin dans les fers"	"French"	"Certain"
"16a4cf1b-3b8d-4a5b-82f1-1b35b9d57bcf"	"Joseph agnitus"	"Latin"	"Certain"
"c2456e50-7e4e-4063-9247-61301900cea9"	"Joseph venditus"	"Latin"	"Certain"
"701dd15f-8816-426a-8793-365500130150"	"Acolastus"	"Latin"	"Certain"
"fddd96ad-9895-4329-ac1a-29b06b9b6274"	"Absalon rebellis in patrem"	"Latin"	"Certain"
"8180f341-7e0f-46de-a12c-d4f56c55891e"	"Ovis perdita"	"Latin"	"Certain"
"b2591dfe-a13b-490e-b5ae-c21225555402"	"Acolastus"	"Latin"	"Certain"
"512abea4-4e9e-4de9-b21e-87edc811f537"	"Sisara"	"Latin"	"Uncertain"
"9b4ece96-9239-4e27-997d-e6d8617591b6"	"Adonibezec"	"Latin"	"Uncertain"
"e225b2f0-4d71-4065-a2e0-4761869d3c10"	"Oppressa patientia exaltata sive Griseildis"	"Latin"	"Certain"
"cc6173a2-03f8-4db9-8f7d-9a32f8ab186e"	"Marcus Atilius Regulus"	"Latin"	"Certain"
"cc6173a2-03f8-4db9-8f7d-9a32f8ab186e"	"Marcus Atilius Regulus"	"Dutch"	"Certain"
"a561c531-566b-4f38-9247-af40db2bd53a"	"Sedecias"	"Latin"	"Certain"
"a561c531-566b-4f38-9247-af40db2bd53a"	"Sedecias"	"Dutch"	"Certain"
"383cb6f9-1323-4bd6-9ba7-db4c50c78f9d"	"Athalia"	"Latin"	"Uncertain"
"5734b9ed-26db-455f-9c7e-a08541614edc"	"Brutus primus Reipublicae Romanae consul"	"Latin"	"Certain"
"09e93e38-e490-45e1-bf07-7eda4fe21c3a"	"Ecercitatio scholastica [précédé d’une pièce de théâtre]"	"Latin"	"Certain"
"f6bd5f07-6c86-4d1d-b3e2-ca3b3d59bc6b"	"Den droeven vall van den grooten keyser Aquilonius"	"Dutch"	"Certain"
"5bfb9e22-64df-401f-9fd9-4ad8534105b4"	"Machabaei"	"Latin"	"Certain"
"5c326541-498d-4b07-b8f5-aa01963ab8b1"	"Baasa delens stirpem Jeroboami"	"Latin"	"Certain"
"e7a1ad93-dda4-460f-80c1-16d8c952e813"	"Baasa vernietigende het geslaght van Jeroboam"	"Dutch"	"Certain"
"fbc09324-18d8-40ee-8062-d1083590200a"	"Daezer"	"Dutch"	"Certain"
"c2d7d440-249a-4f18-8e8a-b6a9fb27620a"	"Distractus"	"Latin"	"Certain"
"08b93012-5286-4ed3-bc64-7a92c72ce1fb"	"Grylardo"	"Dutch"	"Certain"
"90171dec-d0ff-4dc4-948b-885dc05a4b04"	"Rosalia"	"Dutch"	"Certain"
"8c8e6a4c-a33a-49c6-8e3d-08eb9eeb57e9"	"Joas gedoodt"	"Dutch"	"Certain"
"a308732e-a50a-404c-acd9-970f731deada"	"De roede van Aaron verandert in slange"	"Dutch"	"Certain"
"62ca8fd5-2988-4d4b-8fee-07276a29b752"	"Virga Aaronis versa in colubrum"	"Latin"	"Certain"
"4288271a-d520-4bef-9249-d5c1a05b4d6c"	"Abraham immolaturus filium"	"Latin"	"Certain"
"c024e294-5b5c-4b07-bc4b-3b3a276cd3d6"	"Abraham vermaent tot den slacht-offer"	"Dutch"	"Certain"
"e3bf5ce6-d97a-4139-9384-8305a515bb6e"	"Jonathas"	"Dutch"	"Certain"
"d61a046b-cd4e-40e2-9d3c-cbce162e216f"	"Michael et Linus"	"Latin"	"Certain"
"37652bba-91e6-4234-b5ea-a4260220114a"	"Eustachius"	"Dutch"	"Uncertain"
"27a635d8-1546-4eb5-951e-be24d3e92007"	"Jephtias"	"Dutch"	"Certain"
"a248a764-d123-495d-8bf8-c37403e30e55"	"Laurentius animi virtute vincens"	"Latin"	"Certain"
"351bd518-fe4c-4f44-926e-f75078b548db"	"Agatha et tres ejus filii: Joannes, Michael, Ignatius"	"Latin"	"Certain"
"045c436c-c785-4ff5-b5de-c1bfb25fd6ee"	"Heliodorus"	"Latin"	"Certain"
"f0a9d290-2c3e-45d6-b659-a6e840a26048"	"Prusias"	"Latin"	"Certain"
"52075a9c-3efc-4a6f-819d-5e541df662ea"	"Titus ende Domitianus"	"Dutch"	"Certain"
"edc2bf5b-95b6-4ce4-aff6-4cee366c2a0f"	"Titus et Domitianus"	"Latin"	"Certain"
"fe4a01e0-2a5c-44f3-a5fd-dfc2c3df3b11"	"Avari comoedia"	"Latin"	"Certain"
"992bc3a9-081c-4fec-923b-7375708042b7"	"Danaus"	"Latin"	"Certain"
"ceba3e66-c500-49e5-8cf6-b1d1b8cef178"	"Dardannus"	"Latin"	"Certain"
"e1522246-9b40-4b7f-a1cf-5c1d745e23a2"	"Divina misericordia in Absalone"	"Latin"	"Certain"
"1ba5ce02-8c87-4915-8e09-101502384133"	"Judicium Manlianum"	"Latin"	"Certain"
"bb1cf574-46ab-44a2-98ed-e9c95bbfc0ae"	"Pseudolus"	"Latin"	"Certain"
"60f50210-2887-4385-884c-e83cc9734a85"	"Stephana conversus"	"Latin"	"Certain"
"0b34c62e-e838-409a-85cb-ec3df5c4cfd9"	"Amor filii Dei in genus humanum in Mesae filio adumbratus"	"Latin"	"Certain"
"1f9e66f2-335f-4e8e-9868-d7c15872b239"	"Infida regni societas sub Caracalla et Geta imperatoribus"	"Latin"	"Certain"
"0b071c60-2b29-4a8e-b3f9-68ae8a88aa96"	"Mithridates"	"Latin"	"Certain"
"3593f882-cb79-4574-91f8-901212b5dbe4"	"Nobilis imaginarius"	"Latin"	"Certain"
"b09e4f98-31e5-4732-a7cc-bba4e215ca88"	"Baltassar"	"Latin"	"Certain"
"d6380f2a-883f-4ad6-b63c-666646fccdae"	"Inopia et Copia Samariae sub rege Joram"	"Latin"	"Certain"
"827ef0c2-2ef9-4985-817c-20349b4d2842"	"Superbia punita sive Aman"	"Latin"	"Certain"
"762804e9-03e3-4de4-90b1-467ad9ca2322"	"Guilielmo Philippo e Marchionibus de Herzelles"	"Latin"	"Certain"
"a2beeffd-92a0-49d1-8762-571093c5ff2e"	"Everwachus"	"Latin"	"Certain"
"ce6560d6-8deb-4e62-9c67-c6040fdcd523"	"Filius prodigus"	"Latin"	"Certain"
"f86ba0fe-498d-40d8-935f-506a96db3a90"	"Chaerea"	"Latin"	"Certain"
"af74cc1c-e925-416d-971d-913e92e6c0c3"	"Poena talionis in Polyphonte Messeniorum rege"	"Latin"	"Certain"
"42b60cac-d595-48b8-870b-f587ba538fad"	"Pastor bonus"	"Latin"	"Certain"
"dbcb4843-df52-45d2-8bbf-a671ffed8eb6"	"David"	"Latin"	"Certain"
"774c8bcb-ba2e-47e1-bcaa-2d283d4a513c"	"Amor Filii Dei in genus humanum"	"Latin"	"Certain"
"b8930c41-c146-4ba1-8773-bd6cde297c4e"	"Cultus deiparae"	"Latin"	"Certain"
"9d39c05d-4fc7-433d-b244-95296665cdeb"	"Heliodorus"	"Latin"	"Certain"
"074d82bf-bcd0-44c7-a60a-4ccd671bd318"	"Pseudo-Alexander"	"Latin"	"Certain"
"fcbaab6f-2e22-4c88-bcab-f47e5f6d1934"	"Salomonis et Adoniae reconciliato"	"Latin"	"Certain"
"7a4d4d91-a7e2-40f7-96b2-f247515762d6"	"Sergius Paulus"	"Latin"	"Certain"
"a6726818-2542-461f-b2ab-4cfd547fed39"	"Servus nequam"	"Latin"	"Certain"
"d8dab5b8-c0d2-46b6-9e79-abbf6146e4c4"	"Solymannus"	"Latin"	"Certain"
"69e0859e-8f5c-43fc-a52b-c7c202f3c47e"	"Illustrissimo ac reverendissimo domino d. Henrico Josepho van Susteren decimo quarto brugensium episcopo perpetuo Flandriae cancellario &c. felicibus auspiciis mechliniae inaugurato brugenses infulas gratulatur & applaudit l gymnasium Mechliniense Societatis Jesu anno MDCCXVI. [achteraan= blz. 15:] argumentum convivalis applausus."	"Latin"	"Certain"
"53d4dbbc-931d-4f41-a889-efadc0b5a108"	"Amor, sive Dei Filius rursus a peccatoribus crucifixus"	"Latin"	"Certain"
"8201f3d5-ce71-436a-b2c0-ef8231af7aca"	"Servus malus"	"Latin"	"Certain"
"266a0fb9-b0b9-43b1-9cf1-5fdf4d888873"	"Julstus et Pastor"	"Latin"	"Certain"
"014bf0b3-1d81-4ad4-ab5d-b93e2128bbaa"	"Balthassar"	"Latin"	"Certain"
"95355efe-2af1-4d67-af6f-242ace76cfa3"	"Cyrus"	"Latin"	"Certain"
"7e37168c-8268-47fb-b792-e71c790ed143"	"Rustico-nobilis"	"Latin"	"Certain"
"5e7c9510-9cd4-4a59-8273-ec522fe6b64a"	"Samuel"	"Latin"	"Certain"
"e39a3acf-807a-4df8-8259-b1ef5331cb96"	"Sapiens et fatuus"	"Latin"	"Certain"
"a7dfdd75-4af6-42ed-a395-3c345d36c026"	"Benjamin ducendus in Aegyptum"	"Latin"	"Certain"
"f3f791c0-4ddf-4d4c-b9ae-b26535c66181"	"Maria Magdalene ad sepulchrum Domini"	"Latin"	"Certain"
"933997a5-3459-4f59-a633-2310d3ae83b8"	"Jacob"	"Latin"	"Certain"
"39ae4b9a-0ac9-4cdf-a34f-1496f6def332"	"M. Attilius Regulus"	"Latin"	"Certain"
"3923c81b-7d12-486c-9d95-5b8e4c4cf87b"	"Reconciliatio Jacob et Esau"	"Latin"	"Certain"
"999451a8-c71a-4e51-bb8e-ed158b5e81f5"	"Athalia"	"Latin"	"Certain"
"2ece5e85-93c6-4917-991a-cfa5679bd1cf"	"Fide, sed cui, vide"	"Latin"	"Certain"
"e531a9ac-3eb7-43c3-88db-b4c7d7aa47c9"	"Mendicorum importunitas"	"Latin"	"Certain"
"88e24d23-cff5-4d28-859e-1cf62098f0e9"	"Neokephalaiôseôs error"	"Latin"	"Certain"
"bad627a1-52da-42f0-bd3d-a4821b38da36"	"Astarches et Nearches"	"Latin"	"Certain"
"d4b9327e-6942-4176-818b-8a5315f1be3d"	"Astyages Harpagi ultor"	"Latin"	"Certain"
"c60d0d7a-0edf-43ec-834f-570109ab6406"	"Conturbat domum suam, qui sectatur avaritiam"	"Latin"	"Certain"
"080a21b1-485f-413e-aeb8-3a496ab6ee83"	"Syrus domui correctoriae addictus, à patre in gratiam recipiatur"	"Latin"	"Certain"
"3a0ab008-6d02-4451-8de5-69acbfaae490"	"Baasa delens stirpem Jeroboami"	"Latin"	"Certain"
"174015bc-8745-43d5-9066-18ffe92fa271"	"Distractus"	"Latin"	"Certain"
"0d53eab5-8dba-4c36-a932-7b269f4e867c"	"Clodoaldus"	"Latin"	"Certain"
"ab97be6a-04eb-4044-818a-d7f4d2f97862"	"Paena talionis in vinitore"	"Latin"	"Certain"
"0aa9360b-cd63-4276-9f91-a68a51b11298"	"Jovinian humilié par son ange"	"French"	"Certain"
"8995379b-e1ef-41cc-a9a9-e244b4ca29ab"	"Sigericus"	"French"	"Certain"
"8995379b-e1ef-41cc-a9a9-e244b4ca29ab"	"Sigericus"	"Dutch"	"Certain"
"e3b5ddf7-8022-47aa-a7c2-a5e90eb3407b"	"Manasse"	"French"	"Certain"
"e3b5ddf7-8022-47aa-a7c2-a5e90eb3407b"	"Manasses"	"Dutch"	"Certain"
"df77bdc3-f1a0-4925-90b2-8786cd2aa2be"	"Theodorus de wereldt versmaedende"	"Dutch"	"Certain"
"0202d81a-7145-41e6-87e3-6d6f472e4093"	"Clodovaeus coninck van Vranckryck"	"Dutch"	"Uncertain"
"e9c90d5f-e508-4166-ab9f-24c9e7f5ca4c"	"Esther"	"Dutch"	"Certain"
"dcc47f49-a7d1-42cc-b0d6-94bedbcb0586"	"Eutropius"	"Dutch"	"Certain"
"fde281ad-ba74-42df-85d0-edfe18b0369a"	"Palimbius verweckt van de doodt"	"Dutch"	"Uncertain"
"4e24125f-a7e6-4f25-a6db-af136951c0d2"	"Esther"	"Dutch"	"Certain"
"4e24125f-a7e6-4f25-a6db-af136951c0d2"	"Esther"	"French"	"Certain"
"6c1a919c-82e4-44b0-8642-09c92ae03a83"	"Benedictus"	"Dutch"	"Certain"
"fc490278-f3e2-48c2-892b-b12c5d183d31"	"Hermannus"	"Dutch"	"Certain"
"a43170d4-a730-4d10-8e81-fc285fdd7d7a"	"Jephte’ tragedie"	"French"	"Certain"
"dff3bd03-e277-4a1c-9a5e-18a73a48f899"	"Jonathas"	"French"	"Certain"
"bc61bd47-8b24-4f3a-907b-77d52416efa3"	"Jovien"	"French"	"Certain"
"603f7af9-8d94-4805-b89b-fefd3adbdb8f"	"Abraham"	"French"	"Certain"
"444c07eb-5003-4cde-bc1f-d22f681b7aff"	"Un garçon nommé Bononte"	"French"	"Certain"
"2ab8dd8f-8aad-4685-901c-4ed725b0cf10"	"Isaac"	"French"	"Certain"
"6dcac089-7a88-403b-bd38-b2f7739545c3"	"Saul"	"French"	"Certain"
"9f1beacd-5277-4df0-8517-88e38495623a"	"Tite Japon"	"French"	"Certain"
"0677eb15-aec0-4885-a867-ace61e7f621d"	"Naboth"	"Dutch"	"Certain"
"0677eb15-aec0-4885-a867-ace61e7f621d"	"Naboth"	"French"	"Certain"
"ac261a96-7ff6-4ca6-b858-40d7b87933c0"	"Triumphante crooninghe vanden Keyser ende Keyserinne"	"Dutch"	"Certain"
"d9f75a02-9614-4fd6-adb6-b8d985aa0d40"	"Wonderbare volstandigheyt van Herina"	"Dutch"	"Certain"
"31d8f8b7-a880-4c89-8eaa-3cad4b0dda14"	"Nabuchodonosor wordt door sonde van Mensch’ in Beeste verandert"	"Dutch"	"Uncertain"
"06058399-5f4e-4409-97c4-431f3a81641f"	"Sophompaneas"	"Latin"	"Certain"
"ea6c7c06-91e2-48c8-bff4-cd8fa3855c69"	"Christus patiens"	"Latin"	"Certain"
"b7f75767-e4f1-4c47-8ada-1d6289a6d043"	"Christus patiens"	"Latin"	"Certain"
"8c0531f3-9f05-4cc4-8257-65b4044d6533"	"Sophompaneas"	"Latin"	"Certain"
"10090f9d-85ce-4808-8a07-9c0b7c17282d"	"Cunae"	"Latin"	"Certain"
"a33f840a-4461-4d8f-a41e-f05dc98d4953"	"Daniel"	"Latin"	"Certain"
"dd11208c-6f21-446c-b59b-5b1a6e2ff3a5"	"Pseudostratiotae"	"Latin"	"Certain"
"5ab43da0-b1eb-4388-90ea-9ad70cf5a41c"	"Susanna"	"Latin"	"Certain"
"8db7dd29-49f5-407a-8443-9829ad5938f7"	"Triumphus Christi"	"Latin"	"Certain"
"cfdca52b-146e-4db3-9e50-84152436538d"	"Vitulus"	"Latin"	"Certain"
"5674b9f5-b662-4352-9824-72d5803850c4"	"Fabula comica; in commendationem aedificii, egenis senibus Harlemi extruendi"	"Latin"	"Certain"
"48d3228c-b137-4dec-a40d-e2a1b339f084"	"Voor-reden ende tusschen-spraken van Fabula comica; in commendationem aedificii, egenis senibus Harlemi extruendi"	"Latin"	"Certain"
"1631368b-7365-4962-9e94-01cb17644e44"	"Daniel"	"Dutch"	"Uncertain"
"d9f50e3e-86b2-44d5-86bd-bdc51814e947"	"Vervolginghe van Michael Arimandonus"	"Dutch"	"Uncertain"
"670f292d-a631-467a-a8a5-d8a3240a5627"	"Herodes ascalonita"	"Latin"	"Certain"
"fd899691-4d28-4d03-9e04-d4f2a922a97a"	"Apollonivs Tyanaevs."	"Dutch"	"Certain"
"72f1c930-c3c4-4979-8557-9729a77685c9"	"Het vonnisse van Anastasius"	"Dutch"	"Uncertain"
"a83129f8-fc2a-44f4-83f3-8858ed58a696"	"Daniel in het belijden vanden waeren godt Stantvastigh, onder de verhongerde leeuwen ongehindert over sijne vyanden triompherende"	"Dutch"	"Certain"
"5fc50199-6b75-4d87-ae41-56b5ddb76584"	"Grisellis"	"Latin"	"Certain"
"53e4b9d7-fd46-49ea-b6a8-ed918fbd5edd"	"Etheocles"	"Latin"	"Uncertain"
"50900b8e-0fcb-41bc-92b3-276c658dc1c7"	"Saul"	"Latin"	"Certain"
"069d0ac9-4a11-4a55-a2f0-90255ed36da5"	"Judith"	"Latin"	"Uncertain"
"52718714-9c2a-497a-aa6c-0ff75827593c"	"Judith"	"Latin"	"Uncertain"
"27b19b0a-e94e-4c43-8558-c70e9ff27b56"	"Simon et Mattheús Titi japonis filii"	"Latin"	"Certain"
"9f43ed75-2fa5-4950-be55-87d825b2fb5f"	"Clodoaldus"	"Latin"	"Certain"
"9ba1899a-9914-46eb-857c-a810b38a08e3"	"Stratiophilus"	"Latin"	"Certain"
"f13177a6-dad3-4799-be1f-bb111d7b447f"	"Als niet compt tot iedt [...] In den hooghveirdighen Faustilus"	"Dutch"	"Certain"
"85eae25a-0be6-4fff-b7bb-189c3401b8e5"	"Cyri in Armenium clementia"	"Latin"	"Certain"
"d51e4ba1-7cac-4d80-a4c1-3c8c704c300a"	"Lazarus mendicus"	"Latin"	"Certain"
"4c96a05a-3018-4b2c-8528-988cc18b34ea"	"Romulus et Remus"	"Latin"	"Uncertain"
"e6147971-4546-412a-9b31-84e2b72c624c"	"Triumphe van het H. Cruys ons Heere Jesu Christi"	"Dutch"	"Uncertain"
"5c91c4eb-0beb-4f1a-9725-f7432e1ef53e"	"Wambanus"	"Latin"	"Uncertain"
"20e2180e-0b19-4017-b678-6cf2fc8eaa9a"	"Clodoalde"	"French"	"Certain"
"3d40c35e-b78a-4ba8-87e3-b0361a0a649c"	"Amantes commilitones"	"Latin"	"Uncertain"
"b27a9541-6e1f-4374-bf77-089461d8a13f"	"Asmundus et Asuitus"	"Latin"	"Certain"
"782640c8-2ae1-492f-b79b-8bdbc5a20bc1"	"Bekeeringe van Theodorús den jonghelinck"	"Dutch"	"Certain"
"4b17d634-fe2f-434e-955a-ca27c65463ec"	"Subacta impietas sive Clodoaldus"	"Latin"	"Certain"
"6b6cc92a-2622-4054-8c19-d3fcfd5d4e2f"	"De jonckheyt van s'werelds ydelheyt"	"Dutch"	"Certain"
"32a79da0-b12c-457e-b58b-7bd4caddcc0f"	"Divina providentia"	"Latin"	"Uncertain"
"3e8328c3-ab55-4195-bc98-cb0b252c5f7d"	"Fidei"	"Latin"	"Certain"
"fbb8f351-ada2-437d-aca8-54e820833c8d"	"Thyestes"	"Dutch"	"Certain"
"8409de94-824c-470e-bbfd-c1911c0683fd"	"Ingratitudo hominis redempti per Elenahan in Belisa"	"Latin"	"Certain"
"00bbf924-1c6b-49cb-b4e2-790091bfdaf8"	"Judith"	"Latin"	"Certain"
"4c2f88c9-73d7-4cb0-8e03-f26ad96f3cba"	"Lycaster"	"Latin"	"Certain"
"98219f3e-f222-483c-9934-802f29f854b5"	"Ballio"	"Latin"	"Certain"
"bfe1638c-b411-4213-84a0-5ce5e4dc60a5"	"Mancipium fidele, sive Mahomet paricidam Brahim puniens"	"Latin"	"Certain"
"a626e57e-3c10-4861-bcda-9dbdaf5d8524"	"Ninive"	"Dutch"	"Certain"
"e9d3e791-acf9-454f-92d0-5bf0838c62b0"	"Acolin et Rubaea"	"Latin"	"Certain"
"c7810672-0368-4ab0-8dc9-eba2463ea934"	"Heterobulus"	"Latin"	"Certain"
"674b17ac-a0b9-4f7c-b1e8-152c06715235"	"Joas"	"Dutch"	"Certain"
"59111051-936a-4ad1-bb42-fb9489483032"	"Chosroes"	"Latin"	"Certain"
"59111051-936a-4ad1-bb42-fb9489483032"	"Chosroes"	"Dutch"	"Certain"
"3e1eb858-7117-466a-8233-a646f0146637"	"Heli"	"Dutch"	"Certain"
"733c2e1f-4d18-45d9-a542-a2c5e2392ea8"	"Blasphemia damnata sive Leontinus"	"Latin"	"Certain"
"89c9c253-c320-456a-a992-fe2c719dfbbe"	"Flavius Belisarius"	"Latin"	"Certain"
"7432579e-5ac5-4863-a2ca-21cd748ff2bb"	"Joseph fratres agnoscens"	"Latin"	"Certain"
"a1f175a5-ac2e-4027-92dc-85f96fb560c9"	"Mopsus Jupiter imaginarius"	"Latin"	"Certain"
"c7743ff2-9e10-47cf-ad2c-69276a50f035"	"Nabuchodonosor rex Babylonis"	"Latin"	"Certain"
"dad3f586-2341-4d0b-8eff-74ffc667388c"	"S. Petrus vinculis solutus"	"Latin"	"Certain"
"5f576659-9254-48c1-b0ca-9829ed053deb"	"Joseph agnitus"	"Latin"	"Certain"
"2d710060-fc9d-40f7-a742-0370e39876e6"	"Wambani de Ervigio vindicta christiana"	"Latin"	"Certain"
"8f0b273a-4c40-4057-8b6c-aec36d23038b"	"Srobulus"	"Latin"	"Certain"
"9ca58a65-a818-4c1a-a8f5-0cb366fed1bb"	"Supernae gratiae"	"Latin"	"Certain"
"b512d5f2-6806-4b4b-889e-929c7191d70f"	"Christus Xylonicus"	"Latin"	"Certain"
"eaa83983-ad1f-4f40-9346-8afb8970b13d"	"Impii facinoris vindex victoriosus Carolus V"	"Latin"	"Certain"
"ed9e977f-139b-4330-be14-33dc3e61dfa3"	"Tyndarus"	"Latin"	"Certain"
"d29cea07-774d-45aa-b56e-2c02a7e49b26"	"Jonathas"	"Latin"	"Certain"
"e0bdeda5-2641-4305-b55a-bef8d8939469"	"Jonathas"	"Latin"	"Certain"
"53d5c7cb-3e68-4edb-8464-664643527b0e"	"Ludovicus"	"Dutch"	"Certain"
"b419c6cf-0e82-42ce-bfc3-39d72eaf7884"	"Philopompus"	"Latin"	"Certain"
"5e0d07c1-705c-4775-afea-f4ae8608f912"	"Spectaculum vindictae"	"Latin"	"Certain"
"86cdd84e-7675-4c53-88ab-936442a14630"	"Triumphus SS. Crucis"	"Latin"	"Certain"
"2c49aaf6-6f52-4cdd-a1b9-06945b41ee37"	"Zelus Joiadae"	"Latin"	"Certain"
"55f3ae97-1b4b-4866-90b2-04154311c441"	"Helus"	"Latin"	"Certain"
"a4935599-58cb-4ff1-bf78-5685a0477b22"	"Accianus"	"Latin"	"Certain"
"65b3a639-f77d-46f1-8648-5ce81380bf29"	"Allegoriae"	"Latin"	"Certain"
"272c28ca-415b-447e-9d97-18c33688345c"	"Amor"	"Latin"	"Certain"
"3f4da1a8-72fe-4b60-b413-bb417556ae19"	"Arimandus"	"Latin"	"Certain"
"c8fdf550-3649-47f8-8b6d-4f9af30f7d0b"	"Caecus videns"	"Latin"	"Certain"
"3a7821ee-de4b-4399-b70f-9ccacd08e77f"	"Demipho"	"Latin"	"Certain"
"3f94231c-ce33-4393-b7af-09bd585c40d9"	"Gamostelus"	"Latin"	"Certain"
"4545c78c-c9e7-4cb2-b19e-3d1df9ff1872"	"Henricus Sueciae, Norvegiae, Daniae rex"	"Latin"	"Certain"
"6c534395-2db1-4c29-9d89-2fddc01f8543"	"Herodes"	"Latin"	"Certain"
"b27b6a73-d17e-46f4-89d0-30b2315758fb"	"Hyrcanus"	"Latin"	"Uncertain"
"837403a4-d09a-49dd-a5ab-87d2d7d7891e"	"Jesus laesus"	"Latin"	"Certain"
"e575750e-862d-4eb2-898a-6da54329c98c"	"Lucifer"	"Latin"	"Certain"
"b57527b5-6ab0-4771-bcee-1229a2d3f6bf"	"Lucta"	"Latin"	"Certain"
"5001076d-c76e-4497-a24e-bd24e780ca93"	"Philotas sive perfidia punita"	"Latin"	"Certain"
"7ca6114f-2885-4d5b-83aa-1d7f8b9dcfb4"	"Themistocles"	"Latin"	"Certain"
"3a7472e5-9a08-436e-9085-21dc52cf55df"	"Ambitio punita"	"Latin"	"Certain"
"085dffbb-6654-4146-a629-32f62ce58f32"	"Baltassar"	"Dutch"	"Certain"
"a9ad8c5c-ffc9-49fb-9851-daa5a2b03dd0"	"Euclio comoedia"	"Latin"	"Certain"
"4983a499-c536-40b4-8fd3-6f4597d42092"	"Felicitas"	"Latin"	"Certain"
"7bcf6d9f-0e81-49d1-b7e5-f732ef30d535"	"Nil nisi principium belli"	"Latin"	"Certain"
"30f39d2f-b29e-48d3-a50d-04b9feb11c7b"	"Siu vis ludere"	"Latin"	"Certain"
"12b988b8-a70b-4344-81ca-69efd284e095"	"Aristobulus"	"Latin"	"Certain"
"7d111829-6ffc-4f29-b903-54aae3e5a49e"	"Chrisocancrio"	"Latin"	"Certain"
"f8170cc1-18df-40dc-b184-9ce308f5f271"	"Fide; sed cui vide"	"Latin"	"Certain"
"b2de27d6-2b5a-4bfa-932f-5d55fae1ef35"	"Innocentia a Daniele defensa"	"Latin"	"Certain"
"96538a96-fcfb-43c7-abb4-b393a136521e"	"Rebellio punita"	"Latin"	"Certain"
"5583be0c-d99f-4486-b6f5-314b5f1e9f9f"	"Tarachus"	"Latin"	"Certain"
"2eef61ca-74a8-41bb-a935-6ca0d0df7e6b"	"Ulferus"	"Latin"	"Certain"
"ab1f1e20-ca35-472d-8cb4-c26f195d9a46"	"Vindictae furor"	"Latin"	"Certain"
"fe178cd2-108b-4748-8235-bd7bc0e31101"	"Fides Christiana"	"Latin"	"Certain"
"9e71ed18-152f-4cdb-b1c2-05f7802c4c8d"	"Henricus Daniae, Sueciae, et Norvegiae rex"	"Latin"	"Certain"
"7e3829ab-5756-40f1-b1ca-3b95ab7cad07"	"Qui spernit homines"	"Latin"	"Certain"
"e5a7b69b-32aa-4faa-ac2e-be1d392b7cca"	"Crebrò larva nocet"	"Latin"	"Certain"
"83eeb227-6f34-4fe0-81d4-0f97d0b8f7fc"	"Crudelitas punita"	"Latin"	"Certain"
"baa97bad-d329-4ed4-9507-e4f3bd699ab5"	"Horatius"	"Latin"	"Certain"
"d88aeab0-5863-46ff-8864-04858ed8d6aa"	"Inexpectatus"	"Latin"	"Certain"
"998595fe-6df0-415a-8076-f6869404aa75"	"S. Sigismundus Burgundiae Rex"	"Latin"	"Certain"
"d913f0ab-b083-4507-a409-3a6739ea303c"	"Sanctus Hermengildus"	"Latin"	"Certain"
"06188a5b-7f55-4c2d-9aa8-7c2bfc26c852"	"Laurentias"	"Latin"	"Certain"
"12498005-2991-4dbc-b584-871df8028939"	"Amasias"	"Latin"	"Certain"
"406fd989-b5e3-4bcf-b11a-19351e423886"	"Athanasius tusschen de verscheyde ellenden"	"Dutch"	"Certain"
"7d054c12-b536-4405-a1cf-a7e68313dc5b"	"Athenais per Theodosium assumpta"	"Latin"	"Certain"
"0547fb0a-ff9d-464e-89ee-164c5c3b1227"	"Christiana Ansolonii in hostem pietas"	"Latin"	"Certain"
"ad03d52b-0a63-4955-8222-5b796a05e444"	"Crudelitas sive peria"	"Latin"	"Certain"
"92a153d4-a04d-4c40-8813-7650a64c3ab7"	"Farrarius"	"Latin"	"Certain"
"e3219ad6-1f0f-4ed3-9ae4-b03015675752"	"Ignotos caveas"	"Latin"	"Certain"
"ff4ca61f-4bc5-4f97-a507-c8bb9824774d"	"Ingratitudo filialis"	"Latin"	"Certain"
"09f4c2b2-dbef-4360-b664-4c41259b0c1c"	"Ingratitudo in parentes"	"Latin"	"Certain"
"aab2347c-78d9-4e30-bebe-8a4c9122fec2"	"Liefde overwinnende den haet ofte Basilius overwonnen door Timocrates"	"Dutch"	"Uncertain"
"b4ef2bc5-11a0-4856-9a6e-bdac8d8e4d34"	"Pseudo-Balduinus"	"Latin"	"Certain"
"509fef04-581b-4517-b39d-272412089d60"	"Quo semel est imbuta recens servabit odorem testa diu"	"Latin"	"Certain"
"7d3c1926-fdf9-4cf9-9904-96c412c457ac"	"Sequitur superbos"	"Latin"	"Certain"
"111ffe44-3900-4d84-81eb-b041aeef4fc9"	"Vivitur ex rapto"	"Latin"	"Certain"
"c957eaa2-4cb2-4938-86e6-ccb450180725"	"Avariria sive Avarbolus"	"Latin"	"Certain"
"203b386b-a3b5-432d-924d-f75970e6e926"	"Divinus martyr Canutus"	"Latin"	"Certain"
"780cd20b-fdca-4eab-9aea-7b7e3a878b27"	"Ducitur astutiis"	"Latin"	"Certain"
"cc588948-1126-44b2-b4f4-cd2410e2f999"	"Furius"	"Latin"	"Certain"
"d2bdbc99-387c-4d26-984d-246175ed6fb4"	"Judicium temerarium, sive Adolphus Teutonum comes"	"Latin"	"Certain"
"9c4cdaf1-8b40-4f8c-a117-7565ad93c63a"	"Martyrium sive Procopius"	"Latin"	"Certain"
"7018cf5a-d67f-43a5-9f3d-3ccdd191cf9a"	"Qui stultè pergit"	"Latin"	"Certain"
"7bfd2773-5d25-496c-9cca-b4d93d27fd51"	"Scaramouche medicus"	"Latin"	"Certain"
"5b854d68-fa41-4b9e-b9c9-71eac44c0a9c"	"Stultitia languido remedium est optimum"	"Latin"	"Certain"
"00772486-259e-4d9a-b97f-8aee4c8eb353"	"Superbia vindicata sive Ugolinus"	"Latin"	"Certain"
"7de062b5-9006-4737-9774-aadbe4952a32"	"Vis invidiae sive Belisarius"	"Latin"	"Certain"
"f14ca2b4-0244-4cab-bd03-386dd43d7969"	"Exodus sive transitus maris rubri"	"Latin"	"Certain"
"c127deed-0e86-415a-8963-993d9a2d73e0"	"Alexander Magnus"	"Latin"	"Certain"
"03509955-92e5-49e7-9cc0-2af710ec8c47"	"Ballio nanus"	"Latin"	"Certain"
"32775d2b-ff53-41ad-b382-4a5fbfbb128c"	"Crudelis ultio"	"Latin"	"Certain"
"8aab3f97-5e9a-43bb-8b7f-4479a12d8519"	"Diversis mediis"	"Latin"	"Certain"
"157e0e28-4ec6-4e3b-b1f8-4dc002135228"	"Dolus a Phenenna, ab almigerino punitas"	"Latin"	"Certain"
"9c9d2538-98ae-4518-a066-c39d1ba0f732"	"Faeminum pectus"	"Latin"	"Certain"
"946f14cc-6ba4-4aac-97dc-22fa661f6f6e"	"Invidiae ultor"	"Latin"	"Certain"
"9f997f74-0c8c-495c-b075-c43fcd188d5b"	"Joseph per invidiam"	"Latin"	"Certain"
"873e67e6-b724-4cf5-a8a6-952200aa7480"	"Pamphilus ut sapiat"	"Latin"	"Certain"
"60a204e6-6c3d-4713-b081-f3b88eea0645"	"Richardae in conjugem suum Robertum pia fidelitas ab Othone III"	"Latin"	"Certain"
"429ce736-255f-414f-9149-b4a583afca05"	"Sit quisque semper"	"Latin"	"Certain"
"b14b4662-6b47-463e-9552-372726e13a49"	"Sydrach, Misach, et Abdenago"	"Latin"	"Certain"
"1ed83e93-4376-445f-b0b1-1120465f96e5"	"Viribus enervis variè ridetur imago"	"Latin"	"Certain"
"00d5f5c7-fe7e-4271-9018-5acaa73d33a9"	"Boetius"	"Latin"	"Certain"
"2769ea2d-e1a2-483c-81c4-ca6bd8881acd"	"Eudocia et Romanus Diogenes imperatores"	"Latin"	"Certain"
"3420f6a6-6db0-48c4-9a15-ec92be398a62"	"Fide, sed cui, vide"	"Latin"	"Certain"
"702edc68-ae97-4bc2-954a-1e4f0ef6a04d"	"Ut lapsu graviore ruant tolluntur in altum"	"Latin"	"Certain"
"b9dec291-51ec-486d-9002-cf6b9fb40343"	"Demetrius"	"Latin"	"Certain"
"5c1dfd84-45d1-49fb-8ce8-401d70c06c6e"	"Eleazarus"	"Latin"	"Certain"
"5648e7e9-4ee8-4770-b8a8-55379ba400ed"	"Ingratitudo Bruti in patrem Severianum punita"	"Latin"	"Certain"
"2d81048f-cc01-4e42-a3e0-96191fe62faf"	"Lyricus e potu comprendit vivere frugi"	"Latin"	"Certain"
"b010798f-9815-412a-a106-ce8c74c5c420"	"Titus Manlius"	"Latin"	"Certain"
"8aaf6cac-b152-4be4-b933-900f5e0879ad"	"Decipitur crebro, faciles qui commodat aures"	"Latin"	"Certain"
"8d71b03b-1636-4af5-9615-f1bfb0f88f46"	"Delirus totus tandem sibi redditur astu"	"Latin"	"Certain"
"ee7aaac3-08c2-4a0a-b872-b4dd8ae3095b"	"Epicurus amans lunae, deluditur astu"	"Latin"	"Certain"
"30a6f856-5213-4ba6-9715-24a3255cc243"	"Excidium Hierosolymitanum"	"Latin"	"Certain"
"735aea7a-e95a-4840-850a-5e4c27ea30f6"	"Paternum consilium in Aechino Xenophanis filio demonstatum"	"Latin"	"Certain"
"545e534c-1912-433b-9b6f-3315ba20151f"	"Polycrito sive criticus"	"Latin"	"Certain"
"8e9842d6-763b-45be-8643-517d85e044e5"	"Praesumptio humana divinitus punita sive Nabuchodonosor rex Babyloniae"	"Latin"	"Certain"
"36f90257-7ad9-4c24-8273-e661d1e2df65"	"Vindicta divina sive Balthassar"	"Latin"	"Certain"
"89a99497-d058-4776-ab6a-0bcc129f206d"	"Didascalus"	"Latin"	"Certain"
"a184ddb2-8981-4951-a5fe-4a287a9b447c"	"De instauratione Hierosolymae"	"Latin"	"Certain"
"0753037b-6b53-417d-b577-e98ae556939c"	"Blasphemia punita"	"Latin"	"Certain"
"cab34ba1-90e9-4a01-89a7-439aa383888e"	"Fide, sed cui, Vide"	"Latin"	"Certain"
"4fb55a75-5127-44e1-a70e-8ba6b9a6790f"	"Fuga sancti Josephi in Aegyptum"	"Latin"	"Certain"
"16a74baf-5701-4833-8f38-08464a0b36a2"	"Saulus conversus"	"Latin"	"Certain"
"078953f4-b1a3-41be-a21c-5b5c8a114a09"	"Joseph"	"Latin"	"Certain"
"ec09fd4b-e8d1-4fc8-ba45-0eedf8b660c8"	"Philobertus Nauta"	"Latin"	"Certain"
"cb53bcbb-844e-42da-8000-9f22c38596ec"	"S. Josephus perditum jesulum quaeritans"	"Latin"	"Certain"
"a0c76832-6f3e-4123-9e89-2d49bf2e930d"	"Wyngaerd des Heeren ofte Abessalom"	"Dutch"	"Certain"
"1183d9fe-2223-4d1c-b95c-90a14abba754"	"Alamus"	"Latin"	"Uncertain"
"cfc519a3-5a7b-48c4-b646-1c9be8e9a45d"	"Saulus conversus"	"Latin"	"Certain"
"dfbdc387-d884-4c32-bebe-22699ab1ae81"	"Diogenes Romanus"	"Latin"	"Certain"
"3845179d-f793-4482-9efd-be754c8dbb82"	"Exodus"	"Latin"	"Certain"
"67349a3e-32f0-4691-86a5-77ddc527ea58"	"Fallitur is crebrò, faciles qui commodat aures"	"Latin"	"Certain"
"c3bccb01-2ec2-4f8b-b9d7-88506c063900"	"Fraus fraude punita"	"Latin"	"Certain"
"3f6bd8aa-bac5-47de-928c-09da6ec71c44"	"Ioannes Baptista ab Herode, Galilaeae Tetrarcha, capite minutus"	"Latin"	"Certain"
"628e8640-c38f-4fa4-bbed-7d501d7963ff"	"Joseph"	"Latin"	"Uncertain"
"60f51f24-55cf-4367-b2a2-91f5196b3713"	"Kesius ex Piscatore miles rusticum decepit"	"Latin"	"Certain"
"79aaf007-9ec9-435b-abd1-0b733a3122ec"	"Ludovicus Imperator à filiis suis orbatus imperio"	"Latin"	"Certain"
"12d3e59a-fd68-4a1d-b4b2-8ae05f13b0e4"	"Maria Magdalenæ ad sepulchrum domini"	"Latin"	"Certain"
"01525393-dd5a-4cc5-9d3e-c0a4b7c41de7"	"Ajax lorarius"	"Latin"	"Certain"
"34a60ddb-aa55-4783-9ea6-e5266906acc3"	"Sedecias"	"Latin"	"Certain"
"4f850139-bfb8-4853-b6eb-afb077b1fbff"	"Lazarus"	"Latin"	"Certain"
"2cd99f24-26ad-4f31-b116-8621b48c3e0d"	"Tycho"	"Latin"	"Uncertain"
"f48bba04-2f03-4848-be9d-567a7eab465d"	"Adiatorix"	"Latin"	"Uncertain"
"f75066e3-905d-4f28-8956-129efe89ce44"	"Contentio Figuristas inter et alias Classis de Patrocinio Sancti Josephi"	"Latin"	"Certain"
"28316e64-e95a-4335-9ea7-c06eb53ec7d5"	"Exaltatio sanctae crucis"	"Latin"	"Certain"
"5bbee63a-3f9e-49ba-bbdf-1ad618955899"	"Grave curiositas est vitium"	"Latin"	"Certain"
"733a29e4-57c6-48e1-8d60-f5059115775a"	"Petrus praedicans / Lysocilogenes"	"Latin"	"Certain"
"b3f85aec-a861-488c-996a-888026d748fc"	"Leander"	"Latin"	"Certain"
"06485beb-a9bc-4fcb-9e5a-98eb01d538d0"	"Redemptio nostra"	"Latin"	"Certain"
"dafd2c02-98da-4cc7-868e-a701bba53015"	"Manasses Rex Judae perfidus"	"Latin"	"Certain"
"d8db9a82-8c81-43a6-aabd-586447451fe7"	"Mutus daenonium habens"	"Latin"	"Uncertain"
"60455bfb-ad6a-47f1-b954-36c65c57109e"	"Nequitia Hypocritae Sanctitatis fuco larvata"	"Latin"	"Certain"
"679c3ca3-0e56-458b-a523-83e8faf85980"	"Sedecias"	"Latin"	"Uncertain"
"92b4c04f-758d-4464-8395-1473ec4d51ca"	"Sortis et amoris inconstans favor, sive Origenon cum Dafrosa"	"Latin"	"Certain"
"9c9e75a0-f52f-403f-8286-c7e161e41353"	"Tolluntur in altum Ut lapsu graviore ruant"	"Latin"	"Certain"
"aaff1f89-c8e4-4b01-a369-740f6445ec37"	"Acrio dat sanctum verum"	"Latin"	"Certain"
"51478fb5-c61d-4716-b501-b6cf07f56ab6"	"Christus Patiens in Isaaco"	"Latin"	"Uncertain"
"12d42f82-c3a7-4eea-a50f-2a7f5a515069"	"Constantia S. Martyris Joannis Nepomuceni"	"Latin"	"Certain"
"a7f1a7ef-70e3-4779-84e5-fb90ac1e1319"	"Eleazarus"	"Latin"	"Certain"
"4c7dd379-bb91-4854-807b-8531ba708670"	"Petrus praedicans / Lysocilogenes"	"Latin"	"Certain"
"bbd3992e-2dca-4b01-90e3-895f7072cb22"	"Mosus vitam rusticalem pertaesus"	"Latin"	"Certain"
"4e9c12ac-69b0-4379-8250-8f48e1a88134"	"Macchabaeus sive constantia"	"Latin"	"Certain"
"c3133a06-5b14-485b-8285-15fdb8293d98"	"Themistocles"	"Latin"	"Uncertain"
"10c84560-9113-4d13-8cf3-5122c24c2744"	"Tori conjugalis amor inter Julium Sabinum et Eponinam"	"Latin"	"Certain"
"34b14522-b2f6-4a20-80a3-1c224c4d7de0"	"Matthaeus"	"Latin"	"Certain"
"d920096b-966b-4ba8-a7f2-acbadae18864"	"Austriae pietas in Carolo V"	"Latin"	"Certain"
"0ce00359-8f9a-4062-9967-a16190614f86"	"Charmides"	"Latin"	"Certain"
"a8a82d7f-0990-44c2-8964-d908ad510f76"	"Illustrissimo Guilielmo Delvaulx decimo sexto Iprensium Episcopo"	"Latin"	"Uncertain"
"aa749db5-c75a-43c4-8227-62a147772fcf"	"Moyses adoptatus"	"Latin"	"Certain"
"2abe9931-4e95-45cb-989a-48b3378f22e0"	"Nobilis esse volens vario deluditur astu"	"Latin"	"Certain"
"0b5605f9-727f-4c7b-9859-3869c78ac71d"	"Sanctus Hermengildus a martyrii laurea redimitus"	"Latin"	"Certain"
"efd07afc-c011-414b-944b-f83ab7679f36"	"Si nubere foret novitiatus"	"Latin"	"Certain"
"0680291a-eb68-4035-aada-ed9b4fd81179"	"Simeon obses in Aegypto"	"Latin"	"Uncertain"
"7e8be956-bb48-4c41-9857-70e2c666fa6b"	"Martyrium S. Catharinae"	"Latin"	"Certain"
"fe1c6482-0299-46dd-8d05-141ea70250ea"	"Verdruckte Godtvruchtigheijdt afgebeeld in Godelieve"	"Dutch"	"Uncertain"
"c68f3466-3c84-4f48-8316-c8dbcecc1b47"	"Zopyrus"	"Latin"	"Certain"
"22848ca5-a4cb-4916-aa48-07c8aa46df5e"	"Iosephus"	"Latin"	"Certain"
"d4ec10ea-222b-4032-b3b5-fcde511fcb85"	"Amor in odio, sive Basilius"	"Latin"	"Certain"
"0be395bb-2cb3-4f89-96f0-68aa2a807813"	"Asarhaddon rex Assyriorum"	"Latin"	"Certain"
"080e71af-360c-496f-bddc-5d838a509bf6"	"Defuncto ficto frustrà medicina paratur"	"Latin"	"Certain"
"06b558b7-6ea7-487a-b40a-96d141253c87"	"Naaman"	"Latin"	"Certain"
"8403b361-4600-4afb-b4b1-b579773da0df"	"Ecclesia ab haereticis oppressa"	"Latin"	"Certain"
"d65c5aa6-9699-4028-8e8b-31816d32b269"	"Moyses"	"Latin"	"Certain"
"f2350764-2253-422c-b9c0-1f6308323ed4"	"Nehemias"	"Latin"	"Certain"
"cea15e30-7b50-44c9-9536-d7a53a8526c8"	"Moyses legifer"	"Latin"	"Certain"
"4ad36b5c-4fb4-49fc-9832-84040790ea98"	"Poliodorums rusticus"	"Latin"	"Certain"
"f01e419a-7cd2-45c8-b48e-af4c480da9c3"	"Pueri Hebraeorum"	"Latin"	"Uncertain"
"addb98e3-8ee2-41dc-aee2-aa168e811037"	"Saulus conversus"	"Latin"	"Certain"
"21d0e4ae-7d04-44b4-8f9d-fb6a84be688a"	"Ecclesiae immunitas sive Thomas Cantuariensis"	"Latin"	"Certain"
"412296a1-c6a6-49a8-b4f7-0bd96be65732"	"Invicta pietas sive Ezechias Rex Juda"	"Latin"	"Certain"
"fedaed0d-97a7-4446-8d29-bbbaf9465e24"	"Stulti nec vitare venientia possunt, nec ferre praesentia"	"Latin"	"Certain"
"44bfd4d6-75a5-499e-8d28-f35d3f492e5d"	"Xantippus humiliatus"	"Latin"	"Certain"
"78b4adec-600b-40e5-809b-b54899c461ef"	"Tobaeus"	"Latin"	"Certain"
"79cdec07-84e0-4e5b-883e-39683c5e8edc"	"Sedecias"	"Latin"	"Certain"
"cbeccaba-79bf-458e-bb51-e2155e1bb4b7"	"Calidorus"	"Latin"	"Certain"
"cc27e7cd-3118-408d-8b07-0cf15fbebd70"	"Nimia Temeritas infaustum sortitur exitum"	"Latin"	"Certain"
"ac974a83-10e6-4ddd-9ec3-c46de58427c8"	"Pia Alexandri fuga et mors"	"Latin"	"Certain"
"407d740e-049f-408b-b238-4abb5bdc462a"	"Thomas Morus Angliae cancellarius"	"Latin"	"Certain"
"7acd3e14-45e7-49ba-b20f-f4613d4d9ca7"	"Amor heroicus"	"Latin"	"Certain"
"5c7bc082-989e-445d-bffa-7b1db1d2efef"	"Eliae sacrificium"	"Latin"	"Certain"
"809d33ce-ce8a-4490-beeb-2d175af8ebb8"	"Eucio quantumvis Dives meditatur avarè"	"Latin"	"Certain"
"609c211a-8f85-44a0-97d0-46481102d4ef"	"Ingenium cuivis homini proclive ad habendum"	"Latin"	"Certain"
"de1fb16e-ee67-43ea-93a5-78cbe794a75a"	"Ingratitudo Bruti in patrem severianum punita"	"Latin"	"Certain"
"6efec431-d7d4-4f77-b1a3-1ebf9c4d13e7"	"Joseph in fratius pius"	"Latin"	"Certain"
"5804cac6-4df0-4173-a4dd-40df335cf660"	"Carolus VII Franciae rex per Joannam Darciam de Anglis tiumphans"	"Latin"	"Certain"
"418d405c-b56a-455f-ac9c-d277530e73bc"	"Magnus Athanasius"	"Latin"	"Certain"
"4db49bb1-7744-4893-b8f6-09c89588eb51"	"Clericus eques"	"Latin"	"Certain"
"f39f2582-47e1-498f-b991-e43657fd594e"	"Te conjuge bonis"	"Latin"	"Certain"
"a9d4603e-f635-405a-a3db-58681b8184da"	"Xantippus"	"Latin"	"Certain"
"d1a542ac-5716-43d7-9de1-97346b3894b9"	"Fides, et amor sive Themistocles gloriose occumbens"	"Latin"	"Certain"
"0a7d41e3-716d-4b00-86cf-7e9b7c6383b3"	"Isaias"	"Latin"	"Certain"
"f25dbb73-3e53-4824-a627-b351f98d4c00"	"Humfredus nobilis"	"Latin"	"Certain"
"bebee030-404f-44eb-8357-372c53d09f1a"	"Malè conjugati rustici"	"Latin"	"Certain"
"a9c13b6f-5ee3-4c11-96cb-aa94ac32b429"	"Pellitur è medicina sapientia, vi geritur res"	"Latin"	"Certain"
"a54da2f8-95d5-48e5-aded-5a14eb8d3702"	"Ambitio fraudulenta sive Demetrius Griska"	"Latin"	"Certain"
"a5259a1a-92f5-4a00-9895-87fcc9afdac6"	"Civis nobilitatem affectans"	"Latin"	"Certain"
"1731d1ca-f891-4393-bed3-733a2e0d24ef"	"Decipitur crebrò, faciles qui commodat aures"	"Latin"	"Certain"
"6d06ce54-34fe-4447-908e-1269dfcba932"	"Justinianus imperator Belisarium de Cabade triumphantem excaecans"	"Latin"	"Certain"
"1f4e2dc6-2992-404a-b7e0-709165ea8bf3"	"Esther sub rege Assuero"	"Latin"	"Certain"
"1d6749f6-c83b-46ac-8844-6294dd8589df"	"Mascarillus medicus"	"Latin"	"Certain"
"6ba0d37e-75d5-4555-aec4-628a1c783830"	"Mens fallax"	"Latin"	"Certain"
"559ff0e8-3427-44de-9cda-e7ad95b0a0ff"	"Superbia fraudulenter vindicata"	"Latin"	"Certain"
"4b14ae8b-ed38-4e32-9b0f-087c8971b2d8"	"Absalom Patri Davidi Rebellis"	"Latin"	"Certain"
"72254820-55b5-4791-83d8-7c42b14f1973"	"Judas Machabaeus"	"Latin"	"Certain"
"008010cc-6573-490b-8a6c-77d1086d6a7a"	"Vivere vis felix? thesauros quaerere noli"	"Latin"	"Certain"
"1290eebf-5d80-42b5-b9ec-1a19380e49dd"	"David avulsus a Jonatha"	"Latin"	"Certain"
"7da23f7c-95f5-41b1-afda-811e8d8dd396"	"Inconstans C. Marii fortuna"	"Latin"	"Certain"
"9fadb306-0274-4d61-8c1f-c989754ce916"	"Joannes Damascenus Mariani cultus defensor egregrius"	"Latin"	"Certain"
"62744dd3-ebc7-4c34-ac43-c6ac043d64fc"	"Serius aut citius qui fallit, fallitur ipse"	"Latin"	"Certain"
"154fcdb7-8b83-415e-9059-fab76d0d2a90"	"Hecastus"	"Latin"	"Certain"
"89bf0b78-b28b-4f28-a0a9-59e170750b1c"	"Gratia triumphans in Eugenia"	"Latin"	"Certain"
"fb350d1a-3c22-4010-93ad-8de446ba6eed"	"Manasses Rex Juda"	"Latin"	"Certain"
"623ee455-167f-45b7-95cf-06b123639a73"	"Constantinus"	"Latin"	"Certain"
"0e91c774-cf98-4077-b62b-0af70e78cb34"	"Stultitia languido remedium est optimum"	"Latin"	"Certain"
"f3f0b06c-1a30-4e79-aa32-614302883658"	"Joas interfectus"	"Latin"	"Certain"
"44e2acfe-6219-4245-b95f-2f8b7652c7b5"	"Andronicus"	"Latin"	"Certain"
"ef2cd371-db4b-4d53-aebb-0d0f93bf3ffe"	"Elias"	"Latin"	"Certain"
"b5be48ff-636e-4d86-a0bf-11064db00606"	"Individuus Amor Ansbertae"	"Latin"	"Certain"
"bb62464a-bd87-4a6e-a5db-1fb7ebc4de73"	"Levigildus"	"Latin"	"Certain"
"3e96f1c3-29b1-48e2-b23d-d99e0729bbf1"	"Scaramouche medicus"	"Latin"	"Certain"
"10a6a158-9b5b-489f-b750-9cb19d99d0c3"	"Athanes"	"Latin"	"Certain"
"af3d066f-0f71-4692-acf8-339cca086cf6"	"Athanes"	"Latin"	"Certain"
"2b8ccb14-8c41-4bfc-b413-143a2946dd44"	"Fausta"	"Latin"	"Certain"
"180805c2-2c43-4f20-adb9-59dd67817566"	"Fide inexpertâ hominibus credere, semper temerarium est"	"Latin"	"Certain"
"22883738-3bd3-43de-ae55-450d9c8d2d4d"	"Parricidium fato punitum"	"Latin"	"Certain"
"36f18035-7589-4ec6-8523-cbe86fee9ddd"	"Quod dolus evincit, juvenis dementia tollit"	"Latin"	"Certain"
"e7c0938e-2eb3-4a79-a24b-bbf1717eb4d8"	"Richardae in conjugem suum Robertum pia fidelitas, ab Othone III"	"Latin"	"Certain"
"7ab2cfa9-a2bd-4cb7-a2e2-c21e6a483523"	"Fides Getae"	"Latin"	"Certain"
"78f7aa2b-b02b-43ba-884f-230be4fcadf4"	"Fortunatus Sosia"	"Latin"	"Certain"
"d3f6be13-d794-4bc6-bd37-b5fd8d181a51"	"Jonathas"	"Latin"	"Certain"
"5feb7c25-6f10-48ee-b889-0019b7d427df"	"Quod displicet ausu, Perplacet eventu"	"Latin"	"Certain"
"0d034eba-7d20-4207-82e6-5f65979ea057"	"Romanus Diogenes utriusque fortunae synopsis"	"Latin"	"Certain"
"f3933712-e6ea-4306-a8ef-e7b8d444093d"	"Romanus Diogenes utriusque fortunae synopsis"	"Latin"	"Certain"
"c8b46c1e-396d-4466-a031-9879f8aa080e"	"Laurentius door kloeckmoedighydt overwinnende ’t vier"	"Dutch"	"Uncertain"
"6d08e44e-6a6d-4541-ba4c-5bc2813d9ad3"	"Mater supra modum mirabilis sive Salomona septem suos filios deducens"	"Latin"	"Certain"
"f9defa79-8eef-48b3-921b-000f12823d69"	"Andreas et Bela"	"Latin"	"Certain"
"4bac8bda-ebe4-4989-86e6-ceb93b391030"	"Obliviosus"	"Latin"	"Certain"
"f7c07e96-0ac4-4783-85b8-b397df65c9f4"	"Macchabaeus sive constantia"	"Latin"	"Certain"
"ff24a78a-f4bc-472c-b5fe-dbcf6daac394"	"Adonibezec"	"Latin"	"Certain"
"650592bf-979f-40d0-867d-7c39e57ec85c"	"Matthaeus"	"Latin"	"Certain"
"e3003dd0-0400-444c-8af3-ee38809708c8"	"Delusus gorgonius"	"Latin"	"Certain"
"b78bd063-aa83-4c15-983e-6673ad25532f"	"Een boer seer plomp van aert"	"Dutch"	"Uncertain"
"213d5ef2-cc8d-474e-b7fe-213139e5ff23"	"Eumetus"	"Latin"	"Certain"
"13efb100-e638-45a2-8466-fc047d41db8d"	"Fames Samariae"	"Latin"	"Certain"
"95369e24-edd7-4e96-b00a-d264efc1ce94"	"Impietas Pyrenaei"	"Latin"	"Certain"
"51162099-2ee5-4eca-8cc8-a18e1903bdc1"	"Rusticus in urbe famulans"	"Latin"	"Certain"
"5a06d1df-f664-4c76-be79-0cc637d97934"	"Daniël somnii interpres"	"Latin"	"Certain"
"917bbaa9-a24d-4f71-80d4-6733095b101d"	"Modernus impostor"	"Latin"	"Certain"
"8c986b53-74d4-4a0e-bdae-3b36e09a0b4e"	"Rusticus astrologus"	"Latin"	"Certain"
"8aa475d0-8520-4dad-b416-24347207419a"	"Sennacherib"	"Latin"	"Certain"
"c292d65d-058d-42e7-b9b9-ac77d955d370"	"Dum fueris felix"	"Latin"	"Certain"
"625ad9af-1ccb-46cf-a9ff-97f6edbda31a"	"Fit comes ex Mopso"	"Latin"	"Certain"
"2c962fda-b7a9-4fb4-b45d-1fa1004c3a5d"	"Innocentia victrix"	"Latin"	"Certain"
"5c96a4fc-47a1-4611-93eb-671edfbd544b"	"Irene imperatrix"	"Latin"	"Certain"
"ed532526-e0d9-4495-93a8-0927a9fe83ab"	"Sedecias"	"Latin"	"Certain"
"8c37bc3a-713c-4730-bb92-1cfee28aa71e"	"Esther"	"Latin"	"Uncertain"
"f23cb138-9857-454b-8d8c-d964916c0e59"	"Excellentssimo Joanni Henrico"	"Latin"	"Certain"
"8115c375-a28a-4085-9b08-fc01ebcc69f8"	"Daniel"	"Latin"	"Certain"
"2af5dffe-829f-456a-bc50-58e06ab24846"	"Iosephus"	"Latin"	"Certain"
"90fb4ebe-aec4-4731-9c38-f62c9fb12034"	"Iuditha"	"Latin"	"Certain"
"713beccc-96b7-459e-afa8-96fd42c5e613"	"Naaman"	"Latin"	"Certain"
"90e1ee8e-1574-4e05-b15a-5c1f66a447d4"	"Nehemias"	"Latin"	"Certain"
"24df915f-a567-4363-ad99-8473d6974551"	"Saulus"	"Latin"	"Certain"
"91ea8723-8702-465f-aa86-4e0cc9bacc39"	"Tobaeus"	"Latin"	"Certain"
"ee3b4ddd-7726-4976-b6e6-27551751adf5"	"Reverendo domino Coussens Bavonis Canononico"	"Latin"	"Certain"
"1df7b306-7168-42f0-810e-72c9ab1be948"	"Phoenissae"	"Latin"	"Certain"
"b06cb625-9dc6-4366-92c4-6b9fe65b1638"	"Adonias"	"Latin"	"Certain"
"224913ad-577f-426a-bbfb-77eb1250fe43"	"Chosroes"	"Latin"	"Certain"
"233a60f4-7e1e-4e5a-92b9-8b458ff67d02"	"Door list van syne vrouw, den Duyvel is gewis veraermoed"	"Dutch"	"Uncertain"
"2e459356-f0b9-4464-9b6d-ab7ebaac444e"	"Fraudibus uxoris Doemon deceptus"	"Latin"	"Uncertain"
"496a56cc-c7cf-4e05-96a5-d8e165d24447"	"Absalonis in Patrem rebellio punita"	"Latin"	"Certain"
"f493cbae-f477-4ea9-9eaf-8fba0f8dd4bc"	"Nobilissimis Magistratûs Gandavensis Viginti-Sex-Viris"	"Latin"	"Certain"
"f5c5d03d-90d9-43f4-ad51-f4875a32c78d"	"Studentes, sive comoedia de vita studiosorum"	"Latin"	"Certain"
"b6a9a5cb-022d-4dee-87da-49b4fbc97e1c"	"Studentes, sive comoedia de vita studiosorum"	"Latin"	"Certain"
"a7c1351d-8389-4ac9-be69-eb44aa6b4254"	"Verbeterde zoonen ofte geluk uyt ongeluk"	"Dutch"	"Certain"
"95e4ccc3-d5c9-42fe-81a2-f9d26636e9c7"	"Aurora"	"Latin"	"Certain"
"e0248ff5-b57d-4b27-81aa-76226b1935f3"	"De agno Dei"	"Latin"	"Certain"
"85d6d5be-0f27-439c-9af5-61da2d60dcba"	"Hercules"	"Latin"	"Certain"
"3dd306a9-cbd9-4b81-ae31-bc16afaf44e5"	"Iudicium Minois"	"Latin"	"Certain"
"c333cc69-8f99-4c40-bd2e-fdb39c0f4406"	"Judicium Salomonis"	"Latin"	"Certain"
"509267ee-d804-41a7-a9f8-3553153003ee"	"Occiditur a Davide Goliath"	"Latin"	"Certain"
"ab750acd-fb8a-488c-8115-07864fc4bd1c"	"Sacchaeus"	"Latin"	"Certain"
"3566889f-4487-4850-930e-c3c1c75ad977"	"Nabath"	"Latin"	"Certain"
"4ecb0eaf-b15a-486e-9fa2-1afbf75d49a5"	"Thamar"	"Latin"	"Certain"
"89f6d327-7030-4f56-b89d-a408918190d2"	"Tobias"	"Latin"	"Certain"
"4137d9d9-cc0a-4803-a4a7-ab38379d1d92"	"Sancta Catharina"	"Latin"	"Certain"
"9b22b377-5405-4e25-9f12-186dffc8c204"	"Dido"	"Latin"	"Certain"
"6026ce61-53cf-42ce-81a8-44ade54dab23"	"Abraham et Maria"	"Latin"	"Certain"
"c595ea1a-a726-4704-b8d2-3962d7f03e14"	"Ahasverus"	"Latin"	"Certain"
"91bd6c08-2982-4b8f-a7b1-d8b9db63c48a"	"Arsenius et Theodosius"	"Latin"	"Certain"
"d52c2849-acea-40eb-8f2d-743c4968b3ac"	"Baiazetes"	"Latin"	"Certain"
"b9d18d3c-b8ad-4e12-b608-52742b8d7928"	"Catherina Barbara"	"Latin"	"Certain"
"6257b4a1-9b02-4730-be54-fe5b20d2e4fa"	"Ernestus"	"Latin"	"Certain"
"692e2390-8b7c-40e3-80d7-cfda3022cfe9"	"Gertrudis"	"Latin"	"Certain"
"ff765130-01c0-47a4-b1dc-fad5ddc5321d"	"Iudicium extremum"	"Latin"	"Certain"
"ab97bd74-900d-4e6b-8d05-8ef6351c5d43"	"Iustinianus"	"Latin"	"Certain"
"8c2de90a-02b2-4741-9b70-6ab9a93b13e7"	"Lutosae lapsus et restauratio hominis"	"Latin"	"Certain"
"830d56c1-6f30-4ed5-84f2-dfbb618f63df"	"Magi tres"	"Latin"	"Certain"
"ab927ad8-d130-4382-89a1-6abfea719377"	"Mauritius"	"Latin"	"Certain"
"b8387d05-f34f-4506-96c5-9f060e0099fa"	"Perseus"	"Latin"	"Certain"
"fb7b2181-3c66-468b-a4c0-403ec00fe189"	"Pyramus et Thisbe"	"Latin"	"Certain"
"41556492-31b3-41f5-a429-39577f013f87"	"Rex Saturnalium"	"Latin"	"Certain"
"1e54cb68-ca06-48f3-b4da-749c57993ac3"	"Salomon"	"Latin"	"Certain"
"9702cdbc-b720-40b8-ad98-c6b90c109f20"	"Susanna"	"Latin"	"Certain"
"6972f5c8-8454-42ec-8138-eafa6632a9c0"	"Thamara"	"Latin"	"Certain"
"ed42df7d-bba0-4ea5-b3f0-5ac47a4e4bfb"	"Virtus Humana"	"Latin"	"Certain"
"30ea419d-422e-4c55-b60d-0a7286d26318"	"Auriacus"	"Latin"	"Certain"
"95905c57-36a3-42dc-bfa9-c01ddccec53f"	"Dido"	"Latin"	"Certain"
"50f8f2c8-ad68-4dc5-8317-9cc3861d69b0"	"Nabugodonosor"	"Dutch"	"Certain"
"dadb5a85-eb8a-4ec1-9751-6b509b9c1fd1"	"Dives epulo"	"Latin"	"Certain"
"d4ca7445-f2ac-4de2-8729-3e7c4e704864"	"Euribates Pseudomagnus"	"Latin"	"Certain"
"6d669150-7991-4bbc-a2f2-5db38420ef4f"	"Maria Stuarta"	"Latin"	"Certain"
"7c5943a9-ba6d-41e1-a2e2-b9d2fd63464e"	"Anastasius sive perfidia fulminata"	"Latin"	"Certain"
"887b59ba-fb31-40f2-88da-8c48f99369d5"	"Rosimonda"	"Dutch"	"Certain"
"b5a7a489-d37a-464b-9ac6-d89eda34db87"	"Umfredus"	"Latin"	"Certain"
"7bb2099c-3fdd-4675-9cd1-55160e34f102"	"Moses Nomoclastes"	"Latin"	"Uncertain"
"c9b44571-7df2-42d9-ae4b-05c92b9ff977"	"Alexius"	"Latin"	"Certain"
"97a904f6-bb77-476a-9a2e-5b013f3d5b4f"	"Achmetus et Melechus"	"Latin"	"Certain"
"66bcd2e0-e6a2-4c6a-806e-93b4af8f51a3"	"Caesar"	"Latin"	"Certain"
"dd29d2ea-8141-49a9-af14-6af8cbf56879"	"Carolus"	"Latin"	"Uncertain"
"20e7408d-88e1-4210-8ee6-de43f0064919"	"Christus iterum patiens"	"Latin"	"Certain"
"2acd1628-ca50-4aab-a5b5-6233cabd365b"	"D. Petro Govarts"	"Latin"	"Certain"
"f870aa2b-6ff4-43bd-be56-26968b20f4f2"	"Diogenes"	"Latin"	"Certain"
"05a37384-3ba8-432c-b4e1-1509e72a702c"	"Joseph venditus"	"Latin"	"Certain"
"17af4998-f191-4e10-a8ff-f5d467f5e482"	"Ludovicus in vinculis"	"Latin"	"Certain"
"2fbbf85b-3488-4d0f-8dc1-87b3778ad1c8"	"S. Ignatius"	"Latin"	"Certain"
"2c7c3ac7-3096-4cd3-85cc-0eb287ef1bfe"	"Saul et Dauid"	"Latin"	"Certain"
"3bb524e0-9185-436a-ac41-65f7a6393565"	"Themis Zaleuci"	"Latin"	"Certain"
"e850a121-c37a-47b1-8190-3487d0f73dcc"	"Zeno"	"Latin"	"Certain"
"36c9480a-e773-4055-a6ff-27eb5ad1309c"	"Cain"	"Latin"	"Certain"
"51df50b3-d869-480a-8dd3-ae9dc07f0154"	"Cain et Abel"	"Latin"	"Certain"
"26682441-9472-4a12-93fc-10a72f0c19d6"	"Jonathas"	"Latin"	"Certain"
"134ff5cd-eb02-4eb0-a581-8a7f517ff2b4"	"Alexander en Mechtildis"	"Latin"	"Certain"
"0f1a00bd-ddda-4235-9513-823242f4f9ed"	"Ambitio, sive Athalia, crudelis, impia, infelix"	"Latin"	"Certain"
"af91a3ad-1aa5-447c-8cdb-e8e1dc18fd53"	"Amicitia vinculum indissolubile in Asmundo et Asuito"	"Latin"	"Certain"
"a5ba4382-0c38-490a-8629-388557cb9f3f"	"Christi servatoris nostri adventus"	"Latin"	"Certain"
"77d51ec4-5411-4e67-8c8b-306de7c13811"	"Christus Patiens, pro Philota, servulo mortis reo"	"Latin"	"Certain"
"5bba3d48-cc3f-4538-8b94-ea9122c3ff29"	"Codri regis in patriam pietas"	"Latin"	"Certain"
"dd2894ef-8af9-45b0-8ed4-4870c3031db5"	"Corriolanus"	"Latin"	"Certain"
"ed68b4b3-e898-4bda-a049-3bd423fea829"	"David Pastor Rex, citharâ mulcens Saulis furorem"	"Latin"	"Certain"
"b15382da-64b1-4a3d-86dd-aab074fdec2c"	"Duellum inter Christum, et Saulum"	"Latin"	"Certain"
"bbd95228-bc7a-4a4f-952d-5a4c8d6df39c"	"Fides jnexpugnabilis Catharinae a Maximino oppugnata"	"Latin"	"Certain"
"136ea0be-ff8a-4e23-a404-ea754fe7870a"	"Fortunae et amoris inconstantia in Eudocia"	"Latin"	"Certain"
"225e2017-7f25-4c6c-a2f1-b6e905ce3871"	"Fratres Machabaei"	"Latin"	"Certain"
"de48072a-20c3-484b-ae11-4929018a2ca9"	"Hermenigildus princeps Hispaniæ pro fide certans occumbens"	"Latin"	"Certain"
"9e7014c9-c4f7-495b-906a-e6a94cb6326d"	"Holofernes capite minutus"	"Latin"	"Certain"
"6e381270-64d5-4496-a746-ed2c598ff160"	"Illustre Fidei coniugalis exemplum in Ansberta & Bertulfum"	"Latin"	"Certain"
"1edb49cd-23d3-47d5-bf96-d26cddeeebe1"	"Insigne pietatis monumentum, in Jepthe"	"Latin"	"Certain"
"34758890-127e-4cba-900f-167c0bc93e1d"	"Jephte Israelitarum vindex filiam pro salute patriae Deo immolans"	"Latin"	"Certain"
"2654f869-9759-4cbe-b01e-a0ca814aa3eb"	"Joseph patriarcha venditus exaltatus"	"Latin"	"Certain"
"a4258309-5dd1-437a-a245-d46f19ec91b7"	"Joseph Patriarcha, depressus, et deploratus"	"Latin"	"Certain"
"fae05e34-5b6c-40b5-88cc-3c713f7a2d34"	"Lis inter Neptunum et Bacchum judice Apolline composita"	"Latin"	"Certain"
"592f4008-d288-4aea-ac64-c68ecf21eace"	"Omnibus amicitiae cultoribus amoris et fidei exemplum in Tyndaro et Grypho"	"Latin"	"Certain"
"ed21be19-1173-467c-a4dd-02f66f2c3cd6"	"Parallelum inter Christum et Joramirum"	"Latin"	"Certain"
"f7f39f3f-964b-4a22-88f2-84fb350d4150"	"Potitus puer, patre daemone tyranno maior"	"Latin"	"Certain"
"41d31849-7bdf-4a57-8511-1fd07eeac0b6"	"S. Sigismundus Burgundiae rex peccans paenitens, punitus"	"Latin"	"Certain"
"297bf307-e695-4e0f-9e7d-e778bab25e8c"	"Salamona septem Machabeorum mater patiens"	"Latin"	"Certain"
"f0ce0fdd-2c1f-4e50-92a3-267b2337d46c"	"Sapricius et Nicephorus"	"Latin"	"Certain"
"904fdd3c-3abd-4d68-8dc7-229398784c32"	"Sedecias Judae et Beniamin ultimus rex rebellis captus excoecatus"	"Latin"	"Certain"
"e11d92ae-6f5a-4b36-bd07-ba03c283b523"	"Sigismundus Burgundionum rex"	"Latin"	"Certain"
"9b0ca9d1-a074-44c4-95c9-f00914e582fe"	"Susanna Belgica, sive innocentia in Genoveva, uxore Sifride"	"Latin"	"Certain"
"ea9b8920-aba8-4ff0-9aba-7de685f9f188"	"Terballus Bulgariæ rex jmpius, captus excæcatus"	"Latin"	"Certain"
"1f8f9028-eb46-4f17-a54d-d6038e959636"	"Titus Japon et duo eius filii Simon et Matthaeus martyres"	"Latin"	"Certain"
"b858d28f-e057-47b1-b5f2-2ff6483400bd"	"Triumphus Crucis sive Maxentius a Constantino debellatus"	"Latin"	"Certain"
"ea928417-a5f1-4cd8-bf7a-791317080a3f"	"Triumphus justitiae et amoris in Zaleuco legislatore"	"Latin"	"Certain"
"a908f42b-9c99-40b4-b907-f5855c5af9c2"	"Triumphus veri amoris in Fr. de Solis en Joanne Laurentio"	"Latin"	"Certain"
"dca1c75a-a158-4e9b-a3d6-0c2dea271da7"	"Vindicta Christiana de Pereandro a Nicocle sumpta"	"Latin"	"Certain"
"42fa14c7-859a-4bff-ac77-e4eacfc3dbf8"	"Sanctus Franciscus Xaverius"	"Latin"	"Certain"
"a5376dd7-9e1c-403c-9366-b9dfe4fadfb5"	"Christelyke stantvastighijt van Titus, Japoonsch edelman, Simon ende Matthaeus"	"Dutch"	"Certain"
"7b4ff92b-595e-4407-97b3-e72208542eac"	"Jaromirus getrauw aen sijnen broeder Udalricus"	"Dutch"	"Certain"
"1f9fa614-4a26-45a2-a786-42f54f49ca4b"	"Menaechmi Plautina contracta"	"Latin"	"Certain"
"5ba003f7-4d7c-4ff9-831f-29b051014439"	"Tijpus veri Amoris sive Gualbertus de vindicta subactâ Triumphans"	"Latin"	"Certain"
"6b4d888c-9f73-431f-9ebb-844da74c2e67"	"Trebellius rex Bulgarorum"	"Latin"	"Certain"
"9fe76dfd-b5c1-4a9c-aa0a-939aa65c82bb"	"Mauritius imperator"	"Latin"	"Uncertain"
"d9527922-07b4-4acd-9ebf-d3095ceeb76e"	"Convivium philosophicum"	"Latin"	"Certain"
"60f68929-7a3d-48e8-aec2-2759e23ab145"	"Conradinus"	"Latin"	"Uncertain"
"a5e2658e-65c9-4152-b678-01f5d9093ba6"	"Bertúlphús"	"Latin"	"Certain"
"92ff2efa-087f-491c-8125-dac4dd780e26"	"Gloriosa e regno fuga in Alexandri Scotiae regis liberis"	"Latin"	"Certain"
"7aa1686f-5789-451e-b8cc-0355b94576ed"	"David profugus et restitutus"	"Latin"	"Certain"
"3f8e2bbd-1ed0-4ade-ad7b-c57f42cdca2b"	"[Sebastianus] Aen den hoogweirdigsten Heer Petrus Govarts"	"Dutch"	"Uncertain"
"5d2ce8f5-134b-42a8-9ada-bd3a2b7c8430"	"David poenitens"	"Latin"	"Certain"
"5ef9155c-fd85-4014-b65b-52f1fd9d17df"	"Ride, sed quem, vide"	"Latin"	"Uncertain"
"392a7dc9-bf3b-42a0-8ef2-15fcb28a935b"	"Julius Caesar"	"Dutch"	"Certain"
"c6351392-5651-4f1a-9381-f26745937f61"	"Agon rex Banthami"	"Latin"	"Certain"
"1f5331a9-a2df-451c-b629-c117e619409b"	"Baptistes"	"Latin"	"Certain"
"2d6492fe-5cef-40cd-92e0-facd2482b6a0"	"Dyscoli"	"Latin"	"Certain"
"0d50f09f-bc62-4dfd-ac0e-c58bf661dd3e"	"Thamara"	"Latin"	"Certain"
"5e642f15-9ad0-441e-a5ed-9aedf7b542fa"	"Haema-Christias, van het H. Bloet ons Heeren Iesv Christi"	"Dutch"	"Certain"
"5e642f15-9ad0-441e-a5ed-9aedf7b542fa"	"Haema-Christias"	"Latin"	"Certain"
"5e642f15-9ad0-441e-a5ed-9aedf7b542fa"	"Haema-Christias"	"French"	"Certain"
"ae239d0a-478f-4a74-a94d-288b9fec98e4"	"Tobaeus"	"Latin"	"Certain"
"5946126b-8a5e-4b73-a96b-7f263ac8fec1"	"Theophilus"	"Latin"	"Certain"
"fd79633c-021c-4a2a-877a-f64ee10695ef"	"Legio Thebaea"	"Latin"	"Certain"
"6b246e15-5531-47f1-bb74-3828cdc52e16"	"Tobaeus"	"Latin"	"Certain"
"1c2eb63c-f131-4b7d-bb65-c5d1ab3ed9e8"	"Ieroboam"	"Latin"	"Uncertain"
"f79afd77-859f-410d-84b6-eacf6432fcf8"	"Domus evangelici patris familias"	"Latin"	"Certain"
"f83fd1de-dc57-450a-8306-8ab2d99801e1"	"Lucta carnis et spiritus in S. Augustini conversione"	"Latin"	"Certain"
"cb9fab34-cee3-473a-ab55-75ec417d616d"	"B. Mariae Magdalenae erotici threni"	"Latin"	"Certain"
"c10ca14b-5638-40ed-8d9c-5bd5c0d7f6af"	"Martyrium Antiocheni"	"Latin"	"Certain"
"d06c8e19-9130-44b7-bfb9-69cc0d37369b"	"Alfredus"	"Latin"	"Certain"
"e89a443d-eeee-45e9-8060-8311004f419c"	"Grisellis"	"Latin"	"Certain"
"f4e64e45-a1c2-4ca8-9772-8d999869739c"	"B. Nicolai Maraei liberalis animus"	"Latin"	"Certain"
"0986fdc4-5d7b-440b-837f-fa834b3c913a"	"Absalonis moesta catastrophe"	"Latin"	"Certain"
"8fcdccb5-3359-4f41-a4b0-32c3113db525"	"Conjugium B. Madelgarii cum B. Waldetrude"	"Latin"	"Certain"
"2873d7a0-f94c-4ed4-b473-e37c1050da1c"	"Drama jambicum de paenitentia Theophili"	"Latin"	"Certain"
"b5b5ed7b-7c97-41f2-88ab-d4f9c77cb4a7"	"S. Procopii conversio"	"Latin"	"Certain"
"de071939-57cd-401b-9649-921a1d692aad"	"Scientissimi custodis gubernatorisque reipublicae perpendiculum"	"Latin"	"Certain"
"8c944e2d-1cea-4293-ac7d-1ef657190d85"	"Ulyssias"	"Latin"	"Certain"
"fa34c207-c25b-412a-aff4-4ed20154841c"	"Thomas Morvs."	"Latin"	"Certain"
"c56e4aed-ca61-461c-95c8-85a4a7fd4bac"	"Gloria posthuma virtutum Albertus"	"Latin"	"Certain"
"cd2e6e63-7a61-4dd0-9c22-5248a550504b"	"Honnevr, indvstrie, et travail excitent les hommes a inventer et exercer des arts"	"French"	"Certain"
"01827a45-2fb0-47a4-8b85-813d82ba3d99"	"Actio declamatoria"	"Latin"	"Uncertain"
"1f1b2200-b850-4764-a2d0-12c592ac148b"	"Norbert"	"French"	"Certain"
"4f410fd7-f8d6-42d1-b8d8-b860aa6420af"	"Alfredus"	"Latin"	"Certain"
"71c447d9-3903-48b9-aca0-7b85c3bd3f45"	"Reparatus"	"Latin"	"Certain"
"a4fc2b50-1b8f-481d-b179-265559b22da0"	"Nicephorus ende Sapricius"	"Dutch"	"Certain"
"40f4ff8b-187e-4a9b-97e7-84ec5b85d07f"	"D. Servatii Tungrensium, Trajectensiumque episcopi electio"	"Latin"	"Certain"
"c6e56cd1-9fbd-4cfe-afba-0218e4b33829"	"Le martyr de Theodore general d'arme'e de l'emperevr Licine= & gouuerneur D'heraclée."	"French"	"Uncertain"
"f6a599fd-bb24-4f44-afae-7fbb0c04864e"	"Occasio arrepta neglecta, Huius commoda, illius incommoda"	"Latin"	"Certain"
"d9a43481-7637-4443-a548-748490fa32d8"	"S. Stanislavs Cracoviensis episcopvs et martyr"	"Latin"	"Certain"
"8d6e66d6-f879-4238-a188-e9fffee0c959"	"Lidericus sive justicia incorrupta"	"Latin"	"Certain"
"37e2b893-12e6-4e43-84a5-b0956d2a12a7"	"Nabvchodonosor"	"French"	"Certain"
"c3aa04c1-4ed2-430b-8e33-a8a46ebf1ccb"	"Phoenissae"	"Latin"	"Certain"
"1e67c8fd-9b5e-44c0-b922-7db6b8e1faeb"	"Dido"	"Latin"	"Certain"
"7f97690d-694b-49d6-9f24-67e482bf68eb"	"Manasses Coninck van het Ioodsche landt"	"Dutch"	"Certain"
"f76e7ad3-f72c-4958-b15f-70d16292c464"	"Manasses pii Ezeciae filius"	"Latin"	"Certain"
"99d85d28-644e-4bd6-8ad1-f3b2c13d7fc0"	"Theophilvs"	"Latin"	"Certain"
"43a5d574-4e58-4361-ad01-95a2331f8c6e"	"D. Antonius magnus eremi cultor"	"Latin"	"Certain"
"a17ae5b7-1ae7-4765-992c-2c146ad30b28"	"Nabuchodonosor Coninck van Babylonien"	"Dutch"	"Certain"
"fb9a71bd-ec0e-4aea-952a-eb78a9682a1a"	"Salomon van synen vader ghestelt in het riick"	"Dutch"	"Uncertain"
"4b1862d6-5709-4c8f-9139-b023dbcaf393"	"Sedecias"	"Latin"	"Uncertain"
"7bb9d8ab-f9f6-4c62-851e-8817d164f497"	"Theodoricus Coninck van Italien"	"Dutch"	"Certain"
"1d0eeca6-ad22-4819-b30a-774b848a060a"	"Sapricio-Nicephorus"	"Latin"	"Uncertain"
"ad000f62-ada2-4b5b-bbbf-71c672184199"	"Alexander et Mechtildis regis Scotorum liberi"	"Latin"	"Certain"
"a6cf63a2-b2e8-4711-94ce-32e8003e0c87"	"Allegoria pastoritia"	"Latin"	"Certain"
"d1a0dd15-1725-43bc-932c-871bdcc82ea8"	"De blyde inkomste van syne conincklycke hoogheydt den cardinael Ferdinandvs infante van Spaignien="	"Dutch"	"Certain"
"7a558eec-f76a-4ff2-b191-bb4ea2017518"	"Gloria S. Benedicti Montes Sacri Cassinus, Serratus, Blandinius"	"Latin"	"Certain"
"2c7a5afe-06dd-4a83-b29c-da5c4505e461"	"Hesione Belgica"	"Latin"	"Certain"
"04537047-7b25-40b4-bd2a-f01053688fdd"	"Ioannes Angliae rex"	"Latin"	"Certain"
"3734e0bd-493b-48ab-94f0-61f70eab2bc2"	"Terballvs"	"Latin"	"Certain"
"4398a198-95a2-4940-a9c1-90fd4651ca57"	"Adolescens ad meliorem frugem conversus vi Dominicae passionis"	"Latin"	"Certain"
"1da3cf85-52bd-4a6f-bd8e-fa541db0d1b3"	"Mauritius"	"Latin"	"Certain"
"f647f49c-364e-4bf0-b42b-e2d4e1bfad08"	"Sebastianus rex Monomotapae"	"Latin"	"Certain"
"42214612-5cee-4f54-a8e1-343c52a34929"	"Diogenes den Philosooph"	"Dutch"	"Certain"
"6cf4ea08-1f2b-4f1d-89b1-472c49a3a7be"	"Manasses"	"Latin"	"Certain"
"b11e8bf0-e9e9-4696-9a5f-b3d3113ae529"	"Philargyrus amentiae humanae exemplum"	"Latin"	"Certain"
"906413f5-fe90-44cd-a3a7-f1017a726c26"	"Hecastus"	"Latin"	"Certain"
"aaaac2a9-9436-46ae-84a3-890d15b3a816"	"Regnvm deo rebellem respuit, subditum asciscit in Savle ac Davide"	"Latin"	"Certain"
"26a7e7c7-d5d0-4f42-bd6d-1bd2f7e64f2f"	"Septenarivs Brvxellae in septimontio romano illustratus et patriae svae"	"Latin"	"Certain"
"bd160701-623b-4ea6-b2f4-d69e7b19e4af"	"Trebellivs roy de Bvlgarie"	"French"	"Uncertain"
"c3981328-4539-4376-97bb-29dfd4645f72"	"Drama comicum amputandum putabam"	"Latin"	"Certain"
"06a73be2-58ad-4fe0-a268-39c15a935e22"	"Conversio S. Augustini"	"Latin"	"Certain"
"4d112374-ddfc-4591-a3b8-256081055a6f"	"Ioannes Calybita"	"Dutch"	"Certain"
"d4a749b7-61c0-4e1f-bc43-11eed5560d10"	"Sedecias"	"Latin"	"Certain"
"33e5b0e6-2a12-46ae-93e2-00250f877ee3"	"Tragi-comoedia s. Wernervs martyr"	"Latin"	"Certain"
"7c8feb34-3e02-4432-be85-6a85a955f10e"	"Voluptas somnium"	"Latin"	"Certain"
"7a08eb2b-6a44-4b09-8391-942ca88c5ea6"	"Kennethus"	"Dutch"	"Certain"
"bc594a80-a6dc-4504-adcf-2b66b874197a"	"Arsaces Armeniae rex"	"Latin"	"Certain"
"4fab0818-8312-4340-8fdd-aaaf47538ef8"	"Drama s. Theodorvs martyr"	"Latin"	"Certain"
"dce42a54-9901-4404-9a47-93cc3adafc3a"	"Humfredus"	"Latin"	"Uncertain"
"6ce76305-3809-4d99-b5ef-475cd087b003"	"Innocentiae convivium"	"Latin"	"Certain"
"0c0b83b5-3e13-48fd-9f64-c490481cf6f1"	"Recta edvcatio"	"Latin"	"Certain"
"e8a70a67-a9aa-4c8b-8159-1a1f5aa4db04"	"Landelinus"	"Latin"	"Certain"
"165c36c8-abbf-451d-98b8-8eb7f1fc9dc9"	"Clvchtigh ende iammerlyck eynde van kermissen ende maeltyden"	"Dutch"	"Certain"
"40c4847b-be2b-4ed4-b487-074064d792d8"	"Fratrum discordia felix sive Stanislaus fuga victor"	"Latin"	"Certain"
"ac800a66-6c8e-4d4f-945b-daac2ede5e22"	"Ludi seculares"	"Latin"	"Certain"
"91d46be6-4f95-46ab-9998-d7625e8a3d56"	"Lvdvs saecvlaris de ortv et progressv Societatis Iesv"	"Latin"	"Certain"
"99364bfb-863e-4e0e-83d7-c9ca5263db11"	"Sangvis sangvinem"	"Latin"	"Certain"
"15943e38-3d63-4935-a1c1-2a6bd80780cd"	"Zeno Imperator"	"Latin"	"Certain"
"128a469a-dcfe-48a2-a9fa-73bb785f0c1a"	"Alfredus"	"Latin"	"Certain"
"53a44dfa-e2d5-4dcb-bf6c-81607e511664"	"Den heylighen Sigismvndvs coningh van Burgundien"	"Dutch"	"Uncertain"
"6d0104fa-c6b5-42b2-96d5-0f23ac9b26fd"	"Mors"	"Latin"	"Certain"
"ccc4babf-e1c2-4cb1-86e5-c53d89b51c50"	"Reparatus"	"Latin"	"Certain"
"0d81dedf-655d-45cc-96ab-cbe8bb40dbb2"	"Stavrostrophvs door de vreese te vergeefs bevochten door de goddelycke liefde over-wonnen"	"Dutch"	"Uncertain"
"2b880ec8-185b-4d6c-8a1f-062dfdf3c404"	"Ioannes Angliae rex"	"Latin"	"Certain"
"456c2c6e-90d3-4d94-981e-0ce12b3b7509"	"Rarvm christianae pavpertatis docvmentvm in Chrysomiso"	"Latin"	"Certain"
"a231e744-d155-438c-8622-433416248a8c"	"Louys le Debonnaire Empereur débouté de son throsne et restably"	"French"	"Certain"
"53693430-1340-4a97-94ca-a18ebe1407d0"	"Verheffinghe van t’ H. Cruys door Heraclius verwinder van Cosrhoes"	"Dutch"	"Certain"
"55bf97dc-fb00-40e8-8331-10a6ada2eb2e"	"Amicitia in Phaedro & Charino"	"Latin"	"Certain"
"560b31e4-8f91-4662-aeb7-34b18596cc46"	"Amicorum omnia communia"	"Latin"	"Certain"
"69614cc2-fc17-4a59-ae05-fe8b6e037446"	"Menecrates"	"Latin"	"Certain"
"24d69bbf-c9dc-48ff-9be5-c9c0d802ff52"	"Grisellis"	"Latin"	"Certain"
"f8e2c13f-12e9-4aa5-b626-69be1af7d517"	"Godtvruchtigh ende vermaeckelick bedrogh: Ioannes Calybita"	"Dutch"	"Certain"
"bb38c71a-d7a2-4a8a-9eac-716aadd1a977"	"Joas coninck van Juda"	"Dutch"	"Certain"
"da2825a2-122a-4cfd-a768-72b9f5fcbf48"	"Zeno"	"Latin"	"Certain"
"3b2741d5-b660-4fd3-bab5-0a5b224290da"	"Petriscus"	"Latin"	"Certain"
"de8dca27-57e2-4f10-9c0e-b88099a3abef"	"D. Ioannis Chrysostomi gloriosa reductio"	"Latin"	"Certain"
"a91a589b-0fc4-442d-bd7c-d2f6dfebe7b0"	"Interludium conviviale domino D. Crueseno episcopo"	"Latin"	"Certain"
"4cc0a332-17cd-4931-bae2-76b5fe254d8e"	"Regis regum unigenitus Christvs patiens pro Philota servulo"	"Latin"	"Uncertain"
"401459e9-c2cd-467a-b752-b7fad48794d8"	"Manasses rex Juda"	"Latin"	"Certain"
"be3f007e-6cf8-4fc4-a6e7-70af201dfa37"	"Amicitia foedere sancita duris rebus probata"	"Latin"	"Certain"
"a14c08f0-e651-4d47-bf22-94504aae0f6d"	"Bermhertige straffe Godts aenden Keyser Tiberius Mauritius"	"Dutch"	"Certain"
"1e6d0db8-244f-4b5b-97a7-ab708d22ced7"	"Evlogivs"	"Latin"	"Certain"
"da6a09cf-d39c-4700-92ba-ecaaacc1c3f2"	"Joseph Patri redditus"	"Latin"	"Certain"
"1c46f7c3-9158-4199-b997-cb314d0ec6fd"	"Alexander et Mechtildis regis Scotorum liberi"	"Latin"	"Certain"
"0aff47f3-d9d9-496a-88ca-132d0a768a63"	"Josue dux Israel"	"Latin"	"Certain"
"471cc66f-f48a-451e-98d5-0ed3a690380d"	"Hermenigildus Hispaniae princeps martyr Leovigildi regis filius"	"Latin"	"Certain"
"5dac6454-84fe-4248-a7f7-c8f5b04b15c3"	"Justum Dei judicium, seu Mauritius Orientis Imperator"	"Latin"	"Certain"
"7ec76bc5-f32d-423d-ba24-f89cddc62aa1"	"Justum Dei judicium in Sancto puero Ephraem admirandum"	"Latin"	"Certain"
"ddc9aeff-51c6-428e-8847-8fb2d0ec7a0e"	"Nederlandt door oorlogh verdruckt, verbeeldt door Mathatias en Judas"	"Dutch"	"Certain"
"c80fc0b5-339c-4b3e-8dbe-713bd27e7655"	"Avaritia punita, seu Mauritius orientis imperator"	"Latin"	"Certain"
"73eb28d7-7bd2-427d-8554-96ce1ae082d7"	"Den ghestraften Saul"	"Dutch"	"Certain"
"1f127c03-9fe4-4c6c-8f2d-8cf986a99873"	"Inimicitiae fructus S. Nicephoro remittenti, Sapricio retinenti"	"Latin"	"Certain"
"5928b491-548b-4776-b955-6a4e5e709c5b"	"Lex divina sub Antiocho patiens: in Eleazaro et vii Machabaeis"	"Latin"	"Certain"
"872829ff-0b45-4cc5-9643-3d286e43b019"	"Impietatis Talio, sive Polyphontes patris ac filiorum interfector"	"Latin"	"Certain"
"c9cdc65b-be11-4614-bde3-c36abb8ac067"	"Mauritius orientis imperator"	"Latin"	"Certain"
"6f08cc22-8bc1-4fdd-8537-251bea79e2bc"	"Mauritivs romanorvm jmperator metvens"	"Latin"	"Certain"
"9143a8cd-d14b-4867-8583-0ce4755d3891"	"Joseph a fratribus venditus, Aegypti Dominus a fratribus et patre agnitus"	"Latin"	"Certain"
"5129ee75-b2fe-4a70-8987-3410a7cbad77"	"Mardochée enlevé par les adversités, triomphe de l’arrogant Aman"	"French"	"Certain"
"850ae906-193b-4a1a-9c79-190c1890709c"	"Versa est in luctum cythara mea"	"Latin"	"Certain"
"57f926a0-a624-4fbb-a503-f6ab4a87f10b"	"Hecastus"	"Latin"	"Certain"
"3b322d0f-f941-4036-bb07-42eb6d41c7f4"	"B. Macarius sive Hayto ex rege Armeniae canonicus"	"Latin"	"Certain"
"35ee3768-2424-4638-b520-056513688ff9"	"Victoria martyrum de ferocia tyrannorum in Procopio et Theodosia"	"Latin"	"Uncertain"
"5f9535f5-e28c-4c23-99a8-aff2fd20c9d3"	"Aman et Mardochaeus"	"Latin"	"Certain"
"56252a89-443a-46ee-8b4c-70985484954d"	"Manasses filius Ezeciae"	"Latin"	"Certain"
"57857803-db84-4704-b057-494a087a0dad"	"Wambanus gloriosè adeptus regnum gloriosius abdicans"	"Latin"	"Certain"
"8425b644-99a1-4d48-ad86-a5c3210d4703"	"Verus et sincerus amor Davidis et Jonathae"	"Latin"	"Certain"
"3786fecf-6c7e-429b-8ef0-8abe4c64d291"	"Verus et sincerus amor Davidis et Jonathae"	"Latin"	"Certain"
"cb3defab-822f-4b55-b604-1509b473a91b"	"Sancto Patri lumen oculorum per Jesum restitutum"	"Latin"	"Certain"
"f6bed87e-5ddb-4bf8-be21-9b05c8c7dd33"	"Hooftbaringhe oste gheboorte van de goddine Pallas uyt de Herssene van Jupiter"	"Dutch"	"Certain"
"dc0d601a-921f-4e47-a809-11799325dc3c"	"Jhs Mra Jph Falco"	"Latin"	"Uncertain"
"42d66d6e-d003-4d0f-a71a-3d20dfd32cdf"	"Dei Matris in Philo Simonis benignitas"	"Latin"	"Certain"
"03079648-2132-43ca-9ece-9ec2ae8ba1b2"	"Euclio"	"Latin"	"Uncertain"
"bac3292d-26a7-44a1-851d-6a0f71083353"	"Invicta S. Adriani et nataliæ Constantia"	"Latin"	"Certain"
"ab4741c1-43e4-49b0-86db-484912a81082"	"Vinctus"	"Latin"	"Certain"
"90b34833-93cf-4d47-83d9-db333f01d260"	"Tobaeus"	"Latin"	"Certain"
"479926b2-e640-4cbe-b1c0-3b2293cbb8fb"	"De Menaechmi"	"Latin"	"Certain"
"75c4bd8c-21a2-4155-ac1f-17d33ef248fe"	"Glorieuse doodt van Adrianus onder Maximianus"	"Latin"	"Certain"
"abb6ab43-99c6-4aa2-a161-d30478274ee5"	"Ludus"	"Latin"	"Uncertain"
"4790c604-0cb5-49e2-a3bc-059b61c0687b"	"Sanctus puer Jesus singulari crucis amore ardens"	"Latin"	"Uncertain"
"1fe98a1a-51f9-4593-b8f8-43718169b52b"	"Lucifer – Cain – Abel"	"Latin"	"Uncertain"
"43d69b4e-66c2-427f-a544-1b83b7d69b80"	"Curculio rusticus"	"Latin"	"Certain"
"b7460e80-ce95-4dd9-8419-85aaccf67ee6"	"Amicitia vera jn duobus Mercatoribus Europeo et Jndo"	"Latin"	"Certain"
"01c82e8f-321c-4060-b76d-f5d4e6d6aae6"	"Constantia in Eleazaro, in Machabaeis fratribus, in Salomona"	"Latin"	"Uncertain"
"f82fc0a1-ca5d-4d2f-80dd-be2c7144f140"	"Pompei Magni de grandi fortuna catastrophe"	"Latin"	"Certain"
"c775176b-3a53-4bca-bc8c-89826d8b9c80"	"Illustri Japonum familia Thomas a Justina Coniuges pro Christo"	"Latin"	"Uncertain"
"de956ae6-d707-4fe6-8212-f2cb5ff7f74d"	"Sancti Adriani in fide Constantia"	"Latin"	"Uncertain"
"c6e77c6a-9907-4c92-8e53-05a563719b76"	"Amantium fides exhibebitur in Niso et Eurijalo"	"Latin"	"Uncertain"
"044dc99b-c7d2-429d-84a8-7c43801c89b6"	"Innocentia puerilis Beatissime virgini ad modum grata"	"Latin"	"Uncertain"
"c7d0d427-a032-4ea2-a28d-1f46d83728af"	"Jnvicta Alphonsi Cartheiae praefecti in Regem fides"	"Latin"	"Uncertain"
"9e910b6f-9fdc-4f9b-80f1-fd820fc3e48c"	"Sancta Romana et Apostolica Ecclesia"	"Latin"	"Certain"
"bc0e49cc-d714-4e6e-a8df-23361f25f664"	"Treurspel in Ursicus"	"Dutch"	"Uncertain"
"4ca77445-b80a-4e13-904f-2b554c9149ec"	"Vita aduersis emendata in Manasse Judæa Rege"	"Latin"	"Uncertain"
"20b6a9b0-c768-42d1-930d-143aed48ca7c"	"Ganda ethnica, catholica, Hispanica"	"Latin"	"Certain"
"b0e83f8e-5337-4f8b-a443-1b12833698d0"	"Amor in parentem in tribus Japoniæ fratribus"	"Latin"	"Certain"
"effc8248-ccbd-4435-876e-a34649f30f86"	"Divae Theresae martyrium expetentis amor et puerilis innocentia"	"Latin"	"Uncertain"
"e768a52b-0643-4f9c-89a1-1c75e9c12108"	"Salutaris mortis et judicij recordatio in Saladino et Simbaldo"	"Latin"	"Certain"
"79cd897d-288b-42fd-a043-86dba20804f3"	"Christus Patiens pro Philota mortis reo, ex Bernardi apologo"	"Latin"	"Certain"
"6a4d2f18-ba83-456e-b9a9-2f742f6c3110"	"Filiorum infelix in parento rebellio exhibebitur in Jarba Persa"	"Latin"	"Certain"
"abe67196-a866-43cc-a0ed-c7e2640979c2"	"Mtr Curtius Liefhebbers des vaderlant afbeelsel van Jesus Christus"	"Dutch"	"Uncertain"
"422eb572-2666-4364-b779-1aab735f1e43"	"Saul et David"	"Latin"	"Certain"
"be88f6fc-cdfe-40c8-a9db-cf291c0b6304"	"Controversia inter diem en noctem"	"Latin"	"Certain"
"f4b66100-bc39-44d8-b598-5cee5af1f913"	"Innocentia puerilis in Puero Spirensi convivium referente"	"Latin"	"Certain"
"1b2e08bd-0f54-49ad-8e0e-dbd902241c80"	"Jonas Propheta, ceu Justitia Divina misericorditer puniens"	"Latin"	"Certain"
"b416e521-4957-4edc-b6e2-d9d0f01fbd89"	"S. Stephanus per Deiparam primus Hungariae rex"	"Latin"	"Certain"
"83c11f7f-ce93-4717-b236-a21b9d7cb91b"	"Figura et Veritas"	"Latin"	"Certain"
"ff06d5e2-bc41-4dea-a1d0-28ddbde25ba6"	"Amarum amare"	"Latin"	"Certain"
"1d49a4a0-d9c9-440d-8f2e-9a2b8535c92c"	"Campana Arragonica, seu Petrus"	"Latin"	"Certain"
"e8bf2a17-9334-455b-ae75-24d529adac8e"	"Eduardus et Elfreda"	"Latin"	"Certain"
"f6f5ceb6-a855-4646-aad7-87c13e7c9a2c"	"Curtius amans patriæ Christus amans naturæ humanæ"	"Latin"	"Certain"
"a1ac9dbd-3470-4d07-8ba7-7a819920311b"	"Jonathas"	"Latin"	"Certain"
"2a8b4b1c-5c34-4c56-94fa-3c1916b245a1"	"Laus Deo semper pecuniæ obediunt omnia, sive Plutus"	"Latin"	"Certain"
"c98ede7b-9eab-42df-9ffc-f09fa2ecc33e"	"Ortus in occasu"	"Latin"	"Certain"
"e91de3a1-3001-4fd5-94c3-300d3b3687e7"	"Sancti Landelini infelix fuga felicior reditus"	"Latin"	"Uncertain"
"d8aedddb-a498-4c82-9c0b-2ece99c17f99"	"Singularis in P: V: Pietas in Thestili"	"Latin"	"Uncertain"
"28f785b7-d201-41d1-b16b-ac13130ad37f"	"Joseph Aegijpti prorex"	"Latin"	"Certain"
"88b638cb-7672-46b7-ba2a-e6adba59c27e"	"Joseph van syne broeders ghekent"	"Dutch"	"Uncertain"
"2095672c-32a5-4d6d-87e5-013a236d8be4"	"Solijmannus"	"Dutch"	"Certain"
"b23bcd91-2af0-4c71-b670-fbdd18fc2206"	"Treur-tonneel der liefde, ende droefheydt, van den lydenden ende stervenden Jesus"	"Dutch"	"Uncertain"
"de773d3f-4f09-4b8e-a60c-c78280c2d9d3"	"Joseph venditus"	"Latin"	"Certain"
"f95a356d-8511-4e8f-8de2-e9bae1b4dc79"	"Solijmús inocens parricida et nocens parriidij vindex"	"Latin"	"Certain"
"22beb5ad-9497-4172-818b-8ff3c83cb3ec"	"Stupenda"	"Latin"	"Uncertain"
"dc83ab12-f2c1-4387-98ef-e3419861ce7d"	"Gloriosa e regno fuga in Alexandri Scotiae regis liberis"	"Latin"	"Certain"
"ded2512e-7b29-4764-80bc-a79b013377c2"	"Victrix innocentia in Leone orientis imperatore"	"Latin"	"Uncertain"
"f6c74bf7-735e-46a3-854f-3958be146192"	"Fraterna charitas martijrii palma coronata in Justino"	"Latin"	"Certain"
"f8e89a07-9b7c-4791-bc8d-d3cb70ffe254"	"Triumphus verae amititiae inter Nicomachum et Emilianum"	"Latin"	"Certain"
"dbb23eb6-eee0-4d14-8eee-ed4f97870a51"	"Asmodaeus veritati inimicus exhibebitur in Menedemo"	"Latin"	"Uncertain"
"a6d335b6-53ba-4355-84b5-87bdc25d41d4"	"Baltassar"	"Latin"	"Certain"
"f3893d8a-9495-4d71-8fcd-9e9008b2ff52"	"De onnooselheyt van Hermenigildus"	"Dutch"	"Certain"
"1efb94c0-97e5-4a22-ba24-b4b642b31904"	"De stantvastighijt in het Christen geloof"	"Dutch"	"Certain"
"e95695a3-5c40-4179-88d7-e88b4cfed4f6"	"Isaacus Christi Patientis tijpus"	"Latin"	"Uncertain"
"71b01b31-bbeb-4f12-bd94-38cc50ccaa1e"	"Joseph a fratribus venditus"	"Latin"	"Certain"
"c0bd0475-69a1-4523-b1a1-9ca88616b9c4"	"Justus Ucondonus sive invicta in fide constantia"	"Latin"	"Uncertain"
"f3e3e421-8d64-4890-9bff-f5f0f45cae47"	"Landelinus"	"Latin"	"Uncertain"
"2252c176-b474-45cf-90c7-8a8b3de304ba"	"Leo Orientis imperator"	"Latin"	"Uncertain"
"95c49d7f-a7a8-4d89-92e2-e4cb26bb00ee"	"Ludus divinae providentiae"	"Latin"	"Uncertain"
"0d669440-2be9-4537-ae48-2db138d4cf1c"	"Marcii Coriolani pietas in matrem"	"Latin"	"Certain"
"179a3d72-700c-47e1-8b20-2a9b03cf35a3"	"Pueri duo Lusitani cum praeceptore a Jesu invitati"	"Latin"	"Certain"
"2486f91b-77f7-4e61-bbf0-6d56b73aa357"	"Theophili mira per beatam Virginem"	"Latin"	"Uncertain"
"56f8ae12-1b63-408c-b2c8-9ff5ac2e3969"	"Thijestes"	"Latin"	"Certain"
"e3592b32-8cef-43c6-8acf-afd7fa0f4cd0"	"Caecus a nativitate a Christo visu donatus"	"Latin"	"Certain"
"c1d49d19-ff66-4513-b258-d1812cd2d8bf"	"Caecus á nativitate â Christo visu donatus"	"Latin"	"Certain"
"14f73b8d-f676-4593-881e-dfd641e11028"	"Alexander et Aristubulus"	"Latin"	"Certain"
"ad61ad7a-a07a-4044-b7f5-89502088ac77"	"Arminius, Germaniae vindex, primus Augusti Caesaris victor"	"Latin"	"Certain"
"6f7da357-b229-4052-9f9d-e088d8d921e3"	"Boëtius"	"Dutch"	"Certain"
"e9abf5d5-0459-4db2-b4bd-a7f85fb8b4e2"	"De jonckheijt door den boosen gheest verdruckt"	"Dutch"	"Certain"
"5f81bd12-f50a-425b-80db-35d55faa9c89"	"Diederick"	"Dutch"	"Uncertain"
"5b6357c7-3b88-42ef-9102-bbdd8afcf2aa"	"Ergasilus ervaeren gaudief"	"Dutch"	"Uncertain"
"3a6d5ee4-bf8c-4b65-97bf-c0fecba3266d"	"Groote vrúcht vande Christelijcke leeringhe"	"Dutch"	"Certain"
"93a31570-4d65-49ea-b8e7-ba08da257055"	"Hermenegildus verae fidei defensor"	"Latin"	"Certain"
"69462806-c205-4644-ada0-4f1ffc6fa301"	"Ionathas"	"Latin"	"Certain"
"bd926a8b-e0bc-475b-8b4f-bfe07c6c106b"	"Iustus Ucondonus Japon"	"Latin"	"Certain"
"47104b53-7929-4584-bf8f-7f8c3f7fa032"	"Mauritius orientis imperator"	"Latin"	"Certain"
"87249d2c-9dc8-4a41-953f-7cc3c4e99eb1"	"Otto, Derden Keyser van dien naeme"	"Dutch"	"Uncertain"
"ec1ffae7-d07a-463d-8e7e-8f50b9b45796"	"Pamphilus"	"Latin"	"Uncertain"
"5884a948-22f6-4f8b-a3f0-6927f5d12146"	"Patrocinium"	"Latin"	"Certain"
"035fba51-db0e-4ff1-abff-737f9d86dae1"	"Triumph der waerheydt"	"Dutch"	"Uncertain"
"2923e23a-94db-4d4f-a0dd-82f77792c2dd"	"Triumphantelycken jubilé"	"Dutch"	"Uncertain"
"c5060ccc-8572-46e7-8e5a-9dcc6dbbb584"	"Tweedracht"	"Dutch"	"Certain"
"1ce77e89-85a5-485b-bc14-2d473200a336"	"Tweedracht tussen de andere wetenschappen ende Christelycke Leere"	"Dutch"	"Certain"
"218b9e67-0009-47c8-a004-c0bfb0daa0bd"	"Constans Pythiae et Damonis Amor"	"Latin"	"Certain"
"2be66ed0-a9ce-4270-9aca-78727d02f5f8"	"Solymus"	"Latin"	"Certain"
"d3020918-46a5-4e3e-bce8-bf325c93e46c"	"Vlúchte der weirelt inden H. Petrus de Morono"	"Dutch"	"Certain"
"390a8900-8bb2-415b-9a82-37f673d8721d"	"Wambanus"	"Latin"	"Uncertain"
"3694cdf5-77b8-4b47-9122-3fde646c8008"	"Carolus den Grooten. Keyser ende coninck van Vranckryck"	"Dutch"	"Certain"
"3694cdf5-77b8-4b47-9122-3fde646c8008"	"Charle-Magne. Empereur et roy de France"	"French"	"Certain"
"ef84891e-aef2-4498-bed8-429849a9ed07"	"Iperúncús"	"Dutch"	"Uncertain"
"5dec9262-c8f4-48d7-8b19-b2a792a3ef58"	"Arcus"	"Latin"	"Uncertain"
"c3959a1b-74f4-459c-bd9c-61a07a79942e"	"Athalia"	"Latin"	"Certain"
"dff46df4-07d6-4218-88b8-b8aca1cd4ffc"	"Blanda patrúm segnes facit indúlgentia natos. horatiús"	"Latin"	"Certain"
"5d4fb64d-0882-4357-a6ce-e035bbe37be1"	"Daniel"	"Latin"	"Certain"
"2de7f3d7-b386-40c8-9b9d-a56646269d3a"	"Darius a suis crudeliter occisus"	"Latin"	"Certain"
