id	origin	earliest	latest	form	form_type	is_anonymous	genre	subgenre	has_dramaweb_scan	has_dramaweb_transcription	ceneton_scan	ceneton_transcription	external_scan	external_transcription	fingerprint	literature	remarks	link_ub_antwerp	link_kbb	link_ub_gent	link_bnf	link_kb	link_google	link_bll
"bcb42947-4b7c-4966-a9ae-3ded62aec4bf"	"M129"	"1563-01-01"	"1563-12-31"	"Reprint"	"Full edition"	"f"			"t"	"t"				"f"	"156008 - a1 A2 et$frate : a2 B2 nterci - b1 B3 $regi - b2 H5 ibus$"									
"b5c489ab-3e36-4db0-bada-04d7df6b40bb"	"M57"	"1540-01-01"	"1540-12-31"	"Reprint"	"Full edition"	"f"			"f"	"f"	"https://www.let.leidenuniv.nl/Dutch/Ceneton/Facsimiles/ZovitiusDidascalus1540"		"http://books.google.nl/books?id=uwcUAAAAQAAJ&printsec=frontcover&dq=inauthor:%22Jacobus+Zovitius%22&hl=nl&sa=X&ei=ELrgUOfaLaSe0QWX84HIBA&redir_esc=y#v=onepage&q&f=false"	"f"	"000008 - a1 A.ii. me$b : a2 A.iii. o$ - b1 B A.iiii. dum$i : b2 C.iii. s$con"									
"9161ebc9-7816-4f2e-8158-64eeaea26d85"	"M168"	"1592-01-01"	"1592-12-31"	"Reprint"	"Full edition"	"f"	"Comedy"	"Sacred comedy"	"f"	"f"				"f"	"159208 - a1 A2 er$ : a2 P5 ,$ - b1 Q mus : b2 T2 onia - c1 T3 holast : c2 Hh5 re$vetern"									
"2f0075c5-d5cb-4922-b491-57c26b0e7005"	"M169"	"1592-01-01"	"1592-12-31"	"First Printing"	"Full edition"	"f"	"Comedy"	"Sacred comedy"	"f"	"f"				"f"	"159208 - a1 A2 er$ : a2 T2 onia - b1 T3 holast : b2 Y5 ccurr - c1 Z p : c2 Hh5 re$vetern"									
"b44d899f-8a5d-44b5-bbd9-940a4e7bcacb"	"M170"	"1592-01-01"	"1592-12-31"	"Reprint"	"Full edition"	"f"	"Comedy"		"f"	"f"				"f"	"159208 - a1 A2 er$ : a2 M I - b1 M2 eat$m : b2 P5 .$ - c1 Q mus : c2 Hh5 re$vetern"									
"f4c94f5b-566f-43c0-a66a-140d982fba4b"	"M171"	"1592-01-01"	"1592-12-31"	"Reprint"	"Full edition"	"f"	"Comedy"	"Sacred comedy"	"f"	"f"				"f"	"159208 - a1 A2 er$ : a2 E3 aud - b1 E4 bus : b2 H3 ndae$ - c1 H4 ribus : c2 Hh5 re$vetern"									
"29efc3f9-bbce-4374-bd0c-50a9b600a3ba"	"M172"	"1592-01-01"	"1592-12-31"	"First Printing"	"Full edition"	"f"	"Comedy"	"Farce"	"f"	"f"				"f"	"159208 - a1 A2 er$ - b1 Z p : b2 Bb3 talibus - c2 Hh5 re$vetern"									
"053931e8-4619-4c83-8b10-364e5ee8fb66"	"M173"	"1592-01-01"	"1592-12-31"	"First Printing"	"Full edition"	"f"	"Comedy"	"Sacred comedy"	"f"	"f"				"f"	"159208 - a1 A2 er$ : a2 H3 ndae$ - b1 H4 ribus : b2 M I - c1 M2 eat$m c2 Hh5 re$vetern"									
"a40d2292-fa28-4332-87c5-f035178124ab"	"M174"	"1592-01-01"	"1592-12-31"	"Reprint"	"Full edition"	"f"	"Comedy"	"Sacred comedy"	"f"	"f"	"https://www.let.leidenuniv.nl/Dutch/Ceneton/Facsimiles/SchonaeusTobaeus1591"			"f"	"159208 - a1 A2 er$ : a2 Aiij dis$A - b1 A4 s$ra : b2 E3 aud - c1 E4 bus : c2 2H5 re$vetern"									
"3e9d158a-fe7c-4611-8939-74823bbd09b0"	"M218"	"1601-01-01"	"1601-12-31"	"First Printing"	"Full edition"	"f"	"Tragedy"		"t"	"t"	"https://www.let.leidenuniv.nl/Dutch/Ceneton/Facsimiles/GrotiusAdamusExul1601"	"https://www.let.leidenuniv.nl/Dutch/Ceneton/GrotiusAdamusExul1601.html"	"http://books.google.be/books?id=pRY_AAAAcAAJ&printsec=frontcover&hl=nl&source=gbs_ge_summary_r&cad=0#v=onepage&q&f=false"	"f"	"160104 - a1 Aij q$e : a2 B an - b1 Bij $ : b2 Lij oni,$ - c1 a us : c2 gij ile$f"									
"ddb32ce3-1209-4d1f-aa17-a32a3fc6c8ea"	"M1504"	"1730-01-01"	"1730-12-31"	"Synopsis (printed)"	"Synopsis"	"f"	"Comedy"		"f"	"f"				"f"	"4"									
"65034498-c8a2-4757-bf5a-5d046255d758"	"M1505"	"1730-01-01"	"1730-12-31"	"Synopsis (printed)"	"Synopsis"	"f"	"Tragedy"		"f"	"f"				"f"	"4"									
"7638cb0c-149b-472e-936d-307d29a34839"	"M272"	"1615-01-01"	"1615-12-31"	"First Printing"	"Full edition"	"f"	"Tragedy"		"t"	"t"			"https://api.digitale-sammlungen.de/iiif/presentation/v2/bsb11220009/manifest"	"f"										
"e10d9caa-a668-402c-8009-4f1437fd4320"	"M2131"	"1515-01-01"	"1525-12-31"	"First Printing"	"Full edition"	"f"			"f"	"f"				"f"	"000004 - b1 Aij mum : b2 Bij $"									
"bf578f71-17b7-4007-99b8-bfb02fcf5cd6"	"M7"	"1520-01-01"	"1520-12-31"	"First Printing"	"Full edition"	"f"			"f"	"f"				"f"	"000004 - b1 Aij cia : b2 Biij e."									
"2f0b89ef-a0da-4b1c-b60a-49dbbff18e75"	"M1770"	"1744-01-01"	"1744-12-31"	"Synopsis (printed)"	"Synopsis"	"f"	"Comedy"		"f"	"f"				"f"		"Goran Proot, 'Het toneel van de Antwerpse Augustijnen (1671-1783)' in: De Gulden Passer. Jaargang 76-77 (1998-1999), p. 183-194, via: https://www.dbnl.org/tekst/_gul005199801_01/_gul005199801_01_0008.php"								
"8b93c30f-2cae-44c6-9ae5-b720d4f3f4d5"	"M1771"	"1744-01-01"	"1744-12-31"	"Synopsis (printed)"	"Synopsis"	"f"	"Comedy"		"f"	"f"				"f"										
"780bb6df-e2c8-4a4a-b9f1-1d32930eee44"	"M1774"	"1744-01-01"	"1744-12-31"	"Synopsis (printed)"	"Synopsis"	"f"	"Tragicomedy"		"f"	"f"				"f"		"Goran Proot, 'Het toneel van de Antwerpse Augustijnen (1671-1783)' in: De Gulden Passer. Jaargang 76-77 (1998-1999), p. 183-194, via: https://www.dbnl.org/tekst/_gul005199801_01/_gul005199801_01_0008.php"								
"ecd4bc57-219c-4332-bb48-8cc682c053db"	"M1778"	"1744-01-01"	"1744-12-31"	"Synopsis (printed)"	"Synopsis"	"f"	"Comical tragedy"		"f"	"f"				"f"		"Goran Proot, 'Het toneel van de Antwerpse Augustijnen (1671-1783)' in: De Gulden Passer. Jaargang 76-77 (1998-1999), p. 183-194, via: https://www.dbnl.org/tekst/_gul005199801_01/_gul005199801_01_0008.php"								
"230526fc-bf2a-47f0-9273-e47c85ddccda"	"M1780"	"1744-01-01"	"1744-12-31"	"Synopsis (printed)"	"Synopsis"	"f"			"f"	"f"				"f"					"https://opac.kbr.be/LIBRARY/doc/SYRACUSE/18400950 "					
"a08a2ad5-d38c-4e8f-81f4-b7bb261aca30"	"M1823"	"1749-01-01"	"1749-12-31"	"Mention"	"Fragment"	"f"	"Comedy"		"f"	"f"	"https://www.let.leidenuniv.nl/Dutch/Ceneton/Facsimiles/SJSalomonMechelen1749"	"https://www.let.leidenuniv.nl/Dutch/Ceneton/SJSalomonMechelen1749.html"		"f"		"Goran Proot, Spectacula Iesuitica Belgica Antiqua (SIBA). Pars I: Provincia Flandro-Belgica (Antwerpen, 2008), p. 1-836"								
"dbc85cf3-743f-417c-b3d8-040217ea8d61"	"M1833"	"1749-01-01"	"1749-12-31"	"Synopsis (printed)"	"Synopsis"	"f"			"f"	"f"	"https://www.let.leidenuniv.nl/Dutch/Ceneton/Facsimiles/SJSalomonMechelen1749"	"https://www.let.leidenuniv.nl/Dutch/Ceneton/SJSalomonMechelen1749.html"		"f"		"Goran Proot, Spectacula Iesuitica Belgica Antiqua (SIBA). Pars I: Provincia Flandro-Belgica (Antwerpen, 2008), p. 1-836"								
"ee93a8d9-2bef-4baa-8a03-07a859fc312b"	"M1904"	"1756-01-01"	"1756-12-31"	"Mention"	"Fragment"	"f"	"Comedy"	"Farce"	"f"	"f"	"https://www.let.leidenuniv.nl/Dutch/Ceneton/Facsimiles/SJSalomonaAntwerpen1756"	"https://www.let.leidenuniv.nl/Dutch/Ceneton/SJSalomonaAntwerpen1756.html"	"http://anet.ua.ac.be/desktop/anet/core/index.phtml?language=&euser=&session=&service=opacua&robot=&deskservice=desktop&desktop=anet&workstation=&extra="	"f"		"Goran Proot, Spectacula Iesuitica Belgica Antiqua (SIBA). Pars I: Provincia Flandro-Belgica (Antwerpen, 2008), p. 1-836"								
"f374d548-228d-4ea7-b8e4-4ae164e210b8"	"M1909"	"1756-01-01"	"1756-12-31"	"Synopsis (printed)"	"Synopsis"	"f"	"Tragedy"		"f"	"f"	"https://www.let.leidenuniv.nl/Dutch/Ceneton/Facsimiles/SJSalomonaAntwerpen1756"	"https://www.let.leidenuniv.nl/Dutch/Ceneton/SJSalomonaAntwerpen1756.html"	"http://anet.ua.ac.be/desktop/anet/core/index.phtml?language=&euser=&session=&service=opacua&robot=&deskservice=desktop&desktop=anet&workstation=&extra="	"f"		"Goran Proot, Spectacula Iesuitica Belgica Antiqua (SIBA). Pars I: Provincia Flandro-Belgica (Antwerpen, 2008), p. 1-836"								
"17352fb6-17f2-4320-a733-7fe260417c4b"	"M642"	"1656-01-01"	"1656-12-31"	"Synopsis (printed)"	"Synopsis"	"f"			"f"	"f"	"https://www.let.leidenuniv.nl/Dutch/Ceneton/Facsimiles/SJSapriciusBrugge1656"	"https://www.let.leidenuniv.nl/Dutch/Ceneton/SJSapriciusBrugge1656.html"		"f"										
"588576e4-c248-4442-8e8d-3e53e127e91a"	"M779"	"1671-01-01"	"1671-12-31"	"Synopsis (printed)"	"Synopsis"	"f"			"f"	"f"			"http://books.google.nl/books?id=DwgUAAAAQAAJ&printsec=frontcover&hl=nl#v=onepage&q&f=false"	"f"										
"4e7c4351-1ae7-4b2d-86ad-02dde19d3297"	"M41"	"1539-01-01"	"1539-12-31"	"Reprint"	"Full edition"	"f"	"Comedy"	"Sacred comedy"	"f"	"f"				"f"	"153908 - a1 A2 $q$dif : a2 A3 inis$ - b1 A4 æterum : b2 D4 S.$ - c1 D5 ;$lacert"									
"946973b8-9e77-45d8-acce-a5c08d92476f"	"M219"	"1602-01-01"	"1602-12-31"	"First Printing"	"Full edition"	"f"	"Tragedy"		"t"	"t"		"https://www.let.leidenuniv.nl/Dutch/Ceneton/HeinsiusAuriacus1602.html"	"https://books.google.nl/books?id=Ki08oXL_3S4C&printsec=frontcover&hl=nl&source=gbs_ge_summary_r&cad=0#v=onepage&q&f=false"	"f"	"160204 - a1 A5 [=A3] ba : b2 D2 $ius - b1 A dus$i : b2 L3 uine - c1 M2 ent - c2 S2 tr"									
"5f87d1b7-76c4-4e37-ba09-24459e84cf0c"	"M284"	"1617-01-01"	"1617-12-31"	"Reprint"	"Full edition"	"f"	"Tragedy"		"f"	"f"				"f"	"161708 - a1 Gg AT - b1 Gg2 noscor$ : b2 Kk3 IS."									
"aec0ed8a-47df-4ac7-90bf-cdeed8250050"	"M333"	"1625-01-01"	"1625-12-31"	"Reprint"	"Full edition"	"f"	"Tragedy"		"f"	"f"				"f"	"162524 - a1 *2 qu : a2 D5 ELE - b1 E co : b2 F mn - c1 F3 $mox$ : c2 I4 s$ta"									
"a941a8ba-7f2d-4891-8c23-0a8fa4d4bc75"	"M334"	"1625-01-01"	"1625-12-31"	"Reprint"	"Full edition"	"f"	"Tragedy"		"f"	"f"				"f"	"162524 - a1 F3 $mox$ - b1 F4 nis$ : b2 G6 $Qui - c1 H o : c2 I4 s$ta"									
"9b422405-fab8-454f-8d44-386ef45b5d13"	"M1019"	"1703-01-01"	"1703-12-31"	"Synopsis (printed)"	"Synopsis"	"f"	"Tragedy"		"f"	"f"				"f"		"Goran Proot, Spectacula Iesuitica Belgica Antiqua (SIBA). Pars I: Provincia Flandro-Belgica (Antwerpen, 2008), p. 1-836"								
"a6f76ee0-749b-42d4-bcd9-358b4e9b978b"	"M1076"	"1711-01-01"	"1711-12-31"	"Synopsis (printed)"	"Synopsis"	"f"			"f"	"f"				"f"					"https://opac.kbr.be/LIBRARY/doc/SYRACUSE/18400064"					
"0933e016-a371-4735-98ca-b72246a1c938"	"M1110"	"1715-01-01"	"1715-12-31"	"Synopsis (printed)"	"Synopsis"	"f"			"f"	"f"				"f"					"https://opac.kbr.be/LIBRARY/doc/SYRACUSE/18400104"					
"453c3d59-7aa2-4910-9d11-5b0904b69608"	"M1111"	"1715-01-01"	"1715-12-31"	"Synopsis (printed)"	"Synopsis"	"f"			"f"	"f"				"f"					"https://opac.kbr.be/LIBRARY/doc/SYRACUSE/18400265"					
"04ece791-9d41-4860-b43e-85cc99bc50fc"	"M2237"	"1691-01-01"	"1715-12-31"	"Synopsis (printed)"	"Synopsis"	"f"			"f"	"f"				"f"					"https://opac.kbr.be/LIBRARY/doc/SYRACUSE/18402716"					
"aab61506-afb7-4191-aaa5-d7b783d7f35f"	"M2238"	"1691-01-01"	"1715-12-31"	"Synopsis (printed)"	"Synopsis"	"f"			"f"	"f"				"f"					"https://opac.kbr.be/LIBRARY/doc/SYRACUSE/18402741 "					
"836d12ca-993d-4f63-a1fc-4d1e856d4ed1"	"M450"	"1636-01-01"	"1636-12-31"	"Synopsis (printed)"	"Synopsis"	"f"			"f"	"f"				"f"	"4"									
"171dde55-3d7f-41f3-b16d-427abb6988c7"	"M905"	"1695-01-01"	"1695-12-31"	"Synopsis (printed)"	"Synopsis"	"f"			"f"	"f"				"f"		"Goran Proot, Spectacula Iesuitica Belgica Antiqua (SIBA). Pars I: Provincia Flandro-Belgica (Antwerpen, 2008), p. 1-836"								
"2f07b81f-ee9a-474e-933f-9d3f58f3840a"	"M912"	"1697-01-01"	"1697-12-31"	"Synopsis (printed)"	"Synopsis"	"f"			"f"	"f"				"f"	"4"	"Goran Proot, Spectacula Iesuitica Belgica Antiqua (SIBA). Pars I: Provincia Flandro-Belgica (Antwerpen, 2008), p. 1-836"								
"b93a7e3a-3f83-434c-bab2-5b20e8f46fba"	"M917"	"1697-01-01"	"1697-12-31"	"Synopsis (printed)"	"Synopsis"	"f"			"f"	"f"				"f"	"4"									
"a7f2b0e4-d6ab-4b91-9718-5966c4648867"	"M1418"	"1728-01-01"	"1728-12-31"	"Synopsis (printed)"	"Synopsis"	"f"			"f"	"f"				"f"										
"0e6e7ffb-e55e-4a44-8b8a-8950b638a9d4"	"M1438"	"1729-01-01"	"1729-12-31"	"Synopsis (printed)"	"Synopsis"	"f"	"Comedy"		"f"	"f"			"http://anet.ua.ac.be/desktop/anet/core/index.phtml?language=&euser=&session=&service=opacua&robot=&deskservice=desktop&desktop=anet&workstation=&extra="	"f"				"https://anet.be/record/opacuantwerpen/c:lvd:14023730/N"						
"7cb76e58-8802-4682-9a6b-571b698f5ff2"	"M1464"	"1729-01-01"	"1729-12-31"	"Synopsis (printed)"	"Synopsis"	"f"			"f"	"f"			"http://anet.ua.ac.be/desktop/anet/core/index.phtml?language=&euser=&session=&service=opacua&robot=&deskservice=desktop&desktop=anet&workstation=&extra="	"f"				"https://anet.be/record/opacuantwerpen/c:lvd:14052660/N"						
"05f879b0-3279-4f73-8f82-84651260bdc6"	"M1479"	"1730-01-01"	"1730-12-31"	"Synopsis (printed)"	"Synopsis"	"f"	"Tragedy"		"f"	"f"	"https://www.let.leidenuniv.nl/Dutch/Ceneton/Facsimiles/SJAthaliaKortrijk1730"			"f"	"2"	"Goran Proot, Spectacula Iesuitica Belgica Antiqua (SIBA). Pars I: Provincia Flandro-Belgica (Antwerpen, 2008), p. 1-836"								
"7883d9d1-bc65-47c9-8eb2-b7bc3df0418e"	"M1480"	"1730-01-01"	"1730-12-31"	"Synopsis (printed)"	"Synopsis"	"f"	"Comedy"		"f"	"f"				"f"	"2"	"Goran Proot, Spectacula Iesuitica Belgica Antiqua (SIBA). Pars I: Provincia Flandro-Belgica (Antwerpen, 2008), p. 1-836"								
"335094e2-9da4-405b-b5ff-c4138d3a0aa0"	"M1501"	"1730-01-01"	"1730-12-31"	"Synopsis (printed)"	"Synopsis"	"f"	"Comical tragedy"		"f"	"f"			"http://anet.ua.ac.be/desktop/anet/core/index.phtml?language=&euser=&session=&service=opacua&robot=&deskservice=desktop&desktop=anet&workstation=&extra="	"f"										
"f5294589-d044-4096-9828-c4de8f18033d"	"M1512"	"1730-01-01"	"1730-12-31"	"Synopsis (printed)"	"Synopsis"	"f"			"f"	"f"				"f"										
"2b932b2e-e2d1-4fae-884f-eef301046bd0"	"M1527"	"1730-01-01"	"1730-12-31"	"Synopsis (printed)"	"Synopsis"	"f"			"f"	"f"			"http://anet.ua.ac.be/desktop/anet/core/index.phtml?language=&euser=&session=&service=opacua&robot=&deskservice=desktop&desktop=anet&workstation=&extra="	"f"										
"2e14af5a-4d6c-47ed-b52f-e4353ee49f92"	"M1554"	"1731-01-01"	"1731-12-31"	"Synopsis (printed)"	"Synopsis"	"f"	"Comedy"		"f"	"f"				"f"										
"24204698-0a9c-4099-818d-5e96d50963e2"	"M1557"	"1731-01-01"	"1731-12-31"	"Synopsis (printed)"	"Synopsis"	"f"			"f"	"f"				"f"	"2"									
"fbf00d5e-4ba2-426c-8a45-948b22ca4c58"	"M1558"	"1731-01-01"	"1731-12-31"	"Synopsis (printed)"	"Synopsis"	"f"			"f"	"f"				"f"	"2"									
"66bfe7e9-001d-450b-bcfd-4f469b8c3a9d"	"M1560"	"1731-01-01"	"1731-12-31"	"Synopsis (printed)"	"Synopsis"	"f"			"f"	"f"				"f"										
"e375ade8-e69f-4fa3-afec-d4737ed1ddf4"	"M1562"	"1731-01-01"	"1731-12-31"	"Synopsis (printed)"	"Synopsis"	"f"	"Tragedy"		"f"	"f"				"f"										
"487316c4-ca8c-46fb-8ca1-edc674f1942c"	"M1576"	"1732-01-01"	"1732-12-31"	"Synopsis (printed)"	"Synopsis"	"f"			"f"	"f"				"f"		"Goran Proot, Spectacula Iesuitica Belgica Antiqua (SIBA). Pars I: Provincia Flandro-Belgica (Antwerpen, 2008), p. 1-836"								
"f734f7ff-658f-49a1-a3b5-91a86a1b333d"	"M1585"	"1732-01-01"	"1732-12-31"	"Synopsis (printed)"	"Synopsis"	"f"	"Tragedy"		"f"	"f"				"f"	"4"									
"4382ffe0-8ade-4390-b8d3-676c4c548488"	"M1604"	"1732-01-01"	"1732-12-31"	"Synopsis (printed)"	"Synopsis"	"f"	"Comedy"		"f"	"f"				"f"		"Goran Proot, Spectacula Iesuitica Belgica Antiqua (SIBA). Pars I: Provincia Flandro-Belgica (Antwerpen, 2008), p. 1-836"								
"ca993765-dd14-4a38-8036-3fbaa7445e22"	"M1634"	"1733-01-01"	"1733-12-31"	"Synopsis (printed)"	"Synopsis"	"f"			"f"	"f"				"f"	"000004 - "									
"de64ab67-20cf-49c4-a8da-1dea303f8a2a"	"M1637"	"1733-01-01"	"1733-12-31"	"Synopsis (printed)"	"Synopsis"	"f"			"f"	"f"				"f"										
"592a4d97-7113-40ef-9b17-e962cfb52959"	"M1660"	"1733-01-01"	"1733-12-31"	"Synopsis (printed)"	"Synopsis"	"f"			"f"	"f"				"f"										
"2bb92c0e-27d9-4e4d-8a34-9fd2fe99833a"	"M1695"	"1737-01-01"	"1737-12-31"	"Synopsis (printed)"	"Synopsis"	"f"	"Tragedy"		"f"	"f"				"f"	"2"									
"8b9343ed-0d92-4be2-92eb-ce3a0493760b"	"M1700"	"1737-01-01"	"1737-12-31"	"Synopsis (printed)"	"Synopsis"	"f"	"Comedy"		"f"	"f"				"f"	"2"									
"80046511-63dc-444f-90de-88a3f2a10fb8"	"M632"	"1654-01-01"	"1654-12-31"	"Synopsis (printed)"	"Synopsis"	"f"			"f"	"f"				"f"							"https://catalogue.bnf.fr/ark:/12148/cb38684404m"			
"f535c915-83e0-4027-8321-a4b25b5da245"	"M638"	"1655-01-01"	"1655-12-31"	"Synopsis (printed)"	"Synopsis"	"f"			"f"	"f"				"f"	"4"	"Goran Proot, Spectacula Iesuitica Belgica Antiqua (SIBA). Pars I: Provincia Flandro-Belgica (Antwerpen, 2008), p. 1-836"								
"faf70438-4339-4949-b4f0-86c62a3a0103"	"M669"	"1658-01-01"	"1658-12-31"	"Synopsis (printed)"	"Synopsis"	"f"			"f"	"f"	"https://www.let.leidenuniv.nl/Dutch/Ceneton/Facsimiles/SJManassesIeper1658"	"https://www.let.leidenuniv.nl/Dutch/Ceneton/SJManassesIeper1658.html"		"f"										
"ea13dedc-50ab-4845-96b8-54f28591afa2"	"M692"	"1661-01-01"	"1661-12-31"	"Synopsis (printed)"	"Synopsis"	"f"			"f"	"f"				"f"										
"1c1a5fb3-c9d0-4363-ae00-b7438ac154d6"	"M695"	"1662-01-01"	"1662-12-31"	"Synopsis (printed)"	"Synopsis"	"f"			"f"	"f"				"f"										
"717f721b-8cd7-4228-9f1e-5f2c891e3604"	"M698"	"1662-01-01"	"1662-12-31"	"Synopsis (printed)"	"Synopsis"	"f"			"f"	"f"				"f"										
"0219d0b1-bb90-4a4d-ac87-93e6af8a6a5c"	"M701"	"1662-01-01"	"1662-12-31"	"Synopsis (printed)"	"Synopsis"	"f"			"f"	"f"				"f"		"Goran Proot, Spectacula Iesuitica Belgica Antiqua (SIBA). Pars I: Provincia Flandro-Belgica (Antwerpen, 2008), p. 1-836"								
"0f76a4e7-2f68-4298-bbd2-5cb4f947666b"	"M730"	"1663-01-01"	"1663-12-31"	"Synopsis (printed)"	"Synopsis"	"f"	"Tragedy"		"f"	"f"				"f"	"166304"	"Goran Proot, Spectacula Iesuitica Belgica Antiqua (SIBA). Pars I: Provincia Flandro-Belgica (Antwerpen, 2008), p. 1-836"								
"633ffc57-d145-4c63-b28e-c8178ff5d66a"	"M732"	"1664-01-01"	"1664-12-31"	"Synopsis (printed)"	"Synopsis"	"f"			"f"	"f"				"f"	"166404"	"Goran Proot, Spectacula Iesuitica Belgica Antiqua (SIBA). Pars I: Provincia Flandro-Belgica (Antwerpen, 2008), p. 1-836"								
"be815750-8ce7-451e-ab3e-d8c98a011a88"	"M736"	"1664-01-01"	"1664-12-31"	"Synopsis (printed)"	"Synopsis"	"f"			"f"	"f"				"f"										
"61851a3d-1a7a-4d24-843a-e08834fc7ce7"	"M742"	"1665-01-01"	"1665-12-31"	"Synopsis (printed)"	"Synopsis"	"f"			"f"	"f"				"f"	"166504"									
"43504fa6-9558-4762-9b76-1a47804a0ec7"	"M743"	"1665-01-01"	"1665-12-31"	"Synopsis (printed)"	"Synopsis"	"f"			"f"	"f"				"f"	"166504"									
"a5e28f17-7323-4a87-b6a8-21050ee7eb32"	"M752"	"1666-01-01"	"1666-12-31"	"Synopsis (printed)"	"Synopsis"	"f"			"f"	"f"				"f"	"166604"	"Goran Proot, Spectacula Iesuitica Belgica Antiqua (SIBA). Pars I: Provincia Flandro-Belgica (Antwerpen, 2008), p. 1-836"								
"d36651da-ae27-4722-8441-c5136bd6dd43"	"M754"	"1666-01-01"	"1666-12-31"	"Synopsis (printed)"	"Synopsis"	"f"	"Tragedy"		"f"	"f"	"https://www.let.leidenuniv.nl/Dutch/Ceneton/Facsimiles/SJCasselAdonias1666"			"f"	"4"									
"1f3da80e-ddcd-4601-9f96-279f37aa8f15"	"M810"	"1678-01-01"	"1678-12-31"	"Synopsis (printed)"	"Synopsis"	"f"			"f"	"f"				"f"										
"ce660570-bef8-4b8a-a9b6-f6551dee0209"	"M831"	"1680-01-01"	"1680-12-31"	"Synopsis (printed)"	"Synopsis"	"f"	"Tragedy"		"f"	"f"				"f"	"4"	"Goran Proot, Spectacula Iesuitica Belgica Antiqua (SIBA). Pars I: Provincia Flandro-Belgica (Antwerpen, 2008), p. 1-836"								
"29c9af07-0a52-4719-bc1e-8d0c811742bc"	"M841"	"1682-01-01"	"1682-12-31"	"Synopsis (printed)"	"Synopsis"	"f"			"f"	"f"				"f"	"168208"									
"ce0a5a1b-450c-4021-8168-5d7560704c6d"	"M1103"	"1715-01-01"	"1715-12-31"	"Synopsis (printed)"	"Synopsis"	"f"			"f"	"f"			"http://anet.ua.ac.be/desktop/anet/core/index.phtml?language=&euser=&session=&service=opacua&robot=&deskservice=desktop&desktop=anet&workstation=&extra="	"f"				"https://anet.be/record/opacuantwerpen/c:lvd:14031503/N"						
"bf7e857a-0af7-48b6-9577-ab52fadbf0ab"	"M1137"	"1717-01-01"	"1717-12-31"	"Synopsis (printed)"	"Synopsis"	"f"	"Tragedy"		"f"	"f"			"http://anet.ua.ac.be/desktop/anet/core/index.phtml?language=&euser=&session=&service=opacua&robot=&deskservice=desktop&desktop=anet&workstation=&extra="	"f"				"https://anet.be/record/opacuantwerpen/c:lvd:14029061/N"						
"eceea297-b51f-4f29-b86c-ebcd2912b063"	"M1144"	"1718-01-01"	"1718-12-31"	"Synopsis (printed)"	"Synopsis"	"f"	"Tragedy"		"t"	"t"			"http://anet.ua.ac.be/desktop/anet/core/index.phtml?language=&euser=&session=&service=opacua&robot=&deskservice=desktop&desktop=anet&workstation=&extra="	"f"										
"ba0056f5-22c7-4fca-925f-3511c35a755c"	"M1154"	"1718-01-01"	"1718-12-31"	"Synopsis (printed)"	"Synopsis"	"f"			"f"	"f"			"http://anet.ua.ac.be/desktop/anet/core/index.phtml?language=&euser=&session=&service=opacua&robot=&deskservice=desktop&desktop=anet&workstation=&extra="	"f"				"https://anet.be/record/opacuantwerpen/c:lvd:14051212/N"						
"382257fc-52bb-4c0d-af84-6009935a569f"	"M1194"	"1721-01-01"	"1721-12-31"	"Synopsis (printed)"	"Synopsis"	"f"			"f"	"f"			"http://anet.ua.ac.be/desktop/anet/core/index.phtml?language=&euser=&session=&service=opacua&robot=&deskservice=desktop&desktop=anet&workstation=&extra="	"f"				"https://anet.be/record/opacuantwerpen/c:lvd:856958/N"						
"ac310c0d-7267-4666-ba27-b3f0381a8334"	"M1212"	"1722-01-01"	"1722-12-31"	"Synopsis (printed)"	"Synopsis"	"f"	"Comedy"		"f"	"f"			"http://anet.ua.ac.be/desktop/anet/core/index.phtml?language=&euser=&session=&service=opacua&robot=&deskservice=desktop&desktop=anet&workstation=&extra="	"f"				"https://anet.be/record/opacuantwerpen/c:lvd:14023792/N"						
"9cbbf26e-67ef-4e00-add0-41976458ed5a"	"M275"	"1616-01-01"	"1616-12-31"	"Synopsis (printed)"	"Synopsis"	"f"			"f"	"f"				"f"										
"1a9adf7e-37ef-4ac1-a6a1-a76aa1bc0d41"	"M293"	"1619-01-01"	"1619-12-31"	"Synopsis (printed)"	"Synopsis"	"f"			"f"	"f"			"https://reader.digitale-sammlungen.de/de/fs1/object/display/bsb10007739_00003.html"	"f"										
"322102cf-49b4-449b-9ca5-57a8b856aa48"	"M1291"	"1724-01-01"	"1724-12-31"	"Synopsis (printed)"	"Synopsis"	"f"	"Comedy"		"f"	"f"			"http://anet.ua.ac.be/desktop/anet/core/index.phtml?language=&euser=&session=&service=opacua&robot=&deskservice=desktop&desktop=anet&workstation=&extra="	"f"		"Goran Proot, Spectacula Iesuitica Belgica Antiqua (SIBA). Pars I: Provincia Flandro-Belgica (Antwerpen, 2008), p. 1-836"		"https://anet.be/record/opacuantwerpen/c:lvd:14049677/N"						
"47c44883-076e-46f7-8174-626ee998ce62"	"M40"	"1539-01-01"	"1539-12-31"	"Reprint"	"Full edition"	"f"			"f"	"f"				"f"	"153908 - b1 A3 re : b2 E4 $tua"									
"538736ae-c554-4dd8-a1a9-d7c353c0bea3"	"M509"	"1639-01-01"	"1639-12-31"	"Reprint"	"Full edition"	"f"			"f"	"f"				"f"										
"556ac184-321b-4475-860e-7dcaee23109b"	"M482"	"1639-01-01"	"1639-12-31"	"Reprint"	"Full edition"	"f"			"f"	"f"				"f"										
"e0a2f5cc-0007-4848-b442-9fc6d46acd6c"	"M486"	"1639-01-01"	"1639-12-31"	"Reprint"	"Full edition"	"f"			"f"	"f"				"f"										
"2dd26ce5-eeca-4dca-a44f-ad234837d28e"	"M501"	"1639-01-01"	"1639-12-31"	"Reprint"	"Full edition"	"f"			"f"	"f"				"f"	"b1 M uid : b2 O2 loqu"									
"95ed33ff-b9f7-4126-9593-e42d2ce00a61"	"M511"	"1639-01-01"	"1639-12-31"	"Reprint"	"Full edition"	"f"			"f"	"f"				"f"	"000008 - a1 G4 und - b1 G5 $no : b2 I5 s,$"									
"80b756b6-2853-432f-89da-905188d7c5f4"	"M512"	"1639-01-01"	"1639-12-31"	"Reprint"	"Full edition"	"f"			"f"	"f"				"f"										
"388462d6-328f-47cb-a3ba-6c9ad8a341cc"	"M1090"	"1714-01-01"	"1714-12-31"	"Synopsis (printed)"	"Synopsis"	"f"			"f"	"f"				"f"						"https://lib.ugent.be/catalog/rug01:000792831"				
"98660324-294a-4cd6-acb4-7eb33b726f9a"	"M1178"	"1720-01-01"	"1720-12-31"	"Synopsis (printed)"	"Synopsis"	"f"	"Tragedy"		"f"	"f"	"https://www.let.leidenuniv.nl/Dutch/Ceneton/Facsimiles/AugustijnenOrigenon1720"		"https://books.google.be/books?id=c_xLAAAAcAAJ&printsec=frontcover&hl=nl&source=gbs_ge_summary_r&cad=0#v=onepage&q&f=false"	"f"										
"a293b685-ceaa-412c-9b3e-9f8856167ab4"	"M430"	"1634-01-01"	"1634-12-31"	"Reprint"	"Full edition"	"f"	"Tragedy"		"f"	"f"				"f"	"163408 - b1 L M : b2 N2 m$t"									
"f674c8b7-8c0f-4b90-85fd-c69a3be4033a"	"M83"	"1544-01-01"	"1544-12-31"	"First Printing"	"Full edition"	"f"			"t"	"t"		"https://www.let.leidenuniv.nl/Dutch/Ceneton/GnapheusHypocrisis1544.html"	"https://reader.digitale-sammlungen.de/resolve/display/bsb10926445.html"	"f"										
"cdb126b7-e557-4fd8-b9ba-fda98f23ede4"	"M559"	"1646-01-01"	"1646-12-31"	"First Printing"	"Full edition"	"f"	"Comedy"		"f"	"f"				"f"	"164608 - b1 O ing : b2 R6 n."									
"ed9685f0-71c1-4485-a067-2d3b36fed53b"	"M560"	"1646-01-01"	"1646-12-31"	"First Printing"	"Full edition"	"f"	"Comedy"		"f"	"f"				"f"	"164612 - a1 *2 s$Os : a2 A S$a - b1 A2 oppen : b2 D6 n$Va"									
"322f749b-6f86-4e5c-97e3-5e950120fdb7"	"M561"	"1646-01-01"	"1646-12-31"	"First Printing"	"Full edition"	"f"	"Comedy"		"f"	"f"				"f"	"164608 - b1 E2 van$d : b2 I3 $ete"									
"4cbda9c0-2a1d-4089-a72d-1c6c153d081c"	"M562"	"1646-01-01"	"1646-12-31"	"First Printing"	"Full edition"	"f"	"Comedy"		"f"	"f"				"f"	"164608 - a1 I5 $sen - b1 I6 dat : b2 N6 $en$k"									
"3689cca3-2e61-4100-9c60-e6687a5cf943"	"M563"	"1646-01-01"	"1646-12-31"	"First Printing"	"Full edition"	"f"			"f"	"f"				"f"	"164608 - a1 Y pu - b1 Y2 van$ : b2 Cc wete - c1 Cc2 9 : Cc4 anim"									
"6203b402-3691-4239-b970-a3445f13e525"	"M564"	"1646-01-01"	"1646-12-31"	"First Printing"	"Full edition"	"f"	"Comedy"		"f"	"f"				"f"	"164608 - b1 S ch : b2 Xl,6 $ic"									
"a49cbfb2-c54e-440d-bfe0-1cda290620d8"	"M582"	"1646-01-01"	"1646-12-31"	"Reprint"	"Full edition"	"f"	"Comedy"		"f"	"f"				"f"							"https://catalogue.bnf.fr/ark:/12148/cb425337199"			
"1c28c459-9a44-4951-a45d-3c06538a48c5"	"M583"	"1646-01-01"	"1646-12-31"	"Reprint"	"Full edition"	"f"	"Comedy"		"f"	"f"				"f"	"165012 - a1 A S$a : b1 A2 lopp : b2 D6 ader"						"https://catalogue.bnf.fr/ark:/12148/cb425337199"			
"39dbf449-67a5-43f3-8741-c9f50c548d9c"	"M584"	"1646-01-01"	"1646-12-31"	"Reprint"	"Full edition"	"f"	"Comedy"		"f"	"f"				"f"							"https://catalogue.bnf.fr/ark:/12148/cb425337199"			
"57e53fb0-c216-40eb-9d78-ff9366863c80"	"M585"	"1646-01-01"	"1646-12-31"	"Reprint"	"Full edition"	"f"	"Comedy"		"f"	"f"				"f"							"https://catalogue.bnf.fr/ark:/12148/cb425337199"			
"ac095dcf-21d2-4810-89b1-db35fe3504a4"	"M586"	"1646-01-01"	"1646-12-31"	"Reprint"	"Full edition"	"f"	"Comedy"		"f"	"f"				"f"							"https://catalogue.bnf.fr/ark:/12148/cb425337199"			
"d68e0317-2fa9-480c-a24e-3b6e826212e7"	"M587"	"1646-01-01"	"1646-12-31"	"Reprint"	"Full edition"	"f"	"Comedy"		"f"	"f"				"f"							"https://catalogue.bnf.fr/ark:/12148/cb425337199"			
"da5a285d-0fa1-46b8-b422-a7d9ce94d15a"	"M711"	"1663-01-01"	"1663-12-31"	"Reprint"	"Full edition"	"f"			"f"	"f"			"https://books.google.nl/books?id=1jlBAAAAcAAJ&printsec=frontcover&dq=Belgica+interpretatione&hl=nl&sa=X&ved=0ahUKEwiGoZ3W-vvJAhVDpw4KHV2gACcQ6AEIKTAC#v=onepage&q=Belgica%20interpretatione&f=false"	"f"	"166308 - b1 V g : b2 Bb4 at$ma"									
"1874e3b9-514e-40a6-8adf-71262c98291c"	"M713"	"1663-01-01"	"1663-12-31"	"Reprint"	"Full edition"	"f"			"f"	"f"			"https://books.google.nl/books?id=1jlBAAAAcAAJ&printsec=frontcover&dq=Belgica+interpretatione&hl=nl&sa=X&ved=0ahUKEwiGoZ3W-vvJAhVDpw4KHV2gACcQ6AEIKTAC#v=onepage&q=Belgica%20interpretatione&f=false"	"f"	"166308 - a1 *2 o,$q : a2 A TU - b1 A2 $uyt : b2 F4 uldi"									
"a78a7976-62ed-4fb0-9de1-83161a054709"	"M715"	"1663-01-01"	"1663-12-31"	"Reprint"	"Full edition"	"f"			"f"	"f"			"https://books.google.nl/books?id=1jlBAAAAcAAJ&printsec=frontcover&dq=Belgica+interpretatione&hl=nl&sa=X&ved=0ahUKEwiGoZ3W-vvJAhVDpw4KHV2gACcQ6AEIKTAC#v=onepage&q=Belgica%20interpretatione&f=false"	"f"	"166308 - a1 G a. - b1 G2 an$de : b2 N4 dien"									
"8442c596-95a9-4f01-83e6-24470e488dfb"	"M717"	"1663-01-01"	"1663-12-31"	"Reprint"	"Full edition"	"f"			"f"	"f"			"https://books.google.nl/books?id=1jlBAAAAcAAJ&printsec=frontcover&dq=Belgica+interpretatione&hl=nl&sa=X&ved=0ahUKEwiGoZ3W-vvJAhVDpw4KHV2gACcQ6AEIKTAC#v=onepage&q=Belgica%20interpretatione&f=false"	"f"	"166308 - "									
"dc2b0a50-5ad0-4315-a691-99baa69c290b"	"M719"	"1663-01-01"	"1663-12-31"	"Reprint"	"Full edition"	"f"	"Comedy"		"f"	"f"			"https://books.google.nl/books?id=1jlBAAAAcAAJ&printsec=frontcover&dq=Belgica+interpretatione&hl=nl&sa=X&ved=0ahUKEwiGoZ3W-vvJAhVDpw4KHV2gACcQ6AEIKTAC#v=onepage&q=Belgica%20interpretatione&f=false"	"f"	"166308 - b1 Kk se$d : b2 Pp ND - c1 Pp2 m$ha : c1 Qq3 dè$dicta"									
"7a69ec0b-82ad-467c-9905-676e4a2ac618"	"M721"	"1663-01-01"	"1663-12-31"	"Reprint"	"Full edition"	"f"			"f"	"f"			"https://books.google.nl/books?id=1jlBAAAAcAAJ&printsec=frontcover&dq=Belgica+interpretatione&hl=nl&sa=X&ved=0ahUKEwiGoZ3W-vvJAhVDpw4KHV2gACcQ6AEIKTAC#v=onepage&q=Belgica%20interpretatione&f=false"	"f"	"166308 - "									
"efff411b-9907-4714-922f-cde0726cd00a"	"M637"	"1655-01-01"	"1655-12-31"	"Synopsis (printed)"	"Synopsis"	"f"			"f"	"f"				"f"		"Goran Proot, Spectacula Iesuitica Belgica Antiqua (SIBA). Pars I: Provincia Flandro-Belgica (Antwerpen, 2008), p. 1-836"								
"efa1a4a0-1dc5-4482-afbe-6408200d3ba0"	"M731"	"1664-01-01"	"1664-12-31"	"Synopsis (printed)"	"Synopsis"	"f"			"f"	"f"	"https://www.let.leidenuniv.nl/Dutch/Ceneton/Facsimiles/SJPhoebusGent1664"			"f"										
"3c58f1d7-fce2-4e58-b21a-0f42bd0ad269"	"M733"	"1664-01-01"	"1664-12-31"	"Synopsis (printed)"	"Synopsis"	"f"			"f"	"f"				"f"		"Goran Proot, Spectacula Iesuitica Belgica Antiqua (SIBA). Pars I: Provincia Flandro-Belgica (Antwerpen, 2008), p. 1-836"								
"b051ba84-a5ee-48b8-91c7-1d3c1105c253"	"M735"	"1664-01-01"	"1664-12-31"	"Synopsis (printed)"	"Synopsis"	"f"			"f"	"f"				"f"	"4"									
"bbd0c7c4-368b-4eee-955d-340a5e6e16fd"	"M737"	"1664-01-01"	"1664-12-31"	"Synopsis (printed)"	"Synopsis"	"f"			"f"	"f"				"f"										
"b4685920-cd28-44f2-baba-d05d0a31c125"	"M746"	"1665-01-01"	"1665-12-31"	"Synopsis (printed)"	"Synopsis"	"f"			"f"	"f"				"f"										
"55896634-2410-49a0-8bcd-2bb53c5cc147"	"M756"	"1666-01-01"	"1666-12-31"	"Synopsis (printed)"	"Synopsis"	"f"			"f"	"f"				"f"	"4"									
"70e210d8-9961-41aa-8af0-4b3c5514a118"	"M758"	"1666-01-01"	"1666-12-31"	"Synopsis (printed)"	"Synopsis"	"f"			"f"	"f"				"f"		"Goran Proot, Spectacula Iesuitica Belgica Antiqua (SIBA). Pars I: Provincia Flandro-Belgica (Antwerpen, 2008), p. 1-836"								
"b58eb28e-95d9-49dd-84ca-f5cbe1caa9cd"	"M760"	"1666-01-01"	"1666-12-31"	"Synopsis (printed)"	"Synopsis"	"f"			"f"	"f"				"f"	"4"	"Goran Proot, Spectacula Iesuitica Belgica Antiqua (SIBA). Pars I: Provincia Flandro-Belgica (Antwerpen, 2008), p. 1-836"								
"50dc0134-9dbd-4e7c-a95c-ae1e07b024a2"	"M786"	"1672-01-01"	"1672-12-31"	"Synopsis (printed)"	"Synopsis"	"f"			"f"	"f"			"http://books.google.be/books?id=ScQ8AAAAcAAJ&printsec=frontcover&hl=nl&source=gbs_ge_summary_r&cad=0#v=onepage&q&f=false"	"f"		"Goran Proot, Spectacula Iesuitica Belgica Antiqua (SIBA). Pars I: Provincia Flandro-Belgica (Antwerpen, 2008), p. 1-836"				"https://lib.ugent.be/catalog/rug01:001305430"				
"8ba1d7d0-1877-4c64-a747-bd541b9e960f"	"M828"	"1680-01-01"	"1680-12-31"	"Synopsis (printed)"	"Synopsis"	"f"			"f"	"f"				"f"	"000004 - b1 A2 eldig"	"Goran Proot, Spectacula Iesuitica Belgica Antiqua (SIBA). Pars I: Provincia Flandro-Belgica (Antwerpen, 2008), p. 1-836"								
"254052aa-0727-4d45-ad16-6f08bae7acc1"	"M842"	"1682-01-01"	"1682-12-31"	"Fragment"	"Fragment"	"f"			"f"	"f"				"f"		"Goran Proot, Spectacula Iesuitica Belgica Antiqua (SIBA). Pars I: Provincia Flandro-Belgica (Antwerpen, 2008), p. 1-836"	"Koppelen op M- of E-niveau aan Ceneton045070"							
"9ed73071-5d4e-4f03-9e53-a5c0cb40ab8c"	"M847"	"1682-01-01"	"1682-12-31"	"Synopsis (printed)"	"Synopsis"	"f"			"f"	"f"			"http://books.google.be/books?id=WsQ8AAAAcAAJ&printsec=frontcover&hl=nl&source=gbs_ge_summary_r&cad=0#v=onepage&q&f=false"	"f"		"Goran Proot, Spectacula Iesuitica Belgica Antiqua (SIBA). Pars I: Provincia Flandro-Belgica (Antwerpen, 2008), p. 1-836"	"Koppelen op M- of E-niveau aan Ceneton049320"			"https://lib.ugent.be/catalog/rug01:001305436"			"https://books.google.be/books?vid=GENT900000082120&printsec=frontcover#v=onepage&q&f=false"	
"62ed9c0e-a2ad-4d18-8498-5c7df9cebe8a"	"M243"	"1610-01-01"	"1610-12-31"	"First Printing"	"Full edition"	"f"	"Tragedy"		"t"	"t"			"http://books.google.be/books?id=fHETAAAAQAAJ&printsec=frontcover&hl=nl&source=gbs_ge_summary_r&cad=0#v=onepage&q&f=false"	"f"	"161008 - a1 A2 urop : a2 B4 $G - b1 B3 it,$si : b2 H5 are$ne"				"https://opac.kbr.be/LIBRARY/doc/SYRACUSE/17210238"			"https://opc-kb.oclc.org/DB=1/XMLPRS=Y/PPN?PPN=266286631"		
"25d8086c-a035-44aa-937b-d92386d9b8e9"	"M299"	"1620-01-01"	"1620-12-31"	"Reprint"	"Full edition"	"f"	"Tragedy"		"f"	"f"				"f"	"162012 - b1 A o : b2 C6 e$quo"									
"e8f6d848-0517-41a2-b432-12a505b28470"	"M132"	"1564-01-01"	"1564-01-01"		"Full edition"	"f"			"t"	"t"			"https://books.google.nl/books?id=r9RJmlyPBVkC&printsec=frontcover&hl=nl&source=gbs_ge_summary_r&cad=0#v=onepage&q&f=false"	"f"										
"0d514b1c-ae9c-4674-87c6-679d9c866553"	"M195"	"1598-01-01"	"1598-12-31"	"First Printing"	"Full edition"	"f"	"Tragedy"		"t"	"t"				"f"	"159804 - a1 *2 Bel : a2 *3 ,$ - b1 A MP : b2 F3 irit"									
"6bb1e054-68b2-48b5-a3f8-a105ac6e4422"	"M202"	"1599-01-01"	"1599-12-31"	"First Printing"	"Full edition"	"f"	"Tragedy"		"f"	"f"				"f"	"159908 - a1 a2 d$ab - b1 B u : b2 c4 $puer"									
"2891ace9-e52c-47ff-be40-39e96fc8f51c"	"M609"	"1650-01-01"	"1650-12-31"	"Synopsis (printed)"	"Synopsis"	"f"	"Tragedy"		"f"	"f"				"f"		"Goran Proot, Spectacula Iesuitica Belgica Antiqua (SIBA). Pars I: Provincia Flandro-Belgica (Antwerpen, 2008), p. 1-836"								
"8d80fdbf-6ea7-4d0a-93ad-1abff59168e7"	"M678"	"1660-01-01"	"1660-12-31"	"Synopsis (printed)"	"Synopsis"	"f"			"f"	"f"				"f"	"4"									
"9cd11580-dd02-4f40-b5b5-509e640aa29e"	"M526"	"1640-01-01"	"1640-12-31"	"Synopsis (printed)"	"Synopsis"	"f"			"f"	"f"				"f"		"Goran Proot, Spectacula Iesuitica Belgica Antiqua (SIBA). Pars I: Provincia Flandro-Belgica (Antwerpen, 2008), p. 1-836"								
"c36f04d0-4f73-4cd2-be8c-2c10d22272db"	"M244"	"1610-01-01"	"1610-12-31"	"Synopsis (printed)"	"Synopsis"	"f"	"Tragicomedy"		"f"	"f"				"f"									"https://books.google.nl/books?id=iOQ9AAAAcAAJ&hl=nl&pg=PP1#v=onepage&q&f=false"	
"1c7a84e5-3a1f-422a-8aff-6744ceadf5e5"	"M31"	"1534-01-01"	"1540-12-31"	"Reprint"	"Full edition"	"f"	"Comedy"	"Sacred comedy"	"f"	"f"				"f"										
"8eac8e25-0fd6-41de-a559-f6675284acb5"	"M72"	"1541-01-01"	"1541-12-31"	"Reprint"	"Full edition"	"f"	"Comedy"	"Sacred comedy"	"f"	"f"				"f"										
"af63e928-57de-4328-ac25-e21764f54ca9"	"M76"	"1542-01-01"	"1542-12-31"	"Reprint"	"Full edition"	"f"	"Comedy"		"f"	"f"				"f"	"154208 - a1 Aij t$poß : a2 Aiiij ne$grau - b1 B $i : b2 Eij mptè$m"									
"cd983fd2-d905-49c8-a353-246fa12baf05"	"M624"	"1653-01-01"	"1653-12-31"	"Synopsis (printed)"	"Synopsis"	"f"			"f"	"f"				"f"										
"af1123f0-e06e-4cfa-9a50-bb8785e23a9d"	"M141"	"1570-01-01"	"1570-12-31"	"First Printing"	"Full edition"	"f"	"Comedy"	"Sacred comedy"	"f"	"f"	"https://www.let.leidenuniv.nl/Dutch/Ceneton/Facsimiles/SchonaeusNehemias1570"	"https://www.let.leidenuniv.nl/Dutch/Ceneton/SchonaeusNehemias1570.html"		"f"	"157008 - b1 A2 sp : a2 A4 en, - b1 A5 oedia : b2 D4 $in$"									
"443ace9e-6f55-4dc0-be82-1a9fed98defc"	"M152"	"1580-01-01"	"1580-12-31"	"Reprint"	"Full edition"	"f"			"f"	"f"				"f"										
"8b8e8cf4-ffaa-4332-b835-a26ad6b8d818"	"M153"	"1581-01-01"	"1581-12-31"	"Reprint"	"Full edition"	"f"	"Comedy"		"f"	"f"				"f"	"158108 - a1 A2 m$ : a2 A4 ssu - b1 A5 pta$ : b2 D5 bi$ar"									
"a1679d12-9c3c-49f2-ad2c-5339bc17bdd9"	"M154"	"1581-01-01"	"1581-12-31"	"Reprint"	"Full edition"	"f"			"f"	"f"	"https://www.let.leidenuniv.nl/Dutch/Ceneton/Facsimiles/SchonaeusSaulus1581"			"f"										
"7fa39720-684f-410b-8140-738d4be2c341"	"M159"	"1589-01-01"	"1589-12-31"	"Reprint"	"Full edition"	"f"								"f"										
"4ee2cf42-67f7-4944-96a0-dbfbf8df8dde"	"M1123"	"1716-01-01"	"1716-12-31"	"Synopsis (printed)"	"Synopsis"	"f"			"f"	"f"				"f"					"https://opac.kbr.be/LIBRARY/doc/SYRACUSE/18400167"					
"edbe7fab-9490-4932-b46c-3ad72751db19"	"M217"	"1600-01-01"	"1600-12-31"	"Reprint"	"Full edition"	"f"	"Tragedy"		"f"	"f"				"f"	"160008 - b1 AA2 axume$o : b2 DD5 is$"									
"a789a3e6-5400-4d42-9e49-d11d76b22775"	"M658"	"1657-01-01"	"1657-12-31"	"First Printing"	"Full edition"	"f"			"t"	"t"		"https://www.let.leidenuniv.nl/Dutch/Ceneton/EndenPhiledonius1657.html"		"f"	"165704 - a1 *2 ch$l - b1 A ra : b2 Ee od$"									
"fa2751a2-6716-4493-957e-c580dcf574bb"	"M1160"	"1719-01-01"	"1719-12-31"	"Synopsis (printed)"	"Synopsis"	"f"			"f"	"f"				"f"			"Koppelen op M- of E-niveau aan Ceneton006400"			"https://lib.ugent.be/catalog/rug01:000792945"				
"ec9381ff-fc61-46a7-ad65-01a169badc92"	"M1161"	"1719-01-01"	"1719-12-31"	"Synopsis (printed)"	"Synopsis"	"f"			"f"	"f"				"f"			"Koppelen op M- of E-niveau aan Ceneton006390"			"https://lib.ugent.be/catalog/rug01:000792943"				
"34ffa0ff-0b74-49a7-bbbd-848db7faf0ef"	"M1408"	"1728-01-01"	"1728-12-31"	"Synopsis (printed)"	"Synopsis"	"f"			"f"	"f"				"f"										
"6c307ee8-161b-4fc1-9e4a-c9301ecb0490"	"M1425"	"1728-01-01"	"1728-12-31"	"Synopsis (printed)"	"Synopsis"	"f"			"f"	"f"				"f"										
"acedae5f-b3ec-4f71-9c39-0c60f7390ef0"	"M1515"	"1730-01-01"	"1730-12-31"	"Synopsis (printed)"	"Synopsis"	"f"			"f"	"f"				"f"	"2"									
"c01d2272-4870-4d85-9bf5-62b1bcded045"	"M1518"	"1730-01-01"	"1730-12-31"	"Synopsis (printed)"	"Synopsis"	"f"	"Comedy"		"f"	"f"				"f"	"2"									
"bc64c0c4-50c7-4048-b515-a8d0a9727d45"	"M270"	"1615-01-01"	"1615-12-31"	"First Printing"	"Full edition"	"f"			"t"	"t"				"f"	"162508 - a1 A2 .$ad - a2 A5 $pa - b1 B gn : b2 D5 agit"									
"f85b2289-8611-4b34-8159-f0b27b96e3ba"	"M279"	"1617-01-01"	"1617-12-31"	"First Printing"	"Full edition"	"f"			"t"	"t"			"http://books.google.be/books?id=xLATAAAAQAAJ&printsec=frontcover&hl=nl&source=gbs_ge_summary_r&cad=0#v=onepage&q&f=false"	"f"										
"73e515b0-102a-4a7e-ad62-bafd5e8254f8"	"M329"	"1624-01-01"	"1624-12-31"	"First Printing"	"Full edition"	"f"	"Tragedy"		"f"	"f"				"f"										
"3ef61831-ab84-43f7-bb15-e5c8474b3a3e"	"M381"	"1631-01-01"	"1631-12-31"	"Reprint"	"Full edition"	"f"			"f"	"f"				"f"										
"ac1ff9c5-c6e4-44db-a7e0-11e13b748a0f"	"M382"	"1631-01-01"	"1631-12-31"	"Reprint"	"Full edition"	"f"			"f"	"f"				"f"										
"19aa25eb-eb7d-4a75-9ba9-a5d5ef641af7"	"M386"	"1631-01-01"	"1631-12-31"	"First Printing"	"Full edition"	"f"			"f"	"f"				"f"										
"1b3e9fb0-8714-44ac-9ea5-6450d4642394"	"M387"	"1631-01-01"	"1631-12-31"	"Reprint"	"Full edition"	"f"			"f"	"f"				"f"										
"eac786c1-bdc6-43aa-8783-6bf1298f062c"	"M388"	"1631-01-01"	"1631-12-31"	"Reprint"	"Full edition"	"f"	"Tragedy"		"f"	"f"	"https://www.let.leidenuniv.nl/Dutch/Ceneton/Facsimiles/VernulaeusHenricusVIII1631"			"f"										
"709dac17-8672-472a-8942-93cc64b07d29"	"M389"	"1631-01-01"	"1631-12-31"	"First Printing"	"Full edition"	"f"			"f"	"f"				"f"										
"b2e726f8-34cf-4254-b3b6-3ba81a2a017a"	"M394"	"1631-01-01"	"1631-12-31"	"Reprint"	"Full edition"	"f"	"Tragedy"		"f"	"f"				"f"										
"0f15e2e7-f17e-4efa-b0ac-2c80a2b1f79b"	"M396"	"1631-01-01"	"1631-12-31"	"First Printing"	"Full edition"	"f"			"f"	"f"				"f"										
"cd40439b-c996-4146-8915-b9eb76af4198"	"M397"	"1631-01-01"	"1631-12-31"	"First Printing"	"Full edition"	"f"			"f"	"f"				"f"										
"0206ca85-3449-4a08-85cf-2af26049bda0"	"M398"	"1631-01-01"	"1631-12-31"	"First Printing"	"Full edition"	"f"			"f"	"f"				"f"										
"c65015f4-3a29-4131-a409-84e1944c4d84"	"M399"	"1631-01-01"	"1631-12-31"	"First Printing"	"Full edition"	"f"			"f"	"f"				"f"										
"20558668-4171-422f-831e-0c25d23364a7"	"M242"	"1610-01-01"	"1610-12-31"	"First Printing"	"Full edition"	"f"			"t"	"t"				"f"										
"3bea714f-4c19-4c79-ac5b-1e7369784c36"	"M95"	"1549-01-01"	"1549-12-31"	"First Printing"	"Full edition"	"f"			"t"	"t"			"https://books.google.nl/books?id=i28TAAAAQAAJ&printsec=frontcover&dq=eutrachelus&hl=nl&sa=X&ved=0ahUKEwiYnsnRvoPKAhXCgQ8KHS7VAsEQ6AEIJTAB#v=onepage&q=eutrachelus&f=false"	"f"										
"673c51d3-20b4-401a-a4bc-36e33e6d948a"	"M554"	"1645-01-01"	"1645-12-31"	"Reprint"	"Full edition"	"f"			"f"	"f"			"https://books.google.nl/books?id=El8kPQOkSDgC&pg=PA7&dq=Rodericus+fatalis&hl=nl&sa=X&ved=0ahUKEwi2_7OT3KbnAhXSalAKHd95BDAQ6AEIKjAA#v=onepage&q=Rodericus%20fatalis&f=false"	"f"										
"1839f9f8-fdb1-4524-ba3a-24f8442aa262"	"M557"	"1645-01-01"	"1645-12-31"	"Reprint"	"Full edition"	"f"			"f"	"f"			"https://books.google.nl/books?id=El8kPQOkSDgC&pg=PA7&lpg=PA7&dq=Rodericus+fatalis&source=bl&ots=l8jhdoVrQr&sig=ACfU3U16Uw8tcCzozJ8hOZd9qIQeyCtgIw&hl=nl&sa=X&ved=2ahUKEwikzoP8yofiAhXFZVAKHQ9ODCEQ6AEwBnoECAMQAQ#v=onepage&q=Rodericus%20fatalis&f=false"	"f"										
"a39a6f57-d940-41e5-90f4-a6c2679c2926"	"M133"	"1564-01-01"	"1564-12-31"	"Reprint"	"Full edition"	"f"			"f"	"f"				"f"										
"eee9033e-d3d9-45db-a00a-9bf86c446e6a"	"M688"	"1661-01-01"	"1661-12-31"	"First Printing"	"Full edition"	"f"			"f"	"f"		"https://www.let.leidenuniv.nl/Dutch/Ceneton/Canisius.html"		"f"	"166108 - a1 * i - b1 A RA : b2 R es"									
"fd0aecfc-72c8-48e5-9bbf-a2f878d42e0f"	"M689"	"1661-01-01"	"1661-12-31"	"First Printing"	"Full edition"	"f"			"f"	"f"				"f"	"166108 - a1 C C$ - b1 Cij $Vir : b2 C4 $hoc"									
"b2b11a38-62d0-4fcd-9809-f67f3695ea21"	"M136"	"1567-01-01"	"1567-12-31"	"Reprint"	"Full edition"	"f"			"f"	"f"				"f"										
"3932a26a-2161-4592-8122-1b62583cb74e"	"M1114"	"1716-01-01"	"1716-12-31"	"Synopsis (printed)"	"Synopsis"	"f"			"f"	"f"			"http://books.google.be/books?id=nlFbAAAAQAAJ&printsec=frontcover&hl=nl&source=gbs_ge_summary_r&cad=0#v=onepage&q&f=false"	"f"										
"300fad39-2438-469b-a988-6263aa039ba9"	"M1369"	"1726-01-01"	"1726-12-31"	"Synopsis (printed)"	"Synopsis"	"f"			"f"	"f"			"http://books.google.be/books?id=oFFbAAAAQAAJ&printsec=frontcover&hl=nl&source=gbs_ge_summary_r&cad=0#v=onepage&q&f=false"	"f"										
"c61b61cf-1888-4271-922b-4ec3462f0e67"	"M1397"	"1727-01-01"	"1727-12-31"	"Synopsis (printed)"	"Synopsis"	"f"			"f"	"f"				"f"										
"20cda6d9-d0ed-4a25-bc90-8a484295ea6c"	"M2247"	"1735-01-01"	"1745-12-31"	"Reprint"	"Full edition"	"f"			"f"	"f"				"f"										
"45a3e14f-fc94-4cb1-89ce-5655bb459140"	"M755"	"1666-01-01"	"1666-12-31"	"Synopsis (printed)"	"Synopsis"	"f"			"f"	"f"				"f"	"4"									
"456dd1ab-bb57-4e3a-9967-6270344a9929"	"M757"	"1666-01-01"	"1666-12-31"	"Synopsis (printed)"	"Synopsis"	"f"	"Comedy"	"Farce"	"f"	"f"				"f"	"4"									
"371ec110-7f71-445b-8061-2695a6ba2ac6"	"M1864"	"1752-01-01"	"1752-12-31"	"Reprint"	"Full edition"	"f"			"f"	"f"				"f"										
"120ed334-cbe4-4533-a71f-35477c2af61a"	"M401"	"1632-01-01"	"1632-12-31"	"Reprint"	"Full edition"	"f"	"Tragedy"		"t"	"t"		"https://www.let.leidenuniv.nl/Dutch/Ceneton/HeinsiusHerodes1632.html"	"http://books.google.nl/books?id=mzw8AAAAcAAJ&printsec=frontcover&dq=herodes+infanticida&hl=nl&sa=X&ei=UsX2UcPCEo3VPK30gJgJ&ved=0CDQQ6AEwAA#v=onepage&q=herodes%20infanticida&f=false"	"f"	"163208 - a1 A2 t,$q : a2 A4 endae - b1 B a$t : b2 E2 plen - c1 E4 s$oon$ : c2 E5 pon$hek"									
"e8399227-24b2-46e2-86cc-7966046d40c0"	"M294"	"1620-01-01"	"1620-12-31"	"First Printing"	"Full edition"	"f"	"Comedy"		"t"	"t"			"https://books.google.nl/books?id=OduFMdLsZcwC&pg=PA241&lpg=PA241&dq=PISTOCLERV+s+adolefcens&source=bl&ots=rcTjn32drm&sig=ACfU3U3aopy000jqMPcLnuhZc1BBAbkMlA&hl=nl&sa=X&ved=2ahUKEwi1nqGGv7fuAhXD1qQKHWHSBUwQ6AEwAXoECAIQAg#v=onepage&q=PISTOCLERV%20s%20adolefcens&f=false"	"f"										
"4fc3844d-2436-428d-b485-b0838e44cc46"	"M364"	"1629-01-01"	"1629-12-31"	"Synopsis (printed)"	"Synopsis"	"f"			"f"	"f"				"f"		"Goran Proot, Spectacula Iesuitica Belgica Antiqua (SIBA). Pars I: Provincia Flandro-Belgica (Antwerpen, 2008), p. 1-836"								
"aefc7452-599f-4a75-b5e1-930c99c955fb"	"M368"	"1629-01-01"	"1629-12-31"	"Synopsis (printed)"	"Synopsis"	"f"	"Tragedy"		"f"	"f"				"f"		"Goran Proot, Spectacula Iesuitica Belgica Antiqua (SIBA). Pars I: Provincia Flandro-Belgica (Antwerpen, 2008), p. 1-836"								
"f900fcc5-a06b-4539-a727-ca290671b2c4"	"M1001"	"1702-01-01"	"1702-12-31"	"Synopsis (printed)"	"Synopsis"	"f"			"f"	"f"				"f"										
"5af13dc9-0680-4b9e-99f5-d85e8e65f9f1"	"M1003"	"1702-01-01"	"1702-12-31"	"Synopsis (printed)"	"Synopsis"	"f"			"f"	"f"				"f"										
"1fed316b-d3ab-4603-947b-981d9effd7ed"	"M1010"	"1703-01-01"	"1703-12-31"	"Synopsis (printed)"	"Synopsis"	"f"	"Tragedy"		"f"	"f"				"f"		"Goran Proot, Spectacula Iesuitica Belgica Antiqua (SIBA). Pars I: Provincia Flandro-Belgica (Antwerpen, 2008), p. 1-836"								
"fea52e89-d826-46fb-82b6-c841e8767ada"	"M1029"	"1704-01-01"	"1704-12-31"	"Synopsis (printed)"	"Synopsis"	"f"	"Tragedy"		"f"	"f"				"f"		"Goran Proot, Spectacula Iesuitica Belgica Antiqua (SIBA). Pars I: Provincia Flandro-Belgica (Antwerpen, 2008), p. 1-836"								
"942a8803-6b9e-4a90-9f2a-94ee4b1a3f16"	"M1030"	"1704-01-01"	"1704-12-31"	"Synopsis (printed)"	"Synopsis"	"f"	"Tragedy"		"f"	"f"				"f"		"Goran Proot, Spectacula Iesuitica Belgica Antiqua (SIBA). Pars I: Provincia Flandro-Belgica (Antwerpen, 2008), p. 1-836"								
"87369cf8-a7ae-4ab8-a700-c16e85e906c6"	"M1039"	"1705-01-01"	"1705-12-31"	"Synopsis (printed)"	"Synopsis"	"f"			"f"	"f"				"f"		"Goran Proot, Spectacula Iesuitica Belgica Antiqua (SIBA). Pars I: Provincia Flandro-Belgica (Antwerpen, 2008), p. 1-836"								
"812f44b0-1b38-4081-828b-dd0c052782bb"	"M1051"	"1708-01-01"	"1708-12-31"	"Synopsis (printed)"	"Synopsis"	"f"			"f"	"f"				"f"			"Koppelen op M- of E-niveau aan het ID met hetelfde Ceneton_ID"			"https://lib.ugent.be/catalog/rug01:000792543"				
"b9774058-77cf-4c52-9169-085a5ee0bdad"	"M1052"	"1708-01-01"	"1708-12-31"	"Synopsis (printed)"	"Synopsis"	"f"			"f"	"f"				"f"			"Koppelen op M- of E-niveau aan het ID met hetelfde Ceneton_ID"			"https://lib.ugent.be/catalog/rug01:000792545"				
"1e8b5945-6261-4e69-a546-9bd3363d95d4"	"M1055"	"1709-01-01"	"1709-12-31"	"Synopsis (printed)"	"Synopsis"	"f"			"f"	"f"			"http://anet.ua.ac.be/desktop/anet/core/index.phtml?language=&euser=&session=&service=opacua&robot=&deskservice=desktop&desktop=anet&workstation=&extra="	"f"										
"8bb20c75-6550-4773-ac35-c7abacf33b1b"	"M1058"	"1710-01-01"	"1710-12-31"	"Synopsis (printed)"	"Synopsis"	"f"	"Tragedy"		"f"	"f"				"f"		"Goran Proot, Spectacula Iesuitica Belgica Antiqua (SIBA). Pars I: Provincia Flandro-Belgica (Antwerpen, 2008), p. 1-836"								
"0b6612de-f4d1-419f-9d77-b48e22aa5d6c"	"M1061"	"1710-01-01"	"1710-12-31"	"Synopsis (printed)"	"Synopsis"	"f"			"f"	"f"				"f"			"Koppelen op M- of E-niveau aan Ceneton006380"			"https://lib.ugent.be/catalog/rug01:000792644"				
"251615fb-654b-45e6-8049-66f3a47b7a08"	"M1071"	"1711-01-01"	"1711-12-31"	"Synopsis (printed)"	"Synopsis"	"f"			"f"	"f"				"f"			"Koppelen op M- of E-niveau aan Ceneton006830"			"https://lib.ugent.be/catalog/rug01:000792649"				
"0798a406-ca5c-425c-aa36-6d52499f3ff2"	"M1074"	"1711-01-01"	"1711-12-31"	"Synopsis (printed)"	"Synopsis"	"f"			"f"	"f"				"f"			"Koppelen op M- of E-niveau aan Ceneton006610"			"https://lib.ugent.be/catalog/rug01:000792693"				
"e3471cb1-d9cc-4d90-996a-b1d9151c1c1d"	"M1077"	"1712-01-01"	"1712-12-31"	"Synopsis (printed)"	"Synopsis"	"f"			"f"	"f"				"f"										
"e00367f9-2ecd-41b1-8f11-67b94e8e3f11"	"M907"	"1696-01-01"	"1696-12-31"	"Synopsis (printed)"	"Synopsis"	"f"	"Comedy"		"f"	"f"				"f"										
"453432b2-2f01-463f-9383-9c49bf41caa5"	"M925"	"1698-01-01"	"1698-12-31"	"Synopsis (printed)"	"Synopsis"	"f"			"f"	"f"				"f"										
"eb1a72e0-d563-476c-a971-2395c14d0e05"	"M952"	"1699-01-01"	"1699-12-31"	"Synopsis (printed)"	"Synopsis"	"f"			"f"	"f"				"f"						"https://lib.ugent.be/catalog/rug01:000792540"				
"24966be1-7294-42ab-a5f4-8c6391c635dd"	"M26"	"1536-01-01"	"1536-12-31"	"Reprint"	"Full edition"	"f"			"f"	"f"				"f"										
"82f52057-f7ec-4fc0-b1ac-a5e18afa3dc3"	"M33"	"1538-01-01"	"1538-12-31"	"Reprint"	"Full edition"	"f"			"f"	"f"				"f"										
"4f55a29b-4bed-4fdf-a85d-2037bf7ef27c"	"M1406"	"1728-01-01"	"1728-12-31"	"Synopsis (printed)"	"Synopsis"	"f"			"f"	"f"				"f"	"4"									
"1bce7fe1-bf9e-482f-8784-9792208cf706"	"M1409"	"1728-01-01"	"1728-12-31"	"Mention"	"Fragment"	"f"			"f"	"f"				"f"		"Goran Proot, Spectacula Iesuitica Belgica Antiqua (SIBA). Pars I: Provincia Flandro-Belgica (Antwerpen, 2008), p. 1-836"								
"6b1f2ad6-ce84-4bac-af9a-06b941c0b3b2"	"M1485"	"1730-01-01"	"1730-12-31"	"Synopsis (printed)"	"Synopsis"	"f"	"Tragedy"		"f"	"f"				"f"	"2"	"Goran Proot, Spectacula Iesuitica Belgica Antiqua (SIBA). Pars I: Provincia Flandro-Belgica (Antwerpen, 2008), p. 1-836"								
"4cd33c79-5d84-4232-a604-1c6d0a059fc7"	"M1488"	"1730-01-01"	"1730-12-31"	"Synopsis (printed)"	"Synopsis"	"f"	"Interlude"		"f"	"f"				"f"	"2"									
"d962be4f-92bc-4dd4-99d4-d068d1b2486c"	"M1112"	"1716-01-01"	"1716-12-31"	"Synopsis (printed)"	"Synopsis"	"f"			"f"	"f"				"f"						"https://lib.ugent.be/catalog/rug01:000792839"				
"ca38b178-fc1b-46be-8bdb-32a955bfd74a"	"M1113"	"1716-01-01"	"1716-12-31"	"Synopsis (printed)"	"Synopsis"	"f"			"f"	"f"				"f"										
"781b5775-08cd-4bd3-a275-12df24a0f0ea"	"M1132"	"1717-01-01"	"1717-12-31"	"Synopsis (printed)"	"Synopsis"	"f"			"f"	"f"				"f"										
"033aaeed-93b5-4d35-b895-c2c4d97af02a"	"M392"	"1720-01-01"	"1720-12-31"	"Synopsis (printed)"	"Synopsis"	"f"			"f"	"f"				"f"			"Ceneton-ID komt tweemaal voor. Koppelen op M- of E-niveau aan M1170"			"https://lib.ugent.be/catalog/rug01:000792947"				
"74696a5f-beed-4e7e-b13c-b39ed3b0ae35"	"M1170"	"1720-01-01"	"1720-12-31"	"Synopsis (printed)"	"Synopsis"	"f"			"f"	"f"				"f"			"Ceneton-ID komt tweemaal voor. Koppelen op M- of E-niveau aan M392"			"https://lib.ugent.be/catalog/rug01:000792946"				
"c631400a-97bc-4573-9d8b-fd28b4964a96"	"M1208"	"1722-01-01"	"1722-12-31"	"Synopsis (printed)"	"Synopsis"	"f"			"f"	"f"				"f"		"Ferdinand Vanderhaeghen, Bibliographie Gantoise. Bibliographie gantoise: 1ère partie du XVIIIe siècle (Gent, 1801)"	"Koppelen op M- of E-niveau aan Ceneton006230"			"https://lib.ugent.be/catalog/rug01:000792968"				
"8eae2e53-47b0-4270-b600-71f963622475"	"M1253"	"1723-01-01"	"1723-12-31"	"Synopsis (printed)"	"Synopsis"	"f"			"f"	"f"				"f"										
"d667e367-53b3-417d-8254-f6d79c1784e7"	"M1263"	"1723-01-01"	"1723-12-31"	"Synopsis (printed)"	"Synopsis"	"f"			"f"	"f"				"f"										
"bc9b6ffa-a1b4-4b9f-87cf-82d0fbb85915"	"M1257"	"1723-01-01"	"1723-12-31"	"Synopsis (printed)"	"Synopsis"	"f"	"Comical tragedy"		"f"	"f"				"f"										
"984efeca-8e25-4260-8c18-59190986fb85"	"M278"	"1616-01-01"	"1616-12-31"	"Synopsis (printed)"	"Synopsis"	"f"	"Tragedy"		"f"	"f"				"f"	"4"	"Goran Proot, Spectacula Iesuitica Belgica Antiqua (SIBA). Pars I: Provincia Flandro-Belgica (Antwerpen, 2008), p. 1-836"								
"e8290a99-1c9b-4970-b831-2d4e5c8ee610"	"M288"	"1618-01-01"	"1618-12-31"	"Synopsis (printed)"	"Synopsis"	"f"	"Tragedy"		"f"	"f"				"f"		"Goran Proot, Spectacula Iesuitica Belgica Antiqua (SIBA). Pars I: Provincia Flandro-Belgica (Antwerpen, 2008), p. 1-836"								
"9d8ec60e-6d38-4874-bf93-7b976f26ecc4"	"M301"	"1620-01-01"	"1620-12-31"	"Synopsis (printed)"	"Synopsis"	"f"	"Tragedy"		"f"	"f"				"f"		"Goran Proot, Spectacula Iesuitica Belgica Antiqua (SIBA). Pars I: Provincia Flandro-Belgica (Antwerpen, 2008), p. 1-836"								
"a5123d5e-5e07-4ebf-a185-2832fe35643d"	"M308"	"1621-01-01"	"1621-12-31"	"Synopsis (printed)"	"Synopsis"	"f"	"Comical tragedy"		"f"	"f"	"https://www.let.leidenuniv.nl/Dutch/Ceneton/Facsimiles/SJBalduinusBoudewynIeper1621"	"https://www.let.leidenuniv.nl/Dutch/Ceneton/SJBalduinusBoudewynIeper1621.html"	"https://books.google.nl/books?id=f38-AAAAcAAJ&pg=PP7&lpg=PP7&dq=Balduinus+Constantinopolitanus&source=bl&ots=4L9UQ1zttH&sig=-318JgI0MzFLE6SVMJ78yd7UbfI&hl=nl&sa=X&ved=0ahUKEwiOmdWLhNfUAhUIZ1AKHbmyC_IQ6AEILzAC#v=onepage&q=Balduinus%20Constantinopolitanus&f=false"	"f"		"Goran Proot, Spectacula Iesuitica Belgica Antiqua (SIBA). Pars I: Provincia Flandro-Belgica (Antwerpen, 2008), p. 1-836"								
"00829d21-14be-4057-a8dc-d461e047b068"	"M314"	"1622-01-01"	"1622-12-31"	"Synopsis (printed)"	"Synopsis"	"f"	"Comical tragedy"		"f"	"f"				"f"		"Goran Proot, Spectacula Iesuitica Belgica Antiqua (SIBA). Pars I: Provincia Flandro-Belgica (Antwerpen, 2008), p. 1-836"								
"0e75ada3-b032-4f9d-9b14-30f45507cf26"	"M207"	"1599-01-01"	"1599-12-31"	"Reprint"	"Full edition"	"f"			"f"	"f"				"f"										
"35971539-7e4e-4eb6-833f-8a0c94323227"	"M38"	"1539-01-01"	"1539-12-31"	"Reprint"	"Full edition"	"f"	"Comedy"		"t"	"t"				"f"	"153908 - a1 A2 il- - b1 A3 ,$ : b2 B5 ime"									
"80e8a86e-a580-4b79-9671-4c5c437fe8fd"	"M282"	"1617-01-01"	"1617-12-31"	"Synopsis (printed)"	"Synopsis"	"f"	"Tragicomedy"		"f"	"f"				"f"		"Goran Proot, Spectacula Iesuitica Belgica Antiqua (SIBA). Pars I: Provincia Flandro-Belgica (Antwerpen, 2008), p. 1-836"								
"80b5c084-8dda-4892-9666-f410484f3369"	"M312"	"1621-01-01"	"1621-12-31"	"Synopsis (printed)"	"Synopsis"	"f"	"Tragedy"		"f"	"f"				"f"		"Goran Proot, Spectacula Iesuitica Belgica Antiqua (SIBA). Pars I: Provincia Flandro-Belgica (Antwerpen, 2008), p. 1-836"								
"e590aa80-3e24-475a-8ae8-b47d68368272"	"M830"	"1680-01-01"	"1680-12-31"	"Synopsis (printed)"	"Synopsis"	"f"			"f"	"f"			"http://books.google.be/books?id=VsQ8AAAAcAAJ&printsec=frontcover&hl=nl&source=gbs_ge_summary_r&cad=0#v=onepage&q&f=false"	"f"										
"ca83bcd1-f5da-49fa-bb90-cd7500d6f775"	"M1086"	"1713-01-01"	"1713-12-31"	"Synopsis (printed)"	"Synopsis"	"f"			"f"	"f"			"http://anet.ua.ac.be/desktop/anet/core/index.phtml?language=&euser=&session=&service=opacua&robot=&deskservice=desktop&desktop=anet&workstation=&extra="	"f"				"https://anet.be/record/opacuantwerpen/c:lvd:14052762/N"						
"c55ba2c5-d424-4f9b-95de-9129f8c67ebc"	"M186"	"1595-01-01"	"1595-12-31"	"Reprint"	"Full edition"	"f"			"f"	"f"				"f"										
"b686922d-683b-4d18-a6f4-5beb90770574"	"M187"	"1595-01-01"	"1595-12-31"	"Reprint"	"Full edition"	"f"			"f"	"f"				"f"	"b2 Aa5$hostes"									
"580cfe9b-be6f-40b6-a02a-1042df412e93"	"M190"	"1595-01-01"	"1595-12-31"	"Reprint"	"Full edition"	"f"	"Comedy"		"f"	"f"				"f"										
"bb61432f-33b4-4150-9c89-1fa107f3d45f"	"M191"	"1595-01-01"	"1595-12-31"	"Reprint"	"Full edition"	"f"			"f"	"f"				"f"										
"d31fcd80-088a-4b90-9948-88e859384b47"	"M192"	"1595-01-01"	"1595-12-31"	"Reprint"	"Full edition"	"f"			"f"	"f"				"f"										
"bf3a9a75-9ee1-4baa-a93b-0968cc8456d1"	"M193"	"1595-01-01"	"1595-12-31"	"Reprint"	"Full edition"	"f"			"f"	"f"				"f"										
"2b6006d5-237b-4657-835a-c5021f0fa208"	"M205"	"1599-01-01"	"1599-12-31"	"Reprint"	"Full edition"	"f"			"f"	"f"				"f"										
"e0528f48-717d-4e93-a382-38494c031cdc"	"M206"	"1599-01-01"	"1599-12-31"	"Reprint"	"Full edition"	"f"			"f"	"f"				"f"	"a1 X Be"									
"8f19b3d3-cc13-4906-bc98-dcd79a4c3a0f"	"M208"	"1599-01-01"	"1599-12-31"	"Reprint"	"Full edition"	"f"	"Comedy"		"f"	"f"				"f"	"159908 - a1 †2 uo$s : a2 A in - b1 A2 ,$ : b2 D5 isti$Do"									
"a116441c-c145-4d47-bedc-b6ab6cc17b42"	"M209"	"1596-01-01"	"1602-12-31"	"Reprint"	"Full edition"	"f"			"f"	"f"				"f"										
"9ecc4e4f-5054-49f0-9026-227ef7a33dd5"	"M211"	"1599-01-01"	"1599-12-31"	"Reprint"	"Full edition"	"f"			"f"	"f"				"f"	"a1 N i."									
"d82dd40b-bedd-4dd0-948a-18597ce8850b"	"M213"	"1599-01-01"	"1599-12-31"	"Reprint"	"Full edition"	"f"			"f"	"f"				"f"	"159908 - a1 †2 uo$s : a2 D5 isti$do - b1 E ri : b2 H5 s.$AN"									
"c4ecbc89-56dd-4f6a-9dc1-6800f5750bcd"	"M220"	"1602-01-01"	"1602-12-31"	"First Printing"	"Full edition"	"f"			"f"	"f"				"f"										
"fc4e2101-9c89-497c-96a6-52823ccdb415"	"M221"	"1602-01-01"	"1602-12-31"	"Reprint"	"Full edition"	"f"			"f"	"f"				"f"										
"dffef42a-a71b-4f0e-b866-fffa43359d7b"	"M222"	"1602-01-01"	"1602-12-31"	"First Printing"	"Full edition"	"f"			"f"	"f"				"f"										
"7ec0e8d7-3bc6-41b0-97f0-c6eae3d80f2e"	"M223"	"1602-01-01"	"1602-12-31"	"Reprint"	"Full edition"	"f"			"f"	"f"				"f"										
"90446476-39f1-46bb-b07b-f726d0269e80"	"M224"	"1602-01-01"	"1602-12-31"	"Reprint"	"Full edition"	"f"			"f"	"f"				"f"										
"c39939d6-8a67-45ea-bcad-46d7d6bcde5b"	"M225"	"1602-01-01"	"1602-12-31"	"First Printing"	"Full edition"	"f"			"f"	"f"				"f"										
"33613f25-ceaa-4cab-bc23-a8901b6d9bb2"	"M228"	"1604-01-01"	"1604-12-31"	"Reprint"	"Full edition"	"f"			"f"	"f"				"f"	"a1 R rc"									
"ce116f63-14db-46a0-b5dd-3daf7f1ec82b"	"M229"	"1604-01-01"	"1604-12-31"	"Reprint"	"Full edition"	"f"			"f"	"f"				"f"										
"1c0caaac-fc55-47ec-937e-19336485cd74"	"M230"	"1604-01-01"	"1604-12-31"	"Reprint"	"Full edition"	"f"			"f"	"f"				"f"	"b1 A is"									
"c5c28b5c-88e7-446b-8aa2-9249ede189b2"	"M231"	"1604-01-01"	"1604-12-31"	"Reprint"	"Full edition"	"f"			"f"	"f"				"f"										
"299ccc22-fcf4-4d3c-8235-a778d418c009"	"M232"	"1604-01-01"	"1604-12-31"	"Reprint"	"Full edition"	"f"			"f"	"f"				"f"										
"76742a36-412d-4066-ac61-6758222a1ad5"	"M233"	"1604-01-01"	"1604-12-31"	"Reprint"	"Full edition"	"f"			"f"	"f"				"f"										
"8e718eb2-e60c-458b-937e-bf7ecba843c4"	"M241"	"1609-01-01"	"1609-12-31"	"Reprint"	"Full edition"	"f"			"f"	"f"				"f"										
"db4c9e93-45cd-4fd6-ba22-1a06e964309b"	"M255"	"1614-01-01"	"1614-12-31"	"Reprint"	"Full edition"	"f"			"t"	"t"				"f"										
"02255717-7ca8-457d-ae16-b16185ad2080"	"M256"	"1614-01-01"	"1614-12-31"	"Reprint"	"Full edition"	"f"			"t"	"t"				"f"										
"24de020f-cbb4-4388-8282-95ca83a03184"	"M257"	"1614-01-01"	"1614-12-31"	"Reprint"	"Full edition"	"f"			"t"	"t"				"f"										
"f3050820-a2a3-4ec2-a594-a89fa14e0306"	"M258"	"1614-01-01"	"1614-12-31"	"Reprint"	"Full edition"	"f"			"t"	"t"				"f"										
"c5bc4e9d-d56b-4eac-a0a4-c19108a9337e"	"M259"	"1614-01-01"	"1614-12-31"	"Reprint"	"Full edition"	"f"			"t"	"t"				"f"										
"e3891195-d294-4721-b311-f6f1861c241b"	"M260"	"1614-01-01"	"1614-12-31"	"Reprint"	"Full edition"	"f"			"t"	"t"				"f"										
"d514a883-f48a-4072-9baf-05bc113f1909"	"M262"	"1614-01-01"	"1614-12-31"	"Reprint"	"Full edition"	"f"			"f"	"f"				"f"										
"e4bcbda0-c89f-42c6-84a6-430c90a670a0"	"M19"	"1535-01-01"	"1535-12-31"	"First Printing"	"Full edition"	"f"			"t"	"t"	"https://www.let.leidenuniv.nl/Dutch/Ceneton/Facsimiles/MacropediusRebelles1535"			"f"	"000008 - a1 A2 u[m]$ : a2 A3 o.$ - b1 B1 pus.$ : b2 D3 secro."									
"24edb79b-660c-423f-962f-63e8afd8c645"	"M20"	"1535-01-01"	"1535-12-31"	"First Printing"	"Full edition"	"f"			"f"	"f"		"https://www.let.leidenuniv.nl/Dutch/Ceneton/MacropediusAluta1535.html"		"f"										
"69915b88-671d-453c-b6b0-27d5f40e1de9"	"M2132"	"1532-01-01"	"1542-12-31"	"Reprint"	"Full edition"	"f"			"f"	"f"				"f"										
"16ea13a5-e9dd-4d44-89e2-cbaf4a00f65b"	"M2133"	"1532-01-01"	"1542-12-31"	"Reprint"	"Full edition"	"f"			"f"	"f"				"f"										
"68307157-53a5-4945-9b1e-f24cca434c06"	"M25"	"1536-01-01"	"1536-12-31"	"First Printing"	"Full edition"	"f"	"Comedy"		"f"	"f"	"https://www.let.leidenuniv.nl/Dutch/Ceneton/Facsimiles/MacropediusPetriscus1536"		"http://books.google.be/books?id=L3YTAAAAQAAJ&printsec=frontcover&hl=nl&source=gbs_ge_summary_r&cad=0#v=onepage&q&f=false"	"f"	"000008 - a1 A2 ctemin : a2 A3 ttemini - b1 A4 .$ : b2 D5 ti$emphyt"									
"70b90922-da3b-440e-ade7-29489d365ffb"	"M28"	"1537-01-01"	"1537-12-31"	"First Printing"	"Full edition"	"f"			"f"	"f"				"f"	"153708 - a1 A2 m$gaud : a2 A3 rant,$ - b1 A4 tinis,$ : b2 E5 $pascer"									
"eadd5866-0b06-498a-84dd-4892efb36f8f"	"M36"	"1538-01-01"	"1538-12-31"	"Reprint"	"Full edition"	"f"			"f"	"f"			"http://books.google.be/books?id=bDlNAAAAcAAJ&printsec=frontcover&hl=nl&source=gbs_ge_summary_r&cad=0#v=onepage&q&f=false"	"f"	"153808 - a1 A.2. ci$trimet : a2 A.3. $qua$nil$pr- b1 A.4. feris$Geor : b2 D.3. am$ingres"									
"a3c9df6f-761e-4054-9723-e57a3b721708"	"M37"	"1539-01-01"	"1539-12-31"	"First Printing"	"Full edition"	"f"	"Comedy"		"f"	"f"				"f"	"153908 - b1 A2 uin$ : b2 C4 m$"									
"95d83660-1a14-4a3e-98e6-5e041d86fbca"	"M43"	"1539-01-01"	"1539-12-31"	"Reprint"	"Full edition"	"f"			"f"	"f"				"f"	"000008 - a1 A2 ,$ - b1 A3 nseo : b2 C14. tq;$discip"									
"78029a9d-3e2d-4fba-9207-62c5f76fc573"	"M44"	"1539-01-01"	"1539-12-31"	"Reprint"	"Full edition"	"f"	"Comedy"		"f"	"f"	"https://www.let.leidenuniv.nl/Dutch/Ceneton/Facsimiles/MacropediusAluta1539"			"f"	"000008 - a1 E2 bules$p - b1 E3 edat$d : b2 F3 e.$"									
"03e774f3-fcac-412e-95b9-86e7af7736d7"	"M45"	"1539-01-01"	"1539-12-31"	"Reprint"	"Full edition"	"f"			"f"	"f"			"http://books.google.be/books?id=OHYTAAAAQAAJ&printsec=frontcover&hl=nl&source=gbs_ge_summary_r&cad=0#v=onepage&q&f=false"	"f"	"000008 - a1 A2 n-$ : a2 A3 seo.$ - b1 B1 cappus : b2 C4 tque$discipul"									
"4caa824d-8ba8-413d-b93e-c771d25ce1f5"	"M47"	"1539-01-01"	"1539-12-31"	"Reprint"	"Full edition"	"f"			"f"	"f"				"f"	"000008 - a1 D2 ules$pe : a2 D3 t$domi, - b1 E1 $sese$abs : b2 E4 e$si$vsque$ap"					"https://lib.ugent.be/catalog/rug01:001341147"				
"dfbabe33-36b8-4321-bc99-d4c32bc53eb4"	"M50"	"1540-01-01"	"1540-12-31"	"First Printing"	"Full edition"	"f"			"t"	"t"	"https://www.let.leidenuniv.nl/Dutch/Ceneton/Facsimiles/MacropediusBassarus1540"			"f"	"154.08 - a1 A.ij. minis - b1 Aiiij. oquacula? : b2 Ciiii. nio.$Hie.$en"									
"203dd33e-f66d-4530-9cf9-3f57179e8f53"	"M130"	"1563-01-01"	"1563-12-31"	"First Printing"	"Full edition"	"f"	"Comedy"		"t"	"t"		"https://www.let.leidenuniv.nl/Dutch/Ceneton/GoedthalsSoter1563.html"	"http://books.google.be/books?id=yyhKAAAAcAAJ&printsec=frontcover&hl=nl&source=gbs_ge_summary_r&cad=0#v=onepage&q&f=false"	"f"	"156308 - a1 A2 issi : a2 A5 o,$ - b1 B ed : b2 D5 res$"									
"b0443a7a-39f5-4118-a40d-218586ad3552"	"M317"	"1623-01-01"	"1623-12-31"	"Reprint"	"Full edition"	"f"	"Comical tragedy"		"t"	"t"				"f"	"000008 - b1 H um : b2 K3 mani"									
"c25906d4-0838-420d-8e22-2c3b46345b79"	"M318"	"1623-01-01"	"1623-12-31"	"Reprint"	"Full edition"	"f"	"Tragedy"		"t"	"t"				"f"	"000008 - a1 A2 similes : a2 A4 s$aequ - b1 B us : b2 D4 et$scelu"									
"b5ca08ee-6a82-4244-959a-e6dc96c09a41"	"M321"	"1623-01-01"	"1623-12-31"	"Reprint"	"Full edition"	"f"	"Tragedy"		"f"	"f"				"f"	"000008 - b1 E s$ : b2 G4 uis: [G4 is:$]"									
"240b3f1e-d86f-4f89-a345-ae496fbe302e"	"M2130"	"1507-01-01"	"1517-12-31"	"First Printing"	"Full edition"	"f"	"Comedy"	"Comedy in Greek fashion"	"t"	"t"				"f"	"000004 - a1 aij m$ - b1 aiij$mi : b2 f1 eb - c1 fij s : c2 riiij elice"									
"ae14a77c-7d4c-4ad4-b37d-307bd02371e0"	"M1047"	"1707-01-01"	"1707-12-31"	"Synopsis (printed)"	"Synopsis"	"f"			"f"	"f"				"f"					"https://opac.kbr.be/LIBRARY/doc/SYRACUSE/18400008"					
"78990143-70c6-4722-bb7b-7067b44087b8"	"M666"	"1658-01-01"	"1658-12-31"	"First Printing"	"Full edition"	"f"	"Tragedy"		"t"	"t"	"https://www.let.leidenuniv.nl/Dutch/Ceneton/Facsimiles/AelhuisenAranVos"	"https://www.let.leidenuniv.nl/Dutch/Ceneton/AelhuisenAranVos.html"	"https://books.google.nl/books?id=NlQzCzB_gh8C&pg=PA58&dq=mutua+vindicatio&hl=nl&sa=X&ved=0ahUKEwikkP7Z8-DgAhVF8OAKHa6DDAMQ6AEIKTAA#v=onepage&q=mutua%20vindicatio&f=false"	"f"	"165804 - b1 A3 tus$ : b2 I2 ga"									
"89e1e698-79e2-446f-bd6d-ef885a2737a9"	"M324"	"1624-01-01"	"1624-12-31"	"Synopsis (printed)"	"Synopsis"	"f"	"Comical tragedy"		"f"	"f"			"https://books.google.nl/books?id=07Q9AAAAcAAJ&dq=Balduinus,+Grave+van+Vlaenderen,+Keyser+van+Constantinopolen&hl=nl&source=gbs_navlinks_s"	"f"		"Goran Proot, Spectacula Iesuitica Belgica Antiqua (SIBA). Pars I: Provincia Flandro-Belgica (Antwerpen, 2008), p. 1-836"								
"51641250-fe96-413e-b15d-aa60d2418a64"	"M287"	"1618-01-01"	"1618-12-31"	"First Printing"	"Full edition"	"f"			"f"	"f"				"f"										
"2ac04e53-5545-433c-a97b-623c6f0c5a43"	"M290"	"1618-01-01"	"1618-12-31"	"First Printing"	"Full edition"	"f"			"f"	"f"				"f"										
"eb5dd61b-f99b-4735-aafc-a6fa32424f1e"	"M565"	"1646-01-01"	"1646-12-31"	"Reprint"	"Full edition"	"f"	"Comedy"		"f"	"f"				"f"	"164608 - "									
"bcda7a8e-0bb6-4fc7-b971-5d3f4de6438d"	"M566"	"1646-01-01"	"1646-12-31"	"Reprint"	"Full edition"	"f"	"Comedy"		"f"	"f"				"f"	"164608 - a1 A5 $T - b1 B m, : b2 "									
"d0ab7797-836e-4aa7-aa6d-7e822121a529"	"M567"	"1646-01-01"	"1646-12-31"	"Reprint"	"Full edition"	"f"	"Comedy"		"f"	"f"				"f"	"164608 - "									
"feb5ce6f-dacd-4cc4-9910-c8a28ad8ee6d"	"M568"	"1646-01-01"	"1646-12-31"	"Reprint"	"Full edition"	"f"	"Comedy"		"f"	"f"				"f"	"164608 - "									
"6eae5638-adc5-4140-8e2b-417c27d5a8a3"	"M569"	"1646-01-01"	"1646-12-31"	"Reprint"	"Full edition"	"f"	"Comedy"		"f"	"f"				"f"	"164608 - "									
"95fe45ae-9ba0-4f08-b03e-d13bbb3416c8"	"M570"	"1646-01-01"	"1646-12-31"	"Reprint"	"Full edition"	"f"	"Comedy"		"f"	"f"				"f"	"164608 - "									
"5fbfcb4a-6734-49ec-b1b6-246389ceeca3"	"M571"	"1646-01-01"	"1646-12-31"	"Reprint"	"Full edition"	"f"	"Comedy"		"f"	"f"				"f"	"164608 - b1 T5 c$mi : b2 Z3 tab"									
"488ad751-930d-401a-91f8-4e1e407d8efb"	"M572"	"1646-01-01"	"1646-12-31"	"Reprint"	"Full edition"	"f"	"Comedy"		"f"	"f"				"f"	"164608 - a1 A us - b1 A2 ron : b2 D5 fice"									
"ddbeb427-0791-4594-ae80-555be7a04c5c"	"M573"	"1646-01-01"	"1646-12-31"	"Reprint"	"Full edition"	"f"	"Comedy"		"f"	"f"				"f"	"164608 - "									
"2eaa46b9-6b35-40c4-8520-c3b9f76eb79d"	"M574"	"1646-01-01"	"1646-12-31"	"Reprint"	"Full edition"	"f"	"Comedy"		"f"	"f"				"f"	"164608 - "									
"7a342eb6-5812-4ccb-8733-a45c89b2e4eb"	"M575"	"1646-01-01"	"1646-12-31"	"Reprint"	"Full edition"	"f"	"Comedy"		"f"	"f"				"f"	"164608 - "									
"57ec439c-9590-44ad-b5d8-03112dc2ea3c"	"M576"	"1646-01-01"	"1646-12-31"	"Reprint"	"Full edition"	"f"	"Comedy"		"f"	"f"				"f"	"164608 - "									
"6f237a0f-4416-4e39-9542-b5f19dfad6e7"	"M577"	"1646-01-01"	"1646-12-31"	"Reprint"	"Full edition"	"f"	"Comedy"		"f"	"f"				"f"	"164608 - a1 B em - b1 B2 $in : b2 D5 squ"									
"aea68f8f-4286-4fd5-9378-1c1681a9c846"	"M578"	"1646-01-01"	"1646-12-31"	"Reprint"	"Full edition"	"f"	"Comedy"		"f"	"f"				"f"	"164608 - "									
"1a143805-1d1a-4ddf-aa7a-9b7b227305c1"	"M579"	"1646-01-01"	"1646-12-31"	"Reprint"	"Full edition"	"f"	"Comedy"		"f"	"f"				"f"	"164608 - "									
"041068d8-14a4-4745-bf9f-07a0c7317797"	"M580"	"1646-01-01"	"1646-12-31"	"Reprint"	"Full edition"	"f"	"Comedy"		"f"	"f"				"f"	"164608 - "									
"285b3a95-bd44-4a66-8816-1d5a5930b858"	"M581"	"1646-01-01"	"1646-12-31"	"Reprint"	"Full edition"	"f"	"Comedy"		"f"	"f"			"https://books.google.nl/books?id=aqtiAAAAcAAJ&pg=RA2-PA175&lpg=RA2-PA175&dq=Et+quopacto+res+cesserit+ei+cum+execrabili&source=bl&ots=dxHzdFUd5v&sig=ACfU3U2kdOKgHTsQAYvo_4qSrKPzsCGyrA&hl=nl&sa=X&ved=2ahUKEwiwrO_z2_XuAhWOuaQKHU6qC6sQ6AEwAXoECAEQAw#v=onepage&q=Et%20quopacto%20res%20cesserit%20ei%20cum%20execrabili&f=false"	"f"	"164608 - "									
"5e2e95c4-3c81-4442-974c-1d47e2ebc293"	"M673"	"1659-01-01"	"1659-12-31"	"Synopsis (printed)"	"Synopsis"	"f"			"f"	"f"				"f"										
"aca0ee68-bd21-4617-888b-12b5b96feed8"	"M684"	"1660-01-01"	"1660-12-31"	"Synopsis (printed)"	"Synopsis"	"f"			"f"	"f"				"f"		"Goran Proot, Spectacula Iesuitica Belgica Antiqua (SIBA). Pars I: Provincia Flandro-Belgica (Antwerpen, 2008), p. 1-836"								
"f4a12d25-1358-4933-b0f2-ef891869bef2"	"M685"	"1660-01-01"	"1660-12-31"	"Synopsis (printed)"	"Synopsis"	"f"			"f"	"f"				"f"		"Goran Proot, Spectacula Iesuitica Belgica Antiqua (SIBA). Pars I: Provincia Flandro-Belgica (Antwerpen, 2008), p. 1-836"								
"ff49632c-d704-4090-b1eb-e09042ab4e12"	"M693"	"1661-01-01"	"1661-12-31"	"Synopsis (printed)"	"Synopsis"	"f"			"f"	"f"	"https://www.let.leidenuniv.nl/Dutch/Ceneton/Facsimiles/SJIacobusAalst1661"	"https://www.let.leidenuniv.nl/Dutch/Ceneton/SJIacobusAalst1661.html"		"f"										
"2434efaa-2f78-4fad-8d13-917320b68599"	"M705"	"1662-01-01"	"1662-12-31"	"Synopsis (printed)"	"Synopsis"	"f"			"f"	"f"				"f"							"https://catalogue.bnf.fr/ark:/12148/cb386844038"			
"597b355d-ed8f-4bbc-bc57-5c71e5c874dd"	"M708"	"1662-01-01"	"1662-12-31"	"Synopsis (printed)"	"Synopsis"	"f"	"Comical tragedy"		"f"	"f"	"https://www.let.leidenuniv.nl/Dutch/Ceneton/Facsimiles/SJXenophonAalst1662"			"f"		"Goran Proot, Spectacula Iesuitica Belgica Antiqua (SIBA). Pars I: Provincia Flandro-Belgica (Antwerpen, 2008), p. 1-836"								
"48a274b5-931e-4497-ab07-744e1c992758"	"M607"	"1650-01-01"	"1650-12-31"	"Synopsis (printed)"	"Synopsis"	"f"			"f"	"f"			"https://www.bavarikon.de/object/bav:BSB-MDZ-00000BSB10152519"	"f"		"Goran Proot, Spectacula Iesuitica Belgica Antiqua (SIBA). Pars I: Provincia Flandro-Belgica (Antwerpen, 2008), p. 1-836"								
"6cba5a07-fc88-4660-b3d9-4288e37c6743"	"M745"	"1665-01-01"	"1665-12-31"	"Synopsis (printed)"	"Synopsis"	"f"			"f"	"f"				"f"	"4"	"Goran Proot, Spectacula Iesuitica Belgica Antiqua (SIBA). Pars I: Provincia Flandro-Belgica (Antwerpen, 2008), p. 1-836"								
"3756f359-5276-452d-a8fa-b577dacc752b"	"M90"	"1546-01-01"	"1546-12-31"	"Reprint"	"Full edition"	"f"			"f"	"f"				"f"										
"edac5e8b-86bb-4a11-b2aa-4806702f2005"	"M134"	"1565-01-01"	"1565-12-31"	"First Printing"	"Full edition"	"f"	"Comedy"		"f"	"f"			"http://books.google.be/books?id=QV8TAAAAQAAJ&printsec=frontcover&hl=nl&source=gbs_ge_summary_r&cad=0#v=onepage&q&f=false"	"f"	"156508 - a1 A2 nis$ : a1 B2 re$ - b1 B3 tiùs : b2 I3 g; - c1 I4 en : c2 K2 .$"									
"3adb24d9-cb38-4c9e-84f3-6b85a63b08eb"	"M143"	"1570-01-01"	"1570-12-31"	"First Printing"	"Full edition"	"f"	"Comedy"	"Sacred comedy"	"f"	"f"			"https://books.google.nl/books?id=tytbAAAAQAAJ&printsec=frontcover&dq=schonaeus&hl=nl&sa=X&ved=0ahUKEwjIxLSSzuHkAhVBLFAKHbSCB-YQ6AEIZzAJ#v=onepage&q=schonaeus&f=false"	"f"										
"dd67e945-c876-4603-ad8c-ea92336a4b7b"	"M487"	"1639-01-01"	"1639-12-31"	"First Printing"	"Full edition"	"f"			"f"	"f"			"http://books.google.be/books?id=_N1IAAAAcAAJ&pg=PP5&hl=nl&source=gbs_selected_pages&cad=3#v=onepage&q&f=false"	"f"										
"cefa7be6-c874-4eb0-a4b4-04b27577ee17"	"M488"	"1639-01-01"	"1639-12-31"	"First Printing"	"Full edition"	"f"			"f"	"f"			"http://books.google.be/books?id=_N1IAAAAcAAJ&pg=PP5&hl=nl&source=gbs_selected_pages&cad=3#v=onepage&q&f=false"	"f"	"163908 - a1 B i : a2 B2 s.$Se - b1 B3 m$sa : b2 E3 ,$h"									
"25706d95-ba5d-49de-93a9-f69ffe0661b8"	"M491"	"1639-01-01"	"1639-12-31"	"First Printing"	"Full edition"	"f"			"f"	"f"			"http://books.google.be/books?id=_N1IAAAAcAAJ&printsec=frontcover&hl=nl&source=gbs_ge_summary_r&cad=0#v=onepage&q&f=false"	"f"										
"7c7ee1b1-0d43-4c9e-ab71-95e829918e75"	"M502"	"1639-01-01"	"1639-12-31"	"First Printing"	"Full edition"	"f"			"f"	"f"			"http://books.google.be/books?id=_N1IAAAAcAAJ&pg=PP5&hl=nl&source=gbs_selected_pages&cad=3#v=onepage&q&f=false"	"f"										
"36ae605e-2a10-4546-a062-212b257d09e5"	"M285"	"1617-01-01"	"1617-12-31"	"Synopsis (printed)"	"Synopsis"	"f"			"f"	"f"				"f"										
"e6138a14-e06d-48d5-a77e-0ee549aaf30b"	"M292"	"1619-01-01"	"1619-12-31"	"Synopsis (printed)"	"Synopsis"	"f"			"f"	"f"				"f"										
"bc9e9c00-5af3-4c22-ae25-dc901879e51b"	"M316"	"1622-01-01"	"1622-12-31"	"Synopsis (printed)"	"Synopsis"	"f"	"Tragicomedy"		"f"	"f"				"f"		"Goran Proot, Spectacula Iesuitica Belgica Antiqua (SIBA). Pars I: Provincia Flandro-Belgica (Antwerpen, 2008), p. 1-836"								
"ddca1b89-ed38-477a-aeec-f6c66486bcf7"	"M322"	"1623-01-01"	"1623-12-31"	"Synopsis (printed)"	"Synopsis"	"f"	"Tragicomedy"		"f"	"f"				"f"										
"3e68c5c1-6fbd-4f54-9d13-08be3f6538c5"	"M327"	"1624-01-01"	"1624-12-31"	"Synopsis (printed)"	"Synopsis"	"f"	"Comical tragedy"		"f"	"f"				"f"										
"22ffd898-90c4-423b-949d-57fc6493a578"	"M384"	"1631-01-01"	"1631-12-31"	"Synopsis (printed)"	"Synopsis"	"f"	"Tragicomedy"		"f"	"f"	"https://www.let.leidenuniv.nl/Dutch/Ceneton/Facsimiles/Libertus1631"	"https://www.let.leidenuniv.nl/Dutch/Ceneton/Libertus1631.html"		"f"					"https://opac.kbr.be/LIBRARY/doc/SYRACUSE/18399475"					
"a8d77837-3744-4d8f-aca7-e6e291823a79"	"M409"	"1633-01-01"	"1633-12-31"	"Synopsis (printed)"	"Synopsis"	"f"			"f"	"f"				"f"		"Goran Proot, Spectacula Iesuitica Belgica Antiqua (SIBA). Pars I: Provincia Flandro-Belgica (Antwerpen, 2008), p. 1-836"								
"283e7838-d05c-4ab6-8812-f8713953536d"	"M479"	"1639-01-01"	"1639-12-31"	"First Printing"	"Full edition"	"f"			"t"	"t"				"f"	"163908 - a1 *2 et.$Ia - b1 A us : b2 E3 nes$c"									
"e916276c-6419-4e93-8e94-f62b226911c8"	"M534"	"1640-01-01"	"1640-12-31"	"Synopsis (printed)"	"Synopsis"	"f"			"f"	"f"				"f"										
"6ccac23c-2094-4268-9da7-22537cfb7ffa"	"M1724"	"1737-01-01"	"1743-12-31"	"Synopsis (printed)"	"Synopsis"	"f"			"f"	"f"				"f"										
"bdb4860c-abcb-4383-ba9e-b98e9b2bfcb4"	"M918"	"1697-01-01"	"1697-12-31"	"Synopsis"	"Synopsis"	"f"			"f"	"f"			"http://anet.ua.ac.be/desktop/anet/core/index.phtml?language=&euser=&session=&service=opacua&robot=&deskservice=desktop&desktop=anet&workstation=&extra="	"f"		"Goran Proot, Spectacula Iesuitica Belgica Antiqua (SIBA). Pars I: Provincia Flandro-Belgica (Antwerpen, 2008), p. 1-836"		"https://anet.be/record/opacuantwerpen/c:lvd:14052666/N"						
"4845aa32-cd13-4be1-b796-e75f1cb8cb69"	"M145"	"1572-01-01"	"1572-12-31"	"First Printing"	"Full edition"	"f"	"Comedy"		"f"	"f"				"f"										
"d592251b-5261-43ab-a500-e6628b05f888"	"M982"	"1701-01-01"	"1701-12-31"	"Synopsis (printed)"	"Synopsis"	"f"	"Tragedy"		"f"	"f"				"f"		"Goran Proot, Spectacula Iesuitica Belgica Antiqua (SIBA). Pars I: Provincia Flandro-Belgica (Antwerpen, 2008), p. 1-836"								
"0283bf2f-c6fe-4a68-9fdb-9c2c616539fd"	"M440"	"1635-01-01"	"1635-12-31"	"Reprint"	"Full edition"	"f"			"f"	"f"				"f"										
"829c6d5c-fe7c-4fb6-bd2c-4e0122496f3f"	"M369"	"1629-01-01"	"1629-12-31"	"Reprint"	"Full edition"	"f"			"f"	"f"			"https://books.google.nl/books?id=er6qQQ-WCUUC&pg=RA3-PA175&lpg=RA3-PA175&dq=Et+quopacto+res+cesserit+ei+cum+execrabili&source=bl&ots=bJuTjvSrUE&sig=ACfU3U2DQIGLEeFzQ2t24QWWiPDGWSUbEA&hl=nl&sa=X&ved=2ahUKEwiwrO_z2_XuAhWOuaQKHU6qC6sQ6AEwA3oECAUQAw#v=onepage&q=Et%20quopacto%20res%20cesserit%20ei%20cum%20execrabili&f=false"	"f"	"163908 - b1 K4 nis$ : b2 M4 is"									
"533453a0-12fd-404e-b8b3-ff70decadeb3"	"M483"	"1639-01-01"	"1639-12-31"	"Reprint"	"Full edition"	"f"	"Comedy"		"f"	"f"				"f"	"163908 - a1 A2 $&$ : a2 A5 odo - b1 B ll : b2 D NI"									
"82a54460-a2fc-4d7e-bd60-444ef104de9b"	"M485"	"1639-01-01"	"1639-12-31"	"Reprint"	"Full edition"	"f"			"f"	"f"				"f"										
"199a2b10-d423-4817-957b-b13fd0ff5809"	"M490"	"1639-01-01"	"1639-12-31"	"Reprint"	"Full edition"	"f"	"Comedy"		"f"	"f"				"f"	"163908 - b1 D2 $te$c : b2 E5 rep"									
"03b0c068-1958-484f-9d48-f539e7635d4a"	"M496"	"1639-01-01"	"1639-12-31"	"Reprint"	"Full edition"	"f"			"f"	"f"			"https://books.google.nl/books?id=QodEAAAAcAAJ&pg=RA1-PA118&dq=%22Charae+eam+reliquimus%22&hl=nl&sa=X&ved=2ahUKEwjk4feKvtDsAhWQCewKHSsdA00Q6wEwAHoECAAQAQ#v=onepage&q=%22Charae%20eam%20reliquimus%22&f=false"	"f"										
"3b78fa23-8354-40d1-87e7-0e4d02708e83"	"M497"	"1639-01-01"	"1639-12-31"	"Reprint"	"Full edition"	"f"			"f"	"f"			"https://books.google.nl/books?id=QodEAAAAcAAJ&pg=RA1-PA118&dq=%22Charae+eam+reliquimus%22&hl=nl&sa=X&ved=2ahUKEwjk4feKvtDsAhWQCewKHSsdA00Q6wEwAHoECAAQAQ#v=onepage&q=%22Charae%20eam%20reliquimus%22&f=false"	"f"	"163908 - a1 T5 c$m - b1 V al : b2 Z3 pta"									
"b9f00231-fbf4-4632-8135-7362a6cbe961"	"M1935"	"1759-01-01"	"1759-12-31"	"Synopsis (printed)"	"Synopsis"	"f"	"Tragedy"		"f"	"f"				"f"										
"d957d1f9-7c98-4d26-996d-f711cd63381a"	"M499"	"1639-01-01"	"1639-12-31"	"Reprint"	"Full edition"	"f"	"Comedy"		"f"	"f"			"https://books.google.nl/books?id=QodEAAAAcAAJ&pg=RA1-PA118&dq=%22Charae+eam+reliquimus%22&hl=nl&sa=X&ved=2ahUKEwjk4feKvtDsAhWQCewKHSsdA00Q6wEwAHoECAAQAQ#v=onepage&q=%22Charae%20eam%20reliquimus%22&f=false"	"f"	"000008 - a1 *2 cur : a2 A ni - b1 A2 atro : b2 D5 nefic"									
"37e3ed54-a831-4c6d-b415-0a8112407f60"	"M500"	"1639-01-01"	"1639-12-31"	"Reprint"	"Full edition"	"f"			"f"	"f"			"https://books.google.nl/books?id=QodEAAAAcAAJ&pg=RA1-PA118&dq=%22Charae+eam+reliquimus%22&hl=nl&sa=X&ved=2ahUKEwjk4feKvtDsAhWQCewKHSsdA00Q6wEwAHoECAAQAQ#v=onepage&q=%22Charae%20eam%20reliquimus%22&f=false"	"f"	"000008 - b1 I e : b2 L5 $prae"									
"5dde51df-94c2-4baf-a449-93bc5d56f1da"	"M503"	"1639-01-01"	"1639-12-31"	"Reprint"	"Full edition"	"f"			"f"	"f"				"f"										
"ad0079b1-96bb-43a7-ac67-bcc3ea94049f"	"M507"	"1639-01-01"	"1639-12-31"	"Reprint"	"Full edition"	"f"			"f"	"f"			"https://books.google.nl/books?id=QodEAAAAcAAJ&pg=RA1-PA118&dq=%22Charae+eam+reliquimus%22&hl=nl&sa=X&ved=2ahUKEwjk4feKvtDsAhWQCewKHSsdA00Q6wEwAHoECAAQAQ#v=onepage&q=%22Charae%20eam%20reliquimus%22&f=false"	"f"	"000008 - b1 M ia$ : b2 P4 $gra"									
"451a6587-05c8-4c44-9e1b-1d4dfa09ea01"	"M510"	"1639-01-01"	"1639-12-31"	"Reprint"	"Full edition"	"f"	"Comedy"		"f"	"f"		"https://www.let.leidenuniv.nl/Dutch/Ceneton/b.html"	"https://books.google.nl/books?id=QodEAAAAcAAJ&pg=RA1-PA118&dq=%22Charae+eam+reliquimus%22&hl=nl&sa=X&ved=2ahUKEwjk4feKvtDsAhWQCewKHSsdA00Q6wEwAHoECAAQAQ#v=onepage&q=%22Charae%20eam%20reliquimus%22&f=false"	"f"	"000008 - b1 E f : b2 H5 suu"									
"d2efdb64-bdbb-45cd-bb8e-be7fd028415b"	"M1006"	"1702-01-01"	"1702-12-31"	"Synopsis (printed)"	"Synopsis"	"f"			"f"	"f"				"f"		"Goran Proot, Spectacula Iesuitica Belgica Antiqua (SIBA). Pars I: Provincia Flandro-Belgica (Antwerpen, 2008), p. 1-836"								
"a12c885a-7c2e-484e-b00c-c7a5a033b86e"	"M1011"	"1703-01-01"	"1703-12-31"	"Synopsis (printed)"	"Synopsis"	"f"	"Comedy"		"f"	"f"				"f"		"Goran Proot, Spectacula Iesuitica Belgica Antiqua (SIBA). Pars I: Provincia Flandro-Belgica (Antwerpen, 2008), p. 1-836"								
"ac2e87a0-7b4f-4794-99e4-0011761e42c6"	"M1028"	"1704-01-01"	"1704-12-31"	"Synopsis (printed)"	"Synopsis"	"f"			"f"	"f"				"f"		"Goran Proot, Spectacula Iesuitica Belgica Antiqua (SIBA). Pars I: Provincia Flandro-Belgica (Antwerpen, 2008), p. 1-836"								
"9d06c6ef-2f1f-41a6-b09d-78ea7f13aee4"	"M1033"	"1705-01-01"	"1705-12-31"	"Synopsis (printed)"	"Synopsis"	"f"			"f"	"f"				"f"		"Goran Proot, Spectacula Iesuitica Belgica Antiqua (SIBA). Pars I: Provincia Flandro-Belgica (Antwerpen, 2008), p. 1-836"								
"a7b17869-9372-493e-8592-1d0f8b5a5851"	"M1037"	"1705-01-01"	"1705-12-31"	"Synopsis (printed)"	"Synopsis"	"f"			"f"	"f"				"f"		"Goran Proot, Spectacula Iesuitica Belgica Antiqua (SIBA). Pars I: Provincia Flandro-Belgica (Antwerpen, 2008), p. 1-836"								
"3ab526b5-6cc3-4037-8c97-2d0a261e10ee"	"M1041"	"1705-01-01"	"1705-12-31"	"Synopsis (printed)"	"Synopsis"	"f"	"Tragedy"		"f"	"f"				"f"		"Goran Proot, Spectacula Iesuitica Belgica Antiqua (SIBA). Pars I: Provincia Flandro-Belgica (Antwerpen, 2008), p. 1-836"								
"9fd4b27d-835b-4e16-9877-cfae662da14b"	"M1043"	"1706-01-01"	"1706-12-31"	"Synopsis (printed)"	"Synopsis"	"f"			"t"	"t"	"https://www.let.leidenuniv.nl/Dutch/Ceneton/Facsimiles/SJJovianusGent1706"			"f"										
"1dabec50-289f-4ef6-9b51-0af46fd6d872"	"M860"	"1685-01-01"	"1685-12-31"	"Synopsis (printed)"	"Synopsis"	"f"			"f"	"f"			"http://books.google.be/books?id=-O4UAAAAQAAJ&printsec=frontcover&dq=tribus+Constantinopoleos&hl=nl&sa=X&ei=COyfUPT1H-eX0QXekIGYAQ&ved=0CDEQ6AEwAA#v=onepage&q&f=false"	"f"										
"6fd4bde3-e004-45a2-8f49-db2ebcb0cbcc"	"M878"	"1690-01-01"	"1690-12-31"	"Synopsis (printed)"	"Synopsis"	"f"	"Tragedy"		"f"	"f"			"http://anet.ua.ac.be/desktop/anet/core/index.phtml?language=&euser=&session=&service=opacua&robot=&deskservice=desktop&desktop=anet&workstation=&extra="	"f"				"https://anet.be/record/opacuantwerpen/c:lvd:14022274/N"						
"c27de542-8043-4703-b8c6-6cae78601f1a"	"M903"	"1695-01-01"	"1695-12-31"	"Synopsis (printed)"	"Synopsis"	"f"	"Tragedy"		"f"	"f"			"https://books.google.be/books?vid=GENT900000048329&printsec=frontcover#v=onepage&q&f=false"	"f"										
"0ab86a1a-09f9-4746-92b1-8257d35daf46"	"M909"	"1696-01-01"	"1696-12-31"	"Synopsis (printed)"	"Synopsis"	"f"			"f"	"f"				"f"	"-4"									
"7043bf04-8a5d-4e87-982d-0d82e3c5f16d"	"M938"	"1699-01-01"	"1699-12-31"	"Synopsis (printed)"	"Synopsis"	"f"			"f"	"f"				"f"										
"d2344aa6-8150-455a-9353-0d8626af47c9"	"M951"	"1699-01-01"	"1699-12-31"	"Synopsis (printed)"	"Synopsis"	"f"			"f"	"f"				"f"		"Goran Proot, Spectacula Iesuitica Belgica Antiqua (SIBA). Pars I: Provincia Flandro-Belgica (Antwerpen, 2008), p. 1-836"								
"b362cd0f-f493-49c7-ba5d-5f3b68bc9ee7"	"M955"	"1700-01-01"	"1700-12-31"	"Synopsis (printed)"	"Synopsis"	"f"			"f"	"f"				"f"		"Goran Proot, Spectacula Iesuitica Belgica Antiqua (SIBA). Pars I: Provincia Flandro-Belgica (Antwerpen, 2008), p. 1-836"								
"6f398fef-5be3-47f8-8ea6-ddb41ab207b5"	"M976"	"1700-01-01"	"1700-12-31"	"Synopsis (printed)"	"Synopsis"	"f"			"f"	"f"				"f"		"Goran Proot, Spectacula Iesuitica Belgica Antiqua (SIBA). Pars I: Provincia Flandro-Belgica (Antwerpen, 2008), p. 1-836"								
"742f384b-3e34-4c05-8594-58d6bf7ba0c1"	"M977"	"1701-01-01"	"1701-12-31"	"Synopsis (printed)"	"Synopsis"	"f"			"f"	"f"				"f"		"Goran Proot, Spectacula Iesuitica Belgica Antiqua (SIBA). Pars I: Provincia Flandro-Belgica (Antwerpen, 2008), p. 1-836"								
"ed1cb492-7ef1-424c-9432-6bce2c8a5106"	"M979"	"1701-01-01"	"1701-12-31"	"Synopsis (printed)"	"Synopsis"	"f"			"f"	"f"				"f"		"Goran Proot, Spectacula Iesuitica Belgica Antiqua (SIBA). Pars I: Provincia Flandro-Belgica (Antwerpen, 2008), p. 1-836"								
"670392b1-1232-443b-b797-8afe66c7b7da"	"M980"	"1701-01-01"	"1701-12-31"	"Synopsis (printed)"	"Synopsis"	"f"	"Tragicomedy"		"f"	"f"				"f"		"Goran Proot, Spectacula Iesuitica Belgica Antiqua (SIBA). Pars I: Provincia Flandro-Belgica (Antwerpen, 2008), p. 1-836"								
"788d7397-e0c6-467c-9720-4822717072cb"	"M104"	"1552-01-01"	"1552-12-31"	"Reprint"	"Full edition"	"f"	"Comedy"		"f"	"f"	"https://www.let.leidenuniv.nl/Dutch/Ceneton/Facsimiles/MacropediusAsotus1552"	"https://www.let.leidenuniv.nl/Dutch/Ceneton/MacropediusAsotus1552.html"	"https://books.google.nl/books?id=HzUL7pp5jokC&printsec=frontcover&dq=Omnes+Georgii+Macropedii+fabulae+comicae&hl=nl&sa=X&ved=0ahUKEwjwiK7zy5XnAhXN5KQKHXNpBVMQ6AEIKzAA#v=onepage&q=Omnes%20Georgii%20Macropedii%20fabulae%20comicae&f=false"	"f"	"155208 - a1 A2 edic [a1 A2 dedi] : a2 A4 bus, - b1 A5 $pat : b2 F3 ma"									
"e327caa3-bfc0-4194-93b2-129bb9394a6a"	"M105"	"1552-01-01"	"1552-12-31"	"Reprint"	"Full edition"	"f"	"Comedy"	"Sacred comedy"	"f"	"f"	"https://www.let.leidenuniv.nl/Dutch/Ceneton/Facsimiles/MacropediusHecastus1552"	"https://www.let.leidenuniv.nl/Dutch/Ceneton/MacropediusHecastus1552.html"	"https://books.google.nl/books?id=HzUL7pp5jokC&printsec=frontcover&dq=Omnes+Georgii+Macropedii+fabulae+comicae&hl=nl&sa=X&ved=0ahUKEwjwiK7zy5XnAhXN5KQKHXNpBVMQ6AEIKzAA#v=onepage&q=Omnes%20Georgii%20Macropedii%20fabulae%20comicae&f=false"	"f"	"000008 - a1 b e : a2 b5 er$d - b1 c Re : b2 h2 ore"									
"d3735cc4-610c-4a7d-be37-88c2a9bdf90f"	"M106"	"1552-01-01"	"1552-12-31"	"Reprint"	"Full edition"	"f"	"Comedy"		"f"	"f"	"https://www.let.leidenuniv.nl/Dutch/Ceneton/Facsimiles/MacropediusLazarus1552"		"https://books.google.nl/books?id=HzUL7pp5jokC&printsec=frontcover&dq=Omnes+Georgii+Macropedii+fabulae+comicae&hl=nl&sa=X&ved=0ahUKEwjwiK7zy5XnAhXN5KQKHXNpBVMQ6AEIKzAA#v=onepage&q=Omnes%20Georgii%20Macropedii%20fabulae%20comicae&f=false"	"f"	"155208 - a1 G um : a2  G2 ,$ - b1 G3 yn : b2 "									
"5110663f-3017-47d9-a9a9-02e1112efe76"	"M108"	"1552-01-01"	"1552-12-31"	"First Printing"	"Full edition"	"f"			"f"	"f"	"https://www.let.leidenuniv.nl/Dutch/Ceneton/Facsimiles/MacropediusAdamus1552"	"https://www.let.leidenuniv.nl/Dutch/Ceneton/MacropediusAdamus1552.html"	"https://books.google.nl/books?id=HzUL7pp5jokC&printsec=frontcover&dq=Omnes+Georgii+Macropedii+fabulae+comicae&hl=nl&sa=X&ved=0ahUKEwjwiK7zy5XnAhXN5KQKHXNpBVMQ6AEIKzAA#v=onepage&q=Omnes%20Georgii%20Macropedii%20fabulae%20comicae&f=false"	"f"	"155208 - a1 R o$ : a2 R3 em$ - b1 R4 ngui : b2 a7 uide"									
"b6a59bda-28ac-4cd7-a8bf-4a83aee7102d"	"M109"	"1552-01-01"	"1552-12-31"	"Reprint"	"Full edition"	"f"			"f"	"f"			"https://books.google.nl/books?id=RH_X7k9hA1sC&printsec=frontcover&hl=nl&source=gbs_ge_summary_r&cad=0#v=onepage&q&f=false"	"f"	"155208 - a1 A2 unt,$ : a2 A4 os$ta - b1 A5 rin : b2 I3 om"									
"a79682fb-04aa-42e4-a320-4fe53fbf5c90"	"M110"	"1553-01-01"	"1553-12-31"	"Reprint"	"Full edition"	"f"	"Comedy"		"f"	"f"	"https://www.let.leidenuniv.nl/Dutch/Ceneton/Facsimiles/MacropediusAluta1553"	"https://www.let.leidenuniv.nl/Dutch/Ceneton/MacropediusAluta1553.html"	"https://books.google.nl/books?id=HzUL7pp5jokC&printsec=frontcover&dq=Omnes+Georgii+Macropedii+fabulae+comicae&hl=nl&sa=X&ved=0ahUKEwjwiK7zy5XnAhXN5KQKHXNpBVMQ6AEIKzAA#v=onepage&q=Omnes%20Georgii%20Macropedii%20fabulae%20comicae&f=false"	"f"	"155308 - a1 A2 us$o : a2 A3 te.$ - b1 A4 ae$im : b1 C st,"									
"4932abc1-c252-4d49-81e0-b133029b68e7"	"M2114"	"1776-01-01"	"1776-12-31"	"First Printing"	"Full edition"	"f"	"Tragedy"		"t"	"t"	"https://www.let.leidenuniv.nl/Dutch/Ceneton/Facsimiles/CarmelietenBaasa1776"	"https://www.let.leidenuniv.nl/Dutch/Ceneton/CarmelietenBaasa1776.html"		"f"										
"4652390d-d159-4a85-9183-436c42c92fad"	"M111"	"1553-01-01"	"1553-12-31"	"Reprint"	"Full edition"	"f"			"f"	"f"	"https://www.let.leidenuniv.nl/Dutch/Ceneton/Facsimiles/MacropediusAndrisca1553"	"https://www.let.leidenuniv.nl/Dutch/Ceneton/MacropediusAndrisca1553.html"	"https://books.google.nl/books?id=HzUL7pp5jokC&printsec=frontcover&dq=Omnes+Georgii+Macropedii+fabulae+comicae&hl=nl&sa=X&ved=0ahUKEwjwiK7zy5XnAhXN5KQKHXNpBVMQ6AEIKzAA#v=onepage&q=Omnes%20Georgii%20Macropedii%20fabulae%20comicae&f=false"	"f"	"M2 $tri"									
"b981b846-1ce5-4ab2-a13d-05cc478775fb"	"M112"	"1553-01-01"	"1553-12-31"	"Reprint"	"Full edition"	"f"			"f"	"f"	"https://www.let.leidenuniv.nl/Dutch/Ceneton/Facsimiles/MacropediusBassarus1553"	"https://www.let.leidenuniv.nl/Dutch/Ceneton/MacropediusBassarus1553.html"	"https://books.google.nl/books?id=HzUL7pp5jokC&printsec=frontcover&dq=Omnes+Georgii+Macropedii+fabulae+comicae&hl=nl&sa=X&ved=0ahUKEwjwiK7zy5XnAhXN5KQKHXNpBVMQ6AEIKzAA#v=onepage&q=Omnes%20Georgii%20Macropedii%20fabulae%20comicae&f=false"	"f"	"Q2 .$"									
"8b450b83-cea1-4e66-b446-1112f98dcb5e"	"M113"	"1553-01-01"	"1553-12-31"	"Reprint"	"Full edition"	"f"	"Comedy"		"f"	"f"	"https://www.let.leidenuniv.nl/Dutch/Ceneton/Facsimiles/MacropediusJosephus1553"		"https://books.google.nl/books?id=HzUL7pp5jokC&printsec=frontcover&dq=Omnes+Georgii+Macropedii+fabulae+comicae&hl=nl&sa=X&ved=0ahUKEwjwiK7zy5XnAhXN5KQKHXNpBVMQ6AEIKzAA#v=onepage&q=Omnes%20Georgii%20Macropedii%20fabulae%20comicae&f=false"	"f"	"155208 - a1 L um : a2 L2 arti - b1 L3 ,$q : b2 Q4 t$mi$Io"									
"f01326d0-e3f2-416e-8b34-05e416662ec1"	"M114"	"1553-01-01"	"1553-12-31"	"Reprint"	"Full edition"	"f"	"Comedy"		"f"	"f"	"https://www.let.leidenuniv.nl/Dutch/Ceneton/Facsimiles/MacropediusPetriscus1553"	"https://www.let.leidenuniv.nl/Dutch/Ceneton/MacropediusPetriscus1553.html"		"f"	"155308 - a1 A2 us$o : a2 G2 opp "									
"f7ddf176-0be9-4098-95ae-ae8c44125cf3"	"M115"	"1553-01-01"	"1553-12-31"	"Reprint"	"Full edition"	"f"			"f"	"f"	"https://www.let.leidenuniv.nl/Dutch/Ceneton/Facsimiles/MacropediusRebelles1553"	"https://www.let.leidenuniv.nl/Dutch/Ceneton/MacropediusRebelles1553.html"		"f"	"155308 - a1 A2 us$o : a2 C2 $& - b1 C3 ero, : b2 F5 o.$"									
"458ab0f4-9b31-42da-9e80-3e061175814e"	"M117"	"1554-01-01"	"1554-12-31"	"Reprint"	"Full edition"	"f"			"f"	"f"				"f"										
"37aa47df-cd1b-49d7-872a-c1fa48be6cb8"	"M118"	"1554-01-01"	"1554-12-31"	"First Printing"	"Full edition"	"f"	"Comedy"	"Sacred comedy"	"f"	"f"	"https://www.let.leidenuniv.nl/Dutch/Ceneton/Facsimiles/MacropediusHypomone1554"		"https://books.google.nl/books?id=HzUL7pp5jokC&printsec=frontcover&dq=Omnes+Georgii+Macropedii+fabulae+comicae&hl=nl&sa=X&ved=0ahUKEwjwiK7zy5XnAhXN5KQKHXNpBVMQ6AEIKzAA#v=onepage&q=Omnes%20Georgii%20Macropedii%20fabulae%20comicae&f=false"	"f"	"000008 - a1 i2 ense : a2 i4 $in$ - b1 k on : b2 m5 am$i"									
"0c60ebd1-3f57-4c80-8065-1c17fb2a0f64"	"M119"	"1556-01-01"	"1556-12-31"	"First Printing"	"Full edition"	"f"			"t"	"t"	"https://www.let.leidenuniv.nl/Dutch/Ceneton/Facsimiles/MacropediusJesus1556"	"https://www.let.leidenuniv.nl/Dutch/Ceneton/MacropediusJesus1556.html"		"f"	"155608 - a1 A2 agae - b1 A3 laca : b2 D2 ,$&$"									
"369750d8-0044-4c62-b3a3-090e4cf8cd34"	"M126"	"1560-01-01"	"1560-12-31"	"First Printing"	"Full edition"	"f"			"f"	"f"			"http://books.google.be/books?id=SP8TAAAAQAAJ&printsec=frontcover&hl=nl&source=gbs_ge_summary_r&cad=0#v=onepage&q&f=false"	"f"	"156008 - a1 A2 et$frate : a2 B2 nterci - b1 B3 $regi - b2 H5 ibus$"									
"e1a53aa4-ab05-478b-8194-4b5f47a9fe11"	"M52"	"1540-01-01"	"1540-12-31"	"Reprint"	"Full edition"	"f"			"f"	"f"				"f"										
"a417c9ff-ad22-497a-920b-3f1833203c19"	"M64"	"1541-01-01"	"1541-12-31"	"First Printing"	"Full edition"	"f"								"f"										
"cd954c9a-426d-438d-9670-e583f5884e06"	"M82"	"1543-01-01"	"1543-12-31"		"Full edition"	"f"			"f"	"f"				"f"										
"72ec701d-5718-4a44-a351-78711edf6d79"	"M864"	"1686-01-01"	"1686-12-31"	"Synopsis (printed)"	"Synopsis"	"f"			"f"	"f"				"f"		"Goran Proot, Spectacula Iesuitica Belgica Antiqua (SIBA). Pars I: Provincia Flandro-Belgica (Antwerpen, 2008), p. 1-836"								
"eca6dc39-c0c4-44b6-936a-64332c8dc18a"	"M881"	"1691-01-01"	"1691-12-31"	"Synopsis (printed)"	"Synopsis"	"f"			"f"	"f"				"f"										
"b1217d12-c7c2-4fb7-acc2-258440e8b66f"	"M513"	"1639-01-01"	"1639-12-31"	"Reprint"	"Full edition"	"f"			"f"	"f"				"f"	"163912 - b1 S p : b2 T6 cep"									
"5fdc3946-01ab-4d11-b70e-b2ce96a50d25"	"M514"	"1639-01-01"	"1639-12-31"	"Reprint"	"Full edition"	"f"			"f"	"f"				"f"	"163912 - b1 X , : b2 Y4 erur"									
"bdb735da-2b9d-4741-9aad-1f56c033df2e"	"M553"	"1645-01-01"	"1645-12-31"	"Reprint"	"Full edition"	"f"			"f"	"f"				"f"										
"96d971f1-c359-483a-8a70-e14af5298d11"	"M558"	"1645-01-01"	"1645-12-31"	"Reprint"	"Full edition"	"f"			"f"	"f"			"https://books.google.nl/books?id=bm9EAAAAcAAJ&printsec=frontcover&dq=poemata+grotius&hl=nl&sa=X&ved=0ahUKEwio5pvp653NAhVMIcAKHVnKAa8Q6AEIHjAA#v=onepage&q=poemata%20grotius&f=false"	"f"										
"1c77adc7-7afe-4b94-9f7d-c9e943ef5c17"	"M928"	"1698-01-01"	"1698-12-31"	"Synopsis (printed)"	"Synopsis"	"f"			"f"	"f"				"f"		"Goran Proot, Spectacula Iesuitica Belgica Antiqua (SIBA). Pars I: Provincia Flandro-Belgica (Antwerpen, 2008), p. 1-836"								
"837715c7-8bd6-44a6-8595-404521966ab6"	"M239"	"1608-01-01"	"1608-12-31"	"First Printing"	"Full edition"	"f"	"Tragedy"		"t"	"t"				"f"										
"2d7ff338-bef6-467f-987c-294e28a7ef05"	"M289"	"1618-01-01"	"1618-12-31"	"Synopsis (printed)"	"Synopsis"	"f"	"Comedy"		"f"	"f"				"f"	"161804 - a1 A2 ,$ : a2 C ui - b1 C3 js,$l : b2 D no"									
"a4d032f9-c177-4c74-9284-832fe4ce1d41"	"M619"	"1652-01-01"	"1652-12-31"	"Synopsis (printed)"	"Synopsis"	"f"			"f"	"f"	"https://www.let.leidenuniv.nl/Dutch/Ceneton/Facsimiles/SJHermenigildusBrussel1652"			"f"										
"48060505-ddc1-4cc4-8bd6-1612c5094870"	"M676"	"1659-01-01"	"1659-12-31"	"Synopsis (printed)"	"Synopsis"	"f"			"f"	"f"				"f"							"https://catalogue.bnf.fr/ark:/12148/cb370858294"			
"faf7800a-39c9-439e-bcf0-cd6a32e44962"	"M79"	"1542-01-01"	"1542-12-31"	"Reprint"	"Full edition"	"f"			"f"	"f"				"f"										
"b91bd114-006b-43e1-a35a-3e2fb9b8778c"	"M16"	"1534-01-01"	"1534-12-31"	"Reprint"	"Full edition"	"f"			"f"	"f"				"f"										
"43f06362-2051-4630-a6ed-49873046db37"	"M2"	"1509-01-01"	"1515-12-31"	"First Printing"	"Full edition"	"f"			"f"	"f"				"f"										
"45d27df9-dc7d-4243-968d-0b5816275c10"	"M728"	"1663-01-01"	"1663-12-31"	"Synopsis (printed)"	"Synopsis"	"f"			"f"	"f"				"f"							"https://catalogue.bnf.fr/ark:/12148/cb38684491c"			
"f5af9177-5252-40b8-8d5a-b4cc17a4a89b"	"M128"	"1562-01-01"	"1562-12-31"	"Reprint"	"Full edition"	"f"			"f"	"f"				"f"										
"b270cf6b-9b4e-4405-be7e-e15d16361c9b"	"M137"	"1568-01-01"	"1568-12-31"	"Reprint"	"Full edition"	"f"			"f"	"f"			"https://books.google.nl/books?id=nOITAAAAQAAJ&printsec=frontcover&dq=acolastus&hl=nl&sa=X&ei=CWqWVarQHYH0UK7mudgP&ved=0CEMQ6wEwBQ#v=onepage&q=acolastus&f=false"	"f"										
"ef3569bc-854a-4ee7-9463-d77c7f6be659"	"M2074"	"1771-01-01"	"1771-12-31"	"Synopsis (printed)"	"Synopsis"	"f"			"f"	"f"			"http://anet.ua.ac.be/desktop/anet/core/index.phtml?language=&euser=&session=&service=opacua&robot=&deskservice=desktop&desktop=anet&workstation=&extra="	"f"		"Goran Proot, Spectacula Iesuitica Belgica Antiqua (SIBA). Pars I: Provincia Flandro-Belgica (Antwerpen, 2008), p. 1-836"								
"718e3d23-99fa-41e4-b991-57760cb7804d"	"M2055"	"1770-01-01"	"1770-12-31"	"Synopsis (printed)"	"Synopsis"	"f"			"f"	"f"				"f"		"Koppeling met nog in te voeren stuk dat door Proot wordt genoemd: Bl 206."								
"87fdcd2b-bebe-4f4a-aeae-b6ea436dc32b"	"M1146"	"1718-01-01"	"1718-12-31"	"Synopsis (printed)"	"Synopsis"	"f"	"Tragedy"		"f"	"f"			"http://anet.ua.ac.be/desktop/anet/core/index.phtml?language=&euser=&session=&service=opacua&robot=&deskservice=desktop&desktop=anet&workstation=&extra="	"f"				"https://anet.be/record/opacuantwerpen/c:lvd:14015690/N"						
"337ee376-2f10-4598-9a84-ebebe593f33f"	"M2080"	"1772-01-01"	"1772-12-31"	"Synopsis (printed)"	"Synopsis"	"f"	"Tragedy"		"t"	"t"				"f"				"https://anet.be/brocade/brocade.phtml?UDdesk=uantwerpen&UDses=123873045%3A571637&UDstate=1&UDmode=&UDaccess=&UDrou=_EntryC%3Abopwexe&RDcgi=buttonselectfull&CDopSe=662790011&CDopSt=9&CDopLv=1&CDopOp=opacuantwerpen&RDrecord=c:lvd:12872450"						
"a2c0f6f9-ffbf-4c0c-a018-23f379cb08ed"	"M2088"	"1772-01-01"	"1772-12-31"	"Synopsis (printed)"	"Synopsis"	"f"	"Comedy"	"Farce"	"f"	"f"				"f"										
"a45e4223-c48e-4cd1-b23e-379576c16440"	"M2084"	"1772-01-01"	"1772-12-31"	"Synopsis (printed)"	"Synopsis"	"f"	"Comedy"	"Farce"	"f"	"f"				"f"										
"30087fef-3599-4898-8192-855899f37618"	"M1887"	"1755-01-01"	"1755-12-31"	"Synopsis (printed)"	"Synopsis"	"f"			"f"	"f"				"f"										
"fcb093c9-b34d-4cba-a320-ce9e794150e8"	"M1889"	"1755-01-01"	"1755-12-31"	"Synopsis (printed)"	"Synopsis"	"f"			"f"	"f"				"f"										
"ac823906-b3cf-40a3-8a58-adc8bebd8697"	"M812"	"1679-01-01"	"1679-12-31"	"First Printing"	"Full edition"	"f"			"f"	"f"				"f"										
"59c7b2d6-63f9-46e0-b474-6e86f4af32cf"	"M814"	"1679-01-01"	"1679-12-31"	"First Printing"	"Full edition"	"f"			"f"	"f"				"f"										
"c8f1ceec-481d-4944-8ccf-0d5cb0e523ae"	"M815"	"1679-01-01"	"1679-12-31"	"First Printing"	"Full edition"	"f"			"f"	"f"				"f"										
"04111b75-f6d4-42c8-bdc2-fbdad25cf959"	"M816"	"1679-01-01"	"1679-12-31"	"First Printing"	"Full edition"	"f"			"f"	"f"				"f"										
"9c1534e3-cf81-4626-92e7-020a1f324a92"	"M817"	"1679-01-01"	"1679-12-31"	"First Printing"	"Full edition"	"f"			"f"	"f"				"f"										
"0114d321-02b2-4554-869e-2a1a05bd5ac2"	"M818"	"1679-01-01"	"1679-12-31"	"First Printing"	"Full edition"	"f"			"f"	"f"				"f"										
"e452d99a-f84b-4a4c-9eca-f7d7e4f5b77e"	"M819"	"1679-01-01"	"1679-12-31"	"First Printing"	"Full edition"	"f"			"f"	"f"				"f"										
"bfebce13-2b83-4c3f-b134-20d91c69c245"	"M820"	"1679-01-01"	"1679-12-31"	"First Printing"	"Full edition"	"f"			"f"	"f"				"f"										
"f44e8fc6-d07f-4cd2-a40d-ba4d72a31b5a"	"M821"	"1679-01-01"	"1679-12-31"	"First Printing"	"Full edition"	"f"			"f"	"f"				"f"										
"5a1fec8f-8ea9-4e43-ae57-467e3fdce4d8"	"M824"	"1679-01-01"	"1679-12-31"	"First Printing"	"Full edition"	"f"			"f"	"f"				"f"										
"512d29a3-3094-45ad-8715-f854e04dab76"	"M825"	"1679-01-01"	"1679-12-31"	"First Printing"	"Full edition"	"f"			"f"	"f"				"f"										
"6fc329a5-6fd5-4cc6-9abd-24e997bb5abe"	"M826"	"1679-01-01"	"1679-12-31"	"First Printing"	"Full edition"	"f"			"f"	"f"				"f"										
"411e9a2f-47d1-4cdd-a370-10158642d6ac"	"M1885"	"1754-01-01"	"1754-12-31"	"Synopsis (printed)"	"Synopsis"	"f"	"Tragedy"		"f"	"f"				"f"								"https://picarta.oclc.org/psi/xslt/DB=3.11/XMLPRS=Y/PPN?PPN=318577887"		
"7c5f2dd7-81ab-4cf8-9a7e-14638829c9d9"	"M1886"	"1754-01-01"	"1754-12-31"	"Mention"	"Fragment"	"f"	"Comedy"	"Farce"	"f"	"f"				"f"										
"1a7b7a48-00d9-4a11-adf7-04cea081e5d4"	"M1894"	"1755-01-01"	"1755-12-31"	"Synopsis (printed)"	"Synopsis"	"f"	"Comical tragedy"		"f"	"f"				"f"	"000004 - "									
"b38c62f7-2837-487d-a48d-acab16aec140"	"M1896"	"1755-01-01"	"1755-12-31"	"Synopsis (printed)"	"Synopsis"	"f"	"Comedy"		"f"	"f"				"f"	"000004 - "									
"4b3d1930-56ee-4bf0-b819-b11a4e4ada7c"	"M657"	"1656-01-01"	"1656-12-31"	"Synopsis (printed)"	"Synopsis"	"f"			"f"	"f"				"f"					"https://opac.kbr.be/LIBRARY/doc/SYRACUSE/14961106"					
"9dc737c5-6c73-4e2a-9b05-9978143c6506"	"M781"	"1671-01-01"	"1671-12-31"	"Synopsis (printed)"	"Synopsis"	"f"			"f"	"f"				"f"		"Goran Proot, 'Het toneel van de Antwerpse Augustijnen (1671-1783)' in: De Gulden Passer. Jaargang 76-77 (1998-1999), p. 183-194, via: https://www.dbnl.org/tekst/_gul005199801_01/_gul005199801_01_0008.php"								
"8d7e8060-d719-402f-832c-fba9d3d457f5"	"M802"	"1674-01-01"	"1674-12-31"	"Synopsis (printed)"	"Synopsis"	"f"			"f"	"f"				"f"		"Goran Proot, 'Het toneel van de Antwerpse Augustijnen (1671-1783)' in: De Gulden Passer. Jaargang 76-77 (1998-1999), p. 183-194, via: https://www.dbnl.org/tekst/_gul005199801_01/_gul005199801_01_0008.php"								
"6563800b-c524-4933-95e6-276ab5d8d486"	"M856"	"1683-01-01"	"1683-12-31"	"Synopsis (printed)"	"Synopsis"	"f"	"Comical tragedy"		"f"	"f"				"f"		"Goran Proot, 'Het toneel van de Antwerpse Augustijnen (1671-1783)' in: De Gulden Passer. Jaargang 76-77 (1998-1999), p. 183-194, via: https://www.dbnl.org/tekst/_gul005199801_01/_gul005199801_01_0008.php"			"https://opac.kbr.be/LIBRARY/doc/SYRACUSE/18397449 "					
"28c68880-1dfd-4ed1-845c-fec7fa5044ff"	"M861"	"1686-01-01"	"1686-12-31"	"Synopsis (printed)"	"Synopsis"	"f"	"Comedy"		"f"	"f"				"f"		"Goran Proot, 'Het toneel van de Antwerpse Augustijnen (1671-1783)' in: De Gulden Passer. Jaargang 76-77 (1998-1999), p. 183-194, via: https://www.dbnl.org/tekst/_gul005199801_01/_gul005199801_01_0008.php"								
"19149772-4ec0-4575-832e-06ba3ff22356"	"M877"	"1689-01-01"	"1689-12-31"	"Synopsis (printed)"	"Synopsis"	"f"	"Tragedy"		"f"	"f"				"f"	"168904"	"Goran Proot, 'Het toneel van de Antwerpse Augustijnen (1671-1783)' in: De Gulden Passer. Jaargang 76-77 (1998-1999), p. 183-194, via: https://www.dbnl.org/tekst/_gul005199801_01/_gul005199801_01_0008.php"								
"927b45df-5ae8-4085-ac97-f4eac4139369"	"M879"	"1690-01-01"	"1690-12-31"	"Synopsis (printed)"	"Synopsis"	"f"			"f"	"f"				"f"	"4"									
"6fdde9e1-6374-43de-b501-c1b55daecc4a"	"M900"	"1694-01-01"	"1694-12-31"	"Synopsis (printed)"	"Synopsis"	"f"			"f"	"f"				"f"	"4"									
"c0dff04a-2211-4219-b221-19d9c5a782c0"	"M944"	"1699-01-01"	"1699-12-31"	"Synopsis (printed)"	"Synopsis"	"f"			"f"	"f"	"https://www.let.leidenuniv.nl/Dutch/Ceneton/Facsimiles/AugustijnenLeopoldus1688"	"https://www.let.leidenuniv.nl/Dutch/Ceneton/AugustijnenLeopoldus1688.html"		"f"	"0000 - "									
"ef249617-5b76-44c8-82ce-0b64788f0e53"	"M1005"	"1702-01-01"	"1702-12-31"	"Synopsis (printed)"	"Synopsis"	"f"			"f"	"f"				"f"		"Goran Proot, Spectacula Iesuitica Belgica Antiqua (SIBA). Pars I: Provincia Flandro-Belgica (Antwerpen, 2008), p. 1-836"								
"d7f323b0-b742-4e9d-93be-232cf656bac2"	"M1016"	"1703-01-01"	"1703-12-31"	"Synopsis (printed)"	"Synopsis"	"f"	"Tragedy"		"f"	"f"				"f"	"170304"	"Goran Proot, Spectacula Iesuitica Belgica Antiqua (SIBA). Pars I: Provincia Flandro-Belgica (Antwerpen, 2008), p. 1-836"								
"7fcc7a0f-fcd8-4f4e-9067-bdfdd53203cf"	"M1186"	"1721-01-01"	"1721-12-31"	"Synopsis (printed)"	"Synopsis"	"f"			"f"	"f"			"http://anet.ua.ac.be/desktop/anet/core/index.phtml?language=&euser=&session=&service=opacua&robot=&deskservice=desktop&desktop=anet&workstation=&extra="	"f"				"https://anet.be/record/opacuantwerpen/c:lvd:14028980/N"						
"47abf2a7-7f0a-46da-90d0-e149186f4ae3"	"M1292"	"1724-01-01"	"1724-12-31"	"Synopsis (printed)"	"Synopsis"	"f"	"Tragedy"		"f"	"f"	"https://www.let.leidenuniv.nl/Dutch/Ceneton/Facsimiles/SJManliusTorquatusBrugge1724"			"f"	"2"									
"f2caa1ae-0851-4255-b268-31b9b6475998"	"M1305"	"1724-01-01"	"1724-12-31"	"Mention"	"Fragment"	"f"	"Comedy"		"f"	"f"	"https://www.let.leidenuniv.nl/Dutch/Ceneton/Facsimiles/SJManliusTorquatusBrugge1724"			"f"										
"cdbaff33-5249-46b3-97c7-33af825a6167"	"M1402"	"1728-01-01"	"1728-12-31"	"Mention"	"Fragment"	"f"	"Comedy"	"Farce"	"f"	"f"	"https://www.let.leidenuniv.nl/Dutch/Ceneton/Facsimiles/AugustijnenBalthassar1728"	"https://www.let.leidenuniv.nl/Dutch/Ceneton/AugustijnenBalthassar1728.html"	"http://anet.ua.ac.be/desktop/anet/core/index.phtml?language=&euser=&session=&service=opacua&robot=&deskservice=desktop&desktop=anet&workstation=&extra="	"f"	"4"									
"4d55318d-e544-4c05-9d1e-8a6e99b18469"	"M1413"	"1728-01-01"	"1728-12-31"	"Synopsis (printed)"	"Synopsis"	"f"	"Tragedy"		"f"	"f"	"https://www.let.leidenuniv.nl/Dutch/Ceneton/Facsimiles/AugustijnenBalthassar1728"	"https://www.let.leidenuniv.nl/Dutch/Ceneton/AugustijnenBalthassar1728.html"	"http://anet.ua.ac.be/desktop/anet/core/index.phtml?language=&euser=&session=&service=opacua&robot=&deskservice=desktop&desktop=anet&workstation=&extra="	"f"	"4"									
"5ec71f72-cd0a-4b38-aa2d-209eb574a14b"	"M1491"	"1730-01-01"	"1730-12-31"	"Synopsis (printed)"	"Synopsis"	"f"	"Tragedy"		"f"	"f"				"f"										
"f08c2a49-e49c-43b5-8496-e64589cda548"	"M1522"	"1730-01-01"	"1730-12-31"	"Mention"	"Fragment"	"f"	"Comedy"		"f"	"f"				"f"										
"c9ef2cc7-6a70-43fc-aaf2-5f8a9b901614"	"M1548"	"1731-01-01"	"1731-12-31"	"Synopsis (printed)"	"Synopsis"	"f"			"f"	"f"				"f"	"4"									
"c5dd68a3-b256-458b-93fc-724316a96fa6"	"M1549"	"1731-01-01"	"1731-12-31"	"Synopsis (printed)"	"Synopsis"	"f"			"f"	"f"				"f"	"4"	"Goran Proot, Spectacula Iesuitica Belgica Antiqua (SIBA). Pars I: Provincia Flandro-Belgica (Antwerpen, 2008), p. 1-836"								
"12467a14-76e0-4a27-bad2-83d27edb7b53"	"M1553"	"1731-01-01"	"1731-12-31"	"Mention"	"Fragment"	"f"	"Comedy"		"f"	"f"				"f"		"Goran Proot, Spectacula Iesuitica Belgica Antiqua (SIBA). Pars I: Provincia Flandro-Belgica (Antwerpen, 2008), p. 1-836"								
"b7800d02-d8aa-40f5-bf64-101828957834"	"M1556"	"1731-01-01"	"1731-12-31"	"Synopsis (printed)"	"Synopsis"	"f"			"f"	"f"				"f"	"4"	"Goran Proot, Spectacula Iesuitica Belgica Antiqua (SIBA). Pars I: Provincia Flandro-Belgica (Antwerpen, 2008), p. 1-836"								
"8a7afa9b-7019-48ea-9c6d-6d75b94882f8"	"M1561"	"1731-01-01"	"1731-12-31"	"Synopsis (printed)"	"Synopsis"	"f"	"Comical tragedy"		"f"	"f"				"f"										
"a6f7cd59-d305-40b6-9d80-75b6a94dc008"	"M1588"	"1732-01-01"	"1732-12-31"	"Synopsis (printed)"	"Synopsis"	"f"			"f"	"f"				"f"										
"b9150c04-9f6d-44e8-b126-d5dc09a9e3cc"	"M1602"	"1732-01-01"	"1732-12-31"	"Mention"	"Fragment"	"f"			"f"	"f"				"f"										
"f0245e49-0b3b-4a5e-8c4e-ac91fb5ec300"	"M1610"	"1732-01-01"	"1732-12-31"	"Synopsis (printed)"	"Synopsis"	"f"			"f"	"f"				"f"										
"0183bacd-8426-41db-82c5-9b6e2e7ccf33"	"M1629"	"1733-01-01"	"1733-12-31"	"Synopsis (printed)"	"Synopsis"	"f"			"f"	"f"				"f"	"2"	"Goran Proot, Spectacula Iesuitica Belgica Antiqua (SIBA). Pars I: Provincia Flandro-Belgica (Antwerpen, 2008), p. 1-836"								
"4e0a191d-5002-443f-9af7-26cf9daa5c7a"	"M1643"	"1733-01-01"	"1733-12-31"	"Synopsis (printed)"	"Synopsis"	"f"			"f"	"f"				"f"										
"5cb36548-43e6-499a-8446-62caed6e2a15"	"M1662"	"1733-01-01"	"1733-12-31"	"Synopsis (printed)"	"Synopsis"	"f"			"f"	"f"				"f"		"Goran Proot, Spectacula Iesuitica Belgica Antiqua (SIBA). Pars I: Provincia Flandro-Belgica (Antwerpen, 2008), p. 1-836"								
"2dbc869e-578b-4c4f-99c5-8f8844b386ce"	"M967"	"1700-01-01"	"1700-12-31"	"Synopsis (printed)"	"Synopsis"	"f"	"Tragedy"		"f"	"f"				"f"										
"46aeb98d-59da-487e-a30d-df2b6a87abf3"	"M996"	"1702-01-01"	"1702-12-31"	"Synopsis (printed)"	"Synopsis"	"f"	"Tragedy"		"f"	"f"				"f"		"Goran Proot, Spectacula Iesuitica Belgica Antiqua (SIBA). Pars I: Provincia Flandro-Belgica (Antwerpen, 2008), p. 1-836"								
"ca03074a-a091-42ff-914d-cec7147e8287"	"M1899"	"1755-01-01"	"1755-12-31"	"Reprint"	"Full edition"	"f"	"Tragedy"		"f"	"f"			"https://books.google.nl/books?id=CMfvL0ZtiigC&pg=PA560&dq=euripidis+medea+phoenissae+grotii&hl=nl&sa=X&ved=0ahUKEwi1_pGWqJ3oAhWL-qQKHVzADpgQ6AEIXjAG#v=onepage&q=euripidis%20medea%20phoenissae%20grotii&f=false"	"f"	"175504 - a1 * de : a2 A2 t$J - b1 A3 ad$ : b2 Eeee2 NI - c1 Ffff2 i$mend : c2 Ooooo2 ai$en$phaei,$a"									
"d03fcbf1-1dfe-465e-8409-9cc12d2eba75"	"M1453"	"1729-01-01"	"1729-12-31"	"Synopsis (printed)"	"Synopsis"	"f"			"f"	"f"	"https://www.let.leidenuniv.nl/Dutch/Ceneton/Facsimiles/AugustijnenCarel1729"	"https://www.let.leidenuniv.nl/Dutch/Ceneton/AugustijnenCarel1729.html"	"http://books.google.be/books?id=pVFbAAAAQAAJ&printsec=frontcover&hl=nl&source=gbs_ge_summary_r&cad=0#v=onepage&q&f=false"	"f"										
"00a83d1f-5baa-4172-b8a3-c6c6cebb00f5"	"M2110"	"1775-01-01"	"1775-12-31"	"Synopsis (printed)"	"Synopsis"	"f"			"f"	"f"				"f"	"000004 - "									
"0090e20d-9685-42d9-b93b-fa1f8fd24dd2"	"M29"	"1537-01-01"	"1537-12-31"	"Reprint"	"Full edition"	"f"	"Comedy"	"Sacred comedy"	"f"	"f"				"f"	"153708 - a1 Aij $nisi$e : a2 Aiiij .$ - b1 AV estia : b2 EV rum,"									
"08ac49b2-6208-49c7-8ddc-fe2c4cf099bd"	"M77"	"1542-01-01"	"1542-12-31"	"Reprint"	"Full edition"	"f"	"Comedy"	"Sacred comedy"	"f"	"f"				"f"										
"387fdb77-9393-407c-b02f-b5bf637a1bbe"	"M371"	"1630-01-01"	"1630-12-31"	"First Printing"	"Full edition"	"f"	"Tragedy"		"t"	"t"	"https://www.let.leidenuniv.nl/Dutch/Ceneton/Facsimiles/GrotiusEuripidesPhoenissae1630"	"https://www.let.leidenuniv.nl/Dutch/Ceneton/GrotiusEuripidesPhoenissae1630.html"	"http://books.google.nl/books?id=g5C7Hg_dvlUC&pg=PR4-IA21&lpg=PR4-IA21&dq=%22contra+quam+Sophocles+Oedipode%22&source=bl&ots=eeJ4t0fYYH&sig=8Tekthu5jAVvf4nZvME-8dXZglY&hl=nl&sa=X&ei=j7VXUvPkHonB0gXv2ICIBw&ved=0CEIQ6AEwBA#v=onepage&q=%22contra%20quam%20Sophocles%20Oedipode%22&f=false"	"f"	"163008 - a1 a2 rum : a2 A3 Ioká - b1 A4 bet,$ : b2 H5 $dé."									
"25f43f32-c997-40b7-9e83-364cb25acb4e"	"M1745"	"1742-01-01"	"1742-12-31"	"Synopsis (printed)"	"Synopsis"	"f"			"f"	"f"				"f"	"-4"					"https://lib.ugent.be/catalog/rug01:000785134"				
"fee3c6af-6296-4019-9772-8fd9e4e37497"	"M888"	"1693-01-01"	"1693-12-31"	"Synopsis (printed)"	"Synopsis"	"f"	"Tragedy"		"f"	"f"	"https://www.let.leidenuniv.nl/Dutch/Ceneton/Facsimiles/AugustijnenIamires1693"	"https://www.let.leidenuniv.nl/Dutch/Ceneton/AugustijnenIamires1693.html"	"http://books.google.be/books?id=eFFbAAAAQAAJ&printsec=frontcover&hl=nl&source=gbs_ge_summary_r&cad=0#v=onepage&q&f=false"	"f"		"Goran Proot, Spectacula Iesuitica Belgica Antiqua (SIBA). Pars I: Provincia Flandro-Belgica (Antwerpen, 2008), p. 1-836"								
"c23a2dc2-b77a-43c7-a385-7ee69ae97b25"	"M125"	"1559-01-01"	"1559-12-31"	"First Printing"	"Full edition"	"f"	"Tragedy"		"f"	"f"				"f"										
"77dc99cd-bc40-4d6b-a3c6-e0ca3629f414"	"M600"	"1648-01-01"	"1648-12-31"	"Synopsis (printed)"	"Synopsis"	"f"			"f"	"f"				"f"										
"e5dac9b1-7897-4143-9c68-ff6cb8bc2135"	"M726"	"1663-01-01"	"1663-12-31"	"Synopsis (printed)"	"Synopsis"	"f"			"f"	"f"				"f"	"000004 - a1 A2 rcibu"									
"736a7780-6684-4c36-ab33-f899c93976e8"	"M727"	"1663-01-01"	"1663-12-31"	"Synopsis (printed)"	"Synopsis"	"f"			"f"	"f"				"f"	"4"									
"fd1c3866-3800-48c7-92a3-8c3a7fbcf646"	"M367"	"1629-01-01"	"1629-12-31"	"Synopsis (printed)"	"Synopsis"	"f"	"Tragicomedy"		"f"	"f"				"f"		"Goran Proot, Spectacula Iesuitica Belgica Antiqua (SIBA). Pars I: Provincia Flandro-Belgica (Antwerpen, 2008), p. 1-836"								
"a39f993a-bbd4-4698-a5af-0c35e3078fd2"	"M417"	"1634-01-01"	"1634-12-31"	"Synopsis (printed)"	"Synopsis"	"f"			"f"	"f"				"f"										
"a82c0f8b-e7b5-4188-8373-3f9fcd29e933"	"M422"	"1634-01-01"	"1634-12-31"	"Synopsis (printed)"	"Synopsis"	"f"	"Comedy"		"f"	"f"				"f"		"Goran Proot, Spectacula Iesuitica Belgica Antiqua (SIBA). Pars I: Provincia Flandro-Belgica (Antwerpen, 2008), p. 1-836"								
"88417ea1-8b16-490b-9378-30d438d8e32d"	"M533"	"1640-01-01"	"1640-12-31"	"Synopsis (printed)"	"Synopsis"	"f"			"f"	"f"				"f"		"Goran Proot, Spectacula Iesuitica Belgica Antiqua (SIBA). Pars I: Provincia Flandro-Belgica (Antwerpen, 2008), p. 1-836"								
"1d63c6bd-853d-4a68-837d-984a123e5421"	"M1002"	"1702-01-01"	"1702-12-31"	"Synopsis (printed)"	"Synopsis"	"f"	"Tragedy"		"f"	"f"				"f"		"Goran Proot, Spectacula Iesuitica Belgica Antiqua (SIBA). Pars I: Provincia Flandro-Belgica (Antwerpen, 2008), p. 1-836"								
"acfa0e6c-d437-4718-b2b1-e0ccf2bcc938"	"M897"	"1694-01-01"	"1694-12-31"	"Synopsis (printed)"	"Synopsis"	"f"	"Comedy"		"f"	"f"				"f"										
"3a478667-1f1f-4da6-9ded-a50316b507cd"	"M915"	"1697-01-01"	"1697-12-31"	"Synopsis (printed)"	"Synopsis"	"f"			"f"	"f"				"f"										
"bab22fc6-f34d-4ca2-8dd7-0cbf8e4d59f1"	"M920"	"1698-01-01"	"1698-12-31"	"Synopsis (printed)"	"Synopsis"	"f"	"Tragedy"		"f"	"f"				"f"	"4"	"Goran Proot, Spectacula Iesuitica Belgica Antiqua (SIBA). Pars I: Provincia Flandro-Belgica (Antwerpen, 2008), p. 1-836"								
"5b65a92a-90e3-4e78-b2b0-998ef9016c0e"	"M922"	"1698-01-01"	"1698-12-31"	"Synopsis (printed)"	"Synopsis"	"f"	"Tragicomedy"		"f"	"f"				"f"		"Goran Proot, Spectacula Iesuitica Belgica Antiqua (SIBA). Pars I: Provincia Flandro-Belgica (Antwerpen, 2008), p. 1-836"								
"f6e3bbaf-323d-4457-aab3-79fbb0850e91"	"M926"	"1698-01-01"	"1698-12-31"	"Synopsis (printed)"	"Synopsis"	"f"			"f"	"f"				"f"	"169804"									
"a8325110-4119-4064-8a99-fd1ee8388b97"	"M930"	"1699-01-01"	"1699-12-31"	"Synopsis (printed)"	"Synopsis"	"f"			"f"	"f"				"f"		"Goran Proot, Spectacula Iesuitica Belgica Antiqua (SIBA). Pars I: Provincia Flandro-Belgica (Antwerpen, 2008), p. 1-836"								
"77c8f0cc-c920-428b-80f8-4091d6201e31"	"M931"	"1699-01-01"	"1699-12-31"	"Synopsis (printed)"	"Synopsis"	"f"	"Comical tragedy"		"f"	"f"				"f"		"Goran Proot, Spectacula Iesuitica Belgica Antiqua (SIBA). Pars I: Provincia Flandro-Belgica (Antwerpen, 2008), p. 1-836"								
"12c3703b-238f-4a41-b003-b3eac9325293"	"M947"	"1699-01-01"	"1699-12-31"	"Synopsis (printed)"	"Synopsis"	"f"			"f"	"f"				"f"		"Goran Proot, Spectacula Iesuitica Belgica Antiqua (SIBA). Pars I: Provincia Flandro-Belgica (Antwerpen, 2008), p. 1-836"								
"2813bfc0-702f-4bd3-a6fe-b49f823b5136"	"M990"	"1702-01-01"	"1702-12-31"	"Synopsis (printed)"	"Synopsis"	"f"			"f"	"f"				"f"		"Goran Proot, Spectacula Iesuitica Belgica Antiqua (SIBA). Pars I: Provincia Flandro-Belgica (Antwerpen, 2008), p. 1-836"								
"93ee15f0-98a9-46b1-9513-aaa795ebfa30"	"M999"	"1702-01-01"	"1702-12-31"	"Synopsis (printed)"	"Synopsis"	"f"			"f"	"f"				"f"		"Goran Proot, Spectacula Iesuitica Belgica Antiqua (SIBA). Pars I: Provincia Flandro-Belgica (Antwerpen, 2008), p. 1-836"								
"9d37f165-91ee-4435-8a30-40bcc9b31c0a"	"M822"	"1679-01-01"	"1679-12-31"	"Synopsis (printed)"	"Synopsis"	"f"			"f"	"f"				"f"			"Koppelen op M- of E-niveau aan Ceneton052830"							
"7d86776c-a5a2-48a3-b301-a619530be3d7"	"M823"	"1679-01-01"	"1679-12-31"	"Synopsis (printed)"	"Synopsis"	"f"			"f"	"f"				"f"			"Koppelen op M- of E-niveau aan Ceneton052820"							
"78a33921-b318-42fb-9a97-9a0bf7fe4f6b"	"M833"	"1677-01-01"	"1683-12-31"	"Synopsis (printed)"	"Synopsis"	"f"			"f"	"f"				"f"										
"ece34e0b-276e-4746-8391-a218477e565a"	"M1853"	"1750-01-01"	"1750-12-31"	"Synopsis (printed)"	"Synopsis"	"f"	"Tragedy"		"f"	"f"			"http://books.google.nl/books?id=Ar08AAAAcAAJ&printsec=frontcover&hl=nl&output=html"	"f"										
"de551618-53fc-48db-abf6-19a28cdc3baf"	"M286"	"1617-01-01"	"1617-12-31"	"Synopsis (printed)"	"Synopsis"	"f"	"Comical tragedy"		"f"	"f"	"https://www.let.leidenuniv.nl/Dutch/Ceneton/Facsimiles/SJTrebelliusRoermond1617"	"https://www.let.leidenuniv.nl/Dutch/Ceneton/SJTrebelliusRoermond1617.html"	"http://books.google.nl/books?id=cvREAAAAcAAJ&printsec=frontcover&hl=nl&source=gbs_ge_summary_r&cad=0#v=onepage&q&f=false"	"f"										
"f795485a-fc67-44de-b486-e4ae426b86c4"	"M391"	"1631-01-01"	"1631-12-31"	"Synopsis (printed)"	"Synopsis"	"f"	"Comical tragedy"		"f"	"f"				"f"		"Goran Proot, Spectacula Iesuitica Belgica Antiqua (SIBA). Pars I: Provincia Flandro-Belgica (Antwerpen, 2008), p. 1-836"					"http://ark.bnf.fr/ark:/12148/cb38684474s"			
"02a021d2-7ee9-4a33-b4e6-2feaa1184191"	"M400"	"1631-01-01"	"1631-12-31"	"Synopsis (printed)"	"Synopsis"	"f"			"f"	"f"				"f"		"Goran Proot, Spectacula Iesuitica Belgica Antiqua (SIBA). Pars I: Provincia Flandro-Belgica (Antwerpen, 2008), p. 1-836"								
"8d66e755-9763-4041-ae95-2916f1d892be"	"M421"	"1634-01-01"	"1634-12-31"	"Synopsis (printed)"	"Synopsis"	"f"			"f"	"f"				"f"										
"c6870ac2-de18-499c-ac69-e5729f67ebb9"	"M467"	"1638-01-01"	"1638-12-31"	"Synopsis (printed)"	"Synopsis"	"f"			"f"	"f"				"f"					"https://opac.kbr.be/LIBRARY/doc/SYRACUSE/18010292 "					
"1ef31324-2351-40f8-978f-b9b030aeb849"	"M588"	"1647-01-01"	"1647-12-31"	"Synopsis (printed)"	"Synopsis"	"f"			"f"	"f"				"f"										
"0c5f0b5f-0a0f-4257-9dee-42aeea94a312"	"M662"	"1657-01-01"	"1657-12-31"	"Synopsis (printed)"	"Synopsis"	"f"	"Tragedy"		"f"	"f"				"f"										
"42eb2b13-9550-4061-8f10-ea391e8e4e5a"	"M675"	"1659-01-01"	"1659-12-31"	"Synopsis (printed)"	"Synopsis"	"f"			"f"	"f"				"f"	"165904"									
"867f406f-14ff-42ef-b15f-876b96bee511"	"M683"	"1660-01-01"	"1660-12-31"	"Synopsis (printed)"	"Synopsis"	"f"			"f"	"f"				"f"	"2"	"Goran Proot, Spectacula Iesuitica Belgica Antiqua (SIBA). Pars I: Provincia Flandro-Belgica (Antwerpen, 2008), p. 1-836"								
"7c2a1bfc-fc51-47d0-80ae-139ae58e8557"	"M687"	"1661-01-01"	"1661-12-31"	"Synopsis (printed)"	"Synopsis"	"f"	"Tragedy"		"f"	"f"				"f"	"4"	"Goran Proot, Spectacula Iesuitica Belgica Antiqua (SIBA). Pars I: Provincia Flandro-Belgica (Antwerpen, 2008), p. 1-836"								
"df2968f3-4b69-4a4f-a9e4-d5e5c9b21249"	"M696"	"1662-01-01"	"1662-12-31"	"Synopsis (printed)"	"Synopsis"	"f"			"f"	"f"				"f"	"166204"									
"74bcc66d-7ba3-42e9-b576-1cce301aab31"	"M699"	"1662-01-01"	"1662-12-31"	"Synopsis (printed)"	"Synopsis"	"f"			"f"	"f"				"f"	"166204"									
"bc4a88e2-e7f8-4164-84ee-e7d9cfcea29e"	"M703"	"1662-01-01"	"1662-12-31"	"Synopsis (printed)"	"Synopsis"	"f"			"f"	"f"				"f"	"166204"									
"a3c4e28d-5979-4229-9709-f3d1bace44ad"	"M725"	"1663-01-01"	"1663-12-31"	"Synopsis (printed)"	"Synopsis"	"f"			"f"	"f"				"f"	"4"									
"3797dc6c-76bc-456d-a83e-a969746550d1"	"M740"	"1664-01-01"	"1664-12-31"	"Synopsis (printed)"	"Synopsis"	"f"	"Tragedy"		"f"	"f"				"f"	"4"									
"d0b777df-8117-4208-814e-9e350f159f04"	"M744"	"1665-01-01"	"1665-12-31"	"Synopsis (printed)"	"Synopsis"	"f"	"Tragedy"	"Martyr tragedy"	"f"	"f"				"f"	"166504"									
"017db0d6-92ac-4fb4-93ce-6b03e234b5ed"	"M750"	"1666-01-01"	"1666-12-31"	"Synopsis (printed)"	"Synopsis"	"f"	"Comedy"		"f"	"f"				"f"										
"2b2c5907-4477-40cb-bba1-9c04e541ecf0"	"M773"	"1669-01-01"	"1669-12-31"	"Synopsis (printed)"	"Synopsis"	"f"			"f"	"f"				"f"	"166904"									
"9c715404-0489-4e46-8150-837fb2e84eb9"	"M774"	"1669-01-01"	"1669-12-31"	"Synopsis (printed)"	"Synopsis"	"f"	"Tragedy"		"f"	"f"				"f"	"166904"									
"d663b24b-985e-43a5-9bf3-9b637352d5d1"	"M780"	"1671-01-01"	"1671-12-31"	"Synopsis (printed)"	"Synopsis"	"f"	"Tragedy"	"Martyr tragedy"	"f"	"f"				"f"	"4"									
"531ba595-f045-465d-a8b6-3ca6920b0038"	"M801"	"1673-01-01"	"1673-12-31"	"Synopsis (printed)"	"Synopsis"	"f"	"Tragedy"		"f"	"f"				"f"	"4"									
"0524053f-0034-4094-9342-14742723ed02"	"M809"	"1678-01-01"	"1678-12-31"	"Synopsis (printed)"	"Synopsis"	"f"	"Tragedy"		"f"	"f"				"f"	"4"									
"74e70e1c-cafe-401e-8923-f8fa7121e95b"	"M832"	"1680-01-01"	"1680-12-31"	"Synopsis (printed)"	"Synopsis"	"f"	"Comedy"		"f"	"f"				"f"	"4"									
"cda61167-412b-4737-9beb-0de36a28e814"	"M883"	"1691-01-01"	"1691-12-31"	"Synopsis (printed)"	"Synopsis"	"f"			"f"	"f"				"f"		"Goran Proot, Spectacula Iesuitica Belgica Antiqua (SIBA). Pars I: Provincia Flandro-Belgica (Antwerpen, 2008), p. 1-836"								
"bf235420-0c7e-4610-a109-cc393ee96bbd"	"M893"	"1693-01-01"	"1693-12-31"	"Synopsis (printed)"	"Synopsis"	"f"	"Tragedy"		"f"	"f"				"f"		"Goran Proot, Spectacula Iesuitica Belgica Antiqua (SIBA). Pars I: Provincia Flandro-Belgica (Antwerpen, 2008), p. 1-836"								
"d3ce9386-6e1c-49e2-8feb-2571e2cc041b"	"M320"	"1623-01-01"	"1623-12-31"	"Synopsis (printed)"	"Synopsis"	"f"			"f"	"f"				"f"		"Goran Proot, Spectacula Iesuitica Belgica Antiqua (SIBA). Pars I: Provincia Flandro-Belgica (Antwerpen, 2008), p. 1-836"								
"4e02efae-7912-4b74-bad6-96566f14a000"	"M328"	"1624-01-01"	"1624-12-31"	"Synopsis (printed)"	"Synopsis"	"f"	"Comical tragedy"		"f"	"f"			"http://books.google.nl/books?id=-lc_AAAAcAAJ&printsec=frontcover&dq=ghedaghtenisse+des+doots&hl=nl&sa=X&ei=27ndUKKrEauq0AXT2ICABg&redir_esc=y"	"f"										
"281a8a5a-4c8e-4b1b-9957-dad034a159fe"	"M330"	"1625-01-01"	"1625-12-31"	"First Printing"	"Full edition"	"f"	"Tragedy"		"f"	"f"				"f"						"https://lib.ugent.be/catalog/rug01:001236882"				
"3e3567a6-e702-4384-96e8-ad87577bec2e"	"M1437"	"1729-01-01"	"1729-12-31"	"Mention"	"Fragment"	"f"	"Comedy"		"f"	"f"				"f"										
"9f9aae89-93fa-4de3-b022-131d22afac28"	"M431"	"1635-01-01"	"1635-12-31"	"First Printing"	"Full edition"	"f"	"Comical tragedy"		"t"	"t"				"f"	"163508 - a1 a2 ga : a2 a4 anu - b1 A ac : b2 D3 os$d - c1 A n : b2 B5 den"									
"f57f30c5-6161-409b-9f98-42417041c934"	"M470"	"1638-01-01"	"1638-12-31"		"Full edition"	"f"	"Tragedy"		"f"	"f"				"f"		"Goran Proot, Spectacula Iesuitica Belgica Antiqua (SIBA). Pars I: Provincia Flandro-Belgica (Antwerpen, 2008), p. 1-836"								
"c052a0cf-23dc-4071-a3dd-d6d00723af75"	"M471"	"1638-01-01"	"1638-12-31"	"Synopsis (printed)"	"Synopsis"	"f"	"Comedy"		"f"	"f"				"f"		"Goran Proot, Spectacula Iesuitica Belgica Antiqua (SIBA). Pars I: Provincia Flandro-Belgica (Antwerpen, 2008), p. 1-836"								
"cc46d959-4569-4901-8fad-964c87ef3be1"	"M473"	"1638-01-01"	"1638-12-31"	"Synopsis (printed)"	"Synopsis"	"f"			"f"	"f"				"f"										
"1620f7e7-c7f2-4948-9206-3e5e9990a939"	"M495"	"1639-01-01"	"1639-12-31"	"Synopsis (printed)"	"Synopsis"	"f"			"f"	"f"				"f"										
"80ad057d-a926-43e6-a078-ae5b5b6c5f0f"	"M498"	"1639-01-01"	"1639-12-31"	"Synopsis (printed)"	"Synopsis"	"f"			"f"	"f"				"f"										
"e6072399-c755-4327-a6da-a80b54fc92c3"	"M505"	"1639-01-01"	"1639-12-31"	"Synopsis (printed)"	"Synopsis"	"f"			"f"	"f"				"f"		"Goran Proot, Spectacula Iesuitica Belgica Antiqua (SIBA). Pars I: Provincia Flandro-Belgica (Antwerpen, 2008), p. 1-836"								
"61296dad-0507-4c33-b290-c6f7efe94b14"	"M522"	"1640-01-01"	"1640-12-31"	"Synopsis (printed)"	"Synopsis"	"f"			"f"	"f"				"f"		"Goran Proot, Spectacula Iesuitica Belgica Antiqua (SIBA). Pars I: Provincia Flandro-Belgica (Antwerpen, 2008), p. 1-836"								
"5749ba48-9e83-4f9a-9a91-d2580773e23f"	"M538"	"1641-01-01"	"1641-12-31"	"Synopsis (printed)"	"Synopsis"	"f"			"f"	"f"				"f"		"Goran Proot, Spectacula Iesuitica Belgica Antiqua (SIBA). Pars I: Provincia Flandro-Belgica (Antwerpen, 2008), p. 1-836"								
"2683d2b8-f182-4d64-a348-c8e0ef5ea12c"	"M544"	"1642-01-01"	"1642-12-31"	"Synopsis (printed)"	"Synopsis"	"f"			"f"	"f"				"f"										
"39147739-42bf-43fc-bff8-48f23f01d903"	"M555"	"1645-01-01"	"1645-12-31"	"Synopsis (printed)"	"Synopsis"	"f"	"Tragicomedy"		"f"	"f"				"f"		"Goran Proot, Spectacula Iesuitica Belgica Antiqua (SIBA). Pars I: Provincia Flandro-Belgica (Antwerpen, 2008), p. 1-836"								
"126b15de-1a4e-42c7-a6f6-00ab5cfaf8ba"	"M630"	"1654-01-01"	"1654-12-31"	"Synopsis (printed)"	"Synopsis"	"f"			"f"	"f"				"f"	"4"	"Goran Proot, Spectacula Iesuitica Belgica Antiqua (SIBA). Pars I: Provincia Flandro-Belgica (Antwerpen, 2008), p. 1-836"								
"8b810117-6863-4517-bcb1-e766ffc1aec8"	"M661"	"1657-01-01"	"1657-12-31"	"Synopsis (printed)"	"Synopsis"	"f"			"f"	"f"				"f"										
"808e1680-3961-4cc1-b3e4-04b75f6f2497"	"M729"	"1663-01-01"	"1663-12-31"	"Synopsis (printed)"	"Synopsis"	"f"			"f"	"f"				"f"										
"53c18056-c34c-428b-8ef3-9d7cd5a16f5a"	"M1846"	"1750-01-01"	"1750-12-31"	"Synopsis (printed)"	"Synopsis"	"f"			"f"	"f"				"f"		"Goran Proot, Spectacula Iesuitica Belgica Antiqua (SIBA). Pars I: Provincia Flandro-Belgica (Antwerpen, 2008), p. 1-836"								
"bac28ee1-fe24-4d99-af3e-5279d7f796e7"	"M1435"	"1728-01-01"	"1728-12-31"	"Synopsis (printed)"	"Synopsis"	"f"	"Tragedy"		"f"	"f"			"http://anet.ua.ac.be/desktop/anet/core/index.phtml?language=&euser=&session=&service=opacua&robot=&deskservice=desktop&desktop=anet&workstation=&extra="	"f"				"https://anet.be/record/opacuantwerpen/c:lvd:14051337/N"						
"01432e3e-7768-4d4a-b89e-3b24ed9adef7"	"M1486"	"1730-01-01"	"1730-12-31"	"Synopsis (printed)"	"Synopsis"	"f"	"Tragedy"		"f"	"f"				"f"	"000004 - b1 A2 avan"									
"62fe2bd5-7519-46a8-beaf-fe0fe8046ed0"	"M1517"	"1730-01-01"	"1730-12-31"	"Mention"	"Fragment"	"f"	"Comedy"		"f"	"f"				"f"	"000004 - "									
"47a2ecff-1773-4a7d-a273-3efc0f466ab5"	"M1034"	"1705-01-01"	"1705-12-31"	"Synopsis (printed)"	"Synopsis"	"f"	"Tragedy"		"f"	"f"				"f"	"170504"	"Goran Proot, Spectacula Iesuitica Belgica Antiqua (SIBA). Pars I: Provincia Flandro-Belgica (Antwerpen, 2008), p. 1-836"								
"5144810b-61de-46f9-99b5-b65cecf1a815"	"M1150"	"1718-01-01"	"1718-12-31"	"Synopsis (printed)"	"Synopsis"	"f"	"Tragedy"		"f"	"f"	"https://www.let.leidenuniv.nl/Dutch/Ceneton/Facsimiles/SJBambaGent1718"			"f"		"Goran Proot, Spectacula Iesuitica Belgica Antiqua (SIBA). Pars I: Provincia Flandro-Belgica (Antwerpen, 2008), p. 1-836"								
"0d5b26b7-856a-493d-986a-785748b6aa29"	"M1198"	"1721-01-01"	"1721-12-31"	"Synopsis (printed)"	"Synopsis"	"f"			"f"	"f"			"http://anet.ua.ac.be/desktop/anet/core/index.phtml?language=&euser=&session=&service=opacua&robot=&deskservice=desktop&desktop=anet&workstation=&extra="	"f"				"https://anet.be/record/opacuantwerpen/c:lvd:14052715/N"						
"6df2db8d-7fc0-40ed-b2ce-9d37e8632108"	"M1205"	"1722-01-01"	"1722-12-31"	"Synopsis (printed)"	"Synopsis"	"f"			"f"	"f"				"f"										
"d63c9704-cd97-4aa1-9863-99b4eab94835"	"M1216"	"1722-01-01"	"1722-12-31"	"Synopsis (printed)"	"Synopsis"	"f"	"Tragedy"		"f"	"f"			"http://anet.ua.ac.be/desktop/anet/core/index.phtml?language=&euser=&session=&service=opacua&robot=&deskservice=desktop&desktop=anet&workstation=&extra="	"f"				"https://anet.be/record/opacuantwerpen/c:lvd:14024057/N"						
"5cdd7317-baaf-4ad5-aa43-c1e3c11c73c3"	"M1239"	"1723-01-01"	"1723-12-31"	"Synopsis (printed)"	"Synopsis"	"f"			"f"	"f"	"https://www.let.leidenuniv.nl/Dutch/Ceneton/Facsimiles/SJAepytusGent1723"			"f"										
"7e534985-05fb-4930-a4c7-c0cdeebe00d5"	"M1248"	"1723-01-01"	"1723-12-31"	"Synopsis (printed)"	"Synopsis"	"f"			"f"	"f"	"https://www.let.leidenuniv.nl/Dutch/Ceneton/Facsimiles/SJJosephAalst1723"			"f"		"Goran Proot, Spectacula Iesuitica Belgica Antiqua (SIBA). Pars I: Provincia Flandro-Belgica (Antwerpen, 2008), p. 1-836"								
"7ec925a5-b1ae-4e68-98fa-10a4c6c38eab"	"M1267"	"1724-01-01"	"1724-12-31"	"Synopsis (printed)"	"Synopsis"	"f"			"f"	"f"				"f"						"https://lib.ugent.be/catalog/rug01:000792976"				
"f2b2622c-8a11-4f47-89ca-ac3801974d75"	"M1268"	"1724-01-01"	"1724-12-31"	"Synopsis (printed)"	"Synopsis"	"f"			"f"	"f"				"f"			"Ceneton-ID komt tweemaal voor."			"https://lib.ugent.be/catalog/rug01:000792980"				
"a53be33c-4587-4614-a888-94c6506a80c1"	"M1269"	"1724-01-01"	"1724-12-31"	"Synopsis (printed)"	"Synopsis"	"f"			"f"	"f"				"f"			"Ceneton-ID komt tweemaal voor."			"https://lib.ugent.be/catalog/rug01:000792978"				
"11242f28-6647-4f39-8b85-5c68e37adf24"	"M1277"	"1724-01-01"	"1724-12-31"	"Synopsis (printed)"	"Synopsis"	"f"	"Comedy"	"Farce"	"f"	"f"				"f"										
"2bf2da15-235b-4745-a4b8-50741ab1076b"	"M1279"	"1724-01-01"	"1724-12-31"	"Synopsis (printed)"	"Synopsis"	"f"			"f"	"f"				"f"										
"dbb185ec-8184-4c5c-95a8-ec6f35975104"	"M1280"	"1724-01-01"	"1724-12-31"	"Synopsis (printed)"	"Synopsis"	"f"	"Tragedy"		"f"	"f"	"https://www.let.leidenuniv.nl/Dutch/Ceneton/Facsimiles/SJDavidGent1724"	"https://www.let.leidenuniv.nl/Dutch/Ceneton/SJDavidGent1724.html"	"http://anet.ua.ac.be/desktop/anet/core/index.phtml?language=&euser=&session=&service=opacua&robot=&deskservice=desktop&desktop=anet&workstation=&extra="	"f"		"Goran Proot, Spectacula Iesuitica Belgica Antiqua (SIBA). Pars I: Provincia Flandro-Belgica (Antwerpen, 2008), p. 1-836"		"https://anet.be/record/opacuantwerpen/c:lvd:14024088/N"						
"fa93a28a-8b4d-4e7d-b57b-d9b9e7467b94"	"M1296"	"1724-01-01"	"1724-12-31"	"Synopsis (printed)"	"Synopsis"	"f"			"f"	"f"				"f"										
"0c85e4e9-d034-4715-9ef4-08644b2e5e6f"	"M1304"	"1724-01-01"	"1724-12-31"	"Synopsis (printed)"	"Synopsis"	"f"			"f"	"f"			"http://anet.ua.ac.be/desktop/anet/core/index.phtml?language=&euser=&session=&service=opacua&robot=&deskservice=desktop&desktop=anet&workstation=&extra="	"f"				"https://anet.be/record/opacuantwerpen/c:lvd:14052857/N"						
"20cfa436-dad5-4805-afd9-28da1e73fb34"	"M1308"	"1725-01-01"	"1725-12-31"	"Synopsis (printed)"	"Synopsis"	"f"	"Tragedy"		"f"	"f"				"f"						"https://lib.ugent.be/catalog/rug01:000792989"				
"4d4c11b8-35c5-47ea-8e66-f45adaa042c0"	"M1309"	"1725-01-01"	"1725-12-31"	"Synopsis (printed)"	"Synopsis"	"f"			"f"	"f"				"f"						"https://lib.ugent.be/catalog/rug01:000792989"				
"a8502792-6c7b-4b06-9b99-3c32e02a3793"	"M1310"	"1725-01-01"	"1725-12-31"		"Fragment"	"f"			"f"	"f"				"f"										
"084a768a-a82e-4493-9d5b-90b3c5c41c6f"	"M1311"	"1725-01-01"	"1725-12-31"	"Synopsis (printed)"	"Synopsis"	"f"			"f"	"f"				"f"						"https://lib.ugent.be/catalog/rug01:000792987"				
"39d063d3-980f-44e6-a2fb-3ef871c9fe2f"	"M1312"	"1725-01-01"	"1725-12-31"	"Synopsis (printed)"	"Synopsis"	"f"			"f"	"f"				"f"						"https://lib.ugent.be/catalog/rug01:000792983"				
"25bf5019-2427-47d5-a02e-7fa3abd8b801"	"M1318"	"1725-01-01"	"1725-12-31"	"Synopsis (printed)"	"Synopsis"	"f"			"f"	"f"				"f"			"Koppelen op M- of E-niveau aan Ceneton007030"			"https://lib.ugent.be/catalog/rug01:000792990"				
"9c23a376-40e9-43f9-85f7-8dadafe5c956"	"M1333"	"1725-01-01"	"1725-12-31"	"Synopsis (printed)"	"Synopsis"	"f"			"f"	"f"				"f"										
"0413471b-5635-4e3d-af1f-29212fa1f797"	"M1335"	"1725-01-01"	"1725-12-31"	"Synopsis (printed)"	"Synopsis"	"f"			"f"	"f"				"f"										
"d0fd48da-735d-40bb-b0f7-216a7ccbe5be"	"M1336"	"1725-01-01"	"1725-12-31"	"Synopsis (printed)"	"Synopsis"	"f"			"f"	"f"				"f"			"Koppelen op M- of E-niveau aan Ceneton006580"			"https://lib.ugent.be/catalog/rug01:000792991"				
"a0b8579f-cf10-4d4e-a6af-fc9b6866466b"	"M1339"	"1726-01-01"	"1726-12-31"	"Synopsis (printed)"	"Synopsis"	"f"			"f"	"f"			"http://books.google.be/books?id=dfxLAAAAcAAJ&printsec=frontcover&dq=Abram+triumphans&hl=nl&sa=X&ei=SimqUKX6LYaZ0QWLt4GgDg&ved=0CC8Q6AEwAA"	"f"										
"3f5b20ae-10bc-451e-b6db-b5bc15d82fa3"	"M1340"	"1726-01-01"	"1726-12-31"	"Synopsis (printed)"	"Synopsis"	"f"			"f"	"f"				"f"										
"749e1179-f3e9-4455-a8d0-232eff4b9014"	"M1349"	"1726-01-01"	"1726-12-31"	"Synopsis (printed)"	"Synopsis"	"f"			"f"	"f"				"f"										
"47cd0192-9867-42de-b73f-9271c68e2fc5"	"M1350"	"1726-01-01"	"1726-12-31"	"Synopsis (printed)"	"Synopsis"	"f"			"f"	"f"				"f"										
"7ac209bc-4bc8-454f-9a8b-54727623dd7e"	"M1354"	"1726-01-01"	"1726-12-31"	"Synopsis (printed)"	"Synopsis"	"f"			"f"	"f"				"f"										
"55b56552-d8af-40a0-9168-8064a90d7e68"	"M1355"	"1726-01-01"	"1726-12-31"	"Synopsis (printed)"	"Synopsis"	"f"			"f"	"f"				"f"										
"d1695c20-3030-4cab-8e77-7d091b930d08"	"M1364"	"1726-01-01"	"1726-12-31"	"Synopsis (printed)"	"Synopsis"	"f"			"f"	"f"				"f"										
"6836baa7-7e14-493f-aa0a-9557e70a1b15"	"M1366"	"1726-01-01"	"1726-12-31"	"Mention"	"Fragment"	"f"			"f"	"f"				"f"										
"2530258a-b804-470a-a225-edd6cb3d6e36"	"M1384"	"1727-01-01"	"1727-12-31"	"Synopsis (printed)"	"Synopsis"	"f"			"f"	"f"				"f"										
"912e7f34-0bdf-440c-8714-53356ba023dc"	"M1391"	"1727-01-01"	"1727-12-31"	"Synopsis (printed)"	"Synopsis"	"f"			"f"	"f"				"f"										
"aa13c619-f94a-4a14-8916-dab75ca07bd8"	"M1439"	"1729-01-01"	"1729-12-31"	"Synopsis (printed)"	"Synopsis"	"f"			"f"	"f"				"f"										
"2fb279fa-f8aa-4b5a-855a-0c1a3ff4db8e"	"M1448"	"1729-01-01"	"1729-12-31"	"Synopsis (printed)"	"Synopsis"	"f"			"f"	"f"				"f"										
"1d17acb5-20f0-463e-a534-e62f9f8489b1"	"M1449"	"1729-01-01"	"1729-12-31"	"Synopsis (printed)"	"Synopsis"	"f"	"Tragedy"		"f"	"f"				"f"						"https://lib.ugent.be/catalog/rug01:000793062"				
"d302e53f-e63d-421c-aec1-fb0633670a38"	"M1466"	"1729-01-01"	"1729-12-31"	"Synopsis (printed)"	"Synopsis"	"f"			"f"	"f"				"f"										
"da40a8d2-1b05-4081-8548-ed5c7eb6f902"	"M1597"	"1732-01-01"	"1732-12-31"	"Synopsis (printed)"	"Synopsis"	"f"			"f"	"f"				"f"		"Goran Proot, Spectacula Iesuitica Belgica Antiqua (SIBA). Pars I: Provincia Flandro-Belgica (Antwerpen, 2008), p. 1-836"								
"b9872e2e-71c3-47ef-a4df-a209caee369f"	"M379"	"1630-01-01"	"1630-12-31"	"Synopsis (printed)"	"Synopsis"	"f"	"Comical tragedy"		"f"	"f"				"f"										
"d98ea1a4-ece4-4c8a-ab5f-9e8bcb3772fc"	"M408"	"1633-01-01"	"1633-12-31"	"Synopsis (printed)"	"Synopsis"	"f"	"Tragicomedy"		"f"	"f"				"f"							"https://catalogue.bnf.fr/ark:/12148/cb386844216"			
"64dd1655-8f30-449c-92e5-6e1760ea8475"	"M843"	"1682-01-01"	"1682-12-31"	"Synopsis (printed)"	"Synopsis"	"f"			"f"	"f"				"f"		"Goran Proot, Spectacula Iesuitica Belgica Antiqua (SIBA). Pars I: Provincia Flandro-Belgica (Antwerpen, 2008), p. 1-836"								
"27f6252a-937c-40f3-93a4-cbf9a1aaecd3"	"M844"	"1682-01-01"	"1682-12-31"	"Synopsis (printed)"	"Synopsis"	"f"	"Comedy"		"f"	"f"				"f"		"Goran Proot, Spectacula Iesuitica Belgica Antiqua (SIBA). Pars I: Provincia Flandro-Belgica (Antwerpen, 2008), p. 1-836"								
"358b2f93-982b-4f57-8a34-153829cb135b"	"M853"	"1683-01-01"	"1683-12-31"	"Synopsis (printed)"	"Synopsis"	"f"			"f"	"f"				"f"										
"67b18962-82c4-4d31-9f29-e71332366506"	"M876"	"1689-01-01"	"1689-12-31"	"Synopsis (printed)"	"Synopsis"	"f"			"f"	"f"				"f"										
"a4093c47-0ade-4e67-9f46-0c05e0619e66"	"M1542"	"1731-01-01"	"1731-12-31"	"Synopsis (printed)"	"Synopsis"	"f"	"Tragedy"		"f"	"f"				"f"	"4"									
"d71ffe5e-cf5d-4aa4-b9c2-e7ea0256a989"	"M1552"	"1731-01-01"	"1731-12-31"	"Mention"	"Fragment"	"f"	"Tragedy"		"f"	"f"				"f"										
"b261e057-4e47-477d-85b3-ec54bdc10c8e"	"M1009"	"1703-01-01"	"1703-12-31"	"Synopsis (printed)"	"Synopsis"	"f"			"f"	"f"				"f"		"Goran Proot, Spectacula Iesuitica Belgica Antiqua (SIBA). Pars I: Provincia Flandro-Belgica (Antwerpen, 2008), p. 1-836"								
"a282785b-37fb-4174-bc50-c4e5120682ea"	"M1013"	"1703-01-01"	"1703-12-31"	"Synopsis (printed)"	"Synopsis"	"f"	"Tragedy"		"f"	"f"	"https://www.let.leidenuniv.nl/Dutch/Ceneton/Facsimiles/SJAbrahamCassel1703"	"https://www.let.leidenuniv.nl/Dutch/Ceneton/SJAbrahamCassel1703.html"	"http://anet.ua.ac.be/desktop/anet/core/index.phtml?language=&euser=&session=&service=opacua&robot=&deskservice=desktop&desktop=anet&workstation=&extra="	"f"		"Goran Proot, Spectacula Iesuitica Belgica Antiqua (SIBA). Pars I: Provincia Flandro-Belgica (Antwerpen, 2008), p. 1-836"								
"59824919-63db-4738-b67c-201b58fd489b"	"M889"	"1693-01-01"	"1693-12-31"	"Synopsis (printed)"	"Synopsis"	"f"	"Comical tragedy"		"f"	"f"			"http://anet.ua.ac.be/desktop/anet/core/index.phtml?language=&euser=&session=&service=opacua&robot=&deskservice=desktop&desktop=anet&workstation=&extra="	"f"	"4"	"Goran Proot, Spectacula Iesuitica Belgica Antiqua (SIBA). Pars I: Provincia Flandro-Belgica (Antwerpen, 2008), p. 1-836"		"https://anet.be/record/opacuantwerpen/c:lvd:14049685/N"						
"05f4e3e0-cfb6-4436-9a61-804485a9d818"	"M902"	"1695-01-01"	"1695-12-31"	"Synopsis (printed)"	"Synopsis"	"f"			"f"	"f"	"https://www.let.leidenuniv.nl/Dutch/Ceneton/Facsimiles/SJMithridatesIeper1695"		"http://books.google.be/books?id=11hbAAAAQAAJ&printsec=frontcover&hl=nl&source=gbs_ge_summary_r&cad=0#v=onepage&q&f=false"	"f"	"169504 - "									
"eb1474b5-f2dc-47e8-a8de-4253b30c1633"	"M906"	"1696-01-01"	"1696-12-31"	"Synopsis (printed)"	"Synopsis"	"f"	"Comical tragedy"		"f"	"f"				"f"		"Goran Proot, Spectacula Iesuitica Belgica Antiqua (SIBA). Pars I: Provincia Flandro-Belgica (Antwerpen, 2008), p. 1-836"				"https://lib.ugent.be/catalog/bkt01:000313440"				
"cbe0055a-6ad7-4c78-8f96-26d76e43a3dc"	"M921"	"1698-01-01"	"1698-12-31"	"Synopsis (printed)"	"Synopsis"	"f"	"Tragedy"		"f"	"f"	"https://www.let.leidenuniv.nl/Dutch/Ceneton/Facsimiles/SJSedeciasIeper1698"			"f"	"000008 - b1 A2 l’a"	"Goran Proot, Spectacula Iesuitica Belgica Antiqua (SIBA). Pars I: Provincia Flandro-Belgica (Antwerpen, 2008), p. 1-836"								
"aaaafe51-1618-40bf-8578-28b8323c8c9c"	"M927"	"1698-01-01"	"1698-12-31"	"Synopsis (printed)"	"Synopsis"	"f"			"f"	"f"				"f"										
"6cbf4971-aa34-405a-8030-6d87e47f685c"	"M988"	"1702-01-01"	"1702-12-31"	"Synopsis (printed)"	"Synopsis"	"f"	"Tragedy"		"f"	"f"				"f"		"Goran Proot, Spectacula Iesuitica Belgica Antiqua (SIBA). Pars I: Provincia Flandro-Belgica (Antwerpen, 2008), p. 1-836"								
"a5550e50-32e2-4f58-a762-17058e1ba865"	"M1765"	"1744-01-01"	"1744-12-31"	"Synopsis (printed)"	"Synopsis"	"f"	"Tragedy"		"f"	"f"	"https://www.let.leidenuniv.nl/Dutch/Ceneton/Facsimiles/SJSamuelKortrijk1744"			"f"										
"d34e1d00-cbc3-4ed7-8a15-7412ade878ba"	"M1766"	"1744-01-01"	"1744-12-31"	"Mention"	"Fragment"	"f"			"f"	"f"				"f"										
"98066e02-9297-4843-ab55-4532bfc8f7c6"	"M1781"	"1745-01-01"	"1745-12-31"	"Synopsis (printed)"	"Synopsis"	"f"			"t"	"t"	"https://www.let.leidenuniv.nl/Dutch/Ceneton/Facsimiles/SJThomasJaponKortijk1745"	"https://www.let.leidenuniv.nl/Dutch/Ceneton/SJThomasJaponKortijk1745.html"		"f"										
"109c230b-b0ac-4d30-8966-9c6db46b92b9"	"M1783"	"1745-01-01"	"1745-12-31"	"Synopsis (printed)"	"Synopsis"	"f"	"Tragedy"		"f"	"f"				"f"	"2"	"Goran Proot, Spectacula Iesuitica Belgica Antiqua (SIBA). Pars I: Provincia Flandro-Belgica (Antwerpen, 2008), p. 1-836"								
"e4d76bc2-f0d7-4522-8414-faf949d30368"	"M1784"	"1745-01-01"	"1745-12-31"	"Synopsis (printed)"	"Synopsis"	"f"	"Comedy"		"f"	"f"				"f"	"2"		"Niet teruggevonden bij Proot"							
"0f0e64a8-9fd4-40e4-a4d8-1ff929d0c153"	"M1796"	"1745-01-01"	"1745-12-31"	"Synopsis (printed)"	"Synopsis"	"f"			"f"	"f"	"https://www.let.leidenuniv.nl/Dutch/Ceneton/Facsimiles/SJThomasApostolusKortrijk1745"	"https://www.let.leidenuniv.nl/Dutch/Ceneton/SJThomasApostolusKortrijk1745.html"		"f"										
"dd71d90f-11ef-4896-aa2c-29312120271a"	"M1797"	"1745-01-01"	"1745-12-31"	"Synopsis (printed)"	"Synopsis"	"f"			"f"	"f"	"https://www.let.leidenuniv.nl/Dutch/Ceneton/Facsimiles/SJLotKortrijk1745"			"f"										
"4b112dd7-54c1-4738-bb16-c67746f9988c"	"M1798"	"1746-01-01"	"1746-12-31"	"Synopsis (printed)"	"Synopsis"	"f"			"f"	"f"	"https://www.let.leidenuniv.nl/Dutch/Ceneton/Facsimiles/SJAsmundusKortrijk1746"			"f"										
"85df7681-8906-43da-b988-42e4b5e71d9d"	"M131"	"1563-01-01"	"1563-12-31"	"Mention"	"Fragment"	"f"	"Comedy"		"f"	"f"		"https://www.let.leidenuniv.nl/Dutch/Ceneton/GoedthalsSoter1563.html"	"https://books.google.nl/books?id=ET_5K0dVyrQC&pg=PP9&dq=soter+gloriosvs&hl=nl&sa=X&ved=0ahUKEwiAjb3foLPpAhUG-6QKHQy_C4cQ6AEINzAB#v=onepage&q=soter%20gloriosvs&f=false"	"f"	"156308 - a1 A2 issi : a2 A5 o,$ - b1 B ed : b2 D5 res$"									
"e293e067-2c39-4132-ba88-8ac13430bf26"	"M160"	"1589-01-01"	"1589-12-31"	"First Printing"	"Full edition"	"f"			"t"	"t"				"f"										
"84c904a0-d40b-4483-9dfa-dc4dd3f9f895"	"M297"	"1620-01-01"	"1620-12-31"	"First Printing"	"Full edition"	"f"	"Comedy"		"f"	"f"				"f"										"http://explore.bl.uk/BLVU1:LSCOP-ALL:BLL01000986869"
"4a8cd163-35d5-41ea-be37-6ed9c0572e21"	"M2250"	"1620-01-01"	"1620-12-31"	"First Printing"	"Full edition"	"f"	"Tragicomedy"		"f"	"f"				"f"										"http://explore.bl.uk/BLVU1:LSCOP-ALL:BLL01000986869"
"0b7abd27-e4c3-4389-852c-6cd2df1825fe"	"M840"	"1682-01-01"	"1682-12-31"	"Reprint"	"Full edition"	"f"			"f"	"f"				"f"										
"3a25512a-719e-49b7-8c9a-1fba5cfe34c8"	"M355"	"1628-01-01"	"1628-12-31"	"Synopsis (printed)"	"Synopsis"	"f"			"f"	"f"				"f"										
"7f961278-42ee-41fd-a7bc-2811ee4dc798"	"M416"	"1634-01-01"	"1634-12-31"	"First Printing"	"Full edition"	"f"			"t"	"t"			"http://babel.hathitrust.org/cgi/pt?id=ucm.5324258469;seq=2;view=1up;num=i"	"f"	"1634 - "									
"e21dec7d-e4af-49ac-b594-b528b8945cfc"	"M418"	"1634-01-01"	"1634-12-31"	"Synopsis (printed)"	"Synopsis"	"f"	"Tragedy"		"f"	"f"			"http://babel.hathitrust.org/cgi/pt?id=ucm.5324258469;seq=2;view=1up;num=i"	"f"	"1634 - a1 b2 Y4 s$re"									
"c074cc51-e707-4f19-85cf-9a5e7ff876f7"	"M419"	"1634-01-01"	"1634-12-31"	"Synopsis (printed)"	"Synopsis"	"f"	"Tragedy"		"f"	"f"			"http://babel.hathitrust.org/cgi/pt?id=ucm.5324258469;seq=2;view=1up;num=i"	"f"	"163408 - a1 F3 OE : a2 F4 $AV - b1 F5 $fug : b2 L3 N"									
"072f3708-c28f-4722-a8d1-bcce14184c39"	"M420"	"1634-01-01"	"1634-12-31"	"Synopsis (printed)"	"Synopsis"	"f"			"f"	"f"			"http://babel.hathitrust.org/cgi/pt?id=ucm.5324258469;seq=2;view=1up;num=i"	"f"	"1634"									
"fadc3d6a-49f8-41ea-8289-0f110785c75c"	"M425"	"1634-01-01"	"1634-12-31"	"Synopsis (printed)"	"Synopsis"	"f"	"Tragedy"	"Martyr tragedy"	"f"	"f"			"http://babel.hathitrust.org/cgi/pt?id=ucm.5324258469;seq=2;view=1up;num=i"	"f"	"1634"									
"fe1ed3f2-2f94-4a3b-a158-75926ae2f6c7"	"M426"	"1634-01-01"	"1634-12-31"	"Synopsis (printed)"	"Synopsis"	"f"	"Tragedy"		"f"	"f"			"http://babel.hathitrust.org/cgi/pt?id=ucm.5324258469;seq=2;view=1up;num=i"	"f"	"1634"									
"4f564871-3056-45f1-9a84-b2f75c20c666"	"M428"	"1634-01-01"	"1634-12-31"	"Synopsis (printed)"	"Synopsis"	"f"			"f"	"f"			"http://babel.hathitrust.org/cgi/pt?id=ucm.5324258469;seq=2;view=1up;num=i"	"f"	"1634"									
"b3f8d8c9-5374-4cba-9bae-45d8236180e7"	"M429"	"1634-01-01"	"1634-12-31"	"Reprint"	"Full edition"	"f"	"Tragedy"		"f"	"f"			"http://babel.hathitrust.org/cgi/pt?id=ucm.5324258469;seq=2;view=1up;num=i"	"f"	"1634"									
"951f4407-3b77-4fe8-8270-13384f11fd98"	"M343"	"1628-01-01"	"1628-12-31"	"First Printing"	"Full edition"	"f"			"t"	"t"			"https://books.google.nl/books?id=3Wg-AAAAcAAJ&printsec=frontcover&dq=Bustum+Sodomae&hl=nl&sa=X&ved=0ahUKEwiFx8jSzorTAhViKcAKHYNAChMQ6AEIVDAI#v=onepage&q&f=false"	"f"										
"2f645c01-fcb6-4a9a-80fb-c1e741912ec7"	"M346"	"1628-01-01"	"1628-12-31"	"Reprint"	"Full edition"	"f"			"t"	"t"			"https://books.google.nl/books?id=3Wg-AAAAcAAJ&printsec=frontcover&dq=Bustum+Sodomae&hl=nl&sa=X&ved=0ahUKEwiFx8jSzorTAhViKcAKHYNAChMQ6AEIVDAI#v=onepage&q&f=false"	"f"										
"9d9a6bec-c8cc-47b0-9fca-51443e3c49ff"	"M349"	"1628-01-01"	"1628-12-31"	"Reprint"	"Full edition"	"f"			"f"	"f"			"https://books.google.nl/books?id=3Wg-AAAAcAAJ&printsec=frontcover&dq=Bustum+Sodomae&hl=nl&sa=X&ved=0ahUKEwiFx8jSzorTAhViKcAKHYNAChMQ6AEIVDAI#v=onepage&q&f=false"	"f"										
"6a728b8c-28a4-44bb-9399-5980722ee143"	"M351"	"1628-01-01"	"1628-12-31"	"Reprint"	"Full edition"	"f"			"f"	"f"			"https://books.google.nl/books?id=3Wg-AAAAcAAJ&printsec=frontcover&dq=Bustum+Sodomae&hl=nl&sa=X&ved=0ahUKEwiFx8jSzorTAhViKcAKHYNAChMQ6AEIVDAI#v=onepage&q&f=false"	"f"	"162804 - a1 A2 â)$ : a2 A3 nio - b1 B p - b2 E3 ido"									
"97a64ed4-02b0-44af-aa64-b31883642f37"	"M354"	"1628-01-01"	"1628-12-31"	"Reprint"	"Full edition"	"f"			"f"	"f"			"https://books.google.nl/books?id=3Wg-AAAAcAAJ&printsec=frontcover&dq=Bustum+Sodomae&hl=nl&sa=X&ved=0ahUKEwiFx8jSzorTAhViKcAKHYNAChMQ6AEIVDAI#v=onepage&q&f=false"	"f"										
"cdd072dc-fa48-4a5f-97c4-32629005ff28"	"M359"	"1628-01-01"	"1628-12-31"	"First Printing"	"Full edition"	"f"			"f"	"f"			"https://books.google.nl/books?id=3Wg-AAAAcAAJ&printsec=frontcover&dq=Bustum+Sodomae&hl=nl&sa=X&ved=0ahUKEwiFx8jSzorTAhViKcAKHYNAChMQ6AEIVDAI#v=onepage&q&f=false"	"f"										
"af8386a7-fd67-49c9-864c-99d31e72191a"	"M360"	"1628-01-01"	"1628-12-31"	"First Printing"	"Full edition"	"f"			"f"	"f"			"https://books.google.nl/books?id=3Wg-AAAAcAAJ&printsec=frontcover&dq=Bustum+Sodomae&hl=nl&sa=X&ved=0ahUKEwiFx8jSzorTAhViKcAKHYNAChMQ6AEIVDAI#v=onepage&q&f=false"	"f"										
"89e44340-5bd4-4ec6-a2b4-a1c1a7316155"	"M2010"	"1766-01-01"	"1766-12-31"	"Synopsis (printed)"	"Synopsis"	"f"	"Tragedy"		"f"	"f"				"f"	"2"									
"3d3734e5-f055-454e-88c2-cc2915e55b1e"	"M2013"	"1766-01-01"	"1766-12-31"	"Mention"	"Fragment"	"f"	"Comedy"		"f"	"f"				"f"	"2"									
"db5c7302-1785-4757-b530-2563b0d821f1"	"M839"	"1682-01-01"	"1682-12-31"	"Reprint"	"Full edition"	"f"			"f"	"f"				"f"	"000012 - a1 A2 &$h : a2 A3 tit. - b1 A4 Ephra : b2 C3 str"									
"9d2ad671-d579-4385-b9d7-a2069e6fb1a7"	"M1811"	"1747-01-01"	"1747-12-31"	"Synopsis (printed)"	"Synopsis"	"f"	"Tragedy"		"f"	"f"				"f"										
"70217069-9830-41a8-8062-49340f51e1d7"	"M1812"	"1747-01-01"	"1747-12-31"	"Synopsis (printed)"	"Synopsis"	"f"	"Comedy"		"f"	"f"				"f"										
"4078575f-b8b3-41cb-9eab-fd40fb4a87bb"	"M1813"	"1747-01-01"	"1747-12-31"	"Synopsis (printed)"	"Synopsis"	"f"	"Tragedy"		"f"	"f"				"f"										
"e8cd710c-25f3-41c1-b5f4-a4ea31efa838"	"M1814"	"1747-01-01"	"1747-12-31"	"Synopsis (printed)"	"Synopsis"	"f"	"Comedy"		"f"	"f"				"f"										
"37621641-2790-4718-9a03-eaf286af03a0"	"M1815"	"1748-01-01"	"1748-12-31"	"Synopsis (printed)"	"Synopsis"	"f"	"Comedy"		"f"	"f"				"f"										
"49976e33-c550-4ac2-86d2-50015f55fabc"	"M1816"	"1748-01-01"	"1748-12-31"	"Synopsis (printed)"	"Synopsis"	"f"	"Tragedy"		"f"	"f"				"f"										
"b5e553b8-0084-4cb5-9b10-63d0ed2ccdcd"	"M1817"	"1748-01-01"	"1748-12-31"	"Synopsis (printed)"	"Synopsis"	"f"	"Comedy"		"f"	"f"				"f"										
"75dd587f-6bd2-4f66-a77b-5d355c23390e"	"M1820"	"1748-01-01"	"1748-12-31"	"Synopsis (printed)"	"Synopsis"	"f"	"Tragedy"		"f"	"f"				"f"										
"ab599a38-f639-4db0-838c-bd00349ab6b3"	"M1825"	"1749-01-01"	"1749-12-31"	"Synopsis (printed)"	"Synopsis"	"f"	"Tragedy"		"f"	"f"				"f"										
"155a2885-3dab-4d55-8d3f-62928fbf7359"	"M1826"	"1749-01-01"	"1749-12-31"	"Synopsis (printed)"	"Synopsis"	"f"	"Comedy"		"f"	"f"				"f"										
"c8bdc173-5e1f-41d4-8c16-f54413077671"	"M1828"	"1749-01-01"	"1749-12-31"	"Synopsis (printed)"	"Synopsis"	"f"	"Tragedy"		"f"	"f"				"f"										
"0a9fcfd1-848b-47fe-ac86-8af9b0ea7206"	"M1831"	"1749-01-01"	"1749-12-31"	"Synopsis (printed)"	"Synopsis"	"f"	"Comedy"		"f"	"f"				"f"										
"1b3fafcd-ce12-4fc6-be7e-6af6bd20facf"	"M1841"	"1750-01-01"	"1750-12-31"	"Synopsis (printed)"	"Synopsis"	"f"	"Comedy"		"f"	"f"				"f"										
"35264a00-36a3-4805-a7b4-196a4ee72791"	"M1845"	"1750-01-01"	"1750-12-31"	"Synopsis (printed)"	"Synopsis"	"f"	"Tragedy"		"f"	"f"				"f"										
"e2df3738-b6c2-4d34-a9de-fc01998d0e09"	"M1847"	"1750-01-01"	"1750-12-31"	"Synopsis (printed)"	"Synopsis"	"f"	"Comedy"		"f"	"f"				"f"										
"4fabdf7b-3915-4e4c-aab5-9fe2af1f6b21"	"M1850"	"1750-01-01"	"1750-12-31"	"Synopsis (printed)"	"Synopsis"	"f"	"Tragedy"		"f"	"f"				"f"										
"7436900d-805d-4c2a-8a69-5dbd27f4cc49"	"M1857"	"1751-01-01"	"1751-12-31"	"Synopsis (printed)"	"Synopsis"	"f"	"Tragedy"		"f"	"f"				"f"										
"0b89ca7d-e3d1-4036-bc54-fa212ac90ea1"	"M1861"	"1751-01-01"	"1751-12-31"	"Synopsis (printed)"	"Synopsis"	"f"	"Comedy"		"f"	"f"				"f"										
"101055e9-cc7c-4b9a-949e-fbf789b1e643"	"M1862"	"1751-01-01"	"1751-12-31"	"Synopsis (printed)"	"Synopsis"	"f"	"Comedy"		"f"	"f"				"f"										
"40c3fbe9-3e0e-491d-a299-beda92131a93"	"M1863"	"1751-01-01"	"1751-12-31"	"Synopsis (printed)"	"Synopsis"	"f"	"Tragedy"		"f"	"f"				"f"										
"c2391e04-723d-4a0b-b0e4-f47668f6eb76"	"M1867"	"1752-01-01"	"1752-12-31"	"Synopsis (printed)"	"Synopsis"	"f"	"Tragedy"		"f"	"f"				"f"										
"137a0991-8bff-4fa7-8798-f855cb52498e"	"M1869"	"1752-01-01"	"1752-12-31"	"Synopsis (printed)"	"Synopsis"	"f"	"Comedy"		"f"	"f"				"f"										
"4602d590-278a-48d7-af73-3c99e2118fc1"	"M1870"	"1752-01-01"	"1752-12-31"	"Synopsis (printed)"	"Synopsis"	"f"	"Tragedy"		"f"	"f"				"f"										
"f29e738e-6d9e-4ddf-8059-891b142a2565"	"M1872"	"1753-01-01"	"1753-12-31"	"Synopsis (printed)"	"Synopsis"	"f"	"Tragedy"		"f"	"f"				"f"		"Goran Proot, 'Het toneel van de Antwerpse Augustijnen (1671-1783)' in: De Gulden Passer. Jaargang 76-77 (1998-1999), p. 183-194, via: https://www.dbnl.org/tekst/_gul005199801_01/_gul005199801_01_0008.php"								
"57985211-4fac-4523-bbae-c841f60f0bb3"	"M1873"	"1753-01-01"	"1753-12-31"	"Synopsis (printed)"	"Synopsis"	"f"	"Comedy"		"f"	"f"				"f"										
"f70e581e-e9bc-4462-81a5-8059b1e20ace"	"M1874"	"1753-01-01"	"1753-12-31"	"Synopsis (printed)"	"Synopsis"	"f"	"Comedy"		"f"	"f"				"f"										
"0ef21ef0-e317-4bf2-9dd4-1d1d7022fae6"	"M1875"	"1753-01-01"	"1753-12-31"	"Synopsis (printed)"	"Synopsis"	"f"	"Tragedy"		"f"	"f"				"f"										
"eaa484d8-f872-456d-8370-5fca83cf16e6"	"M1876"	"1753-01-01"	"1753-12-31"	"Synopsis (printed)"	"Synopsis"	"f"	"Comedy"		"f"	"f"				"f"										
"b31ec711-ac26-48c1-970b-4a025fb78f1f"	"M1878"	"1754-01-01"	"1754-12-31"	"Synopsis (printed)"	"Synopsis"	"f"	"Tragedy"		"f"	"f"				"f"										
"da294a28-58f6-4f15-adca-046fa4c3fd40"	"M1879"	"1754-01-01"	"1754-12-31"	"Synopsis (printed)"	"Synopsis"	"f"	"Tragedy"		"f"	"f"				"f"										
"7b646dfb-166a-4add-b349-978c1f8ee88a"	"M1882"	"1754-01-01"	"1754-12-31"	"Synopsis (printed)"	"Synopsis"	"f"	"Comedy"		"f"	"f"				"f"										
"77740ae0-eab0-4805-bd43-bd2639afea1d"	"M1883"	"1754-01-01"	"1754-12-31"	"Synopsis (printed)"	"Synopsis"	"f"	"Tragedy"		"f"	"f"				"f"										
"bd086ffe-72f6-467d-b750-122ce8f0b784"	"M1898"	"1755-01-01"	"1755-12-31"	"Synopsis (printed)"	"Synopsis"	"f"	"Comedy"		"f"	"f"				"f"										
"d8cf0528-70f3-4298-868d-12207c1b6575"	"M1900"	"1755-01-01"	"1755-12-31"	"Synopsis (printed)"	"Synopsis"	"f"	"Tragedy"		"f"	"f"				"f"										
"a59504d1-6ffd-4b2a-9821-6c11adca6ba2"	"M1923"	"1758-01-01"	"1758-12-31"	"Synopsis (printed)"	"Synopsis"	"f"	"Tragedy"		"f"	"f"				"f"										
"0d9da33e-e3b9-4933-8640-bbe51ba4e32b"	"M1927"	"1758-01-01"	"1758-12-31"	"Mention"	"Fragment"	"f"	"Comedy"		"f"	"f"				"f"										
"87260620-77f5-4748-9f16-39c45a7079af"	"M1928"	"1758-01-01"	"1758-12-31"	"Synopsis (printed)"	"Synopsis"	"f"	"Comedy"		"f"	"f"				"f"										
"d4fdc4ab-de53-4983-b803-e57396b4850c"	"M1929"	"1758-01-01"	"1758-12-31"	"Synopsis (printed)"	"Synopsis"	"f"	"Tragedy"		"f"	"f"				"f"										
"7fd583e7-adbb-445d-828f-0e6d4c0b13a4"	"M1931"	"1759-01-01"	"1759-12-31"	"Synopsis (printed)"	"Synopsis"	"f"	"Tragedy"		"f"	"f"				"f"										
"4edf88b3-8920-4fed-b4d9-2b2138eaaac0"	"M1932"	"1759-01-01"	"1759-12-31"	"Mention"	"Fragment"	"f"	"Comedy"		"f"	"f"				"f"										
"6120c73b-dcb8-445c-853a-29b2ac07ebc8"	"M1933"	"1759-01-01"	"1759-12-31"	"Synopsis (printed)"	"Synopsis"	"f"	"Tragedy"		"f"	"f"				"f"										
"0dafea41-b4ff-4a86-ba18-3f02eaa350f9"	"M1938"	"1759-01-01"	"1759-12-31"	"Mention"	"Fragment"	"f"	"Comedy"		"f"	"f"				"f"										
"4fb4b051-de83-40e6-9077-f94d2f8a528c"	"M1941"	"1760-01-01"	"1760-12-31"	"Mention"	"Fragment"	"f"	"Comedy"		"f"	"f"				"f"		"Goran Proot, 'Het toneel van de Antwerpse Augustijnen (1671-1783)' in: De Gulden Passer. Jaargang 76-77 (1998-1999), p. 183-194, via: https://www.dbnl.org/tekst/_gul005199801_01/_gul005199801_01_0008.php"								
"601bed1a-e7c4-4a97-9d14-d73c53f54b1d"	"M1942"	"1760-01-01"	"1760-12-31"	"Synopsis (printed)"	"Synopsis"	"f"	"Tragedy"		"f"	"f"				"f"		"Goran Proot, 'Het toneel van de Antwerpse Augustijnen (1671-1783)' in: De Gulden Passer. Jaargang 76-77 (1998-1999), p. 183-194, via: https://www.dbnl.org/tekst/_gul005199801_01/_gul005199801_01_0008.php"								
"4b1c7b65-2372-449a-9f1e-f1b4cd1be362"	"M1947"	"1761-01-01"	"1761-12-31"	"Synopsis (printed)"	"Synopsis"	"f"	"Tragedy"		"f"	"f"				"f"		"Goran Proot, 'Het toneel van de Antwerpse Augustijnen (1671-1783)' in: De Gulden Passer. Jaargang 76-77 (1998-1999), p. 183-194, via: https://www.dbnl.org/tekst/_gul005199801_01/_gul005199801_01_0008.php"								
"9f034441-25c3-41fc-a2a2-df818520ac90"	"M1948"	"1761-01-01"	"1761-12-31"	"Mention"	"Fragment"	"f"	"Comedy"		"f"	"f"				"f"		"Goran Proot, 'Het toneel van de Antwerpse Augustijnen (1671-1783)' in: De Gulden Passer. Jaargang 76-77 (1998-1999), p. 183-194, via: https://www.dbnl.org/tekst/_gul005199801_01/_gul005199801_01_0008.php"								
"f386aa4e-ef04-4399-ab1e-16715edace18"	"M1951"	"1761-01-01"	"1761-12-31"	"Mention"	"Fragment"	"f"	"Comedy"		"f"	"f"				"f"		"Goran Proot, 'Het toneel van de Antwerpse Augustijnen (1671-1783)' in: De Gulden Passer. Jaargang 76-77 (1998-1999), p. 183-194, via: https://www.dbnl.org/tekst/_gul005199801_01/_gul005199801_01_0008.php"								
"34d689cf-61fc-4b37-a18e-83b6c16fec1e"	"M1954"	"1761-01-01"	"1761-12-31"	"Synopsis (printed)"	"Synopsis"	"f"	"Tragedy"		"f"	"f"				"f"		"Goran Proot, 'Het toneel van de Antwerpse Augustijnen (1671-1783)' in: De Gulden Passer. Jaargang 76-77 (1998-1999), p. 183-194, via: https://www.dbnl.org/tekst/_gul005199801_01/_gul005199801_01_0008.php"			"https://opac.kbr.be/LIBRARY/doc/SYRACUSE/18385772 "					
"221c776d-f00c-47fc-a723-35448f0b02e0"	"M1958"	"1762-01-01"	"1762-12-31"	"Synopsis (printed)"	"Synopsis"	"f"	"Tragedy"		"f"	"f"				"f"		"Goran Proot, 'Het toneel van de Antwerpse Augustijnen (1671-1783)' in: De Gulden Passer. Jaargang 76-77 (1998-1999), p. 183-194, via: https://www.dbnl.org/tekst/_gul005199801_01/_gul005199801_01_0008.php"								
"68a509db-a550-41c7-984f-658d3c76da80"	"M1959"	"1762-01-01"	"1762-12-31"	"Mention"	"Fragment"	"f"	"Comedy"		"f"	"f"				"f"		"Goran Proot, 'Het toneel van de Antwerpse Augustijnen (1671-1783)' in: De Gulden Passer. Jaargang 76-77 (1998-1999), p. 183-194, via: https://www.dbnl.org/tekst/_gul005199801_01/_gul005199801_01_0008.php"								
"0152a11a-fbb5-4e8c-8378-647539fbe199"	"M1963"	"1762-01-01"	"1762-12-31"	"Mention"	"Fragment"	"f"	"Comedy"		"f"	"f"				"f"										
"b3fed4d5-9b3c-44c2-995d-d74d677972a5"	"M1968"	"1762-01-01"	"1762-12-31"	"Synopsis (printed)"	"Synopsis"	"f"	"Tragedy"		"f"	"f"				"f"		"Goran Proot, 'Het toneel van de Antwerpse Augustijnen (1671-1783)' in: De Gulden Passer. Jaargang 76-77 (1998-1999), p. 183-194, via: https://www.dbnl.org/tekst/_gul005199801_01/_gul005199801_01_0008.php"			"https://opac.kbr.be/LIBRARY/doc/SYRACUSE/18385676 
"					
"feee77b8-5c31-4c96-954e-de1b71e0a66b"	"M1970"	"1763-01-01"	"1763-12-31"	"Synopsis (printed)"	"Synopsis"	"f"	"Tragedy"		"f"	"f"				"f"		"Goran Proot, 'Het toneel van de Antwerpse Augustijnen (1671-1783)' in: De Gulden Passer. Jaargang 76-77 (1998-1999), p. 183-194, via: https://www.dbnl.org/tekst/_gul005199801_01/_gul005199801_01_0008.php"								
"587089d9-8b73-4238-b081-e9c162ec06f4"	"M1974"	"1763-01-01"	"1763-12-31"	"Mention"	"Fragment"	"f"	"Comedy"		"f"	"f"				"f"										
"05da67b7-0ac8-4c76-b471-81d5ab2d970f"	"M1975"	"1763-01-01"	"1763-12-31"	"Synopsis (printed)"	"Synopsis"	"f"	"Comedy"		"f"	"f"				"f"										
"b509fa5b-6ad2-44d1-879b-c00cb7bd6adc"	"M1979"	"1763-01-01"	"1763-12-31"	"Synopsis (printed)"	"Synopsis"	"f"	"Tragedy"		"f"	"f"				"f"										
"5fec05db-a48b-430c-bee1-1eafcd2ceec4"	"M1980"	"1764-01-01"	"1764-12-31"	"Synopsis (printed)"	"Synopsis"	"f"	"Tragedy"		"f"	"f"				"f"		"Goran Proot, 'Het toneel van de Antwerpse Augustijnen (1671-1783)' in: De Gulden Passer. Jaargang 76-77 (1998-1999), p. 183-194, via: https://www.dbnl.org/tekst/_gul005199801_01/_gul005199801_01_0008.php"								
"ab5ecd67-9f9d-497f-a592-abab0d25c27e"	"M1986"	"1764-01-01"	"1764-12-31"	"Mention"	"Fragment"	"f"	"Comedy"		"f"	"f"				"f"										
"5f5c5902-d8d4-47c3-8a07-4ef875230ba9"	"M1987"	"1764-01-01"	"1764-12-31"	"Synopsis (printed)"	"Synopsis"	"f"	"Tragedy"		"f"	"f"				"f"										
"3edd3579-4066-4131-9f04-62c1aa00f18b"	"M1988"	"1764-01-01"	"1764-12-31"	"Mention"	"Fragment"	"f"	"Comedy"		"f"	"f"				"f"										
"378d358c-78ae-4b60-94ad-665493009970"	"M1990"	"1764-01-01"	"1764-12-31"	"Mention"	"Fragment"	"f"	"Comedy"		"f"	"f"				"f"										
"3adf54f7-2790-47a0-b856-f31e0c217f16"	"M1993"	"1765-01-01"	"1765-12-31"	"Mention"	"Fragment"	"f"	"Comedy"		"f"	"f"				"f"		"Goran Proot, 'Het toneel van de Antwerpse Augustijnen (1671-1783)' in: De Gulden Passer. Jaargang 76-77 (1998-1999), p. 183-194, via: https://www.dbnl.org/tekst/_gul005199801_01/_gul005199801_01_0008.php"								
"eb261abd-9976-41f9-b9d9-f3770edc4145"	"M1994"	"1765-01-01"	"1765-12-31"	"Synopsis (printed)"	"Synopsis"	"f"	"Tragedy"		"f"	"f"				"f"		"Goran Proot, 'Het toneel van de Antwerpse Augustijnen (1671-1783)' in: De Gulden Passer. Jaargang 76-77 (1998-1999), p. 183-194, via: https://www.dbnl.org/tekst/_gul005199801_01/_gul005199801_01_0008.php"			"https://opac.kbr.be/LIBRARY/doc/SYRACUSE/18385157 "					
"22cdafd4-2b7c-45bc-a181-d3a2420d0825"	"M1996"	"1765-01-01"	"1765-12-31"	"Synopsis (printed)"	"Synopsis"	"f"	"Tragedy"		"f"	"f"				"f"										
"44ad23d2-a4d0-4c2a-8208-8761ba3bed64"	"M2001"	"1765-01-01"	"1765-12-31"	"Mention"	"Fragment"	"f"	"Tragedy"		"f"	"f"				"f"										
"2567122f-e577-42d1-81e8-7452cafef277"	"M2004"	"1765-01-01"	"1765-12-31"	"Synopsis (printed)"	"Synopsis"	"f"	"Tragedy"		"f"	"f"				"f"										
"472feae9-54af-498f-b17a-fcffd06bdccd"	"M2006"	"1766-01-01"	"1766-12-31"	"Mention"	"Fragment"	"f"	"Comedy"		"f"	"f"				"f"		"Goran Proot, 'Het toneel van de Antwerpse Augustijnen (1671-1783)' in: De Gulden Passer. Jaargang 76-77 (1998-1999), p. 183-194, via: https://www.dbnl.org/tekst/_gul005199801_01/_gul005199801_01_0008.php"								
"8444a68c-e9c5-42aa-9a66-dee3a80d2202"	"M2007"	"1766-01-01"	"1766-12-31"	"Synopsis (printed)"	"Synopsis"	"f"	"Tragedy"		"f"	"f"				"f"		"Goran Proot, 'Het toneel van de Antwerpse Augustijnen (1671-1783)' in: De Gulden Passer. Jaargang 76-77 (1998-1999), p. 183-194, via: https://www.dbnl.org/tekst/_gul005199801_01/_gul005199801_01_0008.php"								
"120b8626-dae4-46a3-9334-c686a844ecbc"	"M2019"	"1767-01-01"	"1767-12-31"	"Mention"	"Fragment"	"f"	"Comedy"		"f"	"f"				"f"		"Goran Proot, 'Het toneel van de Antwerpse Augustijnen (1671-1783)' in: De Gulden Passer. Jaargang 76-77 (1998-1999), p. 183-194, via: https://www.dbnl.org/tekst/_gul005199801_01/_gul005199801_01_0008.php"								
"8d8169e7-34ee-41af-92de-3f447dc78c00"	"M2020"	"1767-01-01"	"1767-12-31"	"Synopsis (printed)"	"Synopsis"	"f"	"Tragedy"		"f"	"f"				"f"		"Goran Proot, 'Het toneel van de Antwerpse Augustijnen (1671-1783)' in: De Gulden Passer. Jaargang 76-77 (1998-1999), p. 183-194, via: https://www.dbnl.org/tekst/_gul005199801_01/_gul005199801_01_0008.php"								
"7d442571-94d1-42bf-9260-8a19ce730c0e"	"M2021"	"1767-01-01"	"1767-12-31"	"Synopsis (printed)"	"Synopsis"	"f"	"Tragedy"		"f"	"f"				"f"										
"c199103b-ebf2-41e6-a671-1c4abccb8ccf"	"M2024"	"1767-01-01"	"1767-12-31"	"Mention"	"Fragment"	"f"	"Comedy"		"f"	"f"				"f"										
"c4e949a5-6f66-455d-a819-28a85c8889d8"	"M2025"	"1767-01-01"	"1767-12-31"	"Synopsis (printed)"	"Synopsis"	"f"	"Tragedy"		"f"	"f"				"f"		"Goran Proot, 'Het toneel van de Antwerpse Augustijnen (1671-1783)' in: De Gulden Passer. Jaargang 76-77 (1998-1999), p. 183-194, via: https://www.dbnl.org/tekst/_gul005199801_01/_gul005199801_01_0008.php"			"https://opac.kbr.be/LIBRARY/doc/SYRACUSE/18385130 "					
"6700cc8d-47d3-466e-9a55-fe1b045b0086"	"M2026"	"1767-01-01"	"1767-12-31"	"Mention"	"Fragment"	"f"	"Comedy"		"f"	"f"				"f"										
"9fbbb9f5-5400-4120-a126-5b62850470b0"	"M1441"	"1729-01-01"	"1729-12-31"	"Synopsis (printed)"	"Synopsis"	"f"	"Tragedy"		"f"	"f"				"f"										
"9221c401-f419-4342-bd60-a68ab7650fd6"	"M1460"	"1729-01-01"	"1729-12-31"	"Synopsis (printed)"	"Synopsis"	"f"			"f"	"f"			"http://anet.ua.ac.be/desktop/anet/core/index.phtml?language=&euser=&session=&service=opacua&robot=&deskservice=desktop&desktop=anet&workstation=&extra="	"f"				"https://anet.be/record/opacuantwerpen/c:lvd:14051303/N"						
"64f8fc09-e227-47d2-8388-81e0cc89495c"	"M1465"	"1729-01-01"	"1729-12-31"	"Mention"	"Fragment"	"f"	"Comedy"		"f"	"f"				"f"										
"283d3a18-441c-4a0e-87e6-3c3cda20650d"	"M1472"	"1729-01-01"	"1729-12-31"	"Synopsis (printed)"	"Synopsis"	"f"	"Comical tragedy"		"f"	"f"			"http://anet.ua.ac.be/desktop/anet/core/index.phtml?language=&euser=&session=&service=opacua&robot=&deskservice=desktop&desktop=anet&workstation=&extra="	"f"				"https://anet.be/record/opacuantwerpen/c:lvd:14054393/N"						
"44fecc71-483c-429f-b91a-210ec77dad17"	"M1069"	"1711-01-01"	"1711-12-31"	"Synopsis (printed)"	"Synopsis"	"f"	"Tragedy"		"f"	"f"				"f"		"Goran Proot, Spectacula Iesuitica Belgica Antiqua (SIBA). Pars I: Provincia Flandro-Belgica (Antwerpen, 2008), p. 1-836"	"Koppelen op M- of E-niveau aan Ceneton052440"		"https://opac.kbr.be/LIBRARY/doc/SYRACUSE/18015941 "					
"8d1af2cb-29c0-4fdd-a88b-a4b50b4a1dc6"	"M1884"	"1754-01-01"	"1754-12-31"	"Synopsis (printed)"	"Synopsis"	"f"			"f"	"f"				"f"					"https://opac.kbr.be/LIBRARY/doc/SYRACUSE/18400991"					
"2b9a5941-28d0-4e60-ba3b-278e5c65cd09"	"M1902"	"1756-01-01"	"1756-12-31"	"Synopsis (printed)"	"Synopsis"	"f"			"f"	"f"				"f"										
"1e3f811b-cb0e-46da-9563-f1ff94107fa4"	"M1908"	"1756-01-01"	"1756-12-31"	"Synopsis (printed)"	"Synopsis"	"f"	"Tragedy"		"f"	"f"				"f"		"Goran Proot, Spectacula Iesuitica Belgica Antiqua (SIBA). Pars I: Provincia Flandro-Belgica (Antwerpen, 2008), p. 1-836"			"https://opac.kbr.be/LIBRARY/doc/SYRACUSE/18020945 "					
"45be364f-62e3-448c-8c3d-f6fba2f4794b"	"M1911"	"1756-01-01"	"1756-12-31"	"Synopsis (printed)"	"Synopsis"	"f"			"f"	"f"				"f"					"https://opac.kbr.be/LIBRARY/doc/SYRACUSE/18401131 "					
"7b1183b5-ec7c-4f96-829b-d9144385603d"	"M1912"	"1756-01-01"	"1756-12-31"	"Synopsis (printed)"	"Synopsis"	"f"			"f"	"f"				"f"		"Goran Proot, Spectacula Iesuitica Belgica Antiqua (SIBA). Pars I: Provincia Flandro-Belgica (Antwerpen, 2008), p. 1-836"			"https://opac.kbr.be/LIBRARY/doc/SYRACUSE/18401065"					
"516d9460-288b-44bc-be93-022581b964c6"	"M1913"	"1757-01-01"	"1757-12-31"	"Synopsis (printed)"	"Synopsis"	"f"			"f"	"f"				"f"		"Goran Proot, Spectacula Iesuitica Belgica Antiqua (SIBA). Pars I: Provincia Flandro-Belgica (Antwerpen, 2008), p. 1-836"								
"189ebd78-57e5-4c08-95f5-6df631ab462c"	"M1914"	"1757-01-01"	"1757-12-31"	"Synopsis (printed)"	"Synopsis"	"f"			"f"	"f"				"f"		"Goran Proot, Spectacula Iesuitica Belgica Antiqua (SIBA). Pars I: Provincia Flandro-Belgica (Antwerpen, 2008), p. 1-836"								
"07137aea-e80e-4fe5-a18b-63136571bae4"	"M1920"	"1757-01-01"	"1757-12-31"	"Synopsis (printed)"	"Synopsis"	"f"			"f"	"f"				"f"					"https://opac.kbr.be/LIBRARY/doc/SYRACUSE/18401332 "					
"3831a9c7-a607-4759-b565-ef5caa76d50d"	"M1921"	"1758-01-01"	"1758-12-31"	"Synopsis (printed)"	"Synopsis"	"f"	"Tragedy"		"f"	"f"				"f"					"https://opac.kbr.be/LIBRARY/doc/SYRACUSE/18021026 "					
"5b628b67-85e4-4fc0-87b5-fcccb456289b"	"M1922"	"1758-01-01"	"1758-12-31"	"Synopsis (printed)"	"Synopsis"	"f"	"Tragedy"		"f"	"f"				"f"		"Goran Proot, Spectacula Iesuitica Belgica Antiqua (SIBA). Pars I: Provincia Flandro-Belgica (Antwerpen, 2008), p. 1-836"	"Moet gekoppeld worden aan M994"		"https://opac.kbr.be/LIBRARY/doc/SYRACUSE/18021030; volgens KBB opgevoerd in 1763"					
"79b4140c-c584-40f4-bd4a-c514df793bd0"	"M1925"	"1758-01-01"	"1758-12-31"	"Synopsis (printed)"	"Synopsis"	"f"	"Tragedy"		"f"	"f"				"f"										
"900d0325-8e76-4294-b20c-8b36fdb9d893"	"M1930"	"1759-01-01"	"1759-12-31"	"Synopsis (printed)"	"Synopsis"	"f"	"Tragedy"		"f"	"f"				"f"					"https://opac.kbr.be/LIBRARY/doc/SYRACUSE/18022202 "					
"33751a7e-81de-4aa0-a927-5e44189e34fb"	"M1934"	"1759-01-01"	"1759-12-31"	"Synopsis (printed)"	"Synopsis"	"f"			"f"	"f"				"f"										
"dc24ed04-e1fe-47ce-8dde-413f36fd50f4"	"M1939"	"1759-01-01"	"1759-12-31"	"Synopsis (printed)"	"Synopsis"	"f"			"f"	"f"				"f"					"https://opac.kbr.be/LIBRARY/doc/SYRACUSE/18401356 "					
"5bf8270b-76ee-4b49-afff-6e87fec16283"	"M1943"	"1760-01-01"	"1760-12-31"	"Synopsis (printed)"	"Synopsis"	"f"			"f"	"f"				"f"										
"d5526bcf-b03d-4bbb-b478-bddde56c10ca"	"M1944"	"1760-01-01"	"1760-12-31"	"Synopsis (printed)"	"Synopsis"	"f"			"f"	"f"				"f"										
"be703b61-180e-4f2a-b0e5-fe40c03d5b27"	"M1945"	"1760-01-01"	"1760-12-31"	"Synopsis (printed)"	"Synopsis"	"f"			"f"	"f"				"f"										
"5fa391d2-a2b5-40ed-9bc8-3001a14e87d5"	"M1946"	"1760-01-01"	"1760-12-31"	"Synopsis (printed)"	"Synopsis"	"f"			"f"	"f"				"f"					"https://opac.kbr.be/LIBRARY/doc/SYRACUSE/18401364 "					
"67c7b638-0bd1-45c6-9d9b-3bc02f392b8e"	"M1949"	"1761-01-01"	"1761-12-31"	"Synopsis (printed)"	"Synopsis"	"f"			"f"	"f"				"f"										
"6f50f416-be62-4739-8043-b4bf850e9600"	"M1950"	"1761-01-01"	"1761-12-31"	"Synopsis (printed)"	"Synopsis"	"f"			"f"	"f"				"f"										
"30993a89-728e-4db5-86ac-5ff38241e56d"	"M1952"	"1761-01-01"	"1761-12-31"	"Synopsis (printed)"	"Synopsis"	"f"			"f"	"f"				"f"										
"b404644a-9322-4cb5-8afc-e86ca2f949cd"	"M1955"	"1761-01-01"	"1761-12-31"	"Synopsis (printed)"	"Synopsis"	"f"			"f"	"f"				"f"										
"7f76172f-c864-4bb7-ba99-12dc7fa55fdc"	"M1956"	"1761-01-01"	"1761-12-31"	"Synopsis (printed)"	"Synopsis"	"f"			"f"	"f"				"f"					"https://opac.kbr.be/LIBRARY/doc/SYRACUSE/18401586"					
"d91243bc-ef68-4724-943b-2b206f6b5a7e"	"M1957"	"1761-01-01"	"1761-12-31"	"Synopsis (printed)"	"Synopsis"	"f"			"f"	"f"				"f"					"https://opac.kbr.be/LIBRARY/doc/SYRACUSE/18401389 "					
"611db808-299e-4399-bcf8-486d7cc5ff53"	"M1961"	"1762-01-01"	"1762-12-31"	"Synopsis (printed)"	"Synopsis"	"f"			"f"	"f"				"f"										
"4cd16d66-913a-4c93-8f44-e4ff544a7fd6"	"M1962"	"1762-01-01"	"1762-12-31"	"Synopsis (printed)"	"Synopsis"	"f"			"f"	"f"				"f"										
"ab925609-7123-4bf5-96bf-eb873b9a2a0e"	"M1964"	"1762-01-01"	"1762-12-31"	"Synopsis (printed)"	"Synopsis"	"f"			"f"	"f"				"f"										
"ca4e5b6a-da00-40b9-8540-c23bf0e7993d"	"M1965"	"1762-01-01"	"1762-12-31"	"Synopsis (printed)"	"Synopsis"	"f"			"f"	"f"				"f"		"Goran Proot, Spectacula Iesuitica Belgica Antiqua (SIBA). Pars I: Provincia Flandro-Belgica (Antwerpen, 2008), p. 1-836"								
"0063b783-aac3-4656-8d27-f3f1eaea829e"	"M1966"	"1762-01-01"	"1762-12-31"	"Synopsis (printed)"	"Synopsis"	"f"	"Tragedy"		"f"	"f"				"f"					"https://opac.kbr.be/LIBRARY/doc/SYRACUSE/18022578 "					
"51b48789-1ff3-4bf0-98ef-8e951396ab4c"	"M1969"	"1762-01-01"	"1762-12-31"	"Synopsis (printed)"	"Synopsis"	"f"			"f"	"f"				"f"					"https://opac.kbr.be/LIBRARY/doc/SYRACUSE/18401646"					
"6abd22ae-874d-4002-90e1-b72ab1a5eb83"	"M1972"	"1763-01-01"	"1763-12-31"	"Mention"	"Fragment"	"f"			"f"	"f"	"https://www.let.leidenuniv.nl/Dutch/Ceneton/Facsimiles/SJJudiciumSalomonis1763"			"f"		"Goran Proot, Spectacula Iesuitica Belgica Antiqua (SIBA). Pars I: Provincia Flandro-Belgica (Antwerpen, 2008), p. 1-836"								
"e6c40e13-1456-4961-8142-ca2a199904a2"	"M1973"	"1763-01-01"	"1763-12-31"	"Synopsis (printed)"	"Synopsis"	"f"			"f"	"f"				"f"					"https://opac.kbr.be/LIBRARY/doc/SYRACUSE/18401661"					
"4ce02c19-fe42-4b47-b25a-d99cff8510f3"	"M1976"	"1763-01-01"	"1763-12-31"	"Synopsis (printed)"	"Synopsis"	"f"			"f"	"f"	"https://www.let.leidenuniv.nl/Dutch/Ceneton/Facsimiles/SJEliacimMechelen1763"			"f"										
"b2225feb-5c24-43a5-a10b-f3dee7738e2b"	"M1977"	"1763-01-01"	"1763-12-31"	"Synopsis (printed)"	"Synopsis"	"f"	"Tragedy"		"f"	"f"	"https://www.let.leidenuniv.nl/Dutch/Ceneton/Facsimiles/SJJudiciumSalomonis1763"	"https://www.let.leidenuniv.nl/Dutch/Ceneton/SJJudiciumSalomonis1763.html"		"f"										
"851730a4-0226-4b02-b17c-ff4f6fa3db04"	"M1978"	"1763-01-01"	"1763-12-31"	"Synopsis (printed)"	"Synopsis"	"f"			"f"	"f"				"f"										
"4a3b6a5a-1e93-40ed-b888-3a62565c3c30"	"M1982"	"1764-01-01"	"1764-12-31"	"Synopsis (printed)"	"Synopsis"	"f"	"Comedy"	"Farce"	"f"	"f"				"f"										
"cf38eb79-0f42-4aa5-b763-c9b11ee14e69"	"M1983"	"1764-01-01"	"1764-12-31"	"Synopsis (printed)"	"Synopsis"	"f"			"f"	"f"				"f"										
"2856ff05-fb92-43c6-ac44-2f1db31513e9"	"M1984"	"1764-01-01"	"1764-12-31"	"Synopsis (printed)"	"Synopsis"	"f"	"Comical tragedy"		"f"	"f"				"f"		"Goran Proot, Spectacula Iesuitica Belgica Antiqua (SIBA). Pars I: Provincia Flandro-Belgica (Antwerpen, 2008), p. 1-836"								
"aa16799c-fc8a-4804-81a8-64e6b462e4cf"	"M1985"	"1764-01-01"	"1764-12-31"	"Synopsis (printed)"	"Synopsis"	"f"			"f"	"f"				"f"										
"aa3d31ab-430e-4e27-8d93-d257b24d4f25"	"M1989"	"1764-01-01"	"1764-12-31"	"Synopsis (printed)"	"Synopsis"	"f"			"f"	"f"				"f"										
"ef759bcd-98f7-4022-8d1b-edd568f96ef8"	"M1991"	"1764-01-01"	"1764-12-31"	"Synopsis (printed)"	"Synopsis"	"f"			"f"	"f"				"f"										
"8d20a467-c82c-4f8f-94fb-6dd29b8ad595"	"M1992"	"1764-01-01"	"1764-12-31"	"Synopsis (printed)"	"Synopsis"	"f"			"f"	"f"				"f"					"https://opac.kbr.be/LIBRARY/doc/SYRACUSE/18401701 "					
"e8eef041-1da0-4568-8007-f64eab8923c9"	"M1997"	"1765-01-01"	"1765-12-31"	"Synopsis (printed)"	"Synopsis"	"f"			"f"	"f"				"f"										
"dd81a30e-3fe9-4b5b-8686-e1a6940da10a"	"M2000"	"1765-01-01"	"1765-12-31"	"Synopsis (printed)"	"Synopsis"	"f"			"f"	"f"				"f"										
"6e3b2631-1b41-460d-a47a-e85a87a0f23e"	"M2002"	"1765-01-01"	"1765-12-31"	"Synopsis (printed)"	"Synopsis"	"f"			"f"	"f"				"f"										
"6b9ee556-9d73-43a8-b362-8f268f8f3786"	"M2003"	"1765-01-01"	"1765-12-31"	"Synopsis (printed)"	"Synopsis"	"f"			"f"	"f"				"f"										
"2f3b9e69-37b1-407f-9d18-5bd0467658b1"	"M2005"	"1765-01-01"	"1765-12-31"	"Synopsis (printed)"	"Synopsis"	"f"			"f"	"f"				"f"					"https://opac.kbr.be/LIBRARY/doc/SYRACUSE/18401752"					
"73065969-1ded-4687-9122-cee347c2c2bf"	"M2009"	"1766-01-01"	"1766-12-31"	"Synopsis (printed)"	"Synopsis"	"f"	"Tragedy"		"f"	"f"				"f"					"https://opac.kbr.be/LIBRARY/doc/SYRACUSE/18022857 "					
"edf3b118-696c-4b78-9e73-321ce6e8b758"	"M2012"	"1766-01-01"	"1766-12-31"	"Synopsis (printed)"	"Synopsis"	"f"			"f"	"f"				"f"										
"78dbe9ad-05bb-4e2f-839e-3f011234710a"	"M2016"	"1766-01-01"	"1766-12-31"	"Synopsis (printed)"	"Synopsis"	"f"	"Comedy"	"Farce"	"f"	"f"				"f"										
"f27d5df4-35f0-4add-afac-3e389496ba70"	"M2017"	"1766-01-01"	"1766-12-31"	"Synopsis (printed)"	"Synopsis"	"f"			"f"	"f"				"f"										
"a8446cd3-9ee7-4e69-8b1d-4cfb41688739"	"M2018"	"1766-01-01"	"1766-12-31"	"Synopsis (printed)"	"Synopsis"	"f"			"f"	"f"				"f"					"https://opac.kbr.be/LIBRARY/doc/SYRACUSE/18401803"					
"961ca9d8-39cd-4ecf-9166-62c33a0faca3"	"M2022"	"1767-01-01"	"1767-12-31"	"Synopsis (printed)"	"Synopsis"	"f"			"f"	"f"				"f"										
"a13fa401-2de2-4c78-9435-c3a0898eed47"	"M2023"	"1767-01-01"	"1767-12-31"	"Synopsis (printed)"	"Synopsis"	"f"	"Comedy"	"Farce"	"f"	"f"				"f"										
"8743c613-ea71-4852-9eb0-cb21752985ab"	"M2028"	"1767-01-01"	"1767-12-31"	"Synopsis (printed)"	"Synopsis"	"f"			"f"	"f"				"f"					"https://opac.kbr.be/LIBRARY/doc/SYRACUSE/18401852"					
"b2c864c6-881f-41e1-8149-5123cd11d5fb"	"M2034"	"1768-01-01"	"1768-12-31"	"Synopsis (printed)"	"Synopsis"	"f"	"Comedy"	"Farce"	"f"	"f"				"f"										
"8706001e-6dce-46a2-ba87-1da08b7295e6"	"M2035"	"1768-01-01"	"1768-12-31"	"Synopsis (printed)"	"Synopsis"	"f"	"Comical tragedy"		"f"	"f"				"f"										
"b1f20809-3008-4e8f-8dbb-6d0cc127c14c"	"M2038"	"1768-01-01"	"1768-12-31"	"Synopsis (printed)"	"Synopsis"	"f"			"f"	"f"				"f"										
"4c935ffe-dbd6-4f7a-995b-587d6b796892"	"M2049"	"1769-01-01"	"1769-12-31"	"Synopsis (printed)"	"Synopsis"	"f"			"f"	"f"				"f"					"https://opac.kbr.be/LIBRARY/doc/SYRACUSE/18402244 "					
"f7ff664f-5f31-4481-9c37-8d5c2d8991b5"	"M2052"	"1770-01-01"	"1770-12-31"	"Synopsis (printed)"	"Synopsis"	"f"	"Comedy"		"f"	"f"	"https://www.let.leidenuniv.nl/Dutch/Ceneton/Facsimiles/SJBaasaMechelen1770"	"https://www.let.leidenuniv.nl/Dutch/Ceneton/SJBaasaMechelen1770.html"		"f"	"000004 - "	"Goran Proot, Spectacula Iesuitica Belgica Antiqua (SIBA). Pars I: Provincia Flandro-Belgica (Antwerpen, 2008), p. 1-836"								
"b39179b5-f976-477f-944a-f0f571c42c6b"	"M2053"	"1770-01-01"	"1770-12-31"	"Synopsis (printed)"	"Synopsis"	"f"	"Comedy"	"Farce"	"f"	"f"	"https://www.let.leidenuniv.nl/Dutch/Ceneton/Facsimiles/SJBaasaMechelen1770"	"https://www.let.leidenuniv.nl/Dutch/Ceneton/SJBaasaMechelen1770.html"		"f"	"000004 - "		"Koppelen, want volgt op M2052 (ook nog een afsluitend stuk met dansen vermeld, eveneens niet door Proot opgenomen)"							
"1af1c46d-4c73-4c8b-b292-8a90e7cd25c0"	"M2054"	"1770-01-01"	"1770-12-31"	"Synopsis (printed)"	"Synopsis"	"f"			"f"	"f"				"f"										
"2e07fabb-5f40-49d2-aee6-2a92133b37a1"	"M2056"	"1770-01-01"	"1770-12-31"	"Synopsis (printed)"	"Synopsis"	"f"	"Comedy"	"Farce"	"f"	"f"				"f"										
"12ea6268-cde8-4af5-b21f-f4c7997e2ea2"	"M2062"	"1770-01-01"	"1770-12-31"	"Synopsis (printed)"	"Synopsis"	"f"	"Comedy"	"Farce"	"f"	"f"				"f"										
"03314eee-3ec2-4186-a832-aa7b445617df"	"M2064"	"1770-01-01"	"1770-12-31"	"Synopsis (printed)"	"Synopsis"	"f"			"f"	"f"				"f"					"https://opac.kbr.be/LIBRARY/doc/SYRACUSE/18402252 "					
"05f08820-ebd2-4bbd-8eb7-6b29c23cda69"	"M2073"	"1771-01-01"	"1771-12-31"	"Synopsis (printed)"	"Synopsis"	"f"			"f"	"f"				"f"										
"7bbf94fd-ceb5-4fc1-a7db-a1df53a6b494"	"M2076"	"1771-01-01"	"1771-12-31"	"Synopsis (printed)"	"Synopsis"	"f"			"f"	"f"				"f"										
"f0d5a74c-e925-4f6c-884a-b1bb5b483a88"	"M2079"	"1771-01-01"	"1771-12-31"	"Synopsis (printed)"	"Synopsis"	"f"			"f"	"f"				"f"					"https://opac.kbr.be/LIBRARY/doc/SYRACUSE/18402809"					
"8e23c6f5-4bcb-4691-875c-927f2731b82d"	"M2086"	"1772-01-01"	"1772-12-31"	"Synopsis (printed)"	"Synopsis"	"f"			"f"	"f"				"f"										
"36563142-7a5f-4ee2-9321-4731158fa01d"	"M2087"	"1772-01-01"	"1772-12-31"	"Synopsis (printed)"	"Synopsis"	"f"	"Tragedy"		"f"	"f"				"f"										
"c3d39923-3584-48eb-b2d2-88889e8e8e4c"	"M2096"	"1773-01-01"	"1773-12-31"	"Synopsis (printed)"	"Synopsis"	"f"	"Comedy"		"f"	"f"				"f"										
"ebc9f614-3fe3-4dd1-8c60-c18da8fe3b8a"	"M2097"	"1773-01-01"	"1773-12-31"	"Synopsis (printed)"	"Synopsis"	"f"	"Comical tragedy"		"f"	"f"				"f"					"https://opac.kbr.be/LIBRARY/doc/SYRACUSE/18022977 "					
"01d0b0c8-6592-4fc9-aeb9-d255854d56ec"	"M2098"	"1773-01-01"	"1773-12-31"	"Synopsis (printed)"	"Synopsis"	"f"	"Comical tragedy"		"f"	"f"				"f"										
"12349cdc-ab57-473f-b058-44d106ec854a"	"M2099"	"1773-01-01"	"1773-12-31"	"Synopsis (printed)"	"Synopsis"	"f"	"Tragedy"		"f"	"f"				"f"										
"4600aa3b-0bca-4512-a3ee-e285de544396"	"M2100"	"1773-01-01"	"1773-12-31"	"Synopsis (printed)"	"Synopsis"	"f"			"f"	"f"				"f"					"https://opac.kbr.be/LIBRARY/doc/SYRACUSE/18402561"					
"7cebc1ee-47ce-484c-a398-f779b207ae94"	"M2121"	"1776-01-01"	"1776-12-31"	"Synopsis (printed)"	"Synopsis"	"f"			"f"	"f"				"f"					"https://opac.kbr.be/LIBRARY/doc/SYRACUSE/18402637 "					
"fa8afdba-7c1a-4de9-bc6f-fb66303d0bf8"	"M2029"	"1768-01-01"	"1768-12-31"	"Synopsis (printed)"	"Synopsis"	"f"	"Tragedy"		"f"	"f"				"f"		"Goran Proot, 'Het toneel van de Antwerpse Augustijnen (1671-1783)' in: De Gulden Passer. Jaargang 76-77 (1998-1999), p. 183-194, via: https://www.dbnl.org/tekst/_gul005199801_01/_gul005199801_01_0008.php"								
"0ca462ec-fbfc-42fb-b243-088713866f37"	"M2030"	"1768-01-01"	"1768-12-31"	"Mention"	"Fragment"	"f"	"Comedy"		"f"	"f"				"f"		"Goran Proot, 'Het toneel van de Antwerpse Augustijnen (1671-1783)' in: De Gulden Passer. Jaargang 76-77 (1998-1999), p. 183-194, via: https://www.dbnl.org/tekst/_gul005199801_01/_gul005199801_01_0008.php"								
"2e7910b5-876e-43f1-aa26-fd9341302ea8"	"M2033"	"1768-01-01"	"1768-12-31"	"Mention"	"Fragment"	"f"	"Comedy"		"f"	"f"				"f"										
"641606fa-f30d-453b-bd26-2de2d0638771"	"M596"	"1648-01-01"	"1648-12-31"	"First Printing"	"Full edition"	"f"	"Comedy"		"f"	"f"				"f"	"164812 - a1 *3 esic : a2 A2 nus.$ - b1 A3 ove : b2 D5 n$soo"						"https://catalogue.bnf.fr/ark:/12148/cb314436728"			
"247e516e-5973-4f5c-bf34-aded1c93ef3b"	"M466"	"1638-01-01"	"1638-12-31"	"Synopsis (printed)"	"Synopsis"	"f"			"f"	"f"				"f"										
"394b8732-3f13-4157-8061-dbe7f213affb"	"M2036"	"1768-01-01"	"1768-12-31"	"Synopsis (printed)"	"Synopsis"	"f"	"Tragedy"		"f"	"f"				"f"		"Goran Proot, 'Het toneel van de Antwerpse Augustijnen (1671-1783)' in: De Gulden Passer. Jaargang 76-77 (1998-1999), p. 183-194, via: https://www.dbnl.org/tekst/_gul005199801_01/_gul005199801_01_0008.php"			"https://opac.kbr.be/LIBRARY/doc/SYRACUSE/183847666 
"					
"6144a30f-5164-425c-a275-6c2fdf1cba14"	"M2040"	"1769-01-01"	"1769-12-31"	"Mention"	"Fragment"	"f"	"Comedy"		"f"	"f"				"f"		"Goran Proot, 'Het toneel van de Antwerpse Augustijnen (1671-1783)' in: De Gulden Passer. Jaargang 76-77 (1998-1999), p. 183-194, via: https://www.dbnl.org/tekst/_gul005199801_01/_gul005199801_01_0008.php"								
"6f71477d-dfbd-4fa5-b3ae-1eb2002c718f"	"M2041"	"1769-01-01"	"1769-12-31"	"Synopsis (printed)"	"Synopsis"	"f"	"Tragedy"		"f"	"f"				"f"		"Goran Proot, 'Het toneel van de Antwerpse Augustijnen (1671-1783)' in: De Gulden Passer. Jaargang 76-77 (1998-1999), p. 183-194, via: https://www.dbnl.org/tekst/_gul005199801_01/_gul005199801_01_0008.php"			"https://opac.kbr.be/LIBRARY/doc/SYRACUSE/18384658 "					
"da245cb2-2712-406c-8df3-1215ddb925e1"	"M2044"	"1769-01-01"	"1769-12-31"	"Mention"	"Fragment"	"f"	"Comedy"		"f"	"f"				"f"		"Goran Proot, 'Het toneel van de Antwerpse Augustijnen (1671-1783)' in: De Gulden Passer. Jaargang 76-77 (1998-1999), p. 183-194, via: https://www.dbnl.org/tekst/_gul005199801_01/_gul005199801_01_0008.php"								
"ed99b4ef-8805-4436-9c0e-dcb6579e1368"	"M2046"	"1769-01-01"	"1769-12-31"	"Synopsis (printed)"	"Synopsis"	"f"	"Tragedy"		"f"	"f"				"f"		"Goran Proot, 'Het toneel van de Antwerpse Augustijnen (1671-1783)' in: De Gulden Passer. Jaargang 76-77 (1998-1999), p. 183-194, via: https://www.dbnl.org/tekst/_gul005199801_01/_gul005199801_01_0008.php"								
"6eecd9e9-64e0-4397-ac90-7d3b583d02f2"	"M2047"	"1769-01-01"	"1769-12-31"	"Synopsis (printed)"	"Synopsis"	"f"	"Tragedy"		"f"	"f"				"f"										
"a9b04c3b-cc2a-42ae-ada0-b3cca2fc05ad"	"M2048"	"1769-01-01"	"1769-12-31"	"Mention"	"Fragment"	"f"	"Comedy"		"f"	"f"				"f"										
"64a559c1-a91b-41b2-8924-2e1521113724"	"M2050"	"1770-01-01"	"1770-12-31"	"Synopsis (printed)"	"Synopsis"	"f"	"Tragedy"		"f"	"f"				"f"		"Goran Proot, 'Het toneel van de Antwerpse Augustijnen (1671-1783)' in: De Gulden Passer. Jaargang 76-77 (1998-1999), p. 183-194, via: https://www.dbnl.org/tekst/_gul005199801_01/_gul005199801_01_0008.php"		"https://opac.kbr.be/LIBRARY/doc/SYRACUSE/18384609"						
"566dd079-d87d-4e45-a344-27bc1a588e8e"	"M2058"	"1770-01-01"	"1770-12-31"	"Mention"	"Fragment"	"f"	"Comedy"		"f"	"f"				"f"										
"0d749554-e6e5-48f2-bde4-d0cce23075f3"	"M2059"	"1770-01-01"	"1770-12-31"	"Mention"	"Fragment"	"f"	"Comedy"		"f"	"f"				"f"										
"9fac3db8-c46b-4600-94b6-7ba71bcedb5a"	"M2060"	"1770-01-01"	"1770-12-31"	"Synopsis (printed)"	"Synopsis"	"f"	"Tragedy"		"f"	"f"				"f"		"Goran Proot, 'Het toneel van de Antwerpse Augustijnen (1671-1783)' in: De Gulden Passer. Jaargang 76-77 (1998-1999), p. 183-194, via: https://www.dbnl.org/tekst/_gul005199801_01/_gul005199801_01_0008.php"			"https://opac.kbr.be/LIBRARY/doc/SYRACUSE/18384634 
"					
"abe2d5bc-b6f9-4530-81a7-59efd2de5088"	"M2061"	"1770-01-01"	"1770-12-31"	"Synopsis (printed)"	"Synopsis"	"f"	"Comedy"		"f"	"f"				"f"										
"c2e39160-a534-47ef-86c1-437a19147ec3"	"M2065"	"1771-01-01"	"1771-12-31"	"Synopsis (printed)"	"Synopsis"	"f"	"Tragedy"		"f"	"f"				"f"		"Goran Proot, 'Het toneel van de Antwerpse Augustijnen (1671-1783)' in: De Gulden Passer. Jaargang 76-77 (1998-1999), p. 183-194, via: https://www.dbnl.org/tekst/_gul005199801_01/_gul005199801_01_0008.php"								
"885a16d5-b328-4d00-bbe6-3af974a4cb77"	"M2081"	"1772-01-01"	"1772-12-31"	"Synopsis (printed)"	"Synopsis"	"f"	"Tragedy"		"f"	"f"				"f"		"Goran Proot, 'Het toneel van de Antwerpse Augustijnen (1671-1783)' in: De Gulden Passer. Jaargang 76-77 (1998-1999), p. 183-194, via: https://www.dbnl.org/tekst/_gul005199801_01/_gul005199801_01_0008.php"								
"ce56b6a3-4f06-4f5b-ab5b-f75ee55d230a"	"M2085"	"1772-01-01"	"1772-12-31"	"Synopsis (printed)"	"Synopsis"	"f"	"Comedy"		"f"	"f"				"f"		"Goran Proot, 'Het toneel van de Antwerpse Augustijnen (1671-1783)' in: De Gulden Passer. Jaargang 76-77 (1998-1999), p. 183-194, via: https://www.dbnl.org/tekst/_gul005199801_01/_gul005199801_01_0008.php"								
"d92fe647-92ab-4f3f-b84d-b3a72b5331e0"	"M2092"	"1773-01-01"	"1773-12-31"	"Synopsis (printed)"	"Synopsis"	"f"	"Comedy"		"f"	"f"				"f"		"Goran Proot, 'Het toneel van de Antwerpse Augustijnen (1671-1783)' in: De Gulden Passer. Jaargang 76-77 (1998-1999), p. 183-194, via: https://www.dbnl.org/tekst/_gul005199801_01/_gul005199801_01_0008.php"								
"c2b504e5-fb25-42ba-bf7d-11c50f8f5e28"	"M2093"	"1773-01-01"	"1773-12-31"	"Synopsis (printed)"	"Synopsis"	"f"	"Tragedy"		"f"	"f"				"f"		"Goran Proot, 'Het toneel van de Antwerpse Augustijnen (1671-1783)' in: De Gulden Passer. Jaargang 76-77 (1998-1999), p. 183-194, via: https://www.dbnl.org/tekst/_gul005199801_01/_gul005199801_01_0008.php"								
"e6d2b820-99e2-4c3f-bd3b-9162b2ba9aa1"	"M2101"	"1774-01-01"	"1774-12-31"	"Synopsis (printed)"	"Synopsis"	"f"	"Comedy"		"f"	"f"				"f"		"Goran Proot, 'Het toneel van de Antwerpse Augustijnen (1671-1783)' in: De Gulden Passer. Jaargang 76-77 (1998-1999), p. 183-194, via: https://www.dbnl.org/tekst/_gul005199801_01/_gul005199801_01_0008.php"								
"316ec61a-435d-4fa6-9c70-a6677b16bbe0"	"M2102"	"1774-01-01"	"1774-12-31"	"Synopsis (printed)"	"Synopsis"	"f"	"Tragedy"		"f"	"f"				"f"		"Goran Proot, 'Het toneel van de Antwerpse Augustijnen (1671-1783)' in: De Gulden Passer. Jaargang 76-77 (1998-1999), p. 183-194, via: https://www.dbnl.org/tekst/_gul005199801_01/_gul005199801_01_0008.php"								
"c4e4d062-6eeb-47f0-a784-6651c5740f22"	"M2109"	"1775-01-01"	"1775-12-31"	"Synopsis (printed)"	"Synopsis"	"f"	"Tragedy"		"f"	"f"				"f"		"Goran Proot, 'Het toneel van de Antwerpse Augustijnen (1671-1783)' in: De Gulden Passer. Jaargang 76-77 (1998-1999), p. 183-194, via: https://www.dbnl.org/tekst/_gul005199801_01/_gul005199801_01_0008.php"								
"cf1688ac-70be-46e4-acae-b2379a6fa865"	"M2115"	"1776-01-01"	"1776-12-31"	"Synopsis (printed)"	"Synopsis"	"f"	"Tragedy"		"f"	"f"				"f"		"Goran Proot, 'Het toneel van de Antwerpse Augustijnen (1671-1783)' in: De Gulden Passer. Jaargang 76-77 (1998-1999), p. 183-194, via: https://www.dbnl.org/tekst/_gul005199801_01/_gul005199801_01_0008.php"								
"c4608cca-ab02-4cc6-b1b3-d0819ca581f9"	"M2118"	"1776-01-01"	"1776-12-31"	"Synopsis (printed)"	"Synopsis"	"f"	"Tragedy"		"f"	"f"				"f"		"Goran Proot, 'Het toneel van de Antwerpse Augustijnen (1671-1783)' in: De Gulden Passer. Jaargang 76-77 (1998-1999), p. 183-194, via: https://www.dbnl.org/tekst/_gul005199801_01/_gul005199801_01_0008.php"								
"7a94cd60-17e4-4c9c-b1b9-daccad6ec031"	"M2119"	"1776-01-01"	"1776-12-31"	"Synopsis (printed)"	"Synopsis"	"f"	"Comedy"		"f"	"f"				"f"		"Goran Proot, 'Het toneel van de Antwerpse Augustijnen (1671-1783)' in: De Gulden Passer. Jaargang 76-77 (1998-1999), p. 183-194, via: https://www.dbnl.org/tekst/_gul005199801_01/_gul005199801_01_0008.php"								
"29d09e97-7ad7-4bbf-a392-4edd85b4840d"	"M2122"	"1777-01-01"	"1777-12-31"	"Synopsis (printed)"	"Synopsis"	"f"	"Tragedy"		"f"	"f"				"f"		"Goran Proot, 'Het toneel van de Antwerpse Augustijnen (1671-1783)' in: De Gulden Passer. Jaargang 76-77 (1998-1999), p. 183-194, via: https://www.dbnl.org/tekst/_gul005199801_01/_gul005199801_01_0008.php"								
"a2509c10-d6e9-40ae-96bd-994f2cfe8d86"	"M2123"	"1777-01-01"	"1777-12-31"	"Synopsis (printed)"	"Synopsis"	"f"	"Comedy"		"f"	"f"				"f"		"Goran Proot, 'Het toneel van de Antwerpse Augustijnen (1671-1783)' in: De Gulden Passer. Jaargang 76-77 (1998-1999), p. 183-194, via: https://www.dbnl.org/tekst/_gul005199801_01/_gul005199801_01_0008.php"								
"b074ce4b-d63c-4ee8-a0c7-56efc59e468c"	"M24"	"1536-01-01"	"1536-12-31"	"First Printing"	"Full edition"	"f"	"Comedy"	"Sacred comedy"	"t"	"t"				"f"										
"fc3eb17b-5152-4480-9f96-0744f9ac6243"	"M30"	"1537-01-01"	"1537-12-31"	"Reprint"	"Full edition"	"f"	"Comedy"	"Sacred comedy"	"f"	"f"				"f"	"153708 - a1 A2 itis : a1 A5 nti$ - b1 B $s : b2 D5 tem?$"									
"c4526329-020e-4141-b105-017ec86eb0f2"	"M34"	"1538-01-01"	"1538-12-31"	"Reprint"	"Full edition"	"f"	"Comedy"	"Sacred comedy"	"f"	"f"				"f"	"153808 - a1 A2 tiss : a1 A5 ega - b1 B er : b2 D5 ate"									
"b8668110-3ab2-4051-b886-60ff9fd4fdee"	"M310"	"1621-01-01"	"1621-12-31"	"First Printing"	"Full edition"	"f"			"f"	"f"				"f"										
"47527f08-091f-4900-acc2-97cdea35f505"	"M49"	"1540-01-01"	"1540-12-31"	"Reprint"	"Full edition"	"f"			"t"	"t"				"f"	"154008 - a1 A2 io.$ : a2 A3 ice - b1 A4 inis.$ : b2 E5 erem,"									
"d9a03823-597b-4eab-8ae7-27e88cb8c700"	"M69"	"1541-01-01"	"1541-12-31"	"Reprint"	"Full edition"	"f"	"Comedy"		"f"	"f"				"f"	"154108 - a1 A2 tis.$ : a2 A3 i,$ad$ - b1 A4 bsque$ : b2 C5 c$fur"									
"eb5b9d5e-3a28-4396-b7ac-989d5e4f0ed6"	"M73"	"1541-01-01"	"1541-12-31"	"Reprint"	"Full edition"	"f"			"f"	"f"				"f"	"154108 - a1 A2 obis$di"									
"b1f79bec-46f7-485c-90f8-bf87798a7626"	"M1789"	"1745-01-01"	"1745-12-31"	"Synopsis (printed)"	"Synopsis"	"f"	"Tragedy"		"f"	"f"				"f"										
"4c83f0e0-1a22-4091-bca5-1b63cba76ce4"	"M1854"	"1751-01-01"	"1751-12-31"	"Synopsis (printed)"	"Synopsis"	"f"	"Tragedy"		"f"	"f"	"https://www.let.leidenuniv.nl/Dutch/Ceneton/Facsimiles/SJBrutusMechelen1751"	"https://www.let.leidenuniv.nl/Dutch/Ceneton/SJBrutusMechelen1751.html"		"f"		"Goran Proot, Spectacula Iesuitica Belgica Antiqua (SIBA). Pars I: Provincia Flandro-Belgica (Antwerpen, 2008), p. 1-836"			"https://opac.kbr.be/LIBRARY/doc/SYRACUSE/18020465 
"					
"be0e0502-c795-4628-a484-5b3a9df2f401"	"M456"	"1637-01-01"	"1637-12-31"	"Synopsis (printed)"	"Synopsis"	"f"			"f"	"f"				"f"	"163704"									
"c5398d4d-85ce-4a75-b4e7-b23e400023be"	"M1855"	"1751-01-01"	"1751-12-31"	"Mention"	"Fragment"	"f"	"Comedy"		"f"	"f"	"https://www.let.leidenuniv.nl/Dutch/Ceneton/Facsimiles/SJBrutusMechelen1751"	"https://www.let.leidenuniv.nl/Dutch/Ceneton/SJBrutusMechelen1751.html"		"f"		"Goran Proot, Spectacula Iesuitica Belgica Antiqua (SIBA). Pars I: Provincia Flandro-Belgica (Antwerpen, 2008), p. 1-836"								
"dc408677-6a5e-4f63-b1a7-24660931e02b"	"M101"	"1550-01-01"	"1550-12-31"	"First Printing"	"Full edition"	"f"	"Tragedy"		"f"	"f"			"http://books.google.be/books?id=MwgUAAAAQAAJ&printsec=frontcover&hl=nl&source=gbs_ge_summary_r&cad=0#v=onepage&q&f=false"	"f"										
"fdb48ecf-d63e-448a-a7c5-b56004e4c30e"	"M124"	"1559-01-01"	"1559-12-31"	"First Printing"	"Full edition"	"f"	"Tragedy"		"t"	"t"				"f"										
"f133e0e4-ee78-4e79-baf7-1fdf6a797a6a"	"M234"	"1605-01-01"	"1605-12-31"	"First Printing"	"Full edition"	"f"			"t"	"t"				"f"										
"25a43358-5fb2-470e-ba5b-e7587c5e94d8"	"M344"	"1628-01-01"	"1628-12-31"	"First Printing"	"Full edition"	"f"	"Tragedy"		"t"	"t"				"f"	"162808 - a1 *iiij auita : a1 *v digni - b1 A$m : b2 E5 ilis$ - c1 F na : c2 I m"									
"f6fe29f7-d60c-4ed9-b4c5-c211eddefb55"	"M345"	"1628-01-01"	"1628-12-31"	"First Printing"	"Full edition"	"f"			"t"	"t"				"f"	"162808 - a1 *iiij auita : a2 *v dign - A m : b2 E5 ilis$"									
"fa340209-84c3-48d9-a7be-71242d3f3632"	"M92"	"1547-01-01"	"1547-12-31"	"Reprint"	"Full edition"	"f"	"Comedy"	"Sacred comedy"	"f"	"f"				"f"	"000008 - b1 l op : b2 n5 ia"									
"4e386d16-4e36-4f48-a8d2-8572e594cfce"	"M1166"	"1719-01-01"	"1719-12-31"	"Synopsis (printed)"	"Synopsis"	"f"	"Comedy"		"f"	"f"				"f"										
"83cf3b24-aa0c-473e-ac84-594694ba11ff"	"M1207"	"1722-01-01"	"1722-12-31"	"Synopsis (printed)"	"Synopsis"	"f"	"Comedy"		"f"	"f"				"f"										
"e862bf22-1de1-40fe-9907-fe74cd4f31f6"	"M65"	"1541-01-01"	"1541-12-31"	"Reprint"	"Full edition"	"f"								"f"										
"9d3f997c-544e-4ac3-91f0-c8359597be5c"	"M67"	"1541-01-01"	"1541-12-31"	"Reprint"	"Full edition"	"f"			"f"	"f"			"http://objects.library.uu.nl/reader/index.php?obj=1874-342143&lan=en#page//12/85/05/128505189806134213781816617115997335156.jpg/mode/1up"	"f"	"154108 - a1 A.2. m$gaudi - b1 A.4. inis, : b2 E.5. ascerem"									
"3f748575-7183-459e-95bc-5c0f4589edc8"	"M74"	"1541-01-01"	"1541-12-31"	"Reprint"	"Full edition"	"f"			"f"	"f"				"f"										
"3de4b041-b01f-4181-8ec3-13d25aa9d31b"	"M75"	"1541-01-01"	"1541-12-31"	"Reprint"	"Full edition"	"f"			"f"	"f"				"f"	"154108 - a1 Aij. $oblecte - b1 Aiiij. et)$mihi$fi : b2 D.5. mfytoi_x000B_"									
"d73e1d3f-81e4-445b-9b13-fa0fcfb2c3fa"	"M78"	"1542-01-01"	"1542-12-31"	"Reprint"	"Full edition"	"f"			"f"	"f"			"http://books.google.be/books?id=JnYTAAAAQAAJ&printsec=frontcover&hl=nl&source=gbs_ge_summary_r&cad=0#v=onepage&q&f=false"	"f"	"154108 - a1 A.II. $(ris$ : a2 A.3. ,$ - b1 A4 $vt$ : b2 D5 r$hoc$"									
"a69c4f71-18a9-4ad7-9094-2816d6ca7e15"	"M80"	"1543-01-01"	"1543-12-31"	"Reprint"	"Full edition"	"f"			"f"	"f"				"f"	"154308 = a1 Eij. s$per - b1 Eiiij.ami : b2 Fiiij. i$usqu"									
"fcfac806-abcf-49ff-8117-9622826654ef"	"M81"	"1543-01-01"	"1543-12-31"	"Reprint"	"Full edition"	"f"			"f"	"f"			"https://books.google.nl/books?id=cn3QeIVSC-sC&printsec=frontcover&hl=nl&source=gbs_ge_summary_r&cad=0#v=onepage&q&f=false"	"f"	"154308 - a1 Aij. tri.$ : a2 Aiij. l$priu - b1 Aiiij. ia.$ : b2 Diij. iam."									
"48997c77-393e-4d1c-86e5-99bec522ced0"	"M89"	"1546-01-01"	"1546-12-31"	"Reprint"	"Full edition"	"f"	"Comedy"	"Sacred comedy"	"f"	"f"				"f"										
"34825c5c-2d9d-4138-918d-d18c7933a562"	"M94"	"1548-01-01"	"1548-12-31"	"Reprint"	"Full edition"	"f"	"Comedy"	"Sacred comedy"	"f"	"f"				"f"	"154808 - a1 A2 it.$ : a2 B2 .$ - b1 B3 etus. : b2 E2 $hic - c1 E3 ,$ : c2 E4 m$"									
"462661ee-d0f9-4697-aa5a-ab9db19cad96"	"M88"	"1545-01-01"	"1545-12-31"	"Reprint"	"Full edition"	"f"			"f"	"f"				"f"										
"ce31b5bb-310a-4332-bd84-bc14fc1963e6"	"M1411"	"1728-01-01"	"1728-12-31"	"Synopsis (printed)"	"Synopsis"	"f"			"f"	"f"			"http://anet.ua.ac.be/desktop/anet/core/index.phtml?language=&euser=&session=&service=opacua&robot=&deskservice=desktop&desktop=anet&workstation=&extra="	"f"		"Goran Proot, Spectacula Iesuitica Belgica Antiqua (SIBA). Pars I: Provincia Flandro-Belgica (Antwerpen, 2008), p. 1-836"								
"1d19c493-d379-4bce-b3c2-39914c726cd7"	"M1458"	"1729-01-01"	"1729-12-31"	"Synopsis (printed)"	"Synopsis"	"f"			"f"	"f"			"http://anet.ua.ac.be/desktop/anet/core/index.phtml?language=&euser=&session=&service=opacua&robot=&deskservice=desktop&desktop=anet&workstation=&extra="	"f"				"https://anet.be/record/opacuantwerpen/c:lvd:14049853/N"						
"cc07945b-c484-497f-a38d-9e7b8e4d745b"	"M1497"	"1730-01-01"	"1730-12-31"	"Synopsis (printed)"	"Synopsis"	"f"			"f"	"f"				"f"		"Goran Proot, Spectacula Iesuitica Belgica Antiqua (SIBA). Pars I: Provincia Flandro-Belgica (Antwerpen, 2008), p. 1-836"								
"f26adf21-a2c0-4d9e-92cc-d47f3eb80805"	"M748"	"1666-01-01"	"1666-12-31"	"Reprint"	"Full edition"	"f"	"Tragedy"		"f"	"f"				"f"	"166612 - b1 A2 ejus : b2 B7 tus$ve"									
"407c8c18-9c7c-4b30-92f7-29b25847d359"	"M1060"	"1710-01-01"	"1710-12-31"	"Synopsis (printed)"	"Synopsis"	"f"	"Tragedy"		"f"	"f"			"http://anet.ua.ac.be/desktop/anet/core/index.phtml?language=&euser=&session=&service=opacua&robot=&deskservice=desktop&desktop=anet&workstation=&extra="	"f"				"https://anet.be/record/opacuantwerpen/c:lvd:14025585/N"						
"4e076fe2-ab06-4364-a903-29dc36455aa9"	"M1088"	"1713-01-01"	"1713-12-31"	"Synopsis (printed)"	"Synopsis"	"f"			"f"	"f"			"http://anet.ua.ac.be/desktop/anet/core/index.phtml?language=&euser=&session=&service=opacua&robot=&deskservice=desktop&desktop=anet&workstation=&extra="	"f"				"https://anet.be/record/opacuantwerpen/c:lvd:14029113/N"						
"0fa8b306-b8ac-4164-967f-8cedd920c403"	"M1091"	"1714-01-01"	"1714-12-31"	"Reprint"	"Full edition"	"f"			"f"	"f"				"f"										
"958eacc8-1ea9-4f2e-81b4-43c1e1c10529"	"M1099"	"1715-01-01"	"1715-12-31"	"Reprint"	"Full edition"	"f"	"Tragedy"		"f"	"f"				"f"	"171512 - a1 *2 on : a2 A r$ - b1 A2 it$i : b2 F4 re$"									
"29d25acb-403a-417b-b63c-938d467a5c76"	"M775"	"1670-01-01"	"1670-12-31"	"Reprint"	"Full edition"	"f"			"f"	"f"		"https://www.let.leidenuniv.nl/Dutch/Ceneton/../Latijn/Grotius.html"		"f"	"167012 - b1 O5 ere : b2 P6 ult"									
"71f48e77-be18-45f5-a89e-656c10d1383f"	"M778"	"1670-01-01"	"1670-12-31"	"Reprint"	"Full edition"	"f"	"Tragedy"		"f"	"f"		"https://www.let.leidenuniv.nl/Dutch/Ceneton/../Latijn/Grotius.html"		"f"	"167012 - b1 R nu : b2 S u"									
"6e246a64-f2b2-4544-856e-83d453047af2"	"M12"	"1533-01-01"	"1533-12-31"	"Reprint"	"Full edition"	"f"	"Comedy"		"f"	"f"	"https://www.let.leidenuniv.nl/Dutch/Ceneton/Facsimiles/GnapheusAcolastus1533"			"f"	"153308 - a1 Aij um$ad : a2 Aiiij ,$ : b1 B a : EV iris"									
"d1bba939-60f8-48a0-90e8-97de93a516d9"	"M148"	"1574-01-01"	"1574-12-31"	"Reprint"	"Full edition"	"f"			"f"	"f"				"f"										
"6cbd3eaa-22c6-482f-8911-bf26fde97552"	"M22"	"1535-01-01"	"1535-12-31"	"Reprint"	"Full edition"	"f"			"f"	"f"				"f"										
"8da1e0bb-a5a4-4ed4-a63b-593eb8a4186d"	"M27"	"1536-01-01"	"1536-12-31"	"Reprint"	"Full edition"	"f"			"f"	"f"			"https://books.google.nl/books?id=45NXAAAAcAAJ&pg=PT14&dq=acolastus&hl=nl&sa=X&ei=UmqWVYinCMiqUaPXltAN&ved=0CFEQ6AEwBzgK#v=onepage&q=acolastus&f=false"	"f"										
"53adc54f-b658-4a4e-b2b5-9713ef338d7f"	"M32"	"1534-01-01"	"1540-12-31"	"Reprint"	"Full edition"	"f"	"Comedy"	"Sacred comedy"	"f"	"f"				"f"			"Plaats van uitgave/druk (Parijs) klopt waarschijnlijk niet."							
"2dfa97c3-e3e8-42a3-9db3-2f038013036d"	"M48"	"1539-01-01"	"1539-12-31"	"Reprint"	"Full edition"	"f"			"f"	"f"				"f"										
"d2712b17-d2ec-4bc8-a818-80c4765f5264"	"M51"	"1540-01-01"	"1540-12-31"	"Reprint"	"Full edition"	"f"			"f"	"f"			"https://books.google.nl/books?id=XRZcR0PCaEcC&pg=PP52&dq=Asotus+Evangelicus+seu+evangelica&hl=nl&sa=X&ved=0ahUKEwix7arb36nnAhXGKVAKHVrzDL4Q6wEIKzAA#v=onepage&q=Asotus%20Evangelicus%20seu%20evangelica&f=false"	"f"										
"c8962d11-abd1-41e4-9110-fd3048c4f03e"	"M62"	"1540-01-01"	"1540-12-31"	"Reprint"	"Full edition"	"f"			"f"	"f"				"f"	"154008 - a1 A2 uman : a2 A3 im$ - b1 A4 secund : b2 D5 o$ruti"									
"56c63373-a03e-4623-8eba-b1350e867bd8"	"M70"	"1541-01-01"	"1541-12-31"	"Reprint"	"Full edition"	"f"	"Comedy"		"f"	"f"			"http://daten.digitale-sammlungen.de/~db/0003/bsb00037704/images/index.html?id=00037704&fip=193.174.98.30&no=&seite=5"	"f"	"154108 - a1 A2 m$prae : a2 A4 uat$hin - b1 A5 iter.$ L b2 C5 at$tuu"									
"7c31eeae-aa59-47f8-8bde-bbdfe994fe1d"	"M85"	"1544-01-01"	"1544-12-31"	"Reprint"	"Full edition"	"f"	"Comedy"		"f"	"f"				"f"	"154408 - a1 A2 ito$fo : a2 E m - b1 E2 tuarij : b2 F5 nda."									
"077ba325-3a88-4704-ab86-474c561e297c"	"M86"	"1544-01-01"	"1544-12-31"	"Reprint"	"Full edition"	"f"	"Comedy"		"f"	"f"				"f"	"154408 - a1 A2 ito$fo : a2 A4 cappu - b1 A5 tis$re : b2 D5 em - c1 E m : c2 F5 nda."									
"b5619c3e-d0cc-45b4-96aa-53228fe1f6f4"	"M444"	"1635-01-01"	"1635-12-31"	"Reprint"	"Full edition"	"f"	"Tragedy"		"f"	"f"				"f"	"163512 - a1 A2 ate$ : a2 A5 iis - b1 A6 st,$q : b2 C3 ia$i - c1 C5 gno : c2 G7 i$ne"									
"121cde11-942c-4053-9c5a-7356f0063bf5"	"M446"	"1635-01-01"	"1635-12-31"	"Reprint"	"Full edition"	"f"			"f"	"f"				"f"	"163512 - a1 A2 ate$ : a2 C3 ia$i - b1 C5 gno : b2 E5 n$ce : c1 E7 tes,$ : c2 G7 i$ne"									
"d969ab65-9ed3-428d-9780-6f44f5461c15"	"M529"	"1640-01-01"	"1640-12-31"	"Reprint"	"Full edition"	"f"	"Tragedy"		"f"	"f"				"f"	"164012 - b1 E o : b2 F4 e$let"									
"7f3bec64-867c-4c7d-9d7a-6114eddb0a6f"	"M530"	"1640-01-01"	"1640-12-31"	"Reprint"	"Full edition"	"f"	"Tragedy"		"f"	"f"				"f"	"164012 - a1 F6 tis$a - b1 G on : b2 G6 ntes"									
"d0658b1e-da55-440e-b68c-fce4db0ea177"	"M603"	"1649-01-01"	"1649-12-31"	"Reprint"	"Full edition"	"f"			"f"	"f"				"f"	"164912 - b1 K r : b2 L6 re"									
"8371f5f8-6cb9-483e-92a8-bc955d6e9174"	"M341"	"1627-01-01"	"1627-12-31"	"Reprint"	"Full edition"	"f"	"Tragedy"		"f"	"f"			"http://books.google.nl/books?id=JqE9AAAAcAAJ&printsec=frontcover&hl=nl&source=gbs_ge_summary_r&cad=0#v=onepage&q&f=false"	"f"	"162712 - a1 A2 ntu - b1 A5 mort : b2 C5 a$n"									
"a5df0899-c086-488d-930f-7c6537f7a359"	"M595"	"1648-01-01"	"1648-12-31"	"First Printing"	"Full edition"	"f"	"Comedy"		"f"	"f"				"f"	"164812 - a1 L6 e$de$ a2 L7 te,$m - b1 M t$w : b2 O7 rnst,"						"https://catalogue.bnf.fr/ark:/12148/cb314436728"			
"41a37099-2910-4920-ae2b-97c529fdb5c5"	"M597"	"1648-01-01"	"1648-12-31"	"First Printing"	"Full edition"	"f"	"Comedy"		"f"	"f"				"f"	"164812 - a1 D6 dit$m : a2 D7 ck$te - b1 E $w : b2 G7 al$h"						"https://catalogue.bnf.fr/ark:/12148/cb314436728"			
"bde07e27-829a-46fd-a1d2-4973abae8e3b"	"M598"	"1648-01-01"	"1648-12-31"	"First Printing"	"Full edition"	"f"	"Comedy"		"f"	"f"				"f"	"164812 - a1 H vv : a2 H2 sou - b1 H3 dat$ : b2 L5 dat"						"https://catalogue.bnf.fr/ark:/12148/cb314436728"			
"0634bc94-2cf4-487c-9871-b283558c8c6e"	"M599"	"1648-01-01"	"1648-12-31"	"First Printing"	"Full edition"	"f"	"Comedy"		"f"	"f"				"f"	"164812 - a1 S3 n$sij : a2 S4 n)$m - b1 S5 e$si : b2 V7 ot$P"						"https://catalogue.bnf.fr/ark:/12148/cb314436728"			
"20df20b4-4232-4ada-96f9-5a9d2224fc7c"	"M601"	"1648-01-01"	"1648-12-31"	"First Printing"	"Full edition"	"f"	"Comedy"		"f"	"f"				"f"	"164812 - b1 P e$ : b2 S2 el$he"						"https://catalogue.bnf.fr/ark:/12148/cb314436728"			
"97ec1df3-0c88-4c15-91bb-c0090743ccb9"	"M712"	"1663-01-01"	"1663-12-31"	"Reprint"	"Full edition"	"f"	"Comedy"		"f"	"f"			"https://books.google.nl/books?id=8zlBAAAAcAAJ&printsec=frontcover&dq=Belgica+interpretatione&hl=nl&sa=X&ved=0ahUKEwiGoZ3W-vvJAhVDpw4KHV2gACcQ6AEISTAH#v=onepage&q=Belgica%20interpretatione&f=false"	"f"	"166308 - "									
"91c4729f-2fad-4448-af15-859927f533d4"	"M714"	"1663-01-01"	"1663-12-31"	"Reprint"	"Full edition"	"f"	"Comedy"		"f"	"f"			"https://books.google.nl/books?id=8zlBAAAAcAAJ&printsec=frontcover&dq=Belgica+interpretatione&hl=nl&sa=X&ved=0ahUKEwiGoZ3W-vvJAhVDpw4KHV2gACcQ6AEISTAH#v=onepage&q=Belgica%20interpretatione&f=false"	"f"	"166308 - a1 A S: a2 A2 n$g - b1 A3 en$k : b2 E4 $’t$"									
"2a8ae082-92b5-40e3-a3f7-4759e45bbc95"	"M716"	"1663-01-01"	"1663-12-31"	"Reprint"	"Full edition"	"f"	"Comedy"		"f"	"f"			"https://books.google.nl/books?id=8zlBAAAAcAAJ&printsec=frontcover&dq=Belgica+interpretatione&hl=nl&sa=X&ved=0ahUKEwiGoZ3W-vvJAhVDpw4KHV2gACcQ6AEISTAH#v=onepage&q=Belgica%20interpretatione&f=false"	"f"	"166308 - "									
"c41a758a-8284-4738-8239-a5be92ed742f"	"M718"	"1663-01-01"	"1663-12-31"	"Reprint"	"Full edition"	"f"	"Comedy"		"f"	"f"			"https://books.google.nl/books?id=8zlBAAAAcAAJ&printsec=frontcover&dq=Belgica+interpretatione&hl=nl&sa=X&ved=0ahUKEwiGoZ3W-vvJAhVDpw4KHV2gACcQ6AEISTAH#v=onepage&q=Belgica%20interpretatione&f=false"	"f"	"166308 - "									
"e6f32a16-9130-4f8c-8c55-a542fe0e415e"	"M720"	"1663-01-01"	"1663-12-31"	"Reprint"	"Full edition"	"f"	"Comedy"		"f"	"f"			"https://books.google.nl/books?id=8zlBAAAAcAAJ&printsec=frontcover&dq=Belgica+interpretatione&hl=nl&sa=X&ved=0ahUKEwiGoZ3W-vvJAhVDpw4KHV2gACcQ6AEISTAH#v=onepage&q=Belgica%20interpretatione&f=false"	"f"	"166308 - "									
"b91f7b0f-c60c-4a00-9569-4f847a57f7d9"	"M722"	"1663-01-01"	"1663-12-31"	"Reprint"	"Full edition"	"f"	"Comedy"		"f"	"f"			"https://books.google.nl/books?id=8zlBAAAAcAAJ&printsec=frontcover&dq=Belgica+interpretatione&hl=nl&sa=X&ved=0ahUKEwiGoZ3W-vvJAhVDpw4KHV2gACcQ6AEISTAH#v=onepage&q=Belgica%20interpretatione&f=false"	"f"	"166308 - "									
"3a7d8a43-ad8c-420b-84f8-71f39658e137"	"M764"	"1668-01-01"	"1668-12-31"	"Reprint"	"Full edition"	"f"	"Comedy"		"f"	"f"				"f"							"https://catalogue.bnf.fr/ark:/12148/cb31443673m"			
"f4c6ea61-67b2-4e4d-b540-ca0740e4efb6"	"M765"	"1668-01-01"	"1668-12-31"	"Reprint"	"Full edition"	"f"	"Comedy"		"f"	"f"				"f"							"https://catalogue.bnf.fr/ark:/12148/cb31443673m"			
"68392cfb-51bf-4da5-bdfa-dd13d83ef569"	"M766"	"1668-01-01"	"1668-12-31"	"Reprint"	"Full edition"	"f"	"Comedy"		"f"	"f"				"f"							"https://catalogue.bnf.fr/ark:/12148/cb31443673m"			
"03c5bfee-133a-4507-8eb1-c9a7c768eeba"	"M768"	"1668-01-01"	"1668-12-31"	"Reprint"	"Full edition"	"f"	"Comedy"		"f"	"f"				"f"							"https://catalogue.bnf.fr/ark:/12148/cb31443673m"			
"d4bddeaa-79df-4776-9b59-f1e975fe509e"	"M769"	"1668-01-01"	"1668-12-31"	"Reprint"	"Full edition"	"f"	"Comedy"		"f"	"f"				"f"							"https://catalogue.bnf.fr/ark:/12148/cb31443673m"			
"589f7f4b-3335-400d-a142-e0d18194531a"	"M772"	"1668-01-01"	"1668-12-31"	"Reprint"	"Full edition"	"f"	"Comedy"		"f"	"f"				"f"							"https://catalogue.bnf.fr/ark:/12148/cb31443673m"			
"0ba4ef2c-048b-4e36-a9d5-dadc47f5876c"	"M439"	"1635-01-01"	"1635-12-31"	"Synopsis (printed)"	"Synopsis"	"f"			"f"	"f"				"f"		"Goran Proot, Spectacula Iesuitica Belgica Antiqua (SIBA). Pars I: Provincia Flandro-Belgica (Antwerpen, 2008), p. 1-836"								
"ad98c89c-a88c-4374-9541-043fac4067cf"	"M442"	"1635-01-01"	"1635-12-31"	"Synopsis (printed)"	"Synopsis"	"f"	"Tragicomedy"		"f"	"f"				"f"		"Goran Proot, Spectacula Iesuitica Belgica Antiqua (SIBA). Pars I: Provincia Flandro-Belgica (Antwerpen, 2008), p. 1-836"	"Handschrift toegeschreven aan Judocus de Croock"							
"82a96853-b678-4df4-9448-d24658080140"	"M2089"	"1772-01-01"	"1772-12-31"	"Synopsis (printed)"	"Synopsis"	"f"			"f"	"f"				"f"										
"ba6fbaf9-73d2-461d-8034-59c175cc451d"	"M455"	"1637-01-01"	"1637-12-31"	"First Printing"	"Full edition"	"f"			"f"	"f"			"http://books.google.be/books?id=Hf8TAAAAQAAJ&printsec=frontcover&hl=nl&source=gbs_ge_summary_r&cad=0#v=onepage&q&f=false"	"f"	"163708 - a1 *3 t,$ - a2 *5 iet - b1 A Po : b2 E5 aud"									
"e2169a1b-b529-41ae-a76b-836d729a80d9"	"M2057"	"1770-01-01"	"1770-12-31"	"Mention"	"Fragment"	"f"			"f"	"f"				"f"		"Goran Proot, Spectacula Iesuitica Belgica Antiqua (SIBA). Pars I: Provincia Flandro-Belgica (Antwerpen, 2008), p. 1-836"								
"a752f8dd-fdbc-4673-9bce-043bdd7fdb9d"	"M2175"	"1620-01-01"	"1636-12-31"	"Synopsis (printed)"	"Synopsis"	"f"	"Tragedy"		"f"	"f"				"f"	"4"					"https://lib.ugent.be/catalog/rug01:000821935"				
"73a40378-3de5-4d78-84a4-dbbdcfdbc06e"	"M306"	"1621-01-01"	"1621-12-31"	"First Printing"	"Full edition"	"f"	"Tragedy"		"t"	"t"				"f"										
"ed1f6aa7-3ed8-4704-aa8d-b6d000a04a6d"	"M309"	"1621-01-01"	"1621-12-31"	"First Printing"	"Full edition"	"f"	"Tragedy"		"f"	"f"				"f"										
"f2e12717-7001-44c9-8401-fef6a17ad770"	"M365"	"1629-01-01"	"1629-12-31"	"First Printing"	"Full edition"	"f"	"Comical tragedy"		"f"	"f"			"http://books.google.be/books?id=Rk0TAAAAQAAJ&printsec=frontcover&hl=nl&source=gbs_ge_summary_r&cad=0#v=onepage&q&f=false"	"f"	"162908 - a1 a3 mu : a2 e2 es. - b1 A a : b2 O2 m$p - c1 P i : c2 P3 onc"	"Goran Proot, Spectacula Iesuitica Belgica Antiqua (SIBA). Pars I: Provincia Flandro-Belgica (Antwerpen, 2008), p. 1-836"								
"49d58994-b94d-4979-adb6-3dde4a2c3c1a"	"M373"	"1630-01-01"	"1630-12-31"	"Synopsis (printed)"	"Synopsis"	"f"			"f"	"f"				"f"	"000001 - "									
"def3f0b2-debe-431f-8bbf-9793e96a9d97"	"M402"	"1632-01-01"	"1632-12-31"	"Synopsis (printed)"	"Synopsis"	"f"			"f"	"f"				"f"	"000004 - b1 A2 en : b2 A3 (n"									
"3951a2e3-1840-4846-901d-850fee330c69"	"M492"	"1639-01-01"	"1639-12-31"	"Synopsis (printed)"	"Synopsis"	"f"			"f"	"f"				"f"										
"0f45ed1a-4648-46f4-a792-5ec638135430"	"M622"	"1652-01-01"	"1652-12-31"	"Reprint"	"Full edition"	"f"			"f"	"f"				"f"										
"8cb6779d-522f-4975-ba76-97ad7c824f23"	"M796"	"1672-01-01"	"1672-12-31"	"Reprint"	"Full edition"	"f"			"f"	"f"				"f"										
"0eb6d653-ebe9-46c9-bbc6-7f0549e66d2e"	"M97"	"1549-01-01"	"1549-12-31"	"Reprint"	"Full edition"	"f"			"f"	"f"				"f"										
"b13f11e7-6da3-4f31-8be4-ed179b4036f6"	"M216"	"1600-01-01"	"1600-12-31"	"First Printing"	"Full edition"	"f"			"t"	"t"			"http://books.google.be/books?id=JnJOAAAAcAAJ&printsec=frontcover&hl=nl&source=gbs_ge_summary_r&cad=0#v=onepage&q&f=false"	"f"	"1600 - a1 A2 ides"									
"2abcfd97-f7ca-46d9-b94d-69748ca1f455"	"M1171"	"1720-01-01"	"1720-12-31"	"Synopsis (printed)"	"Synopsis"	"f"	"Tragedy"		"f"	"f"	"https://www.let.leidenuniv.nl/Dutch/Ceneton/Facsimiles/SJAlexanderMechelen1720"	"https://www.let.leidenuniv.nl/Dutch/Ceneton/SJAlexanderMechelen1720.html"	"http://anet.ua.ac.be/desktop/anet/core/index.phtml?language=&euser=&session=&service=opacua&robot=&deskservice=desktop&desktop=anet&workstation=&extra="	"f"	"172004 - "	"Goran Proot, Spectacula Iesuitica Belgica Antiqua (SIBA). Pars I: Provincia Flandro-Belgica (Antwerpen, 2008), p. 1-836"								
"cad65d71-a7bd-42b3-ae84-6f5c94536add"	"M1179"	"1720-01-01"	"1720-12-31"	"Synopsis (printed)"	"Synopsis"	"f"	"Tragedy"		"f"	"f"				"f"					"https://opac.kbr.be/LIBRARY/doc/SYRACUSE/18400422"					
"97f9a625-2e9a-437b-936c-3c96a01be5ad"	"M1182"	"1721-01-01"	"1721-12-31"	"Synopsis (printed)"	"Synopsis"	"f"			"f"	"f"		"https://www.let.leidenuniv.nl/Dutch/Ceneton/SJAchasMechelen1721.html"	"http://anet.ua.ac.be/desktop/anet/core/index.phtml?language=&euser=&session=&service=opacua&robot=&deskservice=desktop&desktop=anet&workstation=&extra="	"f"				"https://anet.be/record/opacuantwerpen/c:lvd:14015474/N"						
"453b65ac-601d-483d-a503-c4c64b356a5a"	"M1196"	"1721-01-01"	"1721-12-31"	"Synopsis (printed)"	"Synopsis"	"f"			"f"	"f"			"http://anet.ua.ac.be/desktop/anet/core/index.phtml?language=&euser=&session=&service=opacua&robot=&deskservice=desktop&desktop=anet&workstation=&extra="	"f"		"Goran Proot, Spectacula Iesuitica Belgica Antiqua (SIBA). Pars I: Provincia Flandro-Belgica (Antwerpen, 2008), p. 1-836"		"https://anet.be/record/opacuantwerpen/c:lvd:14051311/N"						
"98a7db98-3e5b-4552-9397-7b557b2c5358"	"M1199"	"1721-01-01"	"1721-12-31"	"Synopsis (printed)"	"Synopsis"	"f"	"Tragedy"		"f"	"f"			"http://anet.ua.ac.be/desktop/anet/core/index.phtml?language=&euser=&session=&service=opacua&robot=&deskservice=desktop&desktop=anet&workstation=&extra="	"f"		"Goran Proot, Spectacula Iesuitica Belgica Antiqua (SIBA). Pars I: Provincia Flandro-Belgica (Antwerpen, 2008), p. 1-836"		"https://anet.be/record/opacuantwerpen/c:lvd:14052750/N"						
"53d2ce3e-5d1e-4ecb-941e-4964a642b3f3"	"M1227"	"1722-01-01"	"1722-12-31"	"Synopsis (printed)"	"Synopsis"	"f"			"f"	"f"			"http://anet.ua.ac.be/desktop/anet/core/index.phtml?language=&euser=&session=&service=opacua&robot=&deskservice=desktop&desktop=anet&workstation=&extra="	"f"				"https://anet.be/record/opacuantwerpen/c:lvd:14029024/N"						
"b7d9e356-8221-4959-bdbe-781ab5fd6742"	"M1228"	"1722-01-01"	"1722-12-31"	"Synopsis (printed)"	"Synopsis"	"f"			"f"	"f"			"http://anet.ua.ac.be/desktop/anet/core/index.phtml?language=&euser=&session=&service=opacua&robot=&deskservice=desktop&desktop=anet&workstation=&extra="	"f"				"https://anet.be/record/opacuantwerpen/c:lvd:14029019/N"						
"a885f0a4-c975-4ecc-98b8-adbcdf672556"	"M1260"	"1723-01-01"	"1723-12-31"	"Synopsis (printed)"	"Synopsis"	"f"			"f"	"f"			"http://anet.ua.ac.be/desktop/anet/core/index.phtml?language=&euser=&session=&service=opacua&robot=&deskservice=desktop&desktop=anet&workstation=&extra="	"f"				"https://anet.be/record/opacuantwerpen/c:lvd:14051320/N"						
"54cf76ad-67e5-41be-92a4-a5eaca644e8e"	"M1294"	"1724-01-01"	"1724-12-31"	"Mention"	"Fragment"	"f"	"Comedy"	"Farce"	"f"	"f"		"https://www.let.leidenuniv.nl/Dutch/Ceneton/SJSalomonaMechelen1724.html"	"http://anet.ua.ac.be/desktop/anet/core/index.phtml?language=&euser=&session=&service=opacua&robot=&deskservice=desktop&desktop=anet&workstation=&extra="	"f"										
"ebb49a6d-9195-4107-a369-85f62ac89372"	"M1299"	"1724-01-01"	"1724-12-31"	"Synopsis (printed)"	"Synopsis"	"f"	"Tragedy"		"f"	"f"		"https://www.let.leidenuniv.nl/Dutch/Ceneton/SJSalomonaMechelen1724.html"	"http://anet.ua.ac.be/desktop/anet/core/index.phtml?language=&euser=&session=&service=opacua&robot=&deskservice=desktop&desktop=anet&workstation=&extra="	"f"		"Goran Proot, Spectacula Iesuitica Belgica Antiqua (SIBA). Pars I: Provincia Flandro-Belgica (Antwerpen, 2008), p. 1-836"								
"08abdbce-dc4b-4bf3-a895-b3da83f35787"	"M1477"	"1729-01-01"	"1729-12-31"	"Synopsis (printed)"	"Synopsis"	"f"			"f"	"f"				"f"					"https://opac.kbr.be/LIBRARY/doc/SYRACUSE/18400625"					
"1d261e73-cbd1-4c81-b1d1-e65b7d8060ae"	"M1496"	"1730-01-01"	"1730-12-31"	"Synopsis (printed)"	"Synopsis"	"f"	"Tragedy"		"f"	"f"				"f"					"https://opac.kbr.be/LIBRARY/doc/SYRACUSE/18018009 "					
"004677b9-ea2f-447e-8329-c976fbaf877f"	"M1499"	"1730-01-01"	"1730-12-31"	"Synopsis (printed)"	"Synopsis"	"f"	"Tragedy"		"f"	"f"				"f"					"https://opac.kbr.be/LIBRARY/doc/SYRACUSE/18018015 "					
"32709812-916b-4080-9323-ba3095d959e1"	"M1502"	"1730-01-01"	"1730-12-31"	"Synopsis (printed)"	"Synopsis"	"f"			"f"	"f"				"f"	"173004"	"Goran Proot, Spectacula Iesuitica Belgica Antiqua (SIBA). Pars I: Provincia Flandro-Belgica (Antwerpen, 2008), p. 1-836"								
"6365ca56-540e-4cfb-9aa2-8b9e7f3a83e7"	"M1531"	"1730-01-01"	"1730-12-31"	"Synopsis (printed)"	"Synopsis"	"f"			"f"	"f"				"f"										
"1bc1a837-94dc-4c9f-a822-c1793876c46c"	"M1547"	"1731-01-01"	"1731-12-31"	"Synopsis (printed)"	"Synopsis"	"f"			"f"	"f"				"f"										
"f0a1f9d2-77f7-4cfa-9241-6fdcec831539"	"M1550"	"1731-01-01"	"1731-12-31"	"Synopsis (printed)"	"Synopsis"	"f"	"Tragedy"		"f"	"f"				"f"		"Goran Proot, Spectacula Iesuitica Belgica Antiqua (SIBA). Pars I: Provincia Flandro-Belgica (Antwerpen, 2008), p. 1-836"								
"62fa372a-660c-4877-bd70-23371f6b97f9"	"M1564"	"1731-01-01"	"1731-12-31"	"Mention"	"Fragment"	"f"			"f"	"f"				"f"										
"94724aa7-1acc-42cf-b1d0-5baf0fc3be3f"	"M1582"	"1732-01-01"	"1732-12-31"	"Mention"	"Fragment"	"f"	"Comedy"		"f"	"f"				"f"	"4"									
"f7bafdee-849c-4b55-b46a-08d1be1e4108"	"M1583"	"1732-01-01"	"1732-12-31"	"Synopsis (printed)"	"Synopsis"	"f"			"f"	"f"				"f"										
"69a0e125-8824-4517-8804-2d9385b38a52"	"M1600"	"1732-01-01"	"1732-12-31"	"Synopsis (printed)"	"Synopsis"	"f"			"f"	"f"				"f"	"4"									
"2d216aec-5e28-4673-9a06-416e5528d6f7"	"M1624"	"1732-01-01"	"1732-12-31"	"Synopsis (printed)"	"Synopsis"	"f"	"Tragicomedy"		"f"	"f"				"f"					"https://opac.kbr.be/LIBRARY/doc/SYRACUSE/18400762"					
"13df195d-22ff-4ec4-bcca-da9b7759ea5f"	"M1625"	"1733-01-01"	"1733-12-31"	"Synopsis (printed)"	"Synopsis"	"f"	"Tragedy"		"f"	"f"				"f"		"Goran Proot, Spectacula Iesuitica Belgica Antiqua (SIBA). Pars I: Provincia Flandro-Belgica (Antwerpen, 2008), p. 1-836"			"https://opac.kbr.be/LIBRARY/doc/SYRACUSE/18018043 "					
"a1b555ea-2b40-4fac-a5e3-0d7ad388fdf1"	"M1663"	"1733-01-01"	"1733-12-31"	"Synopsis (printed)"	"Synopsis"	"f"			"f"	"f"				"f"					"https://opac.kbr.be/LIBRARY/doc/SYRACUSE/18400801"					
"fcccc46f-0f0f-4003-9381-a5bd19bd5f2c"	"M1664"	"1733-01-01"	"1733-12-31"	"Synopsis (printed)"	"Synopsis"	"f"			"f"	"f"				"f"					"https://opac.kbr.be/LIBRARY/doc/SYRACUSE/18400840 "					
"d17fefa0-c91a-43cf-b6d4-3e56d9be570c"	"M1670"	"1734-01-01"	"1734-12-31"	"Synopsis (printed)"	"Synopsis"	"f"			"f"	"f"				"f"					"https://opac.kbr.be/LIBRARY/doc/SYRACUSE/18400899"					
"a3e764d7-bd6a-4e80-9316-56b36574bc12"	"M1674"	"1735-01-01"	"1735-12-31"	"Synopsis (printed)"	"Synopsis"	"f"			"f"	"f"				"f"										
"57231be9-2649-41b1-a493-c78b90b4ee17"	"M1675"	"1735-01-01"	"1735-12-31"	"Synopsis (printed)"	"Synopsis"	"f"	"Comedy"		"f"	"f"				"f"					"https://opac.kbr.be/LIBRARY/doc/SYRACUSE/18019671 "					
"6c8a5c15-f8d6-48f8-91c4-9095a5d37ff7"	"M1684"	"1735-01-01"	"1735-12-31"	"Synopsis (printed)"	"Synopsis"	"f"			"f"	"f"				"f"					"https://opac.kbr.be/LIBRARY/doc/SYRACUSE/18400928"					
"3b4556f2-1844-4b38-b136-71ef307ce635"	"M1685"	"1735-01-01"	"1735-12-31"	"Synopsis (printed)"	"Synopsis"	"f"			"f"	"f"				"f"					"https://opac.kbr.be/LIBRARY/doc/SYRACUSE/18400909"					
"b3ee801c-9de2-4042-aaf7-f437940d4936"	"M1694"	"1737-01-01"	"1737-12-31"	"Synopsis (printed)"	"Synopsis"	"f"	"Comical tragedy"		"f"	"f"				"f"		"Goran Proot, Spectacula Iesuitica Belgica Antiqua (SIBA). Pars I: Provincia Flandro-Belgica (Antwerpen, 2008), p. 1-836"								
"9133544e-2509-4ba1-82d3-27f714321c94"	"M1697"	"1737-01-01"	"1737-12-31"	"Synopsis (printed)"	"Synopsis"	"f"	"Tragedy"		"f"	"f"				"f"					"https://opac.kbr.be/LIBRARY/doc/SYRACUSE/18019762 
"					
"ca28fee6-ddae-4bb9-bd15-0d3e033919c0"	"M1706"	"1738-01-01"	"1738-12-31"	"Synopsis (printed)"	"Synopsis"	"f"			"f"	"f"				"f"										
"39ec69bb-2b01-436b-bc4b-267b1ff40ca6"	"M1721"	"1740-01-01"	"1740-12-31"	"Synopsis (printed)"	"Synopsis"	"f"	"Tragedy"		"f"	"f"	"https://www.let.leidenuniv.nl/Dutch/Ceneton/Facsimiles/SJJacobusUmbraMechelen1740"			"f"	"000004 - "									
"d6a2d8fd-d343-46ba-b6c6-0b7bfd87ed9e"	"M1722"	"1740-01-01"	"1740-12-31"	"Synopsis (printed)"	"Synopsis"	"f"	"Tragedy"		"f"	"f"				"f"		"Goran Proot, Spectacula Iesuitica Belgica Antiqua (SIBA). Pars I: Provincia Flandro-Belgica (Antwerpen, 2008), p. 1-836"	"Koppelen op M- of E-niveau aan Ceneton052560"							
"5b05ca4d-0b82-4a52-ab4f-12870e2587ef"	"M1723"	"1740-01-01"	"1740-12-31"	"Synopsis (printed)"	"Synopsis"	"f"	"Tragedy"		"t"	"t"	"https://www.let.leidenuniv.nl/Dutch/Ceneton/Facsimiles/SJJacobusUmbraMechelen1740"			"f"	"000004 - "		"Koppelen op M- of E-niveau aan Ceneton043970"							
"469e032a-8b76-4da8-8af2-11e09948e52c"	"M1730"	"1741-01-01"	"1741-12-31"	"Synopsis (printed)"	"Synopsis"	"f"			"f"	"f"				"f"					"https://opac.kbr.be/LIBRARY/doc/SYRACUSE/18400936 "					
"29a66ad3-3eea-4e6d-97ea-273cd19e71e9"	"M1746"	"1742-01-01"	"1742-12-31"	"Synopsis (printed)"	"Synopsis"	"f"			"f"	"f"				"f"					"https://opac.kbr.be/LIBRARY/doc/SYRACUSE/18402792"					
"745fc68a-b6b2-45b0-90b3-3cdb12a82b60"	"M1748"	"1743-01-01"	"1743-12-31"	"Synopsis (printed)"	"Synopsis"	"f"	"Tragedy"		"f"	"f"				"f"					"https://opac.kbr.be/LIBRARY/doc/SYRACUSE/18022608 "					
"5dbd74ce-c785-4b1f-ad5e-6a431bd8008e"	"M1749"	"1743-01-01"	"1743-12-31"	"Synopsis (printed)"	"Synopsis"	"f"	"Tragedy"		"f"	"f"				"f"					"https://opac.kbr.be/LIBRARY/doc/SYRACUSE/18020168 "					
"ff4f8b25-a507-4d04-8f9f-bf97d98ce6f8"	"M1753"	"1743-01-01"	"1743-12-31"	"Synopsis (printed)"	"Synopsis"	"f"			"f"	"f"				"f"					"https://opac.kbr.be/LIBRARY/doc/SYRACUSE/18020133"					
"daf943d4-5e0c-4f4e-901e-033be440415b"	"M1760"	"1743-01-01"	"1743-12-31"	"Synopsis (printed)"	"Synopsis"	"f"			"f"	"f"				"f"										
"e733cdf5-6925-4d98-9b59-5ea136e5e6ee"	"M1769"	"1744-01-01"	"1744-12-31"	"Synopsis (printed)"	"Synopsis"	"f"	"Tragedy"		"f"	"f"				"f"										
"8677da49-989b-449c-898e-6b5024f9df71"	"M1836"	"1749-01-01"	"1749-12-31"	"Synopsis (printed)"	"Synopsis"	"f"			"f"	"f"				"f"					"https://opac.kbr.be/LIBRARY/doc/SYRACUSE/18400961 "					
"b6050971-11c8-445f-91a5-a582a130d9ac"	"M1837"	"1750-01-01"	"1750-12-31"	"Synopsis (printed)"	"Synopsis"	"f"			"f"	"f"	"https://www.let.leidenuniv.nl/Dutch/Ceneton/Facsimiles/SJSamariaMechelen1750"			"f"		"Goran Proot, Spectacula Iesuitica Belgica Antiqua (SIBA). Pars I: Provincia Flandro-Belgica (Antwerpen, 2008), p. 1-836"								
"002f2e54-b244-4dea-ba55-828cebf9a55e"	"M1838"	"1750-01-01"	"1750-12-31"	"Synopsis (printed)"	"Synopsis"	"f"	"Comedy"	"Farce"	"f"	"f"	"https://www.let.leidenuniv.nl/Dutch/Ceneton/Facsimiles/SJSamariaMechelen1750"			"f"										
"a2178665-37de-4414-96a3-43cf21c34b36"	"M1840"	"1750-01-01"	"1750-12-31"	"Synopsis (printed)"	"Synopsis"	"f"	"Comedy"	"Farce"	"f"	"f"				"f"										
"0ebfa84a-0cd5-4ec6-8f01-e7ad83de794b"	"M1871"	"1753-01-01"	"1753-12-31"	"Synopsis (printed)"	"Synopsis"	"f"			"f"	"f"				"f"					"https://opac.kbr.be/LIBRARY/doc/SYRACUSE/18020870 "					
"3b11ecc1-9d1f-435b-9f1b-1addb6b82a68"	"M1877"	"1754-01-01"	"1754-12-31"	"Synopsis (printed)"	"Synopsis"	"f"			"f"	"f"				"f"					"https://opac.kbr.be/LIBRARY/doc/SYRACUSE/18020912"					
"87ff41b9-d33b-41df-8a2d-3aef4ffb7ccd"	"M1880"	"1754-01-01"	"1754-12-31"	"Synopsis (printed)"	"Synopsis"	"f"	"Tragedy"		"f"	"f"				"f"					"https://opac.kbr.be/LIBRARY/doc/SYRACUSE/18020887 "					
"39e3950e-b563-4b47-9548-4df18f7ca796"	"M1881"	"1754-01-01"	"1754-12-31"	"Synopsis (printed)"	"Synopsis"	"f"			"f"	"f"				"f"										
"8ef8afff-430d-4c3b-ba03-64c6af153178"	"M867"	"1687-01-01"	"1687-12-31"	"Synopsis (printed)"	"Synopsis"	"f"			"f"	"f"				"f"										
"ea27661c-74a7-452c-a4e1-579bd5095a5b"	"M870"	"1688-01-01"	"1688-12-31"	"Synopsis (printed)"	"Synopsis"	"f"			"f"	"f"				"f"		"Goran Proot, Spectacula Iesuitica Belgica Antiqua (SIBA). Pars I: Provincia Flandro-Belgica (Antwerpen, 2008), p. 1-836"								
"97bf57d5-e7b0-4b5f-922f-9dfc80ad002a"	"M875"	"1689-01-01"	"1689-12-31"	"Synopsis (printed)"	"Synopsis"	"f"			"f"	"f"				"f"		"Goran Proot, Spectacula Iesuitica Belgica Antiqua (SIBA). Pars I: Provincia Flandro-Belgica (Antwerpen, 2008), p. 1-836"								
"54c19864-8d16-41e8-b7a4-6eefc9fb615e"	"M158"	"1587-01-01"	"1587-12-31"	"Reprint"	"Full edition"	"f"			"f"	"f"				"f"										
"246f3460-697e-453f-bfa3-c8a0fc7c7ceb"	"M539"	"1641-01-01"	"1641-12-31"	"Synopsis (printed)"	"Synopsis"	"f"			"f"	"f"				"f"		"Goran Proot, Spectacula Iesuitica Belgica Antiqua (SIBA). Pars I: Provincia Flandro-Belgica (Antwerpen, 2008), p. 1-836"								
"34e8a1a8-1960-45f9-8fcc-c580b7579e3e"	"M627"	"1653-01-01"	"1653-12-31"	"Synopsis (printed)"	"Synopsis"	"t"			"f"	"f"				"f"										
"2299ab1f-c9ed-477b-ab7e-440f02a2a1d1"	"M709"	"1663-01-01"	"1663-12-31"	"First Printing"	"Full edition"	"f"			"t"	"t"				"f"	"166304 - a1 *2 e$ : a2 ** $i - b1 A $s : b2 G2 lor"									
"3b8dd324-d973-4e67-a946-ee22c471ab2e"	"M506"	"1639-01-01"	"1639-12-31"	"Synopsis (printed)"	"Synopsis"	"f"			"f"	"f"				"f"										
"3e9926a7-00db-4f53-be69-3d0f76a2fca3"	"M518"	"1640-01-01"	"1640-12-31"	"Synopsis (printed)"	"Synopsis"	"f"			"f"	"f"				"f"		"Goran Proot, Spectacula Iesuitica Belgica Antiqua (SIBA). Pars I: Provincia Flandro-Belgica (Antwerpen, 2008), p. 1-836"								
"2e3e3cb8-0833-4b9f-a49d-2e50e05e84ad"	"M519"	"1640-01-01"	"1640-12-31"	"Synopsis (printed)"	"Synopsis"	"f"			"f"	"f"				"f"		"Goran Proot, Spectacula Iesuitica Belgica Antiqua (SIBA). Pars I: Provincia Flandro-Belgica (Antwerpen, 2008), p. 1-836"								
"1e94b250-4b46-490f-8c67-913abc0b7068"	"M521"	"1640-01-01"	"1640-12-31"	"Synopsis (printed)"	"Synopsis"	"f"			"f"	"f"				"f"	"164004"									
"d93055a4-a3ff-48bf-82e4-5da09c7ef9ee"	"M625"	"1653-01-01"	"1653-12-31"	"First Printing"	"Full edition"	"f"	"Comical tragedy"		"f"	"f"				"f"	"165312 - a1 M7 ATV - b1 N q : b2 P4 ulet"									
"622cde6e-07ad-4562-ae9f-33fea4037152"	"M23"	"1535-01-01"	"1535-12-31"	"Reprint"	"Full edition"	"f"			"f"	"f"			"http://books.google.be/books?id=jAgUAAAAQAAJ&printsec=frontcover&dq=acolastus&hl=nl&sa=X&ei=I-qfUI6aAYTB0QWT7IHQBg&redir_esc=y#v=onepage&q&f=false"	"f"										
"76aa9121-2624-4a2d-a578-07160c248d90"	"M9"	"1529-01-01"	"1529-12-31"	"Reprint"	"Full edition"	"f"	"Comedy"		"t"	"t"			"https://gallica.bnf.fr/ark:/12148/bpt6k310125q/f1.item.r=acolastus"	"f"	"000008 - a1 Aij $res - b1 B VT : b2 Eij .$"									
"cb5ac4d0-5247-449b-b619-76695981fc25"	"M93"	"1547-01-01"	"1547-12-31"	"Reprint"	"Full edition"	"f"	"Comedy"	"Sacred comedy"	"f"	"f"				"f"	"154708 - a1 a,$stil : a1 B3 iam. - b1 B4 die.$ : b2 E3 de.$"									
"dd9ce334-a002-4eaf-89fc-c81d32f71c1d"	"M184"	"1594-01-01"	"1594-12-31"		"Full edition"	"f"			"f"	"f"				"f"						"https://lib.ugent.be/catalog/rug01:002036044"				
"2f54f148-3014-430f-9d6c-ab2cd821479e"	"M276"	"1616-01-01"	"1616-12-31"	"Fragment"	"Fragment"	"f"	"Comical tragedy"		"f"	"f"				"f"		"Goran Proot, Spectacula Iesuitica Belgica Antiqua (SIBA). Pars I: Provincia Flandro-Belgica (Antwerpen, 2008), p. 1-836"								
"5d8d1e15-af76-4a49-a44c-77847b4bdb30"	"M331"	"1625-01-01"	"1625-12-31"	"Synopsis (printed)"	"Synopsis"	"f"			"f"	"f"	"https://www.let.leidenuniv.nl/Dutch/Ceneton/Facsimiles/SJDavidAntwerpen1625"	"https://www.let.leidenuniv.nl/Dutch/Ceneton/SJDavidAntwerpen1625.html"		"f"										
"4c335bfa-f4b9-4065-9957-a638ee30b317"	"M366"	"1629-01-01"	"1629-12-31"	"Synopsis (printed)"	"Synopsis"	"f"	"Tragicomedy"		"f"	"f"				"f"							"http://ark.bnf.fr/ark:/12148/cb38684417z"			
"e21404cd-9746-4268-b078-02fedf551aa8"	"M1727"	"1741-01-01"	"1741-12-31"	"Synopsis (printed)"	"Synopsis"	"f"	"Comedy"		"f"	"f"				"f"										
"a58f67e6-2252-41a8-97c3-11172431ed9e"	"M1728"	"1741-01-01"	"1741-12-31"	"Synopsis (printed)"	"Synopsis"	"f"	"Tragedy"		"f"	"f"				"f"										
"724a9902-b201-419d-8cf5-3831bfdd6e2f"	"M1062"	"1710-01-01"	"1710-12-31"	"Synopsis (printed)"	"Synopsis"	"f"	"Tragedy"		"f"	"f"				"f"										
"56bf2c32-5d8f-43c8-b466-0b3ab23555b3"	"M1059"	"1710-01-01"	"1710-12-31"	"Synopsis (printed)"	"Synopsis"	"f"			"f"	"f"				"f"			"Koppelen op M- of E-niveau aan Ceneton006820"			"https://lib.ugent.be/catalog/rug01:000792550"				
"a8383e3a-b654-49ba-909a-efce6342dfd7"	"M611"	"1651-01-01"	"1651-12-31"	"Synopsis (printed)"	"Synopsis"	"f"			"f"	"f"			"http://books.google.be/books?id=N8Q8AAAAcAAJ&printsec=frontcover&hl=nl&source=gbs_ge_summary_r&cad=0#v=onepage&q&f=false"	"f"		"Goran Proot, Spectacula Iesuitica Belgica Antiqua (SIBA). Pars I: Provincia Flandro-Belgica (Antwerpen, 2008), p. 1-836"								
"cf19b0ff-2d69-433d-84f6-66498661854f"	"M614"	"1652-01-01"	"1652-12-31"	"Synopsis (printed)"	"Synopsis"	"f"	"Comical tragedy"		"f"	"f"				"f"		"Goran Proot, Spectacula Iesuitica Belgica Antiqua (SIBA). Pars I: Provincia Flandro-Belgica (Antwerpen, 2008), p. 1-836"								
"ce03ed74-e992-416e-8a5c-c3a6f959d8c3"	"M636"	"1655-01-01"	"1655-12-31"	"Synopsis (printed)"	"Synopsis"	"f"			"f"	"f"			"https://books.google.be/books?id=aPxLAAAAcAAJ&printsec=frontcover&hl=nl&source=gbs_ge_summary_r&cad=0#v=onepage&q&f=false"	"f"										
"dcea8e1e-a3c9-4b65-9a03-795d57a18663"	"M767"	"1668-01-01"	"1668-12-31"	"Synopsis (printed)"	"Synopsis"	"f"			"f"	"f"				"f"										
"b217e597-f4e5-47ed-8f7f-7d088b78b50d"	"M800"	"1673-01-01"	"1673-12-31"	"Synopsis (printed)"	"Synopsis"	"f"			"f"	"f"			"https://books.google.be/books?id=afxLAAAAcAAJ&printsec=frontcover&hl=nl&source=gbs_ge_summary_r&cad=0#v=onepage&q&f=false"	"f"										
"e50e2396-82fb-4ba7-a9ac-b0b14fc51c1c"	"M805"	"1675-01-01"	"1675-12-31"	"Synopsis (printed)"	"Synopsis"	"f"			"f"	"f"			"https://books.google.be/books?id=a_xLAAAAcAAJ&printsec=frontcover&hl=nl&source=gbs_ge_summary_r&cad=0#v=onepage&q&f=false"	"f"										
"d9646916-bddd-4615-ab15-a876faec3365"	"M15"	"1534-01-01"	"1534-12-31"	"First Printing"	"Full edition"	"f"			"t"	"t"				"f"	"153408 - a1 A.ij ens - b1 A.iij. nsi : b2 B.iiij. rbis$ - c1 C m$ : c2 C.iij. ora"									
"d7762225-fc28-4985-93e3-959313ec3908"	"M18"	"1534-01-01"	"1534-12-31"	"First Printing"	"Full edition"	"f"			"f"	"f"	"https://www.let.leidenuniv.nl/Dutch/Ceneton/Facsimiles/CandidusSusanna1534"			"f"	"153408 - a1 A.ij ens : a2 B.iiij. rbis$ - b1 C m$ : c2 C.iij. ora"									
"91847f0e-f145-44c8-8e54-3db1ab76f634"	"M98"	"1549-01-01"	"1549-12-31"	"Reprint"	"Full edition"	"f"			"f"	"f"				"f"	"154908 - a1 A2 alioqui$ - b1 A3 odalib : b2 E5 .$"									
"c1a90126-3760-4f87-97d0-43848099c24e"	"M254"	"1613-01-01"	"1613-12-31"	"Reprint"	"Full edition"	"f"	"Comedy"	"Sacred comedy"	"f"	"f"				"f"										
"5f3dc959-5d8e-447e-87fc-fee6f655e5fc"	"M99"	"1549-01-01"	"1549-12-31"	"Reprint"	"Full edition"	"f"	"Comedy"	"Sacred comedy"	"f"	"f"				"f"										
"3026c3fb-7774-4fbe-9895-b846a302f1f0"	"M13"	"1533-01-01"	"1533-12-31"	"First Printing"	"Full edition"	"f"			"f"	"f"		"https://www.let.leidenuniv.nl/Dutch/Ceneton/ZovitiusRuth1533.html"	"http://books.google.nl/books?id=3LdbAAAAQAAJ&printsec=frontcover&dq=inauthor:%22Jacobus+Zovitius%22&hl=nl&sa=X&ei=ELrgUOfaLaSe0QWX84HIBA&redir_esc=y#v=onepage&q&f=false"	"f"	"153308 - a1 A2 $ : a2 A4 quant - b1 A5 aco : b2 E5 uman"									
"2cbb7a22-5f34-4164-b92b-b661ef68459c"	"M91"	"1547-01-01"	"1547-12-31"	"Reprint"	"Full edition"	"f"	"Comedy"	"Sacred comedy"	"f"	"f"				"f"	"000008 - b1 E uà : b2 H5 ,$ut,u"									
"9a24c268-9c38-4e41-a28d-f2b4305d4e0c"	"M10"	"1530-01-01"	"1530-12-31"	"Reprint"	"Full edition"	"f"			"f"	"f"				"f"	"103008 -  b1 B V : b2 E2 at."									
"2a32e05e-6db9-45e3-b1d8-d7f65db2d58e"	"M21"	"1535-01-01"	"1535-12-31"	"Reprint"	"Full edition"	"f"			"f"	"f"				"f"										
"3292cfb5-7ae8-440b-bd3e-c44552d32d5f"	"M35"	"1538-01-01"	"1538-12-31"	"First Printing"	"Full edition"	"f"			"f"	"f"				"f"	"153808 - a1 A2 nt$ : a2 A3 guant. - b1A4 s.$ : b2 C4 cito.$Po"									
"50760186-3ab2-4ee4-a319-be5853631af5"	"M39"	"1539-01-01"	"1539-12-31"	"First Printing"	"Full edition"	"f"			"t"	"t"				"f"	"153908 - a1 A2 ltimu - b1 A3 s$est.$ : b2 D2 r$"									
"8df12251-a615-45ac-9f3a-567df91bb847"	"M84"	"1544-01-01"	"1544-12-31"	"First Printing"	"Full edition"	"f"			"t"	"t"			"http://books.google.nl/books?id=JggUAAAAQAAJ&printsec=frontcover&hl=nl#v=onepage&q&f=false"	"f"	"1544 - a1 A2 $T - b1 A4 u.$ : b2 E5 um$"									
"aebe49f5-8eb5-4ae3-b6bb-958d2a9f2961"	"M87"	"1545-01-01"	"1545-12-31"	"Reprint"	"Full edition"	"f"			"f"	"f"	"https://www.let.leidenuniv.nl/Dutch/Ceneton/Facsimiles/MacropediusAndrisca1545"	"https://www.let.leidenuniv.nl/Dutch/Ceneton/MacropediusAndrisca1545.html"		"f"	"154508 - a1 A2 nt$ : a2 A3 nt. - b1 A4 .$ : b2 C4 o.$Po"									
"1775361b-74e3-46d2-8bd0-ae11a4d6a0ce"	"M2045"	"1769-01-01"	"1769-12-31"	"Synopsis (printed)"	"Synopsis"	"f"	"Opera"		"f"	"f"				"f"	"000008 - "	"Goran Proot, Spectacula Iesuitica Belgica Antiqua (SIBA). Pars I: Provincia Flandro-Belgica (Antwerpen, 2008), p. 1-836"								
"d73b7125-e244-4335-9bd8-1a275888a9dd"	"M639"	"1656-01-01"	"1656-12-31"	"Synopsis (printed)"	"Synopsis"	"f"			"f"	"f"				"f"		"Goran Proot, Spectacula Iesuitica Belgica Antiqua (SIBA). Pars I: Provincia Flandro-Belgica (Antwerpen, 2008), p. 1-836"								
"e79a2a95-c449-44b4-be8c-2f33b97b89a6"	"M1563"	"1731-01-01"	"1731-12-31"	"Synopsis (printed)"	"Synopsis"	"f"			"f"	"f"				"f"		"Ferdinand Vanderhaeghen, Bibliographie Gantoise. Bibliographie gantoise: 1ère partie du XVIIIe siècle (Gent, 1801)"								
"2cdd01f2-d4f5-49a2-aa9e-6777968e228d"	"M1565"	"1731-01-01"	"1731-12-31"	"Synopsis (printed)"	"Synopsis"	"f"	"Tragedy"		"f"	"f"				"f"		"Ferdinand Vanderhaeghen, Bibliographie Gantoise. Bibliographie gantoise: 1ère partie du XVIIIe siècle (Gent, 1801)"	"Koppelen op M- of E-niveau aan Ceneton006990"							
"71c84293-27c2-4036-ab94-f4b31cfc2ef1"	"M1566"	"1731-01-01"	"1731-12-31"	"Synopsis (printed)"	"Synopsis"	"f"	"Tragedy"		"f"	"f"				"f"		"Ambrosius Keelhoff, Geschiedenis van het klooster der eerw. paters eremyten Augustynen te Gent (Gent, 1864)"	"Koppelen op M- of E-niveau aan Ceneton002870"							
"2a81f715-6e36-491c-9f67-fcbca6e35c24"	"M1570"	"1731-01-01"	"1731-12-31"	"Synopsis (printed)"	"Synopsis"	"f"	"Comedy"		"f"	"f"				"f"										
"6698b821-5ed1-41aa-9230-d01d24eaf8fd"	"M1584"	"1732-01-01"	"1732-12-31"	"Synopsis (printed)"	"Synopsis"	"f"			"f"	"f"				"f"			"Koppelen op M- of E-niveau aan Ceneton006670 (pas, op hiervan zijn twee ID's in omloop!)"							
"f00c892c-c181-4c77-9539-64c546010e4c"	"M1592"	"1732-01-01"	"1732-12-31"	"Synopsis (printed)"	"Synopsis"	"f"			"f"	"f"				"f"										
"ea9fa2df-9931-4616-957c-69685ac6066b"	"M1594"	"1732-01-01"	"1732-12-31"	"Synopsis (printed)"	"Synopsis"	"f"			"f"	"f"				"f"						"https://lib.ugent.be/catalog/rug01:000793154"				
"381ed5dc-9570-4c73-85a8-72cfcad78761"	"M1595"	"1732-01-01"	"1732-12-31"	"Synopsis (printed)"	"Synopsis"	"f"	"Comedy"		"f"	"f"				"f"										
"7128d536-c50a-4831-9d03-408ea88f6eca"	"M1609"	"1732-01-01"	"1732-12-31"	"Synopsis (printed)"	"Synopsis"	"f"			"f"	"f"				"f"										
"606a3ee4-ed4e-4f3a-b283-f1b8a4202a9c"	"M1613"	"1732-01-01"	"1732-12-31"	"Synopsis (printed)"	"Synopsis"	"f"			"f"	"f"				"f"			"Hetzelfde als 006660 of 006670?"							
"45f709ab-a62c-4cf2-ac5d-2bff6ebc3f1f"	"M1614"	"1732-01-01"	"1732-12-31"	"Synopsis (printed)"	"Synopsis"	"f"			"f"	"f"				"f"		"Ferdinand Vanderhaeghen, Bibliographie Gantoise. Bibliographie gantoise: 1ère partie du XVIIIe siècle (Gent, 1801)"	"Koppelen op M- of E-niveau aan Ceneton006670"			"https://lib.ugent.be/catalog/rug01:000793151"				
"b83fdcff-d6e6-4299-994c-3010cf667965"	"M1503"	"1730-01-01"	"1730-12-31"	"Mention"	"Fragment"	"f"	"Tragedy"		"f"	"f"				"f"	"4"									
"20566354-67db-4b03-997a-3ba827b2c20e"	"M1615"	"1732-01-01"	"1732-12-31"	"Synopsis (printed)"	"Synopsis"	"f"			"f"	"f"				"f"		"Ferdinand Vanderhaeghen, Bibliographie Gantoise. Bibliographie gantoise: 1ère partie du XVIIIe siècle (Gent, 1801)"	"Koppelen op M- of E-niveau aan Ceneton006660"			"https://lib.ugent.be/catalog/rug01:000793157"				
"8c214582-a150-4d69-8b2e-9177495cd14b"	"M1617"	"1732-01-01"	"1732-12-31"	"Synopsis (printed)"	"Synopsis"	"f"			"f"	"f"				"f"						"https://lib.ugent.be/catalog/rug01:000793148"				
"17a4bd67-72b2-4539-81d5-ad05bf910aaa"	"M1618"	"1732-01-01"	"1732-12-31"	"Mention"	"Fragment"	"f"	"Comedy"		"f"	"f"				"f"			"Koppelen op M- of E-niveau aan Ceneton006670 en Ceneton006671"							
"3ac0decf-b107-456b-a3f3-3f540f576c0b"	"M1619"	"1732-01-01"	"1732-12-31"	"Synopsis (printed)"	"Synopsis"	"f"			"f"	"f"				"f"			"Koppelen op M- of E-niveau aan Ceneton006671 en Ceneton006910"							
"9539cc8c-b2a1-47f2-969d-30d990764f94"	"M1621"	"1732-01-01"	"1732-12-31"	"Synopsis (printed)"	"Synopsis"	"f"	"Comedy"		"f"	"f"				"f"										
"1154c13e-96c0-41b5-8a8a-6efce7138997"	"M1622"	"1732-01-01"	"1732-12-31"	"Synopsis (printed)"	"Synopsis"	"f"	"Tragedy"		"f"	"f"				"f"			"Koppelen op M- of E-niveau aan Ceneton006170"			"https://lib.ugent.be/catalog/rug01:000793146"				
"1f997d75-89d6-408a-b5ec-9121c927b8d6"	"M1623"	"1732-01-01"	"1732-12-31"	"Synopsis (printed)"	"Synopsis"	"f"			"f"	"f"				"f"			"Koppelen op M- of E-niveau aan Ceneton006160"							
"83b3d647-05c5-4baa-a1be-c9a9abb2f5cf"	"M1627"	"1733-01-01"	"1733-12-31"	"Synopsis (printed)"	"Synopsis"	"f"			"f"	"f"				"f"										
"25ae7e63-7ae4-47d6-84f7-68229756b96b"	"M1646"	"1733-01-01"	"1733-12-31"	"Synopsis (printed)"	"Synopsis"	"f"			"f"	"f"				"f"		"Ferdinand Vanderhaeghen, Bibliographie Gantoise. Bibliographie gantoise: 1ère partie du XVIIIe siècle (Gent, 1801)"								
"77ba115d-25d6-4360-8675-b33cfe09237d"	"M1651"	"1733-01-01"	"1733-12-31"	"Synopsis (printed)"	"Synopsis"	"f"			"f"	"f"				"f"										
"1b3366f1-9568-4608-838c-e17b4d860a94"	"M1656"	"1733-01-01"	"1733-12-31"	"Synopsis (printed)"	"Synopsis"	"f"			"f"	"f"				"f"						"https://lib.ugent.be/catalog/rug01:000793164"				
"9be035c5-3125-4ce1-ab63-0366818c4a80"	"M1659"	"1733-01-01"	"1733-12-31"	"Synopsis (printed)"	"Synopsis"	"f"			"f"	"f"				"f"		"Ferdinand Vanderhaeghen, Bibliographie Gantoise. Bibliographie gantoise: 1ère partie du XVIIIe siècle (Gent, 1801)"				"https://lib.ugent.be/catalog/rug01:000793160"				
"590d9c2b-f6d8-473a-8913-27de67ca5564"	"M2032"	"1768-01-01"	"1768-12-31"	"Synopsis (printed)"	"Synopsis"	"f"			"f"	"f"				"f"						"https://lib.ugent.be/catalog/rug01:000793168"				
"46b34b80-72b5-4f89-947e-01a559198a08"	"M380"	"1630-01-01"	"1630-12-31"	"Synopsis (printed)"	"Synopsis"	"f"	"Comical tragedy"		"f"	"f"				"f"		"Goran Proot, Spectacula Iesuitica Belgica Antiqua (SIBA). Pars I: Provincia Flandro-Belgica (Antwerpen, 2008), p. 1-836"								
"60325998-cc97-46c5-a7f6-47adf90c252f"	"M413"	"1633-01-01"	"1633-12-31"	"Synopsis (printed)"	"Synopsis"	"f"	"Comical tragedy"		"f"	"f"				"f"										
"43f97386-0760-41a6-b0d6-e843b8803631"	"M423"	"1634-01-01"	"1634-12-31"	"Synopsis (printed)"	"Synopsis"	"f"			"f"	"f"				"f"										
"d3ccbb9c-e777-407b-9a97-7d80f26365ba"	"M524"	"1640-01-01"	"1640-12-31"	"Synopsis (printed)"	"Synopsis"	"f"			"f"	"f"				"f"		"Goran Proot, Spectacula Iesuitica Belgica Antiqua (SIBA). Pars I: Provincia Flandro-Belgica (Antwerpen, 2008), p. 1-836"								
"6ee5c331-fc1a-4d8c-ad45-02394a79f2bf"	"M547"	"1643-01-01"	"1643-12-31"	"Synopsis (printed)"	"Synopsis"	"f"			"f"	"f"				"f"										
"c2b88e69-fdd2-4c99-b247-dd897ca7bc47"	"M623"	"1652-01-01"	"1652-12-31"	"Synopsis (printed)"	"Synopsis"	"f"			"f"	"f"				"f"										
"80ae4a8c-bdb3-4771-a5da-5bc7c375bb4c"	"M671"	"1658-01-01"	"1658-12-31"	"Synopsis (printed)"	"Synopsis"	"f"			"f"	"f"				"f"		"Goran Proot, Spectacula Iesuitica Belgica Antiqua (SIBA). Pars I: Provincia Flandro-Belgica (Antwerpen, 2008), p. 1-836"								
"6e7db8da-e003-40ee-aa9e-06011223250b"	"M681"	"1660-01-01"	"1660-12-31"	"Synopsis (printed)"	"Synopsis"	"f"			"f"	"f"				"f"		"Goran Proot, Spectacula Iesuitica Belgica Antiqua (SIBA). Pars I: Provincia Flandro-Belgica (Antwerpen, 2008), p. 1-836"					"https://catalogue.bnf.fr/ark:/12148/cb38684428m"			
"03e3e9e8-30cd-4a8a-8d18-4b6b9af6b6c9"	"M686"	"1661-01-01"	"1661-12-31"	"Synopsis (printed)"	"Synopsis"	"f"	"Tragicomedy"		"f"	"f"				"f"	"4"	"Goran Proot, Spectacula Iesuitica Belgica Antiqua (SIBA). Pars I: Provincia Flandro-Belgica (Antwerpen, 2008), p. 1-836"								
"c2e0b4ca-9ce7-4685-85c9-27054a3ba689"	"M697"	"1662-01-01"	"1662-12-31"	"Synopsis (printed)"	"Synopsis"	"f"			"f"	"f"				"f"		"Goran Proot, Spectacula Iesuitica Belgica Antiqua (SIBA). Pars I: Provincia Flandro-Belgica (Antwerpen, 2008), p. 1-836"								
"a3591b81-0ab7-49b1-a57b-4ef58955720e"	"M706"	"1662-01-01"	"1662-12-31"	"Synopsis (printed)"	"Synopsis"	"f"	"Comical tragedy"		"f"	"f"				"f"										
"978df2a9-47e5-4338-ab23-5dac4d7a51e7"	"M723"	"1663-01-01"	"1663-12-31"	"Synopsis (printed)"	"Synopsis"	"f"			"f"	"f"			"https://books.google.nl/books?id=pScUAAAAQAAJ&pg=PP4&lpg=PP4&dq=edeldom&source=bl&ots=9Q49GhCAUK&sig=qSHKBP5wIgYgpZ6miZ6rXhpkDJc&hl=nl&sa=X&ved=0ahUKEwjIidnaq_jXAhWiCsAKHXl_CSgQ6AEIVTAL#v=onepage&q=edeldom&f=false"	"f"	"4"									
"db74487f-1e30-4bf2-9661-0c853eb6b2f1"	"M734"	"1664-01-01"	"1664-12-31"	"Synopsis (printed)"	"Synopsis"	"f"			"f"	"f"				"f"	"4"									
"50e8e484-43b5-4ebe-8b35-e35746089ab1"	"M749"	"1666-01-01"	"1666-12-31"	"Synopsis (printed)"	"Synopsis"	"f"			"f"	"f"				"f"										
"bd25a916-9871-40df-8a3e-ac9342b8e27d"	"M751"	"1666-01-01"	"1666-12-31"	"Synopsis (printed)"	"Synopsis"	"f"	"Tragedy"		"f"	"f"				"f"		"Goran Proot, Spectacula Iesuitica Belgica Antiqua (SIBA). Pars I: Provincia Flandro-Belgica (Antwerpen, 2008), p. 1-836"								
"21d9cc96-72e0-4664-b1f3-e2c14b21f2c9"	"M53"	"1540-01-01"	"1540-12-31"	"Reprint"	"Full edition"	"f"			"f"	"f"				"f"	"154008 - b1 r er : b2 T4 lacet"									
"d1db17ea-04f5-4116-b568-2662d0d3b32a"	"M54"	"1540-01-01"	"1540-12-31"	"Reprint"	"Full edition"	"f"			"f"	"f"				"f"										
"0e2c976f-71e6-4cff-b8be-65f0eb83eba6"	"M55"	"1540-01-01"	"1540-12-31"	"Reprint"	"Full edition"	"f"			"f"	"f"				"f"	"154008 - b1 V m, : b2 Y ugi$"									
"af409252-e28e-4fd0-a50e-b3cabbb0084c"	"M56"	"1540-01-01"	"1540-12-31"	"Reprint"	"Full edition"	"f"			"f"	"f"				"f"								"https://opc-kb.oclc.org/DB=1/XMLPRS=Y/PPN?PPN=243904770"		
"c9b86566-083b-42e6-a69a-fb10849359ff"	"M58"	"1540-01-01"	"1540-12-31"	"Reprint"	"Full edition"	"f"			"f"	"f"				"f"	"154008 - a1 M $H - b1 M2 ut$ho : b2 Q5$am"									
"eba5c298-ade8-455f-b673-1eeb60fc580c"	"M59"	"1540-01-01"	"1540-12-31"	"Reprint"	"Full edition"	"f"	"Comedy"	"Sacred comedy"	"f"	"f"				"f"										
"84b63468-1945-4338-80e4-9f689e7de3ee"	"M60"	"1540-01-01"	"1540-12-31"	"Reprint"	"Full edition"	"f"			"f"	"f"			"https://books.google.nl/books?id=3ZNXAAAAcAAJ&pg=PT17&lpg=PT17&dq=Ovis+perdita&source=bl&ots=AVb9JidC_w&sig=EkRGtYGtZhfgO42jtH5Rzok_cn8&hl=nl&sa=X&ved=0ahUKEwiQuOHgtfXJAhXCTBQKHYLyCCEQ6AEISTAL#v=onepage&q=Ovis%20perdita&f=false"	"f"										
"789ea1cf-ac7d-47fd-bf77-653bfcf0d232"	"M63"	"1540-01-01"	"1540-12-31"	"Reprint"	"Full edition"	"f"	"Comedy"		"f"	"f"				"f"	"154008 - b1 k m$ : b2 M5 IN"									
"fd786322-af20-4e4c-bcf0-f3a19eb6287f"	"M2063"	"1770-01-01"	"1770-12-31"	"Synopsis (printed)"	"Synopsis"	"f"			"f"	"f"				"f"										
"478b8040-e412-40c2-973c-78b3bcd3187c"	"M747"	"1666-01-01"	"1666-12-31"	"Synopsis (printed)"	"Synopsis"	"f"	"Comical tragedy"		"f"	"f"				"f"		"Goran Proot, Spectacula Iesuitica Belgica Antiqua (SIBA). Pars I: Provincia Flandro-Belgica (Antwerpen, 2008), p. 1-836"								
"1c1e2821-aed2-4b20-a4af-cb6b482f190c"	"M838"	"1682-01-01"	"1682-12-31"	"Synopsis (printed)"	"Synopsis"	"f"			"f"	"f"				"f"										
"2543ea21-aaf6-4edc-bb43-4999a0790ced"	"M862"	"1686-01-01"	"1686-12-31"	"Synopsis (printed)"	"Synopsis"	"f"			"f"	"f"				"f"		"Goran Proot, Spectacula Iesuitica Belgica Antiqua (SIBA). Pars I: Provincia Flandro-Belgica (Antwerpen, 2008), p. 1-836"								
"d47f5770-8b27-415d-9dc3-9aa7f8628ea4"	"M1303"	"1724-01-01"	"1724-12-31"	"Synopsis (printed)"	"Synopsis"	"f"			"f"	"f"			"http://anet.ua.ac.be/desktop/anet/core/index.phtml?language=&euser=&session=&service=opacua&robot=&deskservice=desktop&desktop=anet&workstation=&extra="	"f"				"https://anet.be/record/opacuantwerpen/c:lvd:14052819/N"						
"5bbbd62e-72cf-4387-b74d-45e827339bfa"	"M1314"	"1725-01-01"	"1725-12-31"	"Synopsis (printed)"	"Synopsis"	"f"	"Comedy"		"f"	"f"			"http://anet.ua.ac.be/desktop/anet/core/index.phtml?language=&euser=&session=&service=opacua&robot=&deskservice=desktop&desktop=anet&workstation=&extra="	"f"				"https://anet.be/record/opacuantwerpen/c:lvd:14015541/N"						
"6a114dc0-559f-4712-a644-003c0f8a5b12"	"M1316"	"1725-01-01"	"1725-12-31"	"Synopsis (printed)"	"Synopsis"	"f"	"Tragedy"		"f"	"f"				"f"		"Goran Proot, Spectacula Iesuitica Belgica Antiqua (SIBA). Pars I: Provincia Flandro-Belgica (Antwerpen, 2008), p. 1-836"								
"77731d3f-be04-448f-ab63-15ad7d919ce9"	"M1334"	"1725-01-01"	"1725-12-31"	"Synopsis (printed)"	"Synopsis"	"f"			"f"	"f"				"f"		"Goran Proot, Spectacula Iesuitica Belgica Antiqua (SIBA). Pars I: Provincia Flandro-Belgica (Antwerpen, 2008), p. 1-836"								
"cbc7fb7b-ce92-435d-a9c3-08799309f20b"	"M1344"	"1726-01-01"	"1726-12-31"	"Mention"	"Fragment"	"f"	"Comedy"		"f"	"f"				"f"	"2"	"Goran Proot, Spectacula Iesuitica Belgica Antiqua (SIBA). Pars I: Provincia Flandro-Belgica (Antwerpen, 2008), p. 1-836"								
"af83124e-ce47-41ba-94df-a86b3a1a42c4"	"M1345"	"1726-01-01"	"1726-12-31"	"Synopsis (printed)"	"Synopsis"	"f"			"f"	"f"	"https://www.let.leidenuniv.nl/Dutch/Ceneton/Facsimiles/SJCyrusGent1726"			"f"										
"6a067353-69ad-4008-9ca8-920a117983f1"	"M1361"	"1726-01-01"	"1726-12-31"	"Synopsis (printed)"	"Synopsis"	"f"	"Tragedy"		"f"	"f"			"http://anet.ua.ac.be/desktop/anet/core/index.phtml?language=&euser=&session=&service=opacua&robot=&deskservice=desktop&desktop=anet&workstation=&extra="	"f"	"2"									
"75247b6f-b052-4e9a-a5ee-264c951cdda9"	"M1379"	"1727-01-01"	"1727-12-31"	"Synopsis (printed)"	"Synopsis"	"f"			"f"	"f"				"f"										
"22e457b9-5e21-43c9-8448-b0c8bd13bb23"	"M1383"	"1727-01-01"	"1727-12-31"	"Synopsis (printed)"	"Synopsis"	"f"	"Comedy"		"f"	"f"			"http://anet.ua.ac.be/desktop/anet/core/index.phtml?language=&euser=&session=&service=opacua&robot=&deskservice=desktop&desktop=anet&workstation=&extra="	"f"				"https://anet.be/record/opacuantwerpen/c:lvd:14049719/N"						
"de10c44d-c03c-43d7-951f-9eef823970f4"	"M1387"	"1727-01-01"	"1727-12-31"	"Synopsis (printed)"	"Synopsis"	"f"	"Tragedy"		"f"	"f"			"http://anet.ua.ac.be/desktop/anet/core/index.phtml?language=&euser=&session=&service=opacua&robot=&deskservice=desktop&desktop=anet&workstation=&extra="	"f"		"Goran Proot, Spectacula Iesuitica Belgica Antiqua (SIBA). Pars I: Provincia Flandro-Belgica (Antwerpen, 2008), p. 1-836"		"https://anet.be/record/opacuantwerpen/c:lvd:14049770/N"						
"cda0f4ca-e856-4d58-9fa2-84e8790c024e"	"M1399"	"1728-01-01"	"1728-12-31"	"Synopsis (printed)"	"Synopsis"	"f"			"f"	"f"				"f"		"Goran Proot, Spectacula Iesuitica Belgica Antiqua (SIBA). Pars I: Provincia Flandro-Belgica (Antwerpen, 2008), p. 1-836"								
"d9fd081c-3a45-4bbd-8b14-8c12ec84bf65"	"M1415"	"1728-01-01"	"1728-12-31"	"Mention"	"Fragment"	"f"			"f"	"f"				"f"		"Goran Proot, Spectacula Iesuitica Belgica Antiqua (SIBA). Pars I: Provincia Flandro-Belgica (Antwerpen, 2008), p. 1-836"								
"620646b3-b246-4095-b871-246b7d604c67"	"M1416"	"1728-01-01"	"1728-12-31"	"Synopsis (printed)"	"Synopsis"	"f"			"f"	"f"				"f"										
"f9f17115-2f7a-43f8-80fa-df026c702445"	"M1419"	"1728-01-01"	"1728-12-31"	"Synopsis (printed)"	"Synopsis"	"f"			"f"	"f"	"https://www.let.leidenuniv.nl/Dutch/Ceneton/Facsimiles/SJJonathasGent1728"		"http://anet.ua.ac.be/desktop/anet/core/index.phtml?language=&euser=&session=&service=opacua&robot=&deskservice=desktop&desktop=anet&workstation=&extra="	"f"										
"2211ffde-6aaa-4de9-82fa-0b8862c84c2a"	"M1422"	"1728-01-01"	"1728-12-31"	"Synopsis (printed)"	"Synopsis"	"f"			"f"	"f"				"f"		"Goran Proot, Spectacula Iesuitica Belgica Antiqua (SIBA). Pars I: Provincia Flandro-Belgica (Antwerpen, 2008), p. 1-836"								
"69b95f20-a4ad-4879-a578-3d5802dc4613"	"M1424"	"1728-01-01"	"1728-12-31"	"Synopsis (printed)"	"Synopsis"	"f"			"f"	"f"				"f"										
"1389b97e-661e-4f0f-baa0-1063b81b237f"	"M1428"	"1728-01-01"	"1728-12-31"	"Synopsis (printed)"	"Synopsis"	"f"			"f"	"f"			"http://anet.ua.ac.be/desktop/anet/core/index.phtml?language=&euser=&session=&service=opacua&robot=&deskservice=desktop&desktop=anet&workstation=&extra="	"f"		"Goran Proot, Spectacula Iesuitica Belgica Antiqua (SIBA). Pars I: Provincia Flandro-Belgica (Antwerpen, 2008), p. 1-836"		"https://anet.be/record/opacuantwerpen/c:lvd:14051250/N"						
"52f19599-6777-4443-b3ee-2c4a1ab94b52"	"M1461"	"1729-01-01"	"1729-12-31"	"Synopsis (printed)"	"Synopsis"	"f"			"f"	"f"				"f"										
"b50f8835-cd89-450d-ae1f-cb57d459289f"	"M1467"	"1729-01-01"	"1729-12-31"	"Mention"	"Fragment"	"f"			"f"	"f"				"f"										
"9903c370-6da5-4f71-b727-3c47580f9bdf"	"M1509"	"1730-01-01"	"1730-12-31"	"Mention"	"Fragment"	"f"	"Comedy"		"f"	"f"				"f"										
"7ef84e96-f212-4e77-b29c-84cd7fb3a316"	"M1523"	"1730-01-01"	"1730-12-31"	"Synopsis (printed)"	"Synopsis"	"f"			"f"	"f"				"f"	"4"									
"a6389eeb-e584-4ef3-9f37-69100a149022"	"M1525"	"1730-01-01"	"1730-12-31"	"Synopsis (printed)"	"Synopsis"	"f"			"f"	"f"				"f"										
"d4b4702d-bc07-4504-b4c7-88fbe6da1437"	"M1526"	"1730-01-01"	"1730-12-31"	"Synopsis (printed)"	"Synopsis"	"f"	"Tragedy"		"f"	"f"				"f"										
"9899b684-ac9f-4abe-be77-5df7cbf505f0"	"M1537"	"1731-01-01"	"1731-12-31"	"Synopsis (printed)"	"Synopsis"	"f"			"f"	"f"				"f"	"2"									
"cf2656e7-770f-4efc-a500-fb7e5efe5175"	"M1544"	"1731-01-01"	"1731-12-31"	"Synopsis (printed)"	"Synopsis"	"f"			"f"	"f"				"f"										
"b507ba55-42af-44ef-9cf5-9a13f24d2fe5"	"M1551"	"1731-01-01"	"1731-12-31"	"Synopsis (printed)"	"Synopsis"	"f"			"f"	"f"				"f"										
"39759bf5-34de-4bab-8bd7-20102bc63433"	"M1569"	"1731-01-01"	"1731-12-31"	"Synopsis (printed)"	"Synopsis"	"f"			"f"	"f"				"f"	"2"									
"7e740e4c-f282-4fbb-b7ee-8f1557250aed"	"M1571"	"1731-01-01"	"1731-12-31"	"Mention"	"Fragment"	"f"	"Interlude"		"f"	"f"				"f"										
"f384f0e6-aebb-4d81-9b45-17bf04971cc0"	"M1581"	"1732-01-01"	"1732-12-31"	"Synopsis (printed)"	"Synopsis"	"f"			"f"	"f"				"f"										
"b6828118-f07c-4da9-aa21-2eeb728fd51f"	"M1591"	"1732-01-01"	"1732-12-31"	"Synopsis (printed)"	"Synopsis"	"f"			"f"	"f"	"https://www.let.leidenuniv.nl/Dutch/Ceneton/Facsimiles/SJJonathasGent1732"		"http://anet.ua.ac.be/desktop/anet/core/index.phtml?language=&euser=&session=&service=opacua&robot=&deskservice=desktop&desktop=anet&workstation=&extra="	"f"										
"bd1e110b-94ca-46c6-8135-b1fe969aa06a"	"M1605"	"1732-01-01"	"1732-12-31"	"Mention"	"Fragment"	"f"	"Comedy"		"f"	"f"				"f"										
"cc7b3b36-0471-424e-8476-6b7e37e73990"	"M1633"	"1733-01-01"	"1733-12-31"	"Synopsis (printed)"	"Synopsis"	"f"			"f"	"f"	"https://www.let.leidenuniv.nl/Dutch/Ceneton/Facsimiles/SJAthaliaGent1733"		"http://books.google.nl/books?id=YLw8AAAAcAAJ&printsec=frontcover&hl=nl#v=onepage&q&f=false"	"f"	"000002 - a1 A2 rim"									
"f116333d-0217-49e8-ac45-2e0e19a0b70f"	"M1636"	"1733-01-01"	"1733-12-31"	"Synopsis (printed)"	"Synopsis"	"f"			"f"	"f"				"f"	"2"									
"9280038c-6e85-4f88-854a-fad2a80965ef"	"M1639"	"1733-01-01"	"1733-12-31"	"Mention"	"Fragment"	"f"			"f"	"f"				"f"	"2"									
"8be15897-1f73-44c4-8a83-edc397846cdd"	"M1644"	"1733-01-01"	"1733-12-31"	"Synopsis (printed)"	"Synopsis"	"f"	"Tragedy"		"f"	"f"				"f"	"2"									
"2675984a-25c1-44fe-aab7-eea2526cc7b1"	"M1645"	"1733-01-01"	"1733-12-31"	"Mention"	"Fragment"	"f"			"f"	"f"			"http://books.google.nl/books?id=YLw8AAAAcAAJ&printsec=frontcover&hl=nl#v=onepage&q&f=false"	"f"	"000002 - a1 A2 $rim"									
"06e7b547-e811-46a9-a5a9-2fb03d91110b"	"M1667"	"1734-01-01"	"1734-12-31"	"Synopsis (printed)"	"Synopsis"	"f"			"f"	"f"				"f"		"Goran Proot, Spectacula Iesuitica Belgica Antiqua (SIBA). Pars I: Provincia Flandro-Belgica (Antwerpen, 2008), p. 1-836"								
"a5b2149f-f73b-4fad-a805-0f3afe3f0e8a"	"M1673"	"1735-01-01"	"1735-12-31"	"First Printing"	"Full edition"	"f"			"f"	"f"				"f"	"173208 - a1 *2 $in : a2 I5 cem - b1 K d : b2 M2 ut,$s"									
"da356fe2-45a2-406b-ae83-7f3700577e70"	"M1676"	"1735-01-01"	"1735-12-31"	"First Printing"	"Full edition"	"f"			"f"	"f"				"f"	"173208 - a1 *2 $in : a2 N3 ut$o - b1 O æ : b2 P3 $præ - c1 Q m, : c2 Q3 on$c"									
"153f436e-add8-4e4a-afdc-47f70229e0ed"	"M1677"	"1735-01-01"	"1735-12-31"	"First Printing"	"Full edition"	"f"			"f"	"f"				"f"	"173208 - a1 *2 $in : a2  E3 e.$V - b1 F rt : b2 I2 am"									
"185d8e56-2f3f-4ee4-889c-9750ae1955d2"	"M1678"	"1735-01-01"	"1735-12-31"	"Synopsis (printed)"	"Synopsis"	"f"			"f"	"f"				"f"										
"1a497a4c-2b9c-403b-81aa-707aa3c69706"	"M1680"	"1735-01-01"	"1735-12-31"	"First Printing"	"Full edition"	"f"			"f"	"f"				"f"	"173208 - a1 *2 $in : a2 A3 ebib - b1 B v : b2 E ul"									
"602c392c-01d6-4059-aa29-8674c0a360e1"	"M1682"	"1735-01-01"	"1735-12-31"	"Synopsis (printed)"	"Synopsis"	"f"			"t"	"t"	"https://www.let.leidenuniv.nl/Dutch/Ceneton/Facsimiles/SJSedeciasGent1735"			"f"										
"dbe61336-6572-4c30-91c7-e7da54f2c9f9"	"M1692"	"1736-01-01"	"1736-12-31"	"Synopsis (printed)"	"Synopsis"	"f"			"f"	"f"				"f"		"Goran Proot, Spectacula Iesuitica Belgica Antiqua (SIBA). Pars I: Provincia Flandro-Belgica (Antwerpen, 2008), p. 1-836"								
"e51d064f-9967-42bb-b9b8-55a811a4a20e"	"M1693"	"1736-01-01"	"1736-12-31"	"Synopsis (printed)"	"Synopsis"	"f"	"Tragedy"		"f"	"f"				"f"		"Goran Proot, Spectacula Iesuitica Belgica Antiqua (SIBA). Pars I: Provincia Flandro-Belgica (Antwerpen, 2008), p. 1-836"								
"4785e344-e888-4360-b3a9-cf42e8195231"	"M1698"	"1737-01-01"	"1737-12-31"	"Synopsis (printed)"	"Synopsis"	"f"	"Comical tragedy"		"f"	"f"				"f"		"Goran Proot, Spectacula Iesuitica Belgica Antiqua (SIBA). Pars I: Provincia Flandro-Belgica (Antwerpen, 2008), p. 1-836"								
"c681726b-f146-43c0-891b-755bb5f20bad"	"M1713"	"1739-01-01"	"1739-12-31"	"Synopsis (printed)"	"Synopsis"	"f"			"f"	"f"				"f"		"Goran Proot, Spectacula Iesuitica Belgica Antiqua (SIBA). Pars I: Provincia Flandro-Belgica (Antwerpen, 2008), p. 1-836"								
"bf475c2a-915e-4c7e-93f3-49ff5d716a15"	"M1719"	"1740-01-01"	"1740-12-31"	"Synopsis (printed)"	"Synopsis"	"f"			"f"	"f"				"f"		"Goran Proot, Spectacula Iesuitica Belgica Antiqua (SIBA). Pars I: Provincia Flandro-Belgica (Antwerpen, 2008), p. 1-836"								
"7691dd04-c2b3-4d49-88f2-b5946d091e94"	"M2185"	"1729-01-01"	"1739-12-31"	"Synopsis (printed)"	"Synopsis"	"f"			"f"	"f"				"f"				"Lies Peeters, Arbeidstijd en vrije tijd in Vlaanderen tijdens de 18de eeuw: een micro-onderzoek (Gent, 2011)"						
"3e8a3ba2-2bde-4fff-af3d-d1dcb87b16ed"	"M1905"	"1756-01-01"	"1756-12-31"	"Synopsis (printed)"	"Synopsis"	"f"	"Tragedy"		"f"	"f"				"f"		"Goran Proot, Spectacula Iesuitica Belgica Antiqua (SIBA). Pars I: Provincia Flandro-Belgica (Antwerpen, 2008), p. 1-836"								
"0df66c73-92f3-4294-a5b4-6a6443935bbe"	"M1926"	"1758-01-01"	"1758-12-31"	"Synopsis (printed)"	"Synopsis"	"f"			"f"	"f"				"f"										
"9ccd396f-383d-4073-8095-a0df6a4df685"	"M1937"	"1759-01-01"	"1759-12-31"	"Synopsis (printed)"	"Synopsis"	"f"			"f"	"f"				"f"										
"cfa2777e-e1f8-45a0-b0e7-f6e71c77f0a0"	"M1940"	"1760-01-01"	"1760-12-31"	"Synopsis (printed)"	"Synopsis"	"f"			"f"	"f"			"http://books.google.be/books?id=m8Q8AAAAcAAJ&printsec=frontcover&hl=nl&source=gbs_ge_summary_r&cad=0#v=onepage&q&f=false"	"f"		"Goran Proot, Spectacula Iesuitica Belgica Antiqua (SIBA). Pars I: Provincia Flandro-Belgica (Antwerpen, 2008), p. 1-836"								
"6efa5b40-259e-455e-abbe-860182274409"	"M1953"	"1761-01-01"	"1761-12-31"	"Synopsis (printed)"	"Synopsis"	"f"			"f"	"f"				"f"		"Goran Proot, Spectacula Iesuitica Belgica Antiqua (SIBA). Pars I: Provincia Flandro-Belgica (Antwerpen, 2008), p. 1-836"								
"d470ccec-e9cd-49ae-817e-cadf281a95f5"	"M1960"	"1762-01-01"	"1762-12-31"	"Synopsis (printed)"	"Synopsis"	"f"			"f"	"f"			"https://books.google.nl/books?id=Kr08AAAAcAAJ&printsec=frontcover&dq=exhibebitur+a+studiosa&hl=nl&sa=X&ved=0ahUKEwjgsPDLvZbkAhVJMewKHcRYA3IQ6AEITDAF#v=onepage&q=exhibebitur%20a%20studiosa&f=false"	"f"		"Goran Proot, Spectacula Iesuitica Belgica Antiqua (SIBA). Pars I: Provincia Flandro-Belgica (Antwerpen, 2008), p. 1-836"								
"3ff6f560-8442-48e8-8992-63604a88481f"	"M1971"	"1763-01-01"	"1763-12-31"	"Synopsis (printed)"	"Synopsis"	"f"	"Tragedy"		"f"	"f"				"f"		"Goran Proot, Spectacula Iesuitica Belgica Antiqua (SIBA). Pars I: Provincia Flandro-Belgica (Antwerpen, 2008), p. 1-836"								
"e3dfeee6-5c0f-4990-8206-23775c51d646"	"M1981"	"1764-01-01"	"1764-12-31"	"Synopsis (printed)"	"Synopsis"	"f"			"f"	"f"				"f"		"Goran Proot, Spectacula Iesuitica Belgica Antiqua (SIBA). Pars I: Provincia Flandro-Belgica (Antwerpen, 2008), p. 1-836"	"Koppelen op M- of E-niveau aan Ceneton044720"							
"60a32e19-377d-42a2-a214-2ac906b016fd"	"M1995"	"1765-01-01"	"1765-12-31"	"Synopsis (printed)"	"Synopsis"	"f"	"Tragedy"		"f"	"f"				"f"		"Goran Proot, Spectacula Iesuitica Belgica Antiqua (SIBA). Pars I: Provincia Flandro-Belgica (Antwerpen, 2008), p. 1-836"								
"5953cca8-b5fd-43da-b69f-8bd73304c96d"	"M1998"	"1765-01-01"	"1765-12-31"	"Synopsis (printed)"	"Synopsis"	"f"			"f"	"f"				"f"		"Goran Proot, Spectacula Iesuitica Belgica Antiqua (SIBA). Pars I: Provincia Flandro-Belgica (Antwerpen, 2008), p. 1-836"								
"4b4254c7-e613-4471-b7ad-a14a1552e4e1"	"M1999"	"1765-01-01"	"1765-12-31"	"Synopsis (printed)"	"Synopsis"	"f"			"f"	"f"				"f"		"Goran Proot, Spectacula Iesuitica Belgica Antiqua (SIBA). Pars I: Provincia Flandro-Belgica (Antwerpen, 2008), p. 1-836"								
"19917443-f785-408a-8ccb-86a4405d83b8"	"M2008"	"1766-01-01"	"1766-12-31"	"Synopsis (printed)"	"Synopsis"	"f"	"Tragedy"		"f"	"f"				"f"		"Goran Proot, Spectacula Iesuitica Belgica Antiqua (SIBA). Pars I: Provincia Flandro-Belgica (Antwerpen, 2008), p. 1-836"	"Koppeling met M2253"							
"71565459-25e7-475e-be5c-340fa0c91206"	"M2253"	"1766-01-01"	"1766-12-31"	"Synopsis (printed)"	"Synopsis"	"f"	"Tragedy"		"f"	"f"				"f"		"Goran Proot, Spectacula Iesuitica Belgica Antiqua (SIBA). Pars I: Provincia Flandro-Belgica (Antwerpen, 2008), p. 1-836"	"Koppeling met M2008"							
"197f9191-3cf0-4f1c-916e-0bc24dd4d2e6"	"M2011"	"1766-01-01"	"1766-12-31"	"Synopsis (printed)"	"Synopsis"	"f"	"Tragedy"		"f"	"f"				"f"		"Goran Proot, Spectacula Iesuitica Belgica Antiqua (SIBA). Pars I: Provincia Flandro-Belgica (Antwerpen, 2008), p. 1-836"								
"6247b299-ea40-411d-826a-22f1c18a1251"	"M2015"	"1766-01-01"	"1766-12-31"	"Synopsis (printed)"	"Synopsis"	"f"			"f"	"f"				"f"		"Goran Proot, Spectacula Iesuitica Belgica Antiqua (SIBA). Pars I: Provincia Flandro-Belgica (Antwerpen, 2008), p. 1-836"								
"b898c656-51a0-4a23-82fd-2775484365fc"	"M2031"	"1768-01-01"	"1768-12-31"	"Synopsis (printed)"	"Synopsis"	"f"			"f"	"f"				"f"		"Goran Proot, Spectacula Iesuitica Belgica Antiqua (SIBA). Pars I: Provincia Flandro-Belgica (Antwerpen, 2008), p. 1-836"								
"fce878a1-7fe2-4350-8a3e-db06cfabcacd"	"M2042"	"1769-01-01"	"1769-12-31"	"Synopsis (printed)"	"Synopsis"	"f"	"Tragedy"		"f"	"f"				"f"		"Goran Proot, Spectacula Iesuitica Belgica Antiqua (SIBA). Pars I: Provincia Flandro-Belgica (Antwerpen, 2008), p. 1-836"								
"038b2e25-8011-49be-97ab-b285738623ec"	"M2051"	"1770-01-01"	"1770-12-31"	"Synopsis (printed)"	"Synopsis"	"f"			"f"	"f"				"f"		"Goran Proot, Spectacula Iesuitica Belgica Antiqua (SIBA). Pars I: Provincia Flandro-Belgica (Antwerpen, 2008), p. 1-836"								
"1a0513c0-e8cb-4bd4-96b4-ff710a1e5434"	"M2067"	"1771-01-01"	"1771-12-31"	"Synopsis (printed)"	"Synopsis"	"f"	"Tragedy"		"f"	"f"				"f"		"Goran Proot, Spectacula Iesuitica Belgica Antiqua (SIBA). Pars I: Provincia Flandro-Belgica (Antwerpen, 2008), p. 1-836"								
"c83b8906-4fd6-445a-83e3-39e9cbb17d75"	"M2083"	"1772-01-01"	"1772-12-31"	"Synopsis (printed)"	"Synopsis"	"f"	"Tragedy"		"f"	"f"				"f"		"Goran Proot, Spectacula Iesuitica Belgica Antiqua (SIBA). Pars I: Provincia Flandro-Belgica (Antwerpen, 2008), p. 1-836"								
"bfd42f18-5a87-410a-afbe-8683feabf292"	"M2094"	"1773-01-01"	"1773-12-31"	"Synopsis (printed)"	"Synopsis"	"f"	"Tragedy"		"f"	"f"			"https://books.google.nl/books?id=QL08AAAAcAAJ&printsec=frontcover&dq=exhibebitur+a+studiosa&hl=nl&sa=X&ved=0ahUKEwjgsPDLvZbkAhVJMewKHcRYA3IQ6AEIOjAC#v=onepage&q=exhibebitur%20a%20studiosa&f=false"	"f"			"Koppelen op M- of E-niveau aan Ceneton045300"			"https://lib.ugent.be/catalog/bkt01:000329486"				
"bceda0f9-6f7c-4e8e-aa34-fcf4003b5ad0"	"M2095"	"1773-01-01"	"1773-12-31"	"Synopsis (printed)"	"Synopsis"	"f"	"Tragedy"		"f"	"f"			"https://books.google.nl/books?id=QL08AAAAcAAJ&printsec=frontcover&dq=exhibebitur+a+studiosa&hl=nl&sa=X&ved=0ahUKEwjgsPDLvZbkAhVJMewKHcRYA3IQ6AEIOjAC#v=onepage&q=exhibebitur%20a%20studiosa&f=false"	"f"			"Koppelen op M- of E-niveau aan Ceneton045310"			"https://lib.ugent.be/catalog/bkt01:000329484"				
"047a0eef-f316-492c-97e4-4f71a02f5ae6"	"M1647"	"1733-01-01"	"1733-12-31"	"Synopsis (printed)"	"Synopsis"	"f"			"f"	"f"			"https://books.google.nl/books?id=MQ0UAAAAQAAJ&printsec=frontcover&dq=Machabaeorum&hl=nl&sa=X&redir_esc=y#v=onepage&q=Machabaeorum&f=false"	"f"										
"21a0adad-48ac-45d4-b812-58449b42f4d6"	"M356"	"1628-01-01"	"1628-12-31"	"Reprint"	"Full edition"	"f"			"f"	"f"				"f"										
"646e335e-ec1b-4fcf-a8fe-a453f34cd9b8"	"M5"	"1518-01-01"	"1518-12-31"	"First Printing"	"Full edition"	"f"	"Tragedy"		"f"	"f"				"f"					"https://opac.kbr.be/LIBRARY/doc/SYRACUSE/16682629 "					
"ce453f9e-bf93-45da-bc29-9de4e60c8fca"	"M1967"	"1762-01-01"	"1762-12-31"	"Synopsis (printed)"	"Synopsis"	"f"	"Tragedy"		"f"	"f"				"f"										
"aca68721-2f7c-4b8a-809f-b79eed92d10d"	"M1317"	"1725-01-01"	"1725-12-31"	"Synopsis (printed)"	"Synopsis"	"f"			"f"	"f"			"http://anet.ua.ac.be/desktop/anet/core/index.phtml?language=&euser=&session=&service=opacua&robot=&deskservice=desktop&desktop=anet&workstation=&extra="	"f"				"https://anet.be/record/opacuantwerpen/c:lvd:14024065/N"						
"ed39be2f-af28-4a86-894f-264b48742fc7"	"M1320"	"1725-01-01"	"1725-12-31"	"Synopsis (printed)"	"Synopsis"	"f"	"Tragedy"		"f"	"f"			"http://anet.ua.ac.be/desktop/anet/core/index.phtml?language=&euser=&session=&service=opacua&robot=&deskservice=desktop&desktop=anet&workstation=&extra="	"f"				"https://anet.be/record/opacuantwerpen/c:lvd:14025447/N"						
"0404bc5a-1197-4c50-b8e7-1b2090f7c58c"	"M1341"	"1726-01-01"	"1726-12-31"	"Synopsis (printed)"	"Synopsis"	"f"	"Tragedy"		"f"	"f"			"http://anet.ua.ac.be/desktop/anet/core/index.phtml?language=&euser=&session=&service=opacua&robot=&deskservice=desktop&desktop=anet&workstation=&extra="	"f"				"https://anet.be/record/opacuantwerpen/c:lvd:14022427/N"						
"8d7142cd-499d-465e-83ae-a359591ab205"	"M1348"	"1726-01-01"	"1726-12-31"	"Synopsis (printed)"	"Synopsis"	"f"	"Tragedy"		"f"	"f"			"http://anet.ua.ac.be/desktop/anet/core/index.phtml?language=&euser=&session=&service=opacua&robot=&deskservice=desktop&desktop=anet&workstation=&extra="	"f"				"https://anet.be/record/opacuantwerpen/c:lvd:14025399/N"						
"88f37843-b995-4c1f-9dde-578da70977a5"	"M1353"	"1726-01-01"	"1726-12-31"	"Synopsis (printed)"	"Synopsis"	"f"	"Tragedy"		"f"	"f"			"http://anet.ua.ac.be/desktop/anet/core/index.phtml?language=&euser=&session=&service=opacua&robot=&deskservice=desktop&desktop=anet&workstation=&extra="	"f"				"https://anet.be/record/opacuantwerpen/c:lvd:14025576/N"						
"6d003e84-9448-4a44-96b4-9c09537b5b2a"	"M1403"	"1728-01-01"	"1728-12-31"	"Synopsis (printed)"	"Synopsis"	"f"	"Comedy"		"f"	"f"			"http://anet.ua.ac.be/desktop/anet/core/index.phtml?language=&euser=&session=&service=opacua&robot=&deskservice=desktop&desktop=anet&workstation=&extra="	"f"				"https://anet.be/record/opacuantwerpen/c:lvd:14023867/N"						
"5ddf1c50-4266-4860-b35c-f752433d29c6"	"M1432"	"1728-01-01"	"1728-12-31"	"Synopsis (printed)"	"Synopsis"	"f"	"Comical tragedy"		"f"	"f"			"http://anet.ua.ac.be/desktop/anet/core/index.phtml?language=&euser=&session=&service=opacua&robot=&deskservice=desktop&desktop=anet&workstation=&extra="	"f"				"https://anet.be/record/opacuantwerpen/c:lvd:14054441/N"						
"bb59755d-b2d9-41ca-882e-a27043e723de"	"M1434"	"1728-01-01"	"1728-12-31"	"Synopsis (printed)"	"Synopsis"	"f"	"Tragedy"		"f"	"f"			"http://anet.ua.ac.be/desktop/anet/core/index.phtml?language=&euser=&session=&service=opacua&robot=&deskservice=desktop&desktop=anet&workstation=&extra="	"f"				"https://anet.be/record/opacuantwerpen/c:lvd:14054451/N"						
"48e77520-50d7-4964-9855-9055893eb2c6"	"M1440"	"1729-01-01"	"1729-12-31"	"Synopsis (printed)"	"Synopsis"	"f"			"f"	"f"			"http://anet.ua.ac.be/desktop/anet/core/index.phtml?language=&euser=&session=&service=opacua&robot=&deskservice=desktop&desktop=anet&workstation=&extra="	"f"				"https://anet.be/record/opacuantwerpen/c:lvd:14023912/N"						
"f1da5213-c723-42bc-9e98-ce9c70a20d70"	"M1446"	"1729-01-01"	"1729-12-31"	"Synopsis (printed)"	"Synopsis"	"f"			"f"	"f"			"http://anet.ua.ac.be/desktop/anet/core/index.phtml?language=&euser=&session=&service=opacua&robot=&deskservice=desktop&desktop=anet&workstation=&extra="	"f"										
"fe92a304-b77a-436f-ac64-b83c4e7127fa"	"M1451"	"1729-01-01"	"1729-12-31"	"Synopsis (printed)"	"Synopsis"	"f"			"f"	"f"			"http://anet.ua.ac.be/desktop/anet/core/index.phtml?language=&euser=&session=&service=opacua&robot=&deskservice=desktop&desktop=anet&workstation=&extra="	"f"				"https://anet.be/record/opacuantwerpen/c:lvd:14031583/N"						
"c654b2db-edbb-4580-9fa4-23bd30db5173"	"M1457"	"1729-01-01"	"1729-12-31"	"Synopsis (printed)"	"Synopsis"	"f"	"Comedy"		"f"	"f"			"http://anet.ua.ac.be/desktop/anet/core/index.phtml?language=&euser=&session=&service=opacua&robot=&deskservice=desktop&desktop=anet&workstation=&extra="	"f"				"https://anet.be/record/opacuantwerpen/c:lvd:14049829/N"						
"97034367-f9fc-4158-ba9d-f455e046d01f"	"M1468"	"1729-01-01"	"1729-12-31"	"Synopsis (printed)"	"Synopsis"	"f"			"f"	"f"			"http://anet.ua.ac.be/desktop/anet/core/index.phtml?language=&euser=&session=&service=opacua&robot=&deskservice=desktop&desktop=anet&workstation=&extra="	"f"				"https://anet.be/record/opacuantwerpen/c:lvd:14052822/N"						
"d3603b05-a5a8-4290-a802-3c3f480bb0c0"	"M1470"	"1729-01-01"	"1729-12-31"	"Synopsis (printed)"	"Synopsis"	"f"			"f"	"f"			"http://anet.ua.ac.be/desktop/anet/core/index.phtml?language=&euser=&session=&service=opacua&robot=&deskservice=desktop&desktop=anet&workstation=&extra="	"f"										
"d5e8baeb-6b11-44bb-b854-b763e8ec95fa"	"M1483"	"1730-01-01"	"1730-12-31"	"Synopsis (printed)"	"Synopsis"	"f"			"f"	"f"	"https://www.let.leidenuniv.nl/Dutch/Ceneton/Facsimiles/SJAmasiasGent1730"			"f"	"2"									
"383cb6f9-1323-4bd6-9ba7-db4c50c78f9d"	"M2117"	"1776-01-01"	"1776-12-31"	"Synopsis (printed)"	"Synopsis"	"f"			"f"	"f"				"f"										
"3e98f7da-5023-4cc6-b6b9-950d34ab7a89"	"M1516"	"1730-01-01"	"1730-12-31"	"Synopsis (printed)"	"Synopsis"	"f"			"f"	"f"			"http://anet.ua.ac.be/desktop/anet/core/index.phtml?language=&euser=&session=&service=opacua&robot=&deskservice=desktop&desktop=anet&workstation=&extra="	"f"				"https://anet.be/record/opacuantwerpen/c:lvd:14049833/N"						
"f0c3d61e-8211-4ddf-929b-6b046a71a3ae"	"M1426"	"1728-01-01"	"1728-12-31"	"Synopsis (printed)"	"Synopsis"	"f"	"Tragedy"		"f"	"f"				"f"										
"33a0a684-472c-4370-a863-8ea22c3debd6"	"M1642"	"1733-01-01"	"1733-12-31"	"Synopsis (printed)"	"Synopsis"	"f"	"Tragedy"		"f"	"f"				"f"										
"20b6c5f9-bcf0-41ef-954e-25b875d59e3d"	"M615"	"1652-01-01"	"1652-12-31"	"Reprint"	"Full edition"	"f"			"f"	"f"			"https://books.googleusercontent.com/books/content?req=AKW5QafvrupxiIel_Lwu3N9IyGRY_5mcRbSoAw5AmjPmVHiGsh_EaSUMoj81ZkehaK5wzlk3K-pQs4Y9xxDlJvJD6eD0wfgDF_mR04rydXpN6ilsTOeD20__TFam_2sNS4D4m9dWc1IIKyKRSDhHbf8cMdYxb0NrVN0HXG16ekFxMe6zONWuEIxvcAmcPdi7CX4eAaf3kaKu7w3Q_LlA1QVlfquICRHjVPbEme9giZcR3m7V5cKDZct3LuT7l0ybmfiRq0bSg-K2aky6FPd-DKObIUJDs0tuFy-rErbPi4actrq1t8pfs4M"	"f"										
"eb04fc98-0968-450a-bdf0-89ef7c1d8348"	"M616"	"1652-01-01"	"1652-12-31"	"Reprint"	"Full edition"	"f"			"f"	"f"			"https://books.googleusercontent.com/books/content?req=AKW5QafvrupxiIel_Lwu3N9IyGRY_5mcRbSoAw5AmjPmVHiGsh_EaSUMoj81ZkehaK5wzlk3K-pQs4Y9xxDlJvJD6eD0wfgDF_mR04rydXpN6ilsTOeD20__TFam_2sNS4D4m9dWc1IIKyKRSDhHbf8cMdYxb0NrVN0HXG16ekFxMe6zONWuEIxvcAmcPdi7CX4eAaf3kaKu7w3Q_LlA1QVlfquICRHjVPbEme9giZcR3m7V5cKDZct3LuT7l0ybmfiRq0bSg-K2aky6FPd-DKObIUJDs0tuFy-rErbPi4actrq1t8pfs4M"	"f"										
"46031ccd-72cf-47a9-98d4-660fa470c554"	"M617"	"1652-01-01"	"1652-12-31"	"Reprint"	"Full edition"	"f"			"f"	"f"			"https://books.googleusercontent.com/books/content?req=AKW5QafvrupxiIel_Lwu3N9IyGRY_5mcRbSoAw5AmjPmVHiGsh_EaSUMoj81ZkehaK5wzlk3K-pQs4Y9xxDlJvJD6eD0wfgDF_mR04rydXpN6ilsTOeD20__TFam_2sNS4D4m9dWc1IIKyKRSDhHbf8cMdYxb0NrVN0HXG16ekFxMe6zONWuEIxvcAmcPdi7CX4eAaf3kaKu7w3Q_LlA1QVlfquICRHjVPbEme9giZcR3m7V5cKDZct3LuT7l0ybmfiRq0bSg-K2aky6FPd-DKObIUJDs0tuFy-rErbPi4actrq1t8pfs4M"	"f"										
"f1a8ff5a-9237-4f33-bfd1-5fd88f631697"	"M618"	"1652-01-01"	"1652-12-31"	"Reprint"	"Full edition"	"f"			"f"	"f"			"https://books.googleusercontent.com/books/content?req=AKW5QafvrupxiIel_Lwu3N9IyGRY_5mcRbSoAw5AmjPmVHiGsh_EaSUMoj81ZkehaK5wzlk3K-pQs4Y9xxDlJvJD6eD0wfgDF_mR04rydXpN6ilsTOeD20__TFam_2sNS4D4m9dWc1IIKyKRSDhHbf8cMdYxb0NrVN0HXG16ekFxMe6zONWuEIxvcAmcPdi7CX4eAaf3kaKu7w3Q_LlA1QVlfquICRHjVPbEme9giZcR3m7V5cKDZct3LuT7l0ybmfiRq0bSg-K2aky6FPd-DKObIUJDs0tuFy-rErbPi4actrq1t8pfs4M"	"f"										
"10c2abd9-f3e1-44f9-b486-d1957741f1db"	"M620"	"1652-01-01"	"1652-12-31"	"Reprint"	"Full edition"	"f"			"f"	"f"			"https://books.googleusercontent.com/books/content?req=AKW5QafvrupxiIel_Lwu3N9IyGRY_5mcRbSoAw5AmjPmVHiGsh_EaSUMoj81ZkehaK5wzlk3K-pQs4Y9xxDlJvJD6eD0wfgDF_mR04rydXpN6ilsTOeD20__TFam_2sNS4D4m9dWc1IIKyKRSDhHbf8cMdYxb0NrVN0HXG16ekFxMe6zONWuEIxvcAmcPdi7CX4eAaf3kaKu7w3Q_LlA1QVlfquICRHjVPbEme9giZcR3m7V5cKDZct3LuT7l0ybmfiRq0bSg-K2aky6FPd-DKObIUJDs0tuFy-rErbPi4actrq1t8pfs4M"	"f"										
"337b85ad-ee9f-4a56-a9fa-12852d43ef3c"	"M621"	"1652-01-01"	"1652-12-31"	"Reprint"	"Full edition"	"f"			"f"	"f"			"https://books.googleusercontent.com/books/content?req=AKW5QafvrupxiIel_Lwu3N9IyGRY_5mcRbSoAw5AmjPmVHiGsh_EaSUMoj81ZkehaK5wzlk3K-pQs4Y9xxDlJvJD6eD0wfgDF_mR04rydXpN6ilsTOeD20__TFam_2sNS4D4m9dWc1IIKyKRSDhHbf8cMdYxb0NrVN0HXG16ekFxMe6zONWuEIxvcAmcPdi7CX4eAaf3kaKu7w3Q_LlA1QVlfquICRHjVPbEme9giZcR3m7V5cKDZct3LuT7l0ybmfiRq0bSg-K2aky6FPd-DKObIUJDs0tuFy-rErbPi4actrq1t8pfs4M"	"f"										
"d50537c9-71d6-473e-85c2-f2e796c247af"	"M782"	"1672-01-01"	"1672-12-31"	"Reprint"	"Full edition"	"f"	"Tragicomedy"		"f"	"f"			"http://books.google.nl/books?id=Bvs9AAAAcAAJ&pg=RA2-PA115&lpg=RA2-PA115&dq=Pseudostratiota&source=bl&ots=3ezEvDhrlP&sig=HT88iD_MV2BLAzYCfINZ5LY7FUo&hl=nl&sa=X&ei=ymVpUbDTJOeG0AWh2IHYBw&ved=0CDcQ6AEwAg#v=onepage&q=Pseudostratiota&f=false"	"f"										
"ad7943f9-f988-44de-bd1e-7d9aa11ff947"	"M783"	"1672-01-01"	"1672-12-31"	"Reprint"	"Full edition"	"f"			"f"	"f"			"http://books.google.nl/books?id=Bvs9AAAAcAAJ&pg=RA2-PA115&lpg=RA2-PA115&dq=Pseudostratiota&source=bl&ots=3ezEvDhrlP&sig=HT88iD_MV2BLAzYCfINZ5LY7FUo&hl=nl&sa=X&ei=ymVpUbDTJOeG0AWh2IHYBw&ved=0CDcQ6AEwAg#v=onepage&q=Pseudostratiota&f=false"	"f"										
"90c77d9f-6f0c-43ed-91dc-d15a898f8fbd"	"M784"	"1672-01-01"	"1672-12-31"	"Reprint"	"Full edition"	"f"			"f"	"f"			"http://books.google.nl/books?id=Bvs9AAAAcAAJ&pg=RA2-PA115&lpg=RA2-PA115&dq=Pseudostratiota&source=bl&ots=3ezEvDhrlP&sig=HT88iD_MV2BLAzYCfINZ5LY7FUo&hl=nl&sa=X&ei=ymVpUbDTJOeG0AWh2IHYBw&ved=0CDcQ6AEwAg#v=onepage&q=Pseudostratiota&f=false"	"f"										
"8178ab67-16da-4a08-b0b5-6c60d76513a0"	"M785"	"1672-01-01"	"1672-12-31"	"Reprint"	"Full edition"	"f"	"Comedy"		"f"	"f"			"http://books.google.nl/books?id=Bvs9AAAAcAAJ&pg=RA2-PA115&lpg=RA2-PA115&dq=Pseudostratiota&source=bl&ots=3ezEvDhrlP&sig=HT88iD_MV2BLAzYCfINZ5LY7FUo&hl=nl&sa=X&ei=ymVpUbDTJOeG0AWh2IHYBw&ved=0CDcQ6AEwAg#v=onepage&q=Pseudostratiota&f=false"	"f"										
"841ec542-42fc-43ad-a0b6-923ed41639be"	"M788"	"1672-01-01"	"1672-12-31"	"Reprint"	"Full edition"	"f"			"f"	"f"			"http://books.google.nl/books?id=Bvs9AAAAcAAJ&pg=RA2-PA115&lpg=RA2-PA115&dq=Pseudostratiota&source=bl&ots=3ezEvDhrlP&sig=HT88iD_MV2BLAzYCfINZ5LY7FUo&hl=nl&sa=X&ei=ymVpUbDTJOeG0AWh2IHYBw&ved=0CDcQ6AEwAg#v=onepage&q=Pseudostratiota&f=false"	"f"										
"5a7235c1-633e-44cd-bd9b-414cc1922a9e"	"M789"	"1672-01-01"	"1672-12-31"	"Reprint"	"Full edition"	"f"			"f"	"f"			"http://books.google.nl/books?id=Bvs9AAAAcAAJ&pg=RA2-PA115&lpg=RA2-PA115&dq=Pseudostratiota&source=bl&ots=3ezEvDhrlP&sig=HT88iD_MV2BLAzYCfINZ5LY7FUo&hl=nl&sa=X&ei=ymVpUbDTJOeG0AWh2IHYBw&ved=0CDcQ6AEwAg#v=onepage&q=Pseudostratiota&f=false"	"f"										
"eb7f7566-1a8b-4e7a-94e1-3942fd4f08c8"	"M790"	"1672-01-01"	"1672-12-31"	"Reprint"	"Full edition"	"f"	"Comedy"		"f"	"f"			"http://books.google.nl/books?id=Bvs9AAAAcAAJ&pg=RA2-PA115&lpg=RA2-PA115&dq=Pseudostratiota&source=bl&ots=3ezEvDhrlP&sig=HT88iD_MV2BLAzYCfINZ5LY7FUo&hl=nl&sa=X&ei=ymVpUbDTJOeG0AWh2IHYBw&ved=0CDcQ6AEwAg#v=onepage&q=Pseudostratiota&f=false"	"f"										
"97eac5ef-3392-4698-b4e7-833e2f029946"	"M791"	"1672-01-01"	"1672-12-31"	"Reprint"	"Full edition"	"f"			"f"	"f"			"http://books.google.nl/books?id=Bvs9AAAAcAAJ&pg=RA2-PA115&lpg=RA2-PA115&dq=Pseudostratiota&source=bl&ots=3ezEvDhrlP&sig=HT88iD_MV2BLAzYCfINZ5LY7FUo&hl=nl&sa=X&ei=ymVpUbDTJOeG0AWh2IHYBw&ved=0CDcQ6AEwAg#v=onepage&q=Pseudostratiota&f=false"	"f"										
"3dc633e8-8b42-48dd-8d87-553837075e31"	"M792"	"1672-01-01"	"1672-12-31"	"Reprint"	"Full edition"	"f"			"f"	"f"			"http://books.google.nl/books?id=Bvs9AAAAcAAJ&pg=RA2-PA115&lpg=RA2-PA115&dq=Pseudostratiota&source=bl&ots=3ezEvDhrlP&sig=HT88iD_MV2BLAzYCfINZ5LY7FUo&hl=nl&sa=X&ei=ymVpUbDTJOeG0AWh2IHYBw&ved=0CDcQ6AEwAg#v=onepage&q=Pseudostratiota&f=false"	"f"										
"b401ae0a-60cc-4458-8515-3dfdbe5dca4e"	"M793"	"1672-01-01"	"1672-12-31"	"Reprint"	"Full edition"	"f"			"f"	"f"			"http://books.google.nl/books?id=Bvs9AAAAcAAJ&pg=RA2-PA115&lpg=RA2-PA115&dq=Pseudostratiota&source=bl&ots=3ezEvDhrlP&sig=HT88iD_MV2BLAzYCfINZ5LY7FUo&hl=nl&sa=X&ei=ymVpUbDTJOeG0AWh2IHYBw&ved=0CDcQ6AEwAg#v=onepage&q=Pseudostratiota&f=false"	"f"										
"a819cfae-5ab7-4d7c-97f5-c2aa269551f3"	"M794"	"1672-01-01"	"1672-12-31"	"Reprint"	"Full edition"	"f"			"f"	"f"			"http://books.google.nl/books?id=Bvs9AAAAcAAJ&pg=RA2-PA115&lpg=RA2-PA115&dq=Pseudostratiota&source=bl&ots=3ezEvDhrlP&sig=HT88iD_MV2BLAzYCfINZ5LY7FUo&hl=nl&sa=X&ei=ymVpUbDTJOeG0AWh2IHYBw&ved=0CDcQ6AEwAg#v=onepage&q=Pseudostratiota&f=false"	"f"										
"8cfb5278-88f6-46c0-bb82-de9955b78213"	"M795"	"1672-01-01"	"1672-12-31"	"Reprint"	"Full edition"	"f"			"f"	"f"			"http://books.google.nl/books?id=Bvs9AAAAcAAJ&pg=RA2-PA115&lpg=RA2-PA115&dq=Pseudostratiota&source=bl&ots=3ezEvDhrlP&sig=HT88iD_MV2BLAzYCfINZ5LY7FUo&hl=nl&sa=X&ei=ymVpUbDTJOeG0AWh2IHYBw&ved=0CDcQ6AEwAg#v=onepage&q=Pseudostratiota&f=false"	"f"										
"2aeb5e35-9d47-4dc5-a73e-9064d46cf4d1"	"M797"	"1672-01-01"	"1672-12-31"	"Reprint"	"Full edition"	"f"			"f"	"f"			"http://books.google.nl/books?id=Bvs9AAAAcAAJ&pg=RA2-PA115&lpg=RA2-PA115&dq=Pseudostratiota&source=bl&ots=3ezEvDhrlP&sig=HT88iD_MV2BLAzYCfINZ5LY7FUo&hl=nl&sa=X&ei=ymVpUbDTJOeG0AWh2IHYBw&ved=0CDcQ6AEwAg#v=onepage&q=Pseudostratiota&f=false"	"f"										
"cc327551-fdfc-4ad7-8b31-5a4278f6bf24"	"M798"	"1672-01-01"	"1672-12-31"	"Reprint"	"Full edition"	"f"			"f"	"f"			"http://books.google.nl/books?id=Bvs9AAAAcAAJ&pg=RA2-PA115&lpg=RA2-PA115&dq=Pseudostratiota&source=bl&ots=3ezEvDhrlP&sig=HT88iD_MV2BLAzYCfINZ5LY7FUo&hl=nl&sa=X&ei=ymVpUbDTJOeG0AWh2IHYBw&ved=0CDcQ6AEwAg#v=onepage&q=Pseudostratiota&f=false"	"f"										
"c9b058be-a187-491d-af92-3120f721aa52"	"M799"	"1672-01-01"	"1672-12-31"	"Reprint"	"Full edition"	"f"			"f"	"f"			"http://books.google.nl/books?id=Bvs9AAAAcAAJ&pg=RA2-PA115&lpg=RA2-PA115&dq=Pseudostratiota&source=bl&ots=3ezEvDhrlP&sig=HT88iD_MV2BLAzYCfINZ5LY7FUo&hl=nl&sa=X&ei=ymVpUbDTJOeG0AWh2IHYBw&ved=0CDcQ6AEwAg#v=onepage&q=Pseudostratiota&f=false"	"f"										
"30dc87e7-654d-4b28-be31-b74c136f71dd"	"M103"	"1552-01-01"	"1552-12-31"	"Reprint"	"Full edition"	"f"	"Comedy"		"f"	"f"			"http://books.google.be/books?id=kysUAAAAQAAJ&printsec=frontcover&hl=nl&source=gbs_ge_summary_r&cad=0#v=onepage&q&f=false"	"f"	"155208 - a1 A2 $stu : a2 D4 pera - b1 D5 s$ : b2  E5 di."									
"ee51177c-175f-4746-bd6d-53d8c36b76b2"	"M107"	"1552-01-01"	"1552-12-31"	"Reprint"	"Full edition"	"f"			"f"	"f"			"http://books.google.be/books?id=kysUAAAAQAAJ&printsec=frontcover&hl=nl&source=gbs_ge_summary_r&cad=0#v=onepage&q&f=false"	"f"	"155208 - a1 A2 $stu : a2 A4 ro,$s - b1 B n : b2 D2 d$ho"									
"ee393021-566c-48bb-b7b3-0398f14be791"	"M121"	"1557-01-01"	"1557-12-31"	"Reprint"	"Full edition"	"f"			"f"	"f"			"https://books.google.be/books?vid=GENT900000018278&printsec=frontcover#v=onepage&q&f=false"	"f"										
"82d7b718-7c30-4751-86e4-2319814f4265"	"M122"	"1558-01-01"	"1558-12-31"	"Reprint"	"Full edition"	"f"			"f"	"f"				"f"	"155808 - a1 A2 tikôm : a2 D3 eris$e - b1 D4 ibi$imp : b2 E5 occidi"									
"c3045dc7-b3bf-4355-8743-97bdfb5b647e"	"M123"	"1558-01-01"	"1558-12-31"	"Reprint"	"Full edition"	"f"			"f"	"f"				"f"	"155808 - a1 A2 tikôm - b1 A4 per,$ : b2 D2 $quòd$ - c1 D3 eris$e : c2 E5 occidi"									
"d4984151-9a72-43f4-81ca-4c358350ee1b"	"M139"	"1569-01-01"	"1569-12-31"	"Reprint"	"Full edition"	"f"			"f"	"f"			"https://books.google.nl/books?id=J0OfGsLDtAwC&pg=PT26&dq=acolastus&hl=nl&sa=X&ei=UmqWVYinCMiqUaPXltAN&ved=0CFkQ6AEwCDgK#v=onepage&q=acolastus&f=false"	"f"										
"4d31154d-22d7-482f-8b03-c73c0dbd71f4"	"M149"	"1577-01-01"	"1577-12-31"	"Reprint"	"Full edition"	"f"			"f"	"f"				"f"										
"da976d99-9c2c-44dc-8be6-5deae3ce58e3"	"M350"	"1628-01-01"	"1628-12-31"	"Reprint"	"Full edition"	"f"			"f"	"f"			"http://books.google.nl/books?id=_PlVYiOhSVkC&printsec=frontcover&hl=nl&source=gbs_ge_summary_r&cad=0#v=onepage&q&f=false"	"f"										
"161c696f-6ae7-4366-8b22-0233946b8e51"	"M352"	"1628-01-01"	"1628-12-31"	"Reprint"	"Full edition"	"f"	"Comedy"		"f"	"f"			"http://books.google.nl/books?id=_PlVYiOhSVkC&printsec=frontcover&hl=nl&source=gbs_ge_summary_r&cad=0#v=onepage&q&f=false"	"f"										
"be8126c0-f5dd-42d8-a8e6-b0c8344c9200"	"M357"	"1628-01-01"	"1628-12-31"	"Reprint"	"Full edition"	"f"			"f"	"f"			"http://books.google.nl/books?id=_PlVYiOhSVkC&printsec=frontcover&hl=nl&source=gbs_ge_summary_r&cad=0#v=onepage&q&f=false"	"f"										
"354574d1-d9d2-434d-b3fc-ff4b9e98f500"	"M361"	"1628-01-01"	"1628-12-31"	"Reprint"	"Full edition"	"f"			"f"	"f"			"http://books.google.nl/books?id=_PlVYiOhSVkC&printsec=frontcover&hl=nl&source=gbs_ge_summary_r&cad=0#v=onepage&q&f=false"	"f"										
"57e9e0cb-dc22-4bb8-af39-f40743b9fa20"	"M362"	"1628-01-01"	"1628-12-31"	"Reprint"	"Full edition"	"f"	"Comedy"		"f"	"f"			"http://books.google.nl/books?id=_PlVYiOhSVkC&printsec=frontcover&hl=nl&source=gbs_ge_summary_r&cad=0#v=onepage&q&f=false"	"f"										
"03eb9c36-3ab8-4912-b6ba-23d48df43112"	"M363"	"1628-01-01"	"1628-12-31"	"Reprint"	"Full edition"	"f"			"f"	"f"			"http://books.google.nl/books?id=_PlVYiOhSVkC&printsec=frontcover&hl=nl&source=gbs_ge_summary_r&cad=0#v=onepage&q&f=false"	"f"										
"768bba0d-6448-4292-b897-b415bcd2c465"	"M1035"	"1705-01-01"	"1705-12-31"	"Synopsis (printed)"	"Synopsis"	"f"	"Tragedy"		"f"	"f"				"f"		"Goran Proot, Spectacula Iesuitica Belgica Antiqua (SIBA). Pars I: Provincia Flandro-Belgica (Antwerpen, 2008), p. 1-836"								
"de6e4902-c7b3-4cd2-a572-1299798e2aaa"	"M1066"	"1711-01-01"	"1711-12-31"	"Synopsis (printed)"	"Synopsis"	"f"	"Tragedy"		"f"	"f"			"http://anet.ua.ac.be/desktop/anet/core/index.phtml?language=&euser=&session=&service=opacua&robot=&deskservice=desktop&desktop=anet&workstation=&extra="	"f"	"2"									
"dbd75695-b153-4dec-b2c0-eaf9221bb92d"	"M1073"	"1711-01-01"	"1711-12-31"	"Synopsis (printed)"	"Synopsis"	"f"	"Comedy"		"f"	"f"			"http://anet.ua.ac.be/desktop/anet/core/index.phtml?language=&euser=&session=&service=opacua&robot=&deskservice=desktop&desktop=anet&workstation=&extra="	"f"		"Goran Proot, Spectacula Iesuitica Belgica Antiqua (SIBA). Pars I: Provincia Flandro-Belgica (Antwerpen, 2008), p. 1-836"								
"ee1575f9-2a36-4781-9f4f-8cc1f5a1bc20"	"M1484"	"1730-01-01"	"1730-12-31"	"Synopsis (printed)"	"Synopsis"	"f"	"Tragedy"		"f"	"f"				"f"	"2"									
"51f10096-512f-420d-8e7f-d2263b0b08a4"	"M1530"	"1730-01-01"	"1730-12-31"	"Synopsis (printed)"	"Synopsis"	"f"	"Comedy"		"f"	"f"				"f"	"2"									
"14a2d7fb-b94b-43cc-850d-8b765f2df2ad"	"M1204"	"1722-01-01"	"1722-12-31"	"Synopsis (printed)"	"Synopsis"	"f"	"Tragedy"		"f"	"f"		"https://www.let.leidenuniv.nl/Dutch/Ceneton/SJAchanBelle1722.html"	"http://anet.ua.ac.be/desktop/anet/core/index.phtml?language=&euser=&session=&service=opacua&robot=&deskservice=desktop&desktop=anet&workstation=&extra="	"f"		"Goran Proot, Spectacula Iesuitica Belgica Antiqua (SIBA). Pars I: Provincia Flandro-Belgica (Antwerpen, 2008), p. 1-836"								
"bbb37dc0-9879-4cff-bd68-4bc7b0f2a3a9"	"M1206"	"1722-01-01"	"1722-12-31"	"Synopsis (printed)"	"Synopsis"	"f"	"Tragedy"		"f"	"f"			"http://anet.ua.ac.be/desktop/anet/core/index.phtml?language=&euser=&session=&service=opacua&robot=&deskservice=desktop&desktop=anet&workstation=&extra="	"f"				"https://anet.be/record/opacuantwerpen/c:lvd:14015666/N"						
"ee69ecdb-bb54-45e7-986d-c36bdc0904e2"	"M1214"	"1722-01-01"	"1722-12-31"	"Synopsis (printed)"	"Synopsis"	"f"	"Tragedy"		"f"	"f"			"http://anet.ua.ac.be/desktop/anet/core/index.phtml?language=&euser=&session=&service=opacua&robot=&deskservice=desktop&desktop=anet&workstation=&extra="	"f"				"https://anet.be/record/opacuantwerpen/c:lvd:14023897/N"						
"4ed9870f-bf87-4302-9e66-abf9c13229bf"	"M1217"	"1722-01-01"	"1722-12-31"	"Synopsis (printed)"	"Synopsis"	"f"			"f"	"f"		"https://www.let.leidenuniv.nl/Dutch/Ceneton/SJAchanBelle1722.html"	"http://anet.ua.ac.be/desktop/anet/core/index.phtml?language=&euser=&session=&service=opacua&robot=&deskservice=desktop&desktop=anet&workstation=&extra="	"f"										
"8969580d-2f61-41a9-a1dd-2aa1d89b9863"	"M1222"	"1722-01-01"	"1722-12-31"	"Synopsis (printed)"	"Synopsis"	"f"			"f"	"f"				"f"										
"09096398-9a91-43ef-aecb-aa225b2ca16b"	"M1223"	"1722-01-01"	"1722-12-31"	"Synopsis (printed)"	"Synopsis"	"f"	"Tragedy"		"f"	"f"			"http://anet.ua.ac.be/desktop/anet/core/index.phtml?language=&euser=&session=&service=opacua&robot=&deskservice=desktop&desktop=anet&workstation=&extra="	"f"		"Goran Proot, Spectacula Iesuitica Belgica Antiqua (SIBA). Pars I: Provincia Flandro-Belgica (Antwerpen, 2008), p. 1-836"								
"5ce0a5e6-2f56-4d08-9410-fb3acd7f7999"	"M1230"	"1722-01-01"	"1722-12-31"	"Synopsis (printed)"	"Synopsis"	"f"			"f"	"f"			"http://anet.ua.ac.be/desktop/anet/core/index.phtml?language=&euser=&session=&service=opacua&robot=&deskservice=desktop&desktop=anet&workstation=&extra="	"f"		"Goran Proot, Spectacula Iesuitica Belgica Antiqua (SIBA). Pars I: Provincia Flandro-Belgica (Antwerpen, 2008), p. 1-836"								
"6e654394-3e04-49c2-8c1a-60bdf9afe04a"	"M1231"	"1722-01-01"	"1722-12-31"	"Synopsis (printed)"	"Synopsis"	"f"	"Tragedy"		"f"	"f"			"http://anet.ua.ac.be/desktop/anet/core/index.phtml?language=&euser=&session=&service=opacua&robot=&deskservice=desktop&desktop=anet&workstation=&extra="	"f"		"Goran Proot, Spectacula Iesuitica Belgica Antiqua (SIBA). Pars I: Provincia Flandro-Belgica (Antwerpen, 2008), p. 1-836"								
"85d98147-e81c-4e7d-a823-8fe889d07a6f"	"M1243"	"1723-01-01"	"1723-12-31"	"Synopsis (printed)"	"Synopsis"	"f"			"f"	"f"			"http://anet.ua.ac.be/desktop/anet/core/index.phtml?language=&euser=&session=&service=opacua&robot=&deskservice=desktop&desktop=anet&workstation=&extra="	"f"										
"b631585f-9773-4f3b-a50d-b30628f1ed05"	"M1249"	"1723-01-01"	"1723-12-31"	"Synopsis (printed)"	"Synopsis"	"t"			"f"	"f"			"http://anet.ua.ac.be/desktop/anet/core/index.phtml?language=&euser=&session=&service=opacua&robot=&deskservice=desktop&desktop=anet&workstation=&extra="	"f"										
"511bda64-45e9-4e52-92fb-338d689d74e8"	"M1251"	"1723-01-01"	"1723-12-31"	"Synopsis (printed)"	"Synopsis"	"f"			"f"	"f"			"http://anet.ua.ac.be/desktop/anet/core/index.phtml?language=&euser=&session=&service=opacua&robot=&deskservice=desktop&desktop=anet&workstation=&extra="	"f"										
"34876c77-b36a-4849-9764-6c678ce76f8d"	"M1254"	"1723-01-01"	"1723-12-31"	"Synopsis (printed)"	"Synopsis"	"t"			"f"	"f"				"f"										
"379205dd-4341-431d-81d7-ab3e1a42ee78"	"M1256"	"1723-01-01"	"1723-12-31"	"Synopsis (printed)"	"Synopsis"	"t"			"f"	"f"			"http://anet.ua.ac.be/desktop/anet/core/index.phtml?language=&euser=&session=&service=opacua&robot=&deskservice=desktop&desktop=anet&workstation=&extra="	"f"										
"ec7d2211-e6bc-485a-9a7b-4550132daed2"	"M1270"	"1724-01-01"	"1724-12-31"	"Synopsis (printed)"	"Synopsis"	"f"	"Tragedy"		"f"	"f"			"http://anet.ua.ac.be/desktop/anet/core/index.phtml?language=&euser=&session=&service=opacua&robot=&deskservice=desktop&desktop=anet&workstation=&extra="	"f"										
"3ae17e0a-b032-45c0-a965-5ed9ce0e4fac"	"M1271"	"1724-01-01"	"1724-12-31"	"Synopsis (printed)"	"Synopsis"	"f"	"Tragedy"		"f"	"f"			"http://anet.ua.ac.be/desktop/anet/core/index.phtml?language=&euser=&session=&service=opacua&robot=&deskservice=desktop&desktop=anet&workstation=&extra="	"f"										
"1f64e76b-6de8-41a5-8782-a70f1ff73ec8"	"M1273"	"1724-01-01"	"1724-12-31"	"Synopsis (printed)"	"Synopsis"	"f"	"Comedy"		"f"	"f"			"http://anet.ua.ac.be/desktop/anet/core/index.phtml?language=&euser=&session=&service=opacua&robot=&deskservice=desktop&desktop=anet&workstation=&extra="	"f"										
"58a04489-66d2-494b-90df-9a41a968f821"	"M1285"	"1724-01-01"	"1724-12-31"	"Synopsis (printed)"	"Synopsis"	"f"	"Tragedy"		"f"	"f"			"http://anet.ua.ac.be/desktop/anet/core/index.phtml?language=&euser=&session=&service=opacua&robot=&deskservice=desktop&desktop=anet&workstation=&extra="	"f"				"https://anet.be/record/opacuantwerpen/c:lvd:14028990/N"						
"e842fd4b-e56b-480a-a041-e006f2dc172b"	"M1288"	"1724-01-01"	"1724-12-31"	"Synopsis (printed)"	"Synopsis"	"f"			"f"	"f"			"http://anet.ua.ac.be/desktop/anet/core/index.phtml?language=&euser=&session=&service=opacua&robot=&deskservice=desktop&desktop=anet&workstation=&extra="	"f"		"Goran Proot, Spectacula Iesuitica Belgica Antiqua (SIBA). Pars I: Provincia Flandro-Belgica (Antwerpen, 2008), p. 1-836"								
"b2264dae-b885-4c0c-8ede-b2d9fcb81119"	"M1300"	"1724-01-01"	"1724-12-31"	"Synopsis (printed)"	"Synopsis"	"f"			"f"	"f"			"http://anet.ua.ac.be/desktop/anet/core/index.phtml?language=&euser=&session=&service=opacua&robot=&deskservice=desktop&desktop=anet&workstation=&extra="	"f"				"https://anet.be/record/opacuantwerpen/c:lvd:14051330/N"						
"02481b74-c448-4dd0-9fdc-5e116325d234"	"M1313"	"1725-01-01"	"1725-12-31"	"Synopsis (printed)"	"Synopsis"	"f"	"Tragedy"		"f"	"f"			"http://anet.ua.ac.be/desktop/anet/core/index.phtml?language=&euser=&session=&service=opacua&robot=&deskservice=desktop&desktop=anet&workstation=&extra="	"f"				"https://anet.be/record/opacuantwerpen/c:lvd:14023959/N"						
"1da4eaa3-4b2d-4271-ac64-ced488b99d89"	"M1319"	"1725-01-01"	"1725-12-31"	"Synopsis (printed)"	"Synopsis"	"f"			"f"	"f"			"http://anet.ua.ac.be/desktop/anet/core/index.phtml?language=&euser=&session=&service=opacua&robot=&deskservice=desktop&desktop=anet&workstation=&extra="	"f"				"https://anet.be/record/opacuantwerpen/c:lvd:14025390/N"						
"8e29e435-e4f6-4fff-bafc-51bf01d9ff1c"	"M1323"	"1725-01-01"	"1725-12-31"	"Synopsis (printed)"	"Synopsis"	"f"			"f"	"f"			"http://anet.ua.ac.be/desktop/anet/core/index.phtml?language=&euser=&session=&service=opacua&robot=&deskservice=desktop&desktop=anet&workstation=&extra="	"f"				"https://anet.be/record/opacuantwerpen/c:lvd:14025929/N"						
"483aa948-eaa6-4487-b952-e3614b2af7bc"	"M1324"	"1725-01-01"	"1725-12-31"	"Synopsis (printed)"	"Synopsis"	"f"			"f"	"f"				"f"										
"c215e8b2-ac83-4bbf-aa66-f20886a23169"	"M1325"	"1725-01-01"	"1725-12-31"	"Synopsis (printed)"	"Synopsis"	"f"			"f"	"f"			"http://anet.ua.ac.be/desktop/anet/core/index.phtml?language=&euser=&session=&service=opacua&robot=&deskservice=desktop&desktop=anet&workstation=&extra="	"f"				"https://anet.be/record/opacuantwerpen/c:lvd:14029048/N"						
"814d0590-f0fe-455c-abf9-0a3b6d7cafa2"	"M1327"	"1725-01-01"	"1725-12-31"	"Synopsis (printed)"	"Synopsis"	"f"			"f"	"f"			"http://anet.ua.ac.be/brocade/brocade.phtml?UDses=51584699:666553&UDstate=1&UDmode=oneframe&UDaccess=W&UDrou=_Entry:dgpsview&UDextra=dg:ua:532~uapreciosa~opacuantwerpen~c:lvd:14029072~1~252~N&UDaccess=W&UDcall=digiview"	"f"		"Goran Proot, Spectacula Iesuitica Belgica Antiqua (SIBA). Pars I: Provincia Flandro-Belgica (Antwerpen, 2008), p. 1-836"								
"dd84c2be-d38d-4260-af54-eed50781678a"	"M1330"	"1725-01-01"	"1725-12-31"	"Synopsis (printed)"	"Synopsis"	"f"			"f"	"f"			"http://anet.ua.ac.be/desktop/anet/core/index.phtml?language=&euser=&session=&service=opacua&robot=&deskservice=desktop&desktop=anet&workstation=&extra="	"f"				"https://anet.be/record/opacuantwerpen/c:lvd:14029364/N"						
"646bb669-cd15-4504-b082-3261eb278702"	"M1337"	"1725-01-01"	"1725-12-31"	"Synopsis (printed)"	"Synopsis"	"f"			"f"	"f"			"http://anet.ua.ac.be/desktop/anet/core/index.phtml?language=&euser=&session=&service=opacua&robot=&deskservice=desktop&desktop=anet&workstation=&extra="	"f"		"Goran Proot, Spectacula Iesuitica Belgica Antiqua (SIBA). Pars I: Provincia Flandro-Belgica (Antwerpen, 2008), p. 1-836"		"https://anet.be/record/opacuantwerpen/c:lvd:14049775/N"						
"3cc35d3f-9373-4dbb-9c95-0f2803310cbd"	"M1346"	"1726-01-01"	"1726-12-31"	"Synopsis (printed)"	"Synopsis"	"f"	"Tragedy"		"f"	"f"				"f"		"Goran Proot, Spectacula Iesuitica Belgica Antiqua (SIBA). Pars I: Provincia Flandro-Belgica (Antwerpen, 2008), p. 1-836"	"Koppelen op M- of E-niveau aan Ceneton045810"							
"67c20ce7-19cd-4120-b458-40d883ec0d0d"	"M1352"	"1726-01-01"	"1726-12-31"	"Synopsis (printed)"	"Synopsis"	"f"	"Comedy"		"f"	"f"			"http://anet.ua.ac.be/desktop/anet/core/index.phtml?language=&euser=&session=&service=opacua&robot=&deskservice=desktop&desktop=anet&workstation=&extra="	"f"	"2"			"https://anet.be/record/opacuantwerpen/c:lvd:14025468/N"						
"91e3c357-560d-4aa1-8a24-7d564ad0e2ef"	"M1357"	"1726-01-01"	"1726-12-31"	"Synopsis (printed)"	"Synopsis"	"f"	"Tragedy"		"f"	"f"			"http://anet.ua.ac.be/desktop/anet/core/index.phtml?language=&euser=&session=&service=opacua&robot=&deskservice=desktop&desktop=anet&workstation=&extra="	"f"				"https://anet.be/record/opacuantwerpen/c:lvd:14029201/N"						
"bfc59793-29b5-46b2-b227-0866b1c3a3e2"	"M1360"	"1726-01-01"	"1726-12-31"	"Synopsis (printed)"	"Synopsis"	"f"			"f"	"f"				"f"	"2"									
"319ec48c-b647-4783-8624-d0a75930636f"	"M1362"	"1726-01-01"	"1726-12-31"	"Synopsis (printed)"	"Synopsis"	"f"			"f"	"f"			"http://anet.ua.ac.be/desktop/anet/core/index.phtml?language=&euser=&session=&service=opacua&robot=&deskservice=desktop&desktop=anet&workstation=&extra="	"f"				"https://anet.be/record/opacuantwerpen/c:lvd:14022270/N"						
"5078b647-954c-46d0-be69-2c7c10a110a0"	"M1363"	"1726-01-01"	"1726-12-31"	"Synopsis (printed)"	"Synopsis"	"f"	"Tragedy"		"f"	"f"			"http://anet.ua.ac.be/desktop/anet/core/index.phtml?language=&euser=&session=&service=opacua&robot=&deskservice=desktop&desktop=anet&workstation=&extra="	"f"		"Goran Proot, Spectacula Iesuitica Belgica Antiqua (SIBA). Pars I: Provincia Flandro-Belgica (Antwerpen, 2008), p. 1-836"								
"3bc9671b-d093-4780-af94-012b033adaa9"	"M1365"	"1726-01-01"	"1726-12-31"	"Synopsis (printed)"	"Synopsis"	"f"	"Tragedy"		"f"	"f"			"http://anet.ua.ac.be/desktop/anet/core/index.phtml?language=&euser=&session=&service=opacua&robot=&deskservice=desktop&desktop=anet&workstation=&extra="	"f"		"Goran Proot, Spectacula Iesuitica Belgica Antiqua (SIBA). Pars I: Provincia Flandro-Belgica (Antwerpen, 2008), p. 1-836"	"Koppelen op M- of E-niveau aan Ceneton045870"	"https://anet.be/record/opacuantwerpen/c:lvd:14049656/N"						
"85025139-7a4f-4911-bb9c-4d2bda3e74eb"	"M1370"	"1726-01-01"	"1726-12-31"	"Synopsis (printed)"	"Synopsis"	"f"			"f"	"f"	"https://www.let.leidenuniv.nl/Dutch/Ceneton/Facsimiles/SJBethulienBelle1726"		"http://anet.ua.ac.be/desktop/anet/core/index.phtml?language=&euser=&session=&service=opacua&robot=&deskservice=desktop&desktop=anet&workstation=&extra="	"f"										
"e6b4dcc2-456d-4910-a999-d4eb759f440a"	"M1373"	"1727-01-01"	"1727-12-31"	"Synopsis (printed)"	"Synopsis"	"f"	"Tragedy"		"f"	"f"			"http://anet.ua.ac.be/desktop/anet/core/index.phtml?language=&euser=&session=&service=opacua&robot=&deskservice=desktop&desktop=anet&workstation=&extra="	"f"				"https://anet.be/record/opacuantwerpen/c:lvd:14015555/N"						
"f07d1e5a-356f-49ea-a2a7-7ac864bf6e40"	"M1374"	"1727-01-01"	"1727-12-31"	"Synopsis (printed)"	"Synopsis"	"f"			"f"	"f"			"http://anet.ua.ac.be/desktop/anet/core/index.phtml?language=&euser=&session=&service=opacua&robot=&deskservice=desktop&desktop=anet&workstation=&extra="	"f"	"-4"									
"9bf8ac27-3281-4d1f-b081-31174cc76ecc"	"M1375"	"1727-01-01"	"1727-12-31"	"Synopsis (printed)"	"Synopsis"	"f"			"f"	"f"			"http://anet.ua.ac.be/desktop/anet/core/index.phtml?language=&euser=&session=&service=opacua&robot=&deskservice=desktop&desktop=anet&workstation=&extra="	"f"				"https://anet.be/record/opacuantwerpen/c:lvd:14023752/N"						
"eb9e9199-d0e8-48aa-86f7-e2de2943a8ee"	"M1381"	"1727-01-01"	"1727-12-31"	"Synopsis (printed)"	"Synopsis"	"f"	"Comedy"		"f"	"f"			"http://anet.ua.ac.be/desktop/anet/core/index.phtml?language=&euser=&session=&service=opacua&robot=&deskservice=desktop&desktop=anet&workstation=&extra="	"f"				"https://anet.be/record/opacuantwerpen/c:lvd:14025970/N"						
"0ab82746-e385-45a5-8850-e7d04b25cf20"	"M1382"	"1727-01-01"	"1727-12-31"	"Synopsis (printed)"	"Synopsis"	"f"			"f"	"f"			"http://anet.ua.ac.be/desktop/anet/core/index.phtml?language=&euser=&session=&service=opacua&robot=&deskservice=desktop&desktop=anet&workstation=&extra="	"f"				"https://anet.be/record/opacuantwerpen/c:lvd:14029095/N"						
"d794635b-d5f8-4a4d-81f0-2f39d7f1d42e"	"M1385"	"1727-01-01"	"1727-12-31"	"Synopsis (printed)"	"Synopsis"	"f"			"f"	"f"			"http://anet.ua.ac.be/desktop/anet/core/index.phtml?language=&euser=&session=&service=opacua&robot=&deskservice=desktop&desktop=anet&workstation=&extra="	"f"				"https://anet.be/record/opacuantwerpen/c:lvd:14049741/N"						
"3c913866-5d78-4971-a6e4-4918f05b7a88"	"M1386"	"1727-01-01"	"1727-12-31"	"Synopsis (printed)"	"Synopsis"	"f"	"Tragedy"		"f"	"f"			"http://anet.ua.ac.be/desktop/anet/core/index.phtml?language=&euser=&session=&service=opacua&robot=&deskservice=desktop&desktop=anet&workstation=&extra="	"f"		"Goran Proot, Spectacula Iesuitica Belgica Antiqua (SIBA). Pars I: Provincia Flandro-Belgica (Antwerpen, 2008), p. 1-836"		"https://anet.be/record/opacuantwerpen/c:lvd:14049752/N"						
"88baee10-bc30-4dac-977d-3c215160e6f9"	"M1392"	"1727-01-01"	"1727-12-31"	"Mention"	"Fragment"	"f"	"Comedy"		"f"	"f"				"f"										
"4aa49e45-1b9b-440a-b65a-e533c99fefec"	"M1393"	"1727-01-01"	"1727-12-31"	"Synopsis (printed)"	"Synopsis"	"f"	"Tragedy"		"f"	"f"			"http://anet.ua.ac.be/desktop/anet/core/index.phtml?language=&euser=&session=&service=opacua&robot=&deskservice=desktop&desktop=anet&workstation=&extra="	"f"				"https://anet.be/record/opacuantwerpen/c:lvd:14051298/N"						
"5734b9ed-26db-455f-9c7e-a08541614edc"	"M2126"	"1790-01-01"	"1790-12-31"	"Synopsis (printed)"	"Synopsis"	"f"			"f"	"f"				"f"										
"09e93e38-e490-45e1-bf07-7eda4fe21c3a"	"M2127"	"1792-01-01"	"1792-12-31"	"Synopsis (printed)"	"Synopsis"	"f"			"f"	"f"				"f"										
"184e689f-bc60-41b2-b2c2-1e0919ff2c24"	"M1394"	"1727-01-01"	"1727-12-31"	"Synopsis (printed)"	"Synopsis"	"f"			"f"	"f"			"http://anet.ua.ac.be/desktop/anet/core/index.phtml?language=&euser=&session=&service=opacua&robot=&deskservice=desktop&desktop=anet&workstation=&extra="	"f"				"https://anet.be/record/opacuantwerpen/c:lvd:14054375/N"						
"8aaf22ba-e062-4a20-b3a0-3ba5cff56bdc"	"M1398"	"1728-01-01"	"1728-12-31"	"Synopsis (printed)"	"Synopsis"	"f"	"Tragedy"		"f"	"f"			"http://anet.ua.ac.be/desktop/anet/core/index.phtml?language=&euser=&session=&service=opacua&robot=&deskservice=desktop&desktop=anet&workstation=&extra="	"f"		"Goran Proot, Spectacula Iesuitica Belgica Antiqua (SIBA). Pars I: Provincia Flandro-Belgica (Antwerpen, 2008), p. 1-836"		"https://anet.be/record/opacuantwerpen/c:lvd:14051342/N"						
"63a25633-254a-4531-b0d1-a5beecaaa43a"	"M1400"	"1728-01-01"	"1728-12-31"	"Synopsis (printed)"	"Synopsis"	"f"	"Tragedy"		"f"	"f"			"http://anet.ua.ac.be/desktop/anet/core/index.phtml?language=&euser=&session=&service=opacua&robot=&deskservice=desktop&desktop=anet&workstation=&extra="	"f"				"https://anet.be/record/opacuantwerpen/c:lvd:14022375/N"						
"f9d74c70-1778-475e-a52a-ad310b968068"	"M1404"	"1728-01-01"	"1728-12-31"	"Synopsis (printed)"	"Synopsis"	"f"	"Tragedy"		"f"	"f"			"http://anet.ua.ac.be/desktop/anet/core/index.phtml?language=&euser=&session=&service=opacua&robot=&deskservice=desktop&desktop=anet&workstation=&extra="	"f"		"Goran Proot, Spectacula Iesuitica Belgica Antiqua (SIBA). Pars I: Provincia Flandro-Belgica (Antwerpen, 2008), p. 1-836"								
"89ff1a57-b1f2-44a5-88e8-06f00524f6e4"	"M1405"	"1728-01-01"	"1728-12-31"	"Synopsis (printed)"	"Synopsis"	"f"	"Tragedy"		"f"	"f"			"http://anet.ua.ac.be/desktop/anet/core/index.phtml?language=&euser=&session=&service=opacua&robot=&deskservice=desktop&desktop=anet&workstation=&extra="	"f"		"Goran Proot, Spectacula Iesuitica Belgica Antiqua (SIBA). Pars I: Provincia Flandro-Belgica (Antwerpen, 2008), p. 1-836"								
"94ac2b4b-b8f2-4663-a1e7-fd9c523b6944"	"M1407"	"1728-01-01"	"1728-12-31"	"Synopsis (printed)"	"Synopsis"	"f"			"f"	"f"			"http://anet.ua.ac.be/desktop/anet/core/index.phtml?language=&euser=&session=&service=opacua&robot=&deskservice=desktop&desktop=anet&workstation=&extra="	"f"		"Goran Proot, Spectacula Iesuitica Belgica Antiqua (SIBA). Pars I: Provincia Flandro-Belgica (Antwerpen, 2008), p. 1-836"								
"71819007-7c88-48e2-8a75-006ac1a2809a"	"M1414"	"1728-01-01"	"1728-12-31"	"Synopsis (printed)"	"Synopsis"	"f"	"Tragedy"		"f"	"f"			"http://anet.ua.ac.be/desktop/anet/core/index.phtml?language=&euser=&session=&service=opacua&robot=&deskservice=desktop&desktop=anet&workstation=&extra="	"f"				"https://anet.be/record/opacuantwerpen/c:lvd:14025983/N"						
"fb225f55-eea7-4a3e-87e4-b83f1db8e373"	"M1421"	"1728-01-01"	"1728-12-31"	"Synopsis (printed)"	"Synopsis"	"f"			"f"	"f"			"http://anet.ua.ac.be/desktop/anet/core/index.phtml?language=&euser=&session=&service=opacua&robot=&deskservice=desktop&desktop=anet&workstation=&extra="	"f"		"Goran Proot, Spectacula Iesuitica Belgica Antiqua (SIBA). Pars I: Provincia Flandro-Belgica (Antwerpen, 2008), p. 1-836"								
"3721e89a-314f-45ab-93f4-63115952dad0"	"M1430"	"1728-01-01"	"1728-12-31"	"Synopsis (printed)"	"Synopsis"	"f"	"Tragedy"		"f"	"f"			"http://anet.ua.ac.be/desktop/anet/core/index.phtml?language=&euser=&session=&service=opacua&robot=&deskservice=desktop&desktop=anet&workstation=&extra="	"f"		"Goran Proot, Spectacula Iesuitica Belgica Antiqua (SIBA). Pars I: Provincia Flandro-Belgica (Antwerpen, 2008), p. 1-836"		"https://anet.be/record/opacuantwerpen/c:lvd:14052720/N"						
"770a829e-7b66-4c11-add7-02f18a16a415"	"M1431"	"1728-01-01"	"1728-12-31"	"Synopsis (printed)"	"Synopsis"	"f"			"f"	"f"			"http://anet.ua.ac.be/desktop/anet/core/index.phtml?language=&euser=&session=&service=opacua&robot=&deskservice=desktop&desktop=anet&workstation=&extra="	"f"		"Goran Proot, Spectacula Iesuitica Belgica Antiqua (SIBA). Pars I: Provincia Flandro-Belgica (Antwerpen, 2008), p. 1-836"		"https://anet.be/record/opacuantwerpen/c:lvd:14052736/N"						
"a5149b81-ac78-4e4c-bcfe-a5e2bf9dfdd1"	"M1456"	"1729-01-01"	"1729-12-31"	"Synopsis (printed)"	"Synopsis"	"f"			"f"	"f"			"http://anet.ua.ac.be/desktop/anet/core/index.phtml?language=&euser=&session=&service=opacua&robot=&deskservice=desktop&desktop=anet&workstation=&extra="	"f"		"Goran Proot, Spectacula Iesuitica Belgica Antiqua (SIBA). Pars I: Provincia Flandro-Belgica (Antwerpen, 2008), p. 1-836"								
"12b6934c-8d60-47b0-b186-3510778d5b58"	"M1459"	"1729-01-01"	"1729-12-31"	"Synopsis (printed)"	"Synopsis"	"f"			"f"	"f"			"http://anet.ua.ac.be/desktop/anet/core/index.phtml?language=&euser=&session=&service=opacua&robot=&deskservice=desktop&desktop=anet&workstation=&extra="	"f"				"https://anet.be/record/opacuantwerpen/c:lvd:14051240/N"						
"69316ea5-21f5-43fa-b15c-874789b008a3"	"M1469"	"1729-01-01"	"1729-12-31"	"Synopsis (printed)"	"Synopsis"	"f"			"f"	"f"			"http://anet.ua.ac.be/desktop/anet/core/index.phtml?language=&euser=&session=&service=opacua&robot=&deskservice=desktop&desktop=anet&workstation=&extra="	"f"				"https://anet.be/record/opacuantwerpen/c:lvd:14052839/N"						
"f3fc867a-a45c-4d18-88c4-40ec4b47b77d"	"M1473"	"1729-01-01"	"1729-12-31"	"Synopsis (printed)"	"Synopsis"	"f"			"f"	"f"			"http://anet.ua.ac.be/desktop/anet/core/index.phtml?language=&euser=&session=&service=opacua&robot=&deskservice=desktop&desktop=anet&workstation=&extra="	"f"			"Koppelen op M- of E-niveau aan Ceneton042170"	"https://anet.be/record/opacuantwerpen/c:lvd:14022343/N"						
"e40fc7cb-5900-4f11-9a3d-be0b93e281f8"	"M1474"	"1729-01-01"	"1729-12-31"	"Synopsis (printed)"	"Synopsis"	"f"			"f"	"f"			"http://anet.ua.ac.be/desktop/anet/core/index.phtml?language=&euser=&session=&service=opacua&robot=&deskservice=desktop&desktop=anet&workstation=&extra="	"f"			"Koppelen op M- of E-niveau aan Ceneton042160"	"https://anet.be/record/opacuantwerpen/c:lvd:14022346/N"						
"8228311e-9b6a-476a-b5f7-a5fdc80b39a0"	"M1475"	"1729-01-01"	"1729-12-31"	"Synopsis (printed)"	"Synopsis"	"f"			"f"	"f"				"f"		"Goran Proot, Spectacula Iesuitica Belgica Antiqua (SIBA). Pars I: Provincia Flandro-Belgica (Antwerpen, 2008), p. 1-836"	"Koppelen op M- of E-niveau aan Ceneton048050"							
"3da35b05-4e14-44e9-afdd-c873b107d15c"	"M1478"	"1730-01-01"	"1730-12-31"	"Synopsis (printed)"	"Synopsis"	"f"			"t"	"t"	"https://www.let.leidenuniv.nl/Dutch/Ceneton/Facsimiles/SJJaddusIeper1730"	"https://www.let.leidenuniv.nl/Dutch/Ceneton/SJJaddusIeper1730.html"	"http://anet.ua.ac.be/desktop/anet/core/index.phtml?language=&euser=&session=&service=opacua&robot=&deskservice=desktop&desktop=anet&workstation=&extra="	"f"	"4"									
"717fa3a6-01fb-4aed-b573-05eb56ca7df0"	"M1482"	"1730-01-01"	"1730-12-31"	"Synopsis (printed)"	"Synopsis"	"f"			"f"	"f"			"http://anet.ua.ac.be/desktop/anet/core/index.phtml?language=&euser=&session=&service=opacua&robot=&deskservice=desktop&desktop=anet&workstation=&extra="	"f"		"Goran Proot, Spectacula Iesuitica Belgica Antiqua (SIBA). Pars I: Provincia Flandro-Belgica (Antwerpen, 2008), p. 1-836"								
"73011a12-e248-4808-bd62-1328d79df343"	"M1487"	"1730-01-01"	"1730-12-31"	"Mention"	"Fragment"	"f"	"Comedy"		"f"	"f"				"f"	"4"									
"0480a604-1ebb-4d1a-be45-7a5415ae0c89"	"M1489"	"1730-01-01"	"1730-12-31"	"Synopsis (printed)"	"Synopsis"	"f"			"f"	"f"			"http://anet.ua.ac.be/desktop/anet/core/index.phtml?language=&euser=&session=&service=opacua&robot=&deskservice=desktop&desktop=anet&workstation=&extra="	"f"		"Goran Proot, Spectacula Iesuitica Belgica Antiqua (SIBA). Pars I: Provincia Flandro-Belgica (Antwerpen, 2008), p. 1-836"								
"64ab4e73-7f1b-4f24-bad5-b769fd29bb59"	"M1493"	"1730-01-01"	"1730-12-31"	"Synopsis (printed)"	"Synopsis"	"f"			"f"	"f"			"http://anet.ua.ac.be/desktop/anet/core/index.phtml?language=&euser=&session=&service=opacua&robot=&deskservice=desktop&desktop=anet&workstation=&extra="	"f"	"2"									
"bf9ba15f-448f-48f2-89d7-8dbc9b4c3af1"	"M1495"	"1730-01-01"	"1730-12-31"	"Synopsis (printed)"	"Synopsis"	"f"			"f"	"f"			"http://anet.ua.ac.be/desktop/anet/core/index.phtml?language=&euser=&session=&service=opacua&robot=&deskservice=desktop&desktop=anet&workstation=&extra="	"f"	"4"									
"56c91ecc-44e8-4304-9417-aa1bfd8bb816"	"M1506"	"1730-01-01"	"1730-12-31"	"Synopsis (printed)"	"Synopsis"	"f"			"f"	"f"				"f"		"Goran Proot, Spectacula Iesuitica Belgica Antiqua (SIBA). Pars I: Provincia Flandro-Belgica (Antwerpen, 2008), p. 1-836"								
"113fc41e-3025-45a9-a882-713585520947"	"M1510"	"1730-01-01"	"1730-12-31"	"Mention"	"Fragment"	"f"	"Comedy"		"f"	"f"				"f"										
"f32da249-b611-4641-92b0-07ec53e33175"	"M1524"	"1730-01-01"	"1730-12-31"	"Synopsis (printed)"	"Synopsis"	"f"			"f"	"f"			"http://anet.ua.ac.be/desktop/anet/core/index.phtml?language=&euser=&session=&service=opacua&robot=&deskservice=desktop&desktop=anet&workstation=&extra="	"f"				"https://anet.be/record/opacuantwerpen/c:lvd:14054318/N"						
"0184b93d-31ea-4295-8396-489e4cadde44"	"M1529"	"1730-01-01"	"1730-12-31"	"Synopsis (printed)"	"Synopsis"	"f"			"f"	"f"			"http://anet.ua.ac.be/desktop/anet/core/index.phtml?language=&euser=&session=&service=opacua&robot=&deskservice=desktop&desktop=anet&workstation=&extra="	"f"				"https://anet.be/record/opacuantwerpen/c:lvd:14054365/N"						
"31d8f8b7-a880-4c89-8eaa-3cad4b0dda14"	"M424"	"1634-01-01"	"1634-12-31"	"Synopsis (printed)"	"Synopsis"	"f"	"Comical tragedy"		"f"	"f"				"f"										
"c3b7472c-eb12-41f8-bf8b-ce08ad6a3039"	"M1533"	"1731-01-01"	"1731-12-31"	"Synopsis (printed)"	"Synopsis"	"f"	"Tragedy"		"f"	"f"				"f"	"4"	"Goran Proot, Spectacula Iesuitica Belgica Antiqua (SIBA). Pars I: Provincia Flandro-Belgica (Antwerpen, 2008), p. 1-836"	"Koppelen op M- of E-niveau aan M1534"							
"77e9bdda-3174-4abe-ab37-f0613dcf04b3"	"M1534"	"1731-01-01"	"1731-12-31"	"Synopsis (printed)"	"Synopsis"	"f"			"f"	"f"				"f"		"Goran Proot, Spectacula Iesuitica Belgica Antiqua (SIBA). Pars I: Provincia Flandro-Belgica (Antwerpen, 2008), p. 1-836"	"Koppelen op M- of E-niveau aan M1533"							
"e9ab036c-99af-4ea5-b8c7-c4f0d2e9e643"	"M1535"	"1731-01-01"	"1731-12-31"	"Synopsis (printed)"	"Synopsis"	"f"	"Comedy"		"f"	"f"				"f"	"2"									
"90280db7-50f4-4740-badd-aa848a2ec78c"	"M1536"	"1731-01-01"	"1731-12-31"	"Synopsis (printed)"	"Synopsis"	"f"	"Tragedy"		"f"	"f"				"f"	"2"									
"6c6f7601-032e-4805-b7de-f41a75f2ecca"	"M1538"	"1731-01-01"	"1731-12-31"	"Synopsis (printed)"	"Synopsis"	"f"	"Comedy"		"f"	"f"				"f"	"2"									
"48e29bd7-212f-4c38-a775-f39c6d3fba27"	"M1540"	"1731-01-01"	"1731-12-31"	"Synopsis (printed)"	"Synopsis"	"f"	"Comedy"		"f"	"f"				"f"	"4"									
"10d79994-f20d-4404-8e1e-53d9a7b5f18f"	"M1559"	"1731-01-01"	"1731-12-31"	"Synopsis (printed)"	"Synopsis"	"f"	"Comedy"		"f"	"f"				"f"	"4"									
"c3459bd4-8a53-4da7-9734-abbed521ee07"	"M1572"	"1731-01-01"	"1731-12-31"	"Synopsis (printed)"	"Synopsis"	"f"			"f"	"f"				"f"		"Goran Proot, Spectacula Iesuitica Belgica Antiqua (SIBA). Pars I: Provincia Flandro-Belgica (Antwerpen, 2008), p. 1-836"								
"451399d1-353b-4b1a-9890-eb4ffc5d19a0"	"M1575"	"1732-01-01"	"1732-12-31"	"Synopsis (printed)"	"Synopsis"	"f"	"Comedy"		"f"	"f"				"f"	"2"	"Goran Proot, Spectacula Iesuitica Belgica Antiqua (SIBA). Pars I: Provincia Flandro-Belgica (Antwerpen, 2008), p. 1-836"								
"aea6af51-298e-4609-861d-8de85de80059"	"M1580"	"1732-01-01"	"1732-12-31"	"Mention"	"Fragment"	"f"	"Comedy"		"f"	"f"				"f"										
"d200ae17-1757-4ed1-8930-e10e043dc90c"	"M1590"	"1732-01-01"	"1732-12-31"	"Synopsis (printed)"	"Synopsis"	"f"	"Tragedy"		"f"	"f"				"f"	"-4"									
"e23d56c0-36c1-4c37-b8d3-42e9b44679b9"	"M1593"	"1732-01-01"	"1732-12-31"	"Synopsis (printed)"	"Synopsis"	"f"			"f"	"f"			"https://books.google.be/books?vid=GENT900000062142&printsec=frontcover&hl=nl#v=onepage&q&f=false"	"f"										
"68e2de4d-c071-478f-a08f-d9570daad79b"	"M1603"	"1732-01-01"	"1732-12-31"	"Synopsis (printed)"	"Synopsis"	"f"	"Tragedy"		"f"	"f"				"f"		"Goran Proot, Spectacula Iesuitica Belgica Antiqua (SIBA). Pars I: Provincia Flandro-Belgica (Antwerpen, 2008), p. 1-836"								
"73f0745d-5670-4bdc-9968-a097f2c77ebe"	"M1626"	"1733-01-01"	"1733-12-31"	"Synopsis (printed)"	"Synopsis"	"f"	"Tragedy"		"f"	"f"				"f"	"2"									
"5e439334-e74a-43fb-968f-6fe638201cbc"	"M1628"	"1733-01-01"	"1733-12-31"	"Synopsis (printed)"	"Synopsis"	"f"	"Tragedy"		"f"	"f"				"f"		"Goran Proot, Spectacula Iesuitica Belgica Antiqua (SIBA). Pars I: Provincia Flandro-Belgica (Antwerpen, 2008), p. 1-836"								
"ac862436-2502-469e-8b46-efeb28398c09"	"M1648"	"1733-01-01"	"1733-12-31"	"Mention"	"Fragment"	"f"	"Comedy"		"f"	"f"				"f"										
"1d54a67a-20ef-4a3b-8a71-0d43e5a0a0da"	"M1653"	"1733-01-01"	"1733-12-31"	"Mention"	"Fragment"	"f"	"Tragedy"		"f"	"f"				"f"										
"e9793434-3c14-4417-bb20-0edce3fc2f48"	"M2251"	"1733-01-01"	"1733-12-31"	"Synopsis (printed)"	"Synopsis"	"f"	"Tragedy"		"f"	"f"				"f"		"Goran Proot, Spectacula Iesuitica Belgica Antiqua (SIBA). Pars I: Provincia Flandro-Belgica (Antwerpen, 2008), p. 1-836"	"Koppelen op M- of E-niveau aan M1655"			"https://lib.ugent.be/catalog/rug01:000950208"				
"c7eaa124-e117-4996-9ed8-93abd9d3805e"	"M1655"	"1733-01-01"	"1733-12-31"	"Synopsis (printed)"	"Synopsis"	"f"	"Tragedy"		"f"	"f"				"f"	"2"	"Goran Proot, Spectacula Iesuitica Belgica Antiqua (SIBA). Pars I: Provincia Flandro-Belgica (Antwerpen, 2008), p. 1-836"	"Koppelen op M- of E-niveau aan M2251"							
"5f6f7a7b-e858-4764-a1e0-b3c2af45f087"	"M1661"	"1733-01-01"	"1733-12-31"	"Synopsis (printed)"	"Synopsis"	"f"	"Tragedy"		"f"	"f"				"f"										
"2f24abe8-a869-45a4-b56c-4ada6378d82e"	"M1708"	"1738-01-01"	"1738-12-31"	"Synopsis (printed)"	"Synopsis"	"f"	"Tragedy"		"f"	"f"				"f"		"Goran Proot, Spectacula Iesuitica Belgica Antiqua (SIBA). Pars I: Provincia Flandro-Belgica (Antwerpen, 2008), p. 1-836"								
"77ecb0e7-28d1-4cb2-a60a-9ac6a2b37f28"	"M1734"	"1742-01-01"	"1742-12-31"	"Synopsis (printed)"	"Synopsis"	"f"			"f"	"f"			"https://books.google.nl/books?id=DllbAAAAQAAJ&pg=PP1&dq=david+exhibebitur&hl=nl&sa=X&ved=0ahUKEwjBvqG_2ITVAhUIfFAKHXCyCaMQ6wEIMDAC#v=onepage&q=david%20exhibebitur&f=false"	"f"		"Goran Proot, Spectacula Iesuitica Belgica Antiqua (SIBA). Pars I: Provincia Flandro-Belgica (Antwerpen, 2008), p. 1-836"								
"bb5d1b2c-240a-4c7b-a69a-38ad4f4cbf94"	"M1738"	"1742-01-01"	"1742-12-31"	"Synopsis (printed)"	"Synopsis"	"f"	"Tragedy"		"f"	"f"			"https://books.google.nl/books?id=xmRbAAAAQAAJ&printsec=frontcover&hl=nl&source=gbs_ge_summary_r&cad=0#v=onepage&q&f=false"	"f"										
"f619fac7-a961-488c-9feb-89d64994f457"	"M1741"	"1742-01-01"	"1742-12-31"	"Synopsis (printed)"	"Synopsis"	"f"			"f"	"f"				"f"		"Goran Proot, Spectacula Iesuitica Belgica Antiqua (SIBA). Pars I: Provincia Flandro-Belgica (Antwerpen, 2008), p. 1-836"								
"b6749b6e-d711-4c29-9960-7d886adc3f2e"	"M1742"	"1742-01-01"	"1742-12-31"	"Synopsis (printed)"	"Synopsis"	"f"			"f"	"f"				"f"		"Goran Proot, Spectacula Iesuitica Belgica Antiqua (SIBA). Pars I: Provincia Flandro-Belgica (Antwerpen, 2008), p. 1-836"								
"659ceb6a-c952-4a8b-9703-e4eeba1a544e"	"M1747"	"1743-01-01"	"1743-12-31"	"Synopsis (printed)"	"Synopsis"	"f"	"Tragedy"		"t"	"t"	"https://www.let.leidenuniv.nl/Dutch/Ceneton/Facsimiles/SJJaromirusIeper1743"	"https://www.let.leidenuniv.nl/Dutch/Ceneton/SJJaromirusIeper1743.html"		"f"										
"e9e73313-8211-4dd0-96b6-3b50f3475387"	"M1751"	"1743-01-01"	"1743-12-31"	"Synopsis (printed)"	"Synopsis"	"f"	"Tragedy"		"f"	"f"				"f"		"Goran Proot, Spectacula Iesuitica Belgica Antiqua (SIBA). Pars I: Provincia Flandro-Belgica (Antwerpen, 2008), p. 1-836"								
"9bbb2588-f3c0-4a1d-8710-32475717cf77"	"M1752"	"1743-01-01"	"1743-12-31"	"Mention"	"Fragment"	"f"	"Comedy"		"f"	"f"				"f"										
"2579dbb8-9bea-4586-906f-c4f70a2e733f"	"M1755"	"1743-01-01"	"1743-12-31"	"Synopsis (printed)"	"Synopsis"	"f"			"f"	"f"				"f"		"Goran Proot, Spectacula Iesuitica Belgica Antiqua (SIBA). Pars I: Provincia Flandro-Belgica (Antwerpen, 2008), p. 1-836"								
"61af075d-d642-498d-a449-2bcad7e9ec9a"	"M1757"	"1743-01-01"	"1743-12-31"	"Synopsis (printed)"	"Synopsis"	"f"			"f"	"f"				"f"		"Goran Proot, Spectacula Iesuitica Belgica Antiqua (SIBA). Pars I: Provincia Flandro-Belgica (Antwerpen, 2008), p. 1-836"								
"fc36c356-bea5-47ef-bbb1-a56950dc62f0"	"M1758"	"1743-01-01"	"1743-12-31"	"Synopsis (printed)"	"Synopsis"	"f"	"Tragedy"		"f"	"f"				"f"		"Goran Proot, Spectacula Iesuitica Belgica Antiqua (SIBA). Pars I: Provincia Flandro-Belgica (Antwerpen, 2008), p. 1-836"								
"f6d228e2-af86-40f4-830e-e25256045359"	"M1761"	"1743-01-01"	"1743-12-31"	"Synopsis (printed)"	"Synopsis"	"f"			"f"	"f"				"f"		"Goran Proot, Spectacula Iesuitica Belgica Antiqua (SIBA). Pars I: Provincia Flandro-Belgica (Antwerpen, 2008), p. 1-836"								
"7651956d-a055-463c-8486-5bd6b9bf597d"	"M1773"	"1744-01-01"	"1744-12-31"	"Synopsis (printed)"	"Synopsis"	"f"			"f"	"f"				"f"	"-"	"Goran Proot, Spectacula Iesuitica Belgica Antiqua (SIBA). Pars I: Provincia Flandro-Belgica (Antwerpen, 2008), p. 1-836"								
"b59ca8e1-2a11-40eb-b8d4-8fcbdc78ca39"	"M1776"	"1744-01-01"	"1744-12-31"	"Synopsis (printed)"	"Synopsis"	"f"	"Tragedy"		"f"	"f"				"f"		"Goran Proot, Spectacula Iesuitica Belgica Antiqua (SIBA). Pars I: Provincia Flandro-Belgica (Antwerpen, 2008), p. 1-836"								
"a898ed62-43c1-48fc-9e00-4fa957276d56"	"M1782"	"1745-01-01"	"1745-12-31"	"Synopsis (printed)"	"Synopsis"	"f"			"f"	"f"				"f"	"-"	"Goran Proot, Spectacula Iesuitica Belgica Antiqua (SIBA). Pars I: Provincia Flandro-Belgica (Antwerpen, 2008), p. 1-836"								
"a249f4cd-e963-43b7-a4ce-a7681cdcb5f2"	"M1897"	"1755-01-01"	"1755-12-31"	"Synopsis (printed)"	"Synopsis"	"f"			"f"	"f"				"f"										
"77ded907-fd2e-475e-9430-761bcf50d86b"	"M2070"	"1771-01-01"	"1771-12-31"	"Synopsis (printed)"	"Synopsis"	"f"	"Tragedy"		"f"	"f"				"f"										
"fea7733a-b195-4af2-bdbf-a8ac530e12c1"	"M96"	"1549-01-01"	"1549-12-31"		"Full edition"	"f"			"t"	"t"			"http://books.google.nl/books?id=0r5bAAAAQAAJ&printsec=frontcover&hl=nl#v=onepage&q&f=false"	"f"										
"947d0a70-4b65-4197-8f82-4b8c9ccdb54d"	"M163"	"1591-01-01"	"1591-12-31"	"Reprint"	"Full edition"	"f"			"f"	"f"			"http://books.google.nl/books?id=BbgTAAAAQAAJ&printsec=frontcover&dq=julii+caesari+scaligeri+poemata+volume+2&hl=nl&sa=X&ei=wheWU97BLYakPbrEgSA&ved=0CEYQ6AEwAw#v=onepage&q&f=false"	"f"										
"936fa79b-7979-4722-bf09-1f327c67cb03"	"M178"	"1594-01-01"	"1594-12-31"	"Reprint"	"Full edition"	"f"			"f"	"f"			"https://books.google.nl/books?id=3aYT29byEeYC&printsec=frontcover&hl=nl&source=gbs_ge_summary_r&cad=0#v=onepage&q&f=false"	"f"										
"ecc13d8d-2631-4202-adf8-3f73ffdad3b6"	"M179"	"1594-01-01"	"1594-12-31"	"Reprint"	"Full edition"	"f"			"f"	"f"			"https://books.google.nl/books?id=3aYT29byEeYC&printsec=frontcover&hl=nl&source=gbs_ge_summary_r&cad=0#v=onepage&q&f=false"	"f"										
"f38aaa8b-26fe-4b2f-bffb-9906c1631bea"	"M180"	"1594-01-01"	"1594-12-31"	"Reprint"	"Full edition"	"f"			"f"	"f"			"https://books.google.nl/books?id=3aYT29byEeYC&printsec=frontcover&hl=nl&source=gbs_ge_summary_r&cad=0#v=onepage&q&f=false"	"f"										
"9000e9bc-544b-4fc3-94e3-8fc40fe4af3a"	"M181"	"1594-01-01"	"1594-12-31"	"Reprint"	"Full edition"	"f"			"f"	"f"			"https://books.google.nl/books?id=3aYT29byEeYC&printsec=frontcover&hl=nl&source=gbs_ge_summary_r&cad=0#v=onepage&q&f=false"	"f"										
"a204608d-6e10-4784-9fc7-367498b04ec0"	"M182"	"1594-01-01"	"1594-12-31"	"Reprint"	"Full edition"	"f"			"f"	"f"			"https://books.google.nl/books?id=3aYT29byEeYC&printsec=frontcover&hl=nl&source=gbs_ge_summary_r&cad=0#v=onepage&q&f=false"	"f"										
"f5e68de8-8385-489b-a3a8-c5f861e342ad"	"M183"	"1594-01-01"	"1594-12-31"	"Reprint"	"Full edition"	"f"			"f"	"f"			"https://books.google.nl/books?id=3aYT29byEeYC&printsec=frontcover&hl=nl&source=gbs_ge_summary_r&cad=0#v=onepage&q&f=false"	"f"										
"6fdf2349-96f2-489b-accf-74c1e8d897ce"	"M185"	"1594-01-01"	"1594-12-31"	"Reprint"	"Full edition"	"f"			"f"	"f"			"https://books.google.nl/books?id=3aYT29byEeYC&printsec=frontcover&hl=nl&source=gbs_ge_summary_r&cad=0#v=onepage&q&f=false"	"f"										
"e257ddca-c35a-4514-913e-f4f6d7ee12d8"	"M263"	"1614-01-01"	"1614-12-31"	"Reprint"	"Full edition"	"f"	"Comedy"	"Sacred comedy"	"f"	"f"			"https://books.google.nl/books?id=yzIvMZTy9l0C&printsec=frontcover&hl=nl&source=gbs_book_other_versions_r&cad=3#v=onepage&q&f=false"	"f"										
"c970a8c2-e28b-457a-8273-005c68aa0903"	"M264"	"1614-01-01"	"1614-12-31"	"Reprint"	"Full edition"	"f"	"Comedy"	"Sacred comedy"	"f"	"f"			"https://books.google.nl/books?id=yzIvMZTy9l0C&printsec=frontcover&hl=nl&source=gbs_book_other_versions_r&cad=3#v=onepage&q&f=false"	"f"										
"5052ffe7-8fbf-45f0-826e-228bd9a2f659"	"M265"	"1614-01-01"	"1614-12-31"	"Reprint"	"Full edition"	"f"	"Comedy"	"Sacred comedy"	"f"	"f"			"https://books.google.nl/books?id=yzIvMZTy9l0C&printsec=frontcover&hl=nl&source=gbs_book_other_versions_r&cad=3#v=onepage&q&f=false"	"f"										
"40ae1dd8-e417-4f33-aac3-d2b128334dde"	"M266"	"1614-01-01"	"1614-12-31"	"Reprint"	"Full edition"	"f"	"Comedy"	"Sacred comedy"	"f"	"f"			"https://books.google.nl/books?id=yzIvMZTy9l0C&printsec=frontcover&hl=nl&source=gbs_book_other_versions_r&cad=3#v=onepage&q&f=false"	"f"										
"516f1702-3db2-4e4e-88f6-93f52416dddf"	"M267"	"1614-01-01"	"1614-12-31"	"Reprint"	"Full edition"	"f"	"Comedy"	"Sacred comedy"	"f"	"f"			"https://books.google.nl/books?id=yzIvMZTy9l0C&printsec=frontcover&hl=nl&source=gbs_book_other_versions_r&cad=3#v=onepage&q&f=false"	"f"										
"63b236c0-e7f2-426c-aa2f-7a34f01bb08f"	"M268"	"1614-01-01"	"1614-12-31"	"Reprint"	"Full edition"	"f"	"Comedy"	"Sacred comedy"	"f"	"f"			"https://books.google.nl/books?id=yzIvMZTy9l0C&printsec=frontcover&hl=nl&source=gbs_book_other_versions_r&cad=3#v=onepage&q&f=false"	"f"										
"176c93fe-71c9-49a7-b263-e989641f9b96"	"M269"	"1614-01-01"	"1614-12-31"	"Reprint"	"Full edition"	"f"			"f"	"f"			"https://books.google.nl/books?id=yzIvMZTy9l0C&printsec=frontcover&hl=nl&source=gbs_book_other_versions_r&cad=3#v=onepage&q&f=false"	"f"										
"f24dae12-f262-47de-aa19-f77c39610773"	"M640"	"1656-01-01"	"1656-12-31"	"Reprint"	"Full edition"	"f"	"Tragedy"		"f"	"f"			"http://books.google.be/books?id=_VxEAAAAcAAJ&pg=PR13&dq=vernulaeus+Cantuariensis&hl=nl&sa=X&ei=vrRnUtzdN-ev0QXA3YHwAQ&ved=0CGMQ6AEwBw#v=onepage&q=vernulaeus%20Cantuariensis&f=false"	"f"	"*2 us"									
"5faa2fb3-7184-4d63-93f0-6c29931f2850"	"M641"	"1656-01-01"	"1656-12-31"	"Reprint"	"Full edition"	"f"	"Tragedy"		"f"	"f"			"http://books.google.be/books?id=_VxEAAAAcAAJ&pg=PR13&dq=vernulaeus+Cantuariensis&hl=nl&sa=X&ei=vrRnUtzdN-ev0QXA3YHwAQ&ved=0CGMQ6AEwBw#v=onepage&q=vernulaeus%20Cantuariensis&f=false"	"f"										
"c5bd4383-e249-4bd0-b02a-b2aefa65186a"	"M643"	"1656-01-01"	"1656-12-31"	"Reprint"	"Full edition"	"f"			"f"	"f"				"f"										
"0735a0aa-195f-4e0b-8f86-e92871e68515"	"M644"	"1656-01-01"	"1656-12-31"	"Reprint"	"Full edition"	"f"			"f"	"f"				"f"										
"60ed3883-652b-4937-994f-1c38a1967268"	"M645"	"1656-01-01"	"1656-12-31"	"Reprint"	"Full edition"	"f"	"Tragedy"		"f"	"f"				"f"							"http://ark.bnf.fr/ark:/12148/cb39328984t"			
"a9934727-3d02-4472-8bca-2a7254632dc0"	"M646"	"1656-01-01"	"1656-12-31"	"Reprint"	"Full edition"	"f"	"Tragedy"		"f"	"f"			"http://books.google.be/books?id=_VxEAAAAcAAJ&pg=PR13&dq=vernulaeus+Cantuariensis&hl=nl&sa=X&ei=vrRnUtzdN-ev0QXA3YHwAQ&ved=0CGMQ6AEwBw#v=onepage&q=vernulaeus%20Cantuariensis&f=false"	"f"										
"a341a87a-8995-42aa-a6de-4751094483aa"	"M647"	"1656-01-01"	"1656-12-31"	"First Printing"	"Full edition"	"f"			"f"	"f"				"f"										
"927e6e9b-9da0-4c54-9a3b-9ce97fecbd99"	"M648"	"1656-01-01"	"1656-12-31"	"Reprint"	"Full edition"	"f"			"f"	"f"			"http://books.google.be/books?id=_VxEAAAAcAAJ&pg=PR13&dq=vernulaeus+Cantuariensis&hl=nl&sa=X&ei=vrRnUtzdN-ev0QXA3YHwAQ&ved=0CGMQ6AEwBw#v=onepage&q=vernulaeus%20Cantuariensis&f=false"	"f"										
"67bc8a3c-1e0f-4c35-81b5-8e068025ae18"	"M651"	"1656-01-01"	"1656-12-31"	"First Printing"	"Full edition"	"f"			"f"	"f"				"f"										
"6f6481f9-2cc1-4174-8983-e96ccf8aba78"	"M652"	"1656-01-01"	"1656-12-31"	"Reprint"	"Full edition"	"f"			"f"	"f"				"f"										
"6cfa00be-ebb1-4156-9ee0-fa238117a673"	"M653"	"1656-01-01"	"1656-12-31"	"Reprint"	"Full edition"	"f"	"Tragedy"		"f"	"f"			"http://books.google.be/books?id=_VxEAAAAcAAJ&pg=PR13&dq=vernulaeus+Cantuariensis&hl=nl&sa=X&ei=vrRnUtzdN-ev0QXA3YHwAQ&ved=0CGMQ6AEwBw#v=onepage&q=vernulaeus%20Cantuariensis&f=false"	"f"										
"d38b9f4c-8514-4535-8241-58774d01e5e1"	"M654"	"1656-01-01"	"1656-12-31"	"Reprint"	"Full edition"	"f"			"f"	"f"			"http://books.google.be/books?id=_VxEAAAAcAAJ&pg=PR13&dq=vernulaeus+Cantuariensis&hl=nl&sa=X&ei=vrRnUtzdN-ev0QXA3YHwAQ&ved=0CGMQ6AEwBw#v=onepage&q=vernulaeus%20Cantuariensis&f=false"	"f"										
"b89e957f-950d-4391-b226-72a5e56d1d88"	"M655"	"1656-01-01"	"1656-12-31"	"Reprint"	"Full edition"	"f"			"f"	"f"			"http://books.google.be/books?id=_VxEAAAAcAAJ&pg=PR13&dq=vernulaeus+Cantuariensis&hl=nl&sa=X&ei=vrRnUtzdN-ev0QXA3YHwAQ&ved=0CGMQ6AEwBw#v=onepage&q=vernulaeus%20Cantuariensis&f=false"	"f"										
"bdad705d-3e0f-4b0f-8c7e-c1f59b3d0811"	"M656"	"1656-01-01"	"1656-12-31"	"Reprint"	"Full edition"	"f"			"f"	"f"				"f"										
"00f2efc7-ebd0-4737-962b-38fea3a187dd"	"M882"	"1691-01-01"	"1691-12-31"	"Synopsis (printed)"	"Synopsis"	"f"			"f"	"f"				"f"	"000004 - a1 B tu : a2 C in"									
"36538413-84a7-4eb4-b55d-069159211b90"	"M2039"	"1768-01-01"	"1768-12-31"	"Synopsis (printed)"	"Synopsis"	"f"			"f"	"f"				"f"					"https://opac.kbr.be/LIBRARY/doc/SYRACUSE/18401924"					
"07375849-b738-4a5b-b5ed-9ea5bc1f6698"	"M2106"	"1774-01-01"	"1774-12-31"	"Synopsis (printed)"	"Synopsis"	"f"			"f"	"f"				"f"					"https://opac.kbr.be/LIBRARY/doc/SYRACUSE/18402596 "					
"babd2def-c01b-4ef0-a3bc-2641f9f3347f"	"M2124"	"1777-01-01"	"1777-12-31"	"Synopsis (printed)"	"Synopsis"	"f"	"Tragedy"		"f"	"f"				"f"					"https://opac.kbr.be/LIBRARY/doc/SYRACUSE/18402651 "					
"e1f0681b-9421-4e12-a78d-6624946cd31d"	"M248"	"1612-01-01"	"1612-12-31"	"First Printing"	"Full edition"	"f"	"Tragedy"		"t"	"t"			"http://books.google.be/books?id=gXETAAAAQAAJ&printsec=frontcover&hl=nl&source=gbs_ge_summary_r&cad=0#v=onepage&q&f=false"	"f"										
"6320de90-48dd-4ecf-83a3-66be6efc3e87"	"M250"	"1613-01-01"	"1613-12-31"	"Reprint"	"Full edition"	"f"	"Tragedy"		"f"	"f"				"f"										
"6cf0a9e5-3dc8-446d-b646-3079840cbf87"	"M252"	"1613-01-01"	"1613-12-31"	"First Printing"	"Full edition"	"f"	"Tragedy"		"f"	"f"				"f"	"161308 - b1 A $ul : b2 C4 o$"									
"2c4a4461-fa65-4e86-8d1d-eb575c151482"	"M253"	"1613-01-01"	"1613-12-31"	"Reprint"	"Full edition"	"f"	"Tragedy"		"f"	"f"				"f"										
"c4774608-353e-4816-bbb4-0623241b4bae"	"M323"	"1624-01-01"	"1624-12-31"	"First Printing"	"Full edition"	"f"	"Tragedy"		"t"	"t"			"http://books.google.be/books?id=L9tIAAAAcAAJ&printsec=frontcover&hl=nl&source=gbs_ge_summary_r&cad=0#v=onepage&q&f=false"	"f"	"162408 - a1 A2 def - b1 A at : b2 E4 uid$"									
"a7bcd54b-beb6-424d-972d-ac948639799d"	"M370"	"1630-01-01"	"1630-12-31"	"First Printing"	"Full edition"	"f"			"t"	"t"				"f"	"163008 - a3 i$ a2 A5 nt - b1 B s : b2 H5 ? M"									
"76a12e5d-1709-43fa-ba18-99a9273e95df"	"M385"	"1631-01-01"	"1631-12-31"		"Full edition"	"f"	"Tragedy"		"f"	"f"				"f"	"163108 - a1 * st : a2 *5 fec - b1 A lo : b2 D5 mu"									
"911a138c-3d9c-4952-8520-e6f3a8837848"	"M453"	"1637-01-01"	"1637-12-31"	"Synopsis (printed)"	"Synopsis"	"f"			"f"	"f"				"f"		"Goran Proot, Spectacula Iesuitica Belgica Antiqua (SIBA). Pars I: Provincia Flandro-Belgica (Antwerpen, 2008), p. 1-836"								
"eb2af3db-a9a0-4e1e-853b-807938717631"	"M457"	"1637-01-01"	"1637-12-31"	"Synopsis (printed)"	"Synopsis"	"f"			"f"	"f"				"f"		"Goran Proot, Spectacula Iesuitica Belgica Antiqua (SIBA). Pars I: Provincia Flandro-Belgica (Antwerpen, 2008), p. 1-836"								
"1c265519-5391-4edf-9b03-b4329539cf5d"	"M465"	"1638-01-01"	"1638-12-31"	"Synopsis (printed)"	"Synopsis"	"f"			"f"	"f"				"f"		"Goran Proot, Spectacula Iesuitica Belgica Antiqua (SIBA). Pars I: Provincia Flandro-Belgica (Antwerpen, 2008), p. 1-836"								
"bed1a80d-25e5-48d6-8b4c-a0c8dbfe82af"	"M508"	"1639-01-01"	"1639-12-31"	"Synopsis (printed)"	"Synopsis"	"f"			"f"	"f"				"f"		"Goran Proot, Spectacula Iesuitica Belgica Antiqua (SIBA). Pars I: Provincia Flandro-Belgica (Antwerpen, 2008), p. 1-836"								
"b96670b5-e4da-4273-affe-8a7964d46dfb"	"M523"	"1640-01-01"	"1640-12-31"	"Synopsis (printed)"	"Synopsis"	"f"			"f"	"f"				"f"		"Goran Proot, Spectacula Iesuitica Belgica Antiqua (SIBA). Pars I: Provincia Flandro-Belgica (Antwerpen, 2008), p. 1-836"								
"f4b529db-f2b8-45f0-8fac-e402c817e32b"	"M532"	"1640-01-01"	"1640-12-31"	"Synopsis (printed)"	"Synopsis"	"f"			"f"	"f"				"f"		"Goran Proot, Spectacula Iesuitica Belgica Antiqua (SIBA). Pars I: Provincia Flandro-Belgica (Antwerpen, 2008), p. 1-836"								
"283aa44b-792f-45ea-817c-194463e39ca0"	"M606"	"1650-01-01"	"1650-12-31"	"Synopsis (printed)"	"Synopsis"	"f"	"Tragicomedy"		"f"	"f"				"f"		"Goran Proot, Spectacula Iesuitica Belgica Antiqua (SIBA). Pars I: Provincia Flandro-Belgica (Antwerpen, 2008), p. 1-836"								
"f67a8668-1bba-44fd-96f4-f7cc54f9d915"	"M613"	"1652-01-01"	"1652-12-31"	"Synopsis (printed)"	"Synopsis"	"f"			"f"	"f"				"f"										
"da95f0f0-6f32-4fc4-91cc-a5e7015ff3d0"	"M472"	"1638-01-01"	"1638-12-31"	"Synopsis (printed)"	"Synopsis"	"f"			"f"	"f"				"f"		"Goran Proot, Spectacula Iesuitica Belgica Antiqua (SIBA). Pars I: Provincia Flandro-Belgica (Antwerpen, 2008), p. 1-836"								
"aa8718ce-5f89-482e-a1e5-94ca41857996"	"M663"	"1657-01-01"	"1657-12-31"	"Synopsis (printed)"	"Synopsis"	"f"			"f"	"f"				"f"										
"63cdd7d6-7749-46a4-864e-7351b37cf395"	"M665"	"1657-01-01"	"1657-12-31"	"Synopsis (printed)"	"Synopsis"	"f"			"f"	"f"				"f"		"Goran Proot, Spectacula Iesuitica Belgica Antiqua (SIBA). Pars I: Provincia Flandro-Belgica (Antwerpen, 2008), p. 1-836"								
"2cb22dd0-c920-4825-bd98-3c0439770bda"	"M1500"	"1730-01-01"	"1730-12-31"	"Synopsis (printed)"	"Synopsis"	"f"	"Tragedy"		"f"	"f"			"http://anet.ua.ac.be/desktop/anet/core/index.phtml?language=&euser=&session=&service=opacua&robot=&deskservice=desktop&desktop=anet&workstation=&extra="	"f"	"4"									
"6196d7c8-4692-4c14-a5bc-90ecf33a2dc2"	"M1519"	"1730-01-01"	"1730-12-31"	"Synopsis (printed)"	"Synopsis"	"f"	"Tragedy"		"f"	"f"			"http://anet.ua.ac.be/desktop/anet/core/index.phtml?language=&euser=&session=&service=opacua&robot=&deskservice=desktop&desktop=anet&workstation=&extra="	"f"	"2"									
"9d546709-fa86-48a3-9810-392947d57397"	"M1543"	"1731-01-01"	"1731-12-31"	"Synopsis (printed)"	"Synopsis"	"f"	"Tragedy"		"f"	"f"				"f"										
"6516e38d-2851-49d2-b96d-c818a38cb3a8"	"M1545"	"1731-01-01"	"1731-12-31"	"Mention"	"Fragment"	"f"			"f"	"f"				"f"										
"dd51994a-60f2-485f-b8c8-8ed8f7b76857"	"M1589"	"1732-01-01"	"1732-12-31"	"Synopsis (printed)"	"Synopsis"	"f"			"f"	"f"				"f"										
"486a6527-7568-47a0-a82e-c54210e05779"	"M887"	"1692-01-01"	"1692-12-31"	"Synopsis (printed)"	"Synopsis"	"f"			"f"	"f"				"f"										
"16afb16a-6058-4f95-a6d3-daf888dbacc5"	"M916"	"1697-01-01"	"1697-12-31"	"Synopsis (printed)"	"Synopsis"	"f"			"f"	"f"				"f"										
"5a01134d-6758-408d-93b4-d9b5eea6ba9b"	"M989"	"1702-01-01"	"1702-12-31"	"Synopsis (printed)"	"Synopsis"	"f"	"Comedy"		"f"	"f"				"f"		"Goran Proot, Spectacula Iesuitica Belgica Antiqua (SIBA). Pars I: Provincia Flandro-Belgica (Antwerpen, 2008), p. 1-836"								
"be6f8d08-142a-4e95-ad55-ad3c07da8c19"	"M667"	"1658-01-01"	"1658-12-31"	"First Printing"	"Full edition"	"f"			"f"	"f"				"f"										
"88b04ad6-6c9c-481a-be72-425ace30cb0d"	"M589"	"1648-01-01"	"1648-12-31"	"Reprint"	"Full edition"	"f"	"Comedy"		"f"	"f"			"https://books.google.nl/books?id=8zlBAAAAcAAJ&printsec=frontcover&dq=Belgica+interpretatione&hl=nl&sa=X&ved=0ahUKEwiGoZ3W-vvJAhVDpw4KHV2gACcQ6AEISTAH#v=onepage&q=Belgica%20interpretatione&f=false"	"f"	"164808 - b1 T $d : b2 Aa4 $inde"									
"9a9537be-8c81-4827-8f0c-13c20559c2a0"	"M590"	"1648-01-01"	"1648-12-31"	"Reprint"	"Full edition"	"f"	"Comedy"		"f"	"f"			"https://books.google.nl/books?id=8zlBAAAAcAAJ&printsec=frontcover&dq=Belgica+interpretatione&hl=nl&sa=X&ved=0ahUKEwiGoZ3W-vvJAhVDpw4KHV2gACcQ6AEISTAH#v=onepage&q=Belgica%20interpretatione&f=false"	"f"	"164808 - a1 A S$ : a2 A2 erden - b1 A3 ,$s : b2 F4 t$spel"									
"2c5629e7-9805-42c8-9a45-038626724958"	"M591"	"1648-01-01"	"1648-12-31"	"Reprint"	"Full edition"	"f"	"Comedy"		"f"	"f"			"https://books.google.nl/books?id=8zlBAAAAcAAJ&printsec=frontcover&dq=Belgica+interpretatione&hl=nl&sa=X&ved=0ahUKEwiGoZ3W-vvJAhVDpw4KHV2gACcQ6AEISTAH#v=onepage&q=Belgica%20interpretatione&f=false"	"f"	"164808 - a1 F5 doles - b1 G de : b2 M5 el.$e"									
"7f0d08af-b732-4e04-98a3-b68bac3c364f"	"M592"	"1648-01-01"	"1648-12-31"	"Reprint"	"Full edition"	"f"	"Comedy"		"f"	"f"			"https://books.google.nl/books?id=8zlBAAAAcAAJ&printsec=frontcover&dq=Belgica+interpretatione&hl=nl&sa=X&ved=0ahUKEwiGoZ3W-vvJAhVDpw4KHV2gACcQ6AEISTAH#v=onepage&q=Belgica%20interpretatione&f=false"	"f"	"164808 - a1 M5 [= M6] ES, - b1 N vat : b2 S5 y$u$"									
"25ab9d01-e99d-498d-a955-49b69fdcc63f"	"M593"	"1648-01-01"	"1648-12-31"	"Reprint"	"Full edition"	"f"	"Comedy"		"f"	"f"			"https://books.google.nl/books?id=8zlBAAAAcAAJ&printsec=frontcover&dq=Belgica+interpretatione&hl=nl&sa=X&ved=0ahUKEwiGoZ3W-vvJAhVDpw4KHV2gACcQ6AEISTAH#v=onepage&q=Belgica%20interpretatione&f=false"	"f"	"164808 - b1 Hh de$k : b2 Mm4 a.$Wae"									
"dd3c9703-d4d3-46d8-bb33-2dfc03ff182c"	"M594"	"1648-01-01"	"1648-12-31"	"Reprint"	"Full edition"	"f"	"Comedy"		"f"	"f"			"https://books.google.nl/books?id=8zlBAAAAcAAJ&printsec=frontcover&dq=Belgica+interpretatione&hl=nl&sa=X&ved=0ahUKEwiGoZ3W-vvJAhVDpw4KHV2gACcQ6AEISTAH#v=onepage&q=Belgica%20interpretatione&f=false"	"f"	"164808 - a1 Aa5 UM - b1 : b2 Gg5 $inde"									
"9bd8396a-7015-48fe-8fe7-b3fd9354f19e"	"M326"	"1624-01-01"	"1624-12-31"	"Synopsis (printed)"	"Synopsis"	"f"			"f"	"f"				"f"		"Goran Proot, Spectacula Iesuitica Belgica Antiqua (SIBA). Pars I: Provincia Flandro-Belgica (Antwerpen, 2008), p. 1-836"								
"57258886-6fe7-4cd8-8f75-a14629f585e3"	"M335"	"1625-01-01"	"1625-12-31"	"Synopsis (printed)"	"Synopsis"	"f"			"f"	"f"				"f"		"Goran Proot, Spectacula Iesuitica Belgica Antiqua (SIBA). Pars I: Provincia Flandro-Belgica (Antwerpen, 2008), p. 1-836"								
"b1cb9f7a-3fb1-4721-aa5a-3183036c6551"	"M347"	"1628-01-01"	"1628-12-31"	"Synopsis (printed)"	"Synopsis"	"f"	"Tragedy"	"Martyr tragedy"	"f"	"f"				"f"		"Goran Proot, Spectacula Iesuitica Belgica Antiqua (SIBA). Pars I: Provincia Flandro-Belgica (Antwerpen, 2008), p. 1-836"								
"b4a6a4b8-9f22-4ae3-a2cd-a82a83d5f872"	"M338"	"1626-01-01"	"1626-12-31"	"Synopsis (printed)"	"Synopsis"	"f"			"f"	"f"				"f"										
"33424ebc-f05f-4167-9f1e-7082419b11cf"	"M377"	"1630-01-01"	"1630-12-31"	"Synopsis (printed)"	"Synopsis"	"f"	"Comical tragedy"		"f"	"f"				"f"		"Goran Proot, Spectacula Iesuitica Belgica Antiqua (SIBA). Pars I: Provincia Flandro-Belgica (Antwerpen, 2008), p. 1-836"								
"da44190a-ef73-479e-b637-5b5fcdad23c6"	"M405"	"1632-01-01"	"1632-12-31"	"Synopsis (printed)"	"Synopsis"	"f"	"Tragedy"		"f"	"f"				"f"		"Goran Proot, Spectacula Iesuitica Belgica Antiqua (SIBA). Pars I: Provincia Flandro-Belgica (Antwerpen, 2008), p. 1-836"								
"e1c77b65-6de6-4688-a944-d709f696f0cd"	"M2128"	"1798-01-01"	"1798-12-31"	"Reprint"	"Full edition"	"f"	"Tragedy"		"f"	"f"				"f"	"179808 - a1 * i : a2 2* V - b1 A p : b2 K g"									
"1f5456f7-5383-44d6-a5ad-23f5fec4f2ef"	"M1097"	"1715-01-01"	"1715-12-31"	"Synopsis (printed)"	"Synopsis"	"f"	"Tragedy"		"f"	"f"			"http://anet.ua.ac.be/desktop/anet/core/index.phtml?language=&euser=&session=&service=opacua&robot=&deskservice=desktop&desktop=anet&workstation=&extra="	"f"										
"c097266f-2a36-4283-a5e1-42ef8613a7e3"	"M1164"	"1719-01-01"	"1719-12-31"	"Synopsis (printed)"	"Synopsis"	"f"			"f"	"f"			"http://anet.ua.ac.be/desktop/anet/core/index.phtml?language=&euser=&session=&service=opacua&robot=&deskservice=desktop&desktop=anet&workstation=&extra="	"f"				"https://anet.be/record/opacuantwerpen/c:lvd:14031776/N"						
"63c4791f-ac76-47c6-8cb2-c20c84702984"	"M1175"	"1720-01-01"	"1720-12-31"	"Synopsis (printed)"	"Synopsis"	"f"			"f"	"f"			"http://anet.ua.ac.be/desktop/anet/core/index.phtml?language=&euser=&session=&service=opacua&robot=&deskservice=desktop&desktop=anet&workstation=&extra="	"f"				"https://anet.be/record/opacuantwerpen/c:lvd:14031588/N"						
"d6b5e261-4e24-4742-a352-5ca40c1b8f3a"	"M1218"	"1722-01-01"	"1722-12-31"	"Synopsis (printed)"	"Synopsis"	"f"			"f"	"f"			"http://anet.ua.ac.be/desktop/anet/core/index.phtml?language=&euser=&session=&service=opacua&robot=&deskservice=desktop&desktop=anet&workstation=&extra="	"f"				"https://anet.be/record/opacuantwerpen/c:lvd:14054381/N"						
"9d053b78-5540-4183-8a85-9598a9dd013c"	"M1242"	"1723-01-01"	"1723-12-31"	"Synopsis (printed)"	"Synopsis"	"f"	"Comedy"		"f"	"f"			"http://anet.ua.ac.be/desktop/anet/core/index.phtml?language=&euser=&session=&service=opacua&robot=&deskservice=desktop&desktop=anet&workstation=&extra="	"f"				"https://anet.be/record/opacuantwerpen/c:lvd:14022479/N"						
"991eb816-023f-44aa-a537-bd94e65b5c2c"	"M1276"	"1724-01-01"	"1724-12-31"	"Synopsis (printed)"	"Synopsis"	"f"	"Comedy"		"f"	"f"			"http://anet.ua.ac.be/desktop/anet/core/index.phtml?language=&euser=&session=&service=opacua&robot=&deskservice=desktop&desktop=anet&workstation=&extra="	"f"		"Goran Proot, Spectacula Iesuitica Belgica Antiqua (SIBA). Pars I: Provincia Flandro-Belgica (Antwerpen, 2008), p. 1-836"								
"83f3c1d6-0c08-41a1-a8f4-4cc9b600128d"	"M1286"	"1724-01-01"	"1724-12-31"	"Synopsis (printed)"	"Synopsis"	"f"			"f"	"f"			"http://anet.ua.ac.be/desktop/anet/core/index.phtml?language=&euser=&session=&service=opacua&robot=&deskservice=desktop&desktop=anet&workstation=&extra="	"f"				"https://anet.be/record/opacuantwerpen/c:lvd:14029083/N"						
"1f7f965a-6ea6-40bc-9b9d-3adb35fde41e"	"M1293"	"1724-01-01"	"1724-12-31"	"Synopsis (printed)"	"Synopsis"	"f"			"f"	"f"			"http://anet.ua.ac.be/desktop/anet/core/index.phtml?language=&euser=&session=&service=opacua&robot=&deskservice=desktop&desktop=anet&workstation=&extra="	"f"				"https://anet.be/record/opacuantwerpen/c:lvd:14049745/N"						
"35e141c5-eb08-418b-955f-1c7885eb7f48"	"M1298"	"1724-01-01"	"1724-12-31"	"Synopsis (printed)"	"Synopsis"	"f"			"f"	"f"			"http://anet.ua.ac.be/desktop/anet/core/index.phtml?language=&euser=&session=&service=opacua&robot=&deskservice=desktop&desktop=anet&workstation=&extra="	"f"				"https://anet.be/record/opacuantwerpen/c:lvd:14051256/N"						
"4f78a609-924a-40db-8dc0-00023b8132a0"	"M1328"	"1725-01-01"	"1725-12-31"	"Synopsis (printed)"	"Synopsis"	"f"			"f"	"f"			"http://anet.ua.ac.be/desktop/anet/core/index.phtml?language=&euser=&session=&service=opacua&robot=&deskservice=desktop&desktop=anet&workstation=&extra="	"f"		"Goran Proot, Spectacula Iesuitica Belgica Antiqua (SIBA). Pars I: Provincia Flandro-Belgica (Antwerpen, 2008), p. 1-836"		"https://anet.be/record/opacuantwerpen/c:lvd:14029194/N"						
"8dd875db-459c-4bc9-83b5-b88aa7ae51c7"	"M1332"	"1725-01-01"	"1725-12-31"	"Synopsis (printed)"	"Synopsis"	"f"	"Comedy"		"f"	"f"			"http://anet.ua.ac.be/desktop/anet/core/index.phtml?language=&euser=&session=&service=opacua&robot=&deskservice=desktop&desktop=anet&workstation=&extra="	"f"				"https://anet.be/record/opacuantwerpen/c:lvd:14029425/N"						
"31c0a45b-d0c6-4051-ad8c-31802eee383a"	"M1367"	"1726-01-01"	"1726-12-31"	"Synopsis (printed)"	"Synopsis"	"f"			"f"	"f"			"http://anet.ua.ac.be/desktop/anet/core/index.phtml?language=&euser=&session=&service=opacua&robot=&deskservice=desktop&desktop=anet&workstation=&extra="	"f"		"Goran Proot, Spectacula Iesuitica Belgica Antiqua (SIBA). Pars I: Provincia Flandro-Belgica (Antwerpen, 2008), p. 1-836"								
"00d5f5c7-fe7e-4271-9018-5acaa73d33a9"	"M1315"	"1725-01-01"	"1725-12-31"	"Synopsis"	"Synopsis"	"f"	"Tragedy"		"f"	"f"				"f"										
"2769ea2d-e1a2-483c-81c4-ca6bd8881acd"	"M1321"	"1725-01-01"	"1725-12-31"	"Synopsis"	"Synopsis"	"f"	"Tragedy"		"f"	"f"				"f"										
"c52d3b05-b4ac-4bbc-9864-47c5d65b4c18"	"M1371"	"1726-01-01"	"1726-12-31"	"Synopsis (printed)"	"Synopsis"	"f"			"f"	"f"			"http://anet.ua.ac.be/desktop/anet/core/index.phtml?language=&euser=&session=&service=opacua&robot=&deskservice=desktop&desktop=anet&workstation=&extra="	"f"				"https://anet.be/record/opacuantwerpen/c:lvd:14054389/N"						
"11576038-6165-445e-bdc4-678e5e2e3513"	"M235"	"1605-01-01"	"1605-12-31"	"Synopsis (printed)"	"Synopsis"	"f"			"f"	"f"				"f"							"https://catalogue.bnf.fr/ark:/12148/cb319988273"			
"c9bd0adf-cda8-4e69-83a3-55aee8c6945d"	"M515"	"1639-01-01"	"1639-12-31"	"Reprint"	"Full edition"	"f"			"f"	"f"				"f"	"163908 - a1 Kk3 OE : a2 Kk4 ER - b1 Ll on : b2 Nn4 ,$"									
"81bceb00-2835-476b-ba53-e45705058a01"	"M516"	"1639-01-01"	"1639-12-31"	"Reprint"	"Full edition"	"f"			"f"	"f"				"f"	"163908 - a1 Gg4 est$memp - b1 Hh a$es : b2 Kk2 a$imp"									
"a4cfc241-3b5a-48b4-b9ad-e0ce9e82fc33"	"M66"	"1541-01-01"	"1541-12-31"	"First Printing"	"Full edition"	"f"	"Comedy"		"t"	"t"				"f"										
"2ebd078c-d69b-4b48-a49c-acf532fa69c6"	"M649"	"1656-01-01"	"1656-12-31"	"Synopsis (printed)"	"Synopsis"	"f"			"f"	"f"		"https://www.let.leidenuniv.nl/Dutch/Ceneton/SLIarbasMechelen1656.html"		"f"					"https://opac.kbr.be/LIBRARY/doc/SYRACUSE/18012894 "		"https://catalogue.bnf.fr/ark:/12148/cb386844007"			
"33d195df-00ec-46c2-859b-493c74c11976"	"M138"	"1568-01-01"	"1568-12-31"		"Full edition"	"f"			"f"	"f"				"f"										
"dae4a63a-bdce-40d3-b01d-58b564b0acfe"	"M240"	"1608-01-01"	"1608-12-31"	"Synopsis (printed)"	"Synopsis"	"f"	"Tragicomedy"		"f"	"f"				"f"	"160804 - b1 A2 a,$y : b2 B s"									
"c43d226b-d96d-4438-8455-3a45e76c93d5"	"M249"	"1613-01-01"	"1613-12-31"	"Synopsis (printed)"	"Synopsis"	"f"	"Tragedy"		"f"	"f"				"f"		"Goran Proot, Spectacula Iesuitica Belgica Antiqua (SIBA). Pars I: Provincia Flandro-Belgica (Antwerpen, 2008), p. 1-836"								
"c7bf48c9-0854-40db-92e2-8905bc4454a9"	"M251"	"1613-01-01"	"1613-12-31"	"Synopsis (printed)"	"Synopsis"	"f"	"Comedy"		"f"	"f"				"f"										
"67a18352-4de5-4b6e-8124-1a1843f6759d"	"M2129"	"1802-01-01"	"1802-12-31"	"Reprint"	"Full edition"	"f"	"Tragedy"		"f"	"f"			"https://books.google.nl/books?id=o2fGDKuXfggC&pg=PA287&dq=euripidis+medea+phoenissae+grotii&hl=nl&sa=X&ved=0ahUKEwjq-LzGqJ3oAhWPM-wKHQ5VBlsQ6wEIbjAH#v=onepage&q=euripidis%20medea%20phoenissae%20grotii&f=false"	"f"										
"3fbf2cf4-a049-42d1-8609-822d90732377"	"M2066"	"1771-01-01"	"1771-12-31"	"Synopsis (printed)"	"Synopsis"	"f"	"Tragedy"		"f"	"f"	"https://www.let.leidenuniv.nl/Dutch/Ceneton/Facsimiles/AugustijnenCarolus1771"		"https://books.google.be/books?id=f_xLAAAAcAAJ&printsec=frontcover&dq=Carolus+I+Angliae+rex+decollatus&hl=nl&sa=X&ved=0ahUKEwiw9MWO29XSAhUFOxoKHdm_ANcQ6AEIHDAA#v=onepage&q=Carolus%20I%20Angliae%20rex%20decollatus&f=false"	"f"						"https://lib.ugent.be/catalog/bkt01:000126740"				
"f8f94a16-6ce1-464d-a02b-37323e7cdd35"	"M2069"	"1771-01-01"	"1771-12-31"	"Synopsis (printed)"	"Synopsis"	"f"	"Comedy"		"f"	"f"			"https://books.google.be/books?id=f_xLAAAAcAAJ&printsec=frontcover&dq=Carolus+I+Angliae+rex+decollatus&hl=nl&sa=X&ved=0ahUKEwiw9MWO29XSAhUFOxoKHdm_ANcQ6AEIHDAA#v=onepage&q=Carolus%20I%20Angliae%20rex%20decollatus&f=false"	"f"										
"732c47b9-f99a-4116-8cee-083bb854eba8"	"M2075"	"1771-01-01"	"1771-12-31"	"Synopsis (printed)"	"Synopsis"	"f"	"Opera"		"f"	"f"			"https://books.google.be/books?id=f_xLAAAAcAAJ&printsec=frontcover&dq=Carolus+I+Angliae+rex+decollatus&hl=nl&sa=X&ved=0ahUKEwiw9MWO29XSAhUFOxoKHdm_ANcQ6AEIHDAA#v=onepage&q=Carolus%20I%20Angliae%20rex%20decollatus&f=false"	"f"						"https://lib.ugent.be/catalog/bkt01:000126740"				
"0c1110d5-4abe-4b80-843b-105deb4b6e45"	"M2078"	"1771-01-01"	"1771-12-31"	"Synopsis (printed)"	"Synopsis"	"f"	"Tragedy"		"f"	"f"				"f"						"https://lib.ugent.be/catalog/rug01:000793169"				
"e96f2a40-ee3e-4383-bc95-e6458ae4f3d3"	"M1020"	"1703-01-01"	"1703-12-31"	"Reprint"	"Full edition"	"f"	"Tragedy"		"f"	"f"			"https://books.google.nl/books?id=VuAX2oPmW5AC&pg=PA384&lpg=PA384&dq=        +medea&source=bl&ots=-fusVEVGXM&sig=ACfU3U3KQux_9jDwvEgK8mOwAW_5-WNGVQ&hl=nl&sa=X&ved=2ahUKEwjRpLyZp53oAhVBwAIHHSlJC2sQ6AEwC3oECAkQAQ#v=onepage&q=        %20medea&f=false"	"f"										
"1ff9aeae-17d7-40c1-b1ab-91bb6e607758"	"M238"	"1608-01-01"	"1608-12-31"	"First Printing"	"Full edition"	"f"	"Tragedy"		"t"	"t"	"https://www.let.leidenuniv.nl/Dutch/Ceneton/Facsimiles/GrotiusChristusPatiens1608"	"https://www.let.leidenuniv.nl/Dutch/Ceneton/GrotiusChristusPatiens1608.html"		"f"	"150808 - a1 *2 $discri [a1 *2 $discr] : a2 *5 $dig - b1 A t,$ : b2 D5 $lux$ge"									
"f8a0bae9-a243-4fdb-aa66-f7bc6be32cce"	"M296"	"1620-01-01"	"1620-12-31"	"Reprint"	"Full edition"	"f"			"f"	"f"				"f"										
"3f4767dc-f90a-4ea6-b2cb-ae1c269a1617"	"M298"	"1620-01-01"	"1620-12-31"	"Reprint"	"Full edition"	"f"			"f"	"f"				"f"										
"65f7940d-4fde-43ae-8426-e5f36259e926"	"M300"	"1617-01-01"	"1623-12-31"	"Reprint"	"Full edition"	"f"			"f"	"f"				"f"										
"c4d39c67-54f9-4020-962e-9527a1add08c"	"M660"	"1657-01-01"	"1657-12-31"	"Synopsis (printed)"	"Synopsis"	"f"	"Comedy"		"f"	"f"				"f"	"165704 - b1 A2 nko : b2 A3 jck$"									
"1078cb2a-1afb-4d19-a221-990faa4a0d55"	"M116"	"1554-01-01"	"1554-12-31"	"Reprint"	"Full edition"	"f"	"Comedy"	"Sacred comedy"	"f"	"f"				"f"	"155408 - "									
"db9d4d19-2a24-46b1-8d29-cb32f759f12a"	"M865"	"1686-01-01"	"1686-12-31"	"Synopsis (printed)"	"Synopsis"	"f"			"f"	"f"				"f"										
"2e5903a9-d502-49c3-940f-520b58459d0a"	"M866"	"1686-01-01"	"1686-12-31"	"Synopsis (printed)"	"Synopsis"	"f"			"f"	"f"				"f"										
"4a6dad91-391e-4ee1-b1c3-defb09d60448"	"M1185"	"1721-01-01"	"1721-12-31"	"Synopsis (printed)"	"Synopsis"	"f"	"Tragedy"		"f"	"f"			"http://anet.ua.ac.be/desktop/anet/core/index.phtml?language=&euser=&session=&service=opacua&robot=&deskservice=desktop&desktop=anet&workstation=&extra="	"f"		"Goran Proot, Spectacula Iesuitica Belgica Antiqua (SIBA). Pars I: Provincia Flandro-Belgica (Antwerpen, 2008), p. 1-836"		"https://anet.be/record/opacuantwerpen/c:lvd:14026011/N"						
"bf185fe4-2bcc-4f02-8fbf-8660f7c05012"	"M1237"	"1723-01-01"	"1723-12-31"	"Synopsis (printed)"	"Synopsis"	"f"			"f"	"f"			"http://anet.ua.ac.be/desktop/anet/core/index.phtml?language=&euser=&session=&service=opacua&robot=&deskservice=desktop&desktop=anet&workstation=&extra="	"f"		"Goran Proot, Spectacula Iesuitica Belgica Antiqua (SIBA). Pars I: Provincia Flandro-Belgica (Antwerpen, 2008), p. 1-836"		"https://anet.be/record/opacuantwerpen/c:lvd:14031999/N"						
"c0f24005-71b5-42d8-bceb-9bcbf6335e2f"	"M1289"	"1724-01-01"	"1724-12-31"	"Synopsis (printed)"	"Synopsis"	"f"			"f"	"f"	"https://www.let.leidenuniv.nl/Dutch/Ceneton/Facsimiles/SJJosephBelle1724"		"http://anet.ua.ac.be/desktop/anet/core/index.phtml?language=&euser=&session=&service=opacua&robot=&deskservice=desktop&desktop=anet&workstation=&extra="	"f"										
"15ca4856-e7ec-4966-a4eb-458f412696a7"	"M1307"	"1725-01-01"	"1725-12-31"	"Synopsis (printed)"	"Synopsis"	"f"			"f"	"f"			"http://anet.ua.ac.be/desktop/anet/core/index.phtml?language=&euser=&session=&service=opacua&robot=&deskservice=desktop&desktop=anet&workstation=&extra="	"f"				"https://anet.be/record/opacuantwerpen/c:lvd:14052770/N"						
"c0f6bede-7296-48f1-a7c3-01a8584b3119"	"M383"	"1631-01-01"	"1631-12-31"	"Synopsis (printed)"	"Synopsis"	"f"	"Tragedy"		"f"	"f"				"f"										
"701402ad-db9c-4a87-a691-a3d782f21b56"	"M626"	"1653-01-01"	"1653-12-31"	"Synopsis (printed)"	"Synopsis"	"f"			"f"	"f"				"f"		"Goran Proot, Spectacula Iesuitica Belgica Antiqua (SIBA). Pars I: Provincia Flandro-Belgica (Antwerpen, 2008), p. 1-836"					"https://catalogue.bnf.fr/ark:/12148/cb38684456v"			
"9b87f0a1-a897-4915-8f7f-8816f21028ec"	"M913"	"1697-01-01"	"1697-12-31"	"Synopsis (printed)"	"Synopsis"	"f"			"f"	"f"				"f"	"169704"	"Goran Proot, Spectacula Iesuitica Belgica Antiqua (SIBA). Pars I: Provincia Flandro-Belgica (Antwerpen, 2008), p. 1-836"								
"da14a509-04a3-445b-8e6c-bcdd31f959a4"	"M923"	"1698-01-01"	"1698-12-31"	"Synopsis (printed)"	"Synopsis"	"f"			"f"	"f"				"f"		"Goran Proot, Spectacula Iesuitica Belgica Antiqua (SIBA). Pars I: Provincia Flandro-Belgica (Antwerpen, 2008), p. 1-836"								
"af422e0f-0654-47e5-a00e-4a64e2b8f180"	"M274"	"1616-01-01"	"1616-12-31"	"Reprint"	"Full edition"	"f"	"Tragedy"		"f"	"f"				"f"	"161612 - a1 AA2 DEVS$e : a2 AA3 rtem, - b1 AA4 ucunt$su : "									
"eabd88b5-eee1-47ad-938b-68e0292c6aed"	"M1795"	"1745-01-01"	"1745-12-31"	"Synopsis (printed)"	"Synopsis"	"f"			"f"	"f"				"f"										
"5fcb550c-cb1f-472c-80ac-f7aa211958ba"	"M1801"	"1746-01-01"	"1746-12-31"	"Synopsis (printed)"	"Synopsis"	"f"			"f"	"f"				"f"	"‘"									
"e997469a-603a-4a15-a241-da19d575f017"	"M1808"	"1747-01-01"	"1747-12-31"	"Synopsis (printed)"	"Synopsis"	"f"			"f"	"f"				"f"	"-"	"Goran Proot, Spectacula Iesuitica Belgica Antiqua (SIBA). Pars I: Provincia Flandro-Belgica (Antwerpen, 2008), p. 1-836"								
"41ee703b-0d5e-40f0-a2f8-ef5c95d7076f"	"M1810"	"1747-01-01"	"1747-12-31"	"Synopsis (printed)"	"Synopsis"	"f"			"f"	"f"				"f"		"Goran Proot, Spectacula Iesuitica Belgica Antiqua (SIBA). Pars I: Provincia Flandro-Belgica (Antwerpen, 2008), p. 1-836"								
"109772ef-780e-4391-b7eb-22280bcc14d7"	"M738"	"1664-01-01"	"1664-12-31"	"Synopsis (printed)"	"Synopsis"	"f"			"f"	"f"				"f"		"Goran Proot, Spectacula Iesuitica Belgica Antiqua (SIBA). Pars I: Provincia Flandro-Belgica (Antwerpen, 2008), p. 1-836"								
"d5cd4c6c-30f1-4eb5-a27c-93990f048870"	"M1031"	"1704-01-01"	"1704-12-31"	"Synopsis (printed)"	"Synopsis"	"f"			"f"	"f"				"f"		"Goran Proot, Spectacula Iesuitica Belgica Antiqua (SIBA). Pars I: Provincia Flandro-Belgica (Antwerpen, 2008), p. 1-836"								
"5e7ceec1-111b-4b3b-852c-3753502857c4"	"M934"	"1699-01-01"	"1699-12-31"	"Synopsis (printed)"	"Synopsis"	"f"	"Tragedy"		"f"	"f"	"https://www.let.leidenuniv.nl/Dutch/Ceneton/Facsimiles/SJDavidEngaddiAntwerpen1699"	"https://www.let.leidenuniv.nl/Dutch/Ceneton/SJDavidEngaddiAntwerpen1699.html"	"http://anet.ua.ac.be/desktop/anet/core/index.phtml?language=&euser=&session=&service=opacua&robot=&deskservice=desktop&desktop=anet&workstation=&extra="	"f"	"40000"									
"d229f811-d763-4878-ad7f-b3d1da9da129"	"M981"	"1701-01-01"	"1701-12-31"	"Synopsis (printed)"	"Synopsis"	"f"	"Tragedy"		"f"	"f"				"f"		"Goran Proot, Spectacula Iesuitica Belgica Antiqua (SIBA). Pars I: Provincia Flandro-Belgica (Antwerpen, 2008), p. 1-836"								
"98c9619c-e775-4451-909d-cf43012c8b92"	"M992"	"1702-01-01"	"1702-12-31"	"Synopsis (printed)"	"Synopsis"	"f"	"Tragedy"		"f"	"f"				"f"		"Goran Proot, Spectacula Iesuitica Belgica Antiqua (SIBA). Pars I: Provincia Flandro-Belgica (Antwerpen, 2008), p. 1-836"								
"1a0e0649-39ae-46cc-93ff-c299b1f9aaed"	"M411"	"1633-01-01"	"1633-12-31"	"Synopsis (printed)"	"Synopsis"	"f"			"f"	"f"	"https://www.let.leidenuniv.nl/Dutch/Ceneton/Facsimiles/SJRomanusDiogenesBrussel1633"			"f"	"163304 - a1 A2 i$n - b1 A d$ : b2 A2 I$cu - c1 C te : c2 B2 $R"									
"73bdb17d-225e-4129-a33d-438f3879d17e"	"M1809"	"1747-01-01"	"1747-12-31"	"Synopsis (printed)"	"Synopsis"	"f"			"f"	"f"	"https://www.let.leidenuniv.nl/Dutch/Ceneton/Facsimiles/SJHypocritaMechelen1747"			"f"										
"f96b5d4f-7119-44ce-bd0e-211a5c4ec960"	"M1064"	"1711-01-01"	"1711-12-31"	"Synopsis (printed)"	"Synopsis"	"f"	"Tragedy"		"f"	"f"				"f"	"2"	"Goran Proot, Spectacula Iesuitica Belgica Antiqua (SIBA). Pars I: Provincia Flandro-Belgica (Antwerpen, 2008), p. 1-836"								
"18d88562-0c24-485c-bb9e-7b2a12ea8105"	"M1065"	"1711-01-01"	"1711-12-31"	"Synopsis (printed)"	"Synopsis"	"f"	"Comedy"		"f"	"f"				"f"	"2"	"Goran Proot, Spectacula Iesuitica Belgica Antiqua (SIBA). Pars I: Provincia Flandro-Belgica (Antwerpen, 2008), p. 1-836"	"Is volgens Proot hetzelfde als: Ceneton050100 (deze kan worden verwijderd, Ceneton050100 moet worden aangevuld)"							
"f6500985-151e-41bf-8378-c9cf7acedfca"	"M1093"	"1714-01-01"	"1714-12-31"	"Synopsis (printed)"	"Synopsis"	"f"			"f"	"f"			"http://anet.ua.ac.be/desktop/anet/core/index.phtml?language=&euser=&session=&service=opacua&robot=&deskservice=desktop&desktop=anet&workstation=&extra="	"f"				"https://anet.be/record/opacuantwerpen/c:lvd:14052613/N"						
"e26f6159-8488-4eaa-be74-67b85b6ea9a2"	"M1156"	"1718-01-01"	"1718-12-31"	"Synopsis (printed)"	"Synopsis"	"f"			"f"	"f"				"f"		"Goran Proot, Spectacula Iesuitica Belgica Antiqua (SIBA). Pars I: Provincia Flandro-Belgica (Antwerpen, 2008), p. 1-836"								
"b324ddff-198f-49d9-ad64-8a99316c3a26"	"M1158"	"1719-01-01"	"1719-12-31"	"Synopsis (printed)"	"Synopsis"	"f"			"f"	"f"				"f"		"Goran Proot, Spectacula Iesuitica Belgica Antiqua (SIBA). Pars I: Provincia Flandro-Belgica (Antwerpen, 2008), p. 1-836"								
"984dae80-1d59-4793-acc6-87e3f7b81080"	"M1172"	"1720-01-01"	"1720-12-31"	"Synopsis (printed)"	"Synopsis"	"f"	"Tragedy"		"f"	"f"			"http://anet.ua.ac.be/desktop/anet/core/index.phtml?language=&euser=&session=&service=opacua&robot=&deskservice=desktop&desktop=anet&workstation=&extra="	"f"				"https://anet.be/record/opacuantwerpen/c:lvd:14023908/N"						
"2965488d-032f-4f10-bb1e-f66f199a1d7a"	"M1180"	"1721-01-01"	"1721-12-31"	"Synopsis (printed)"	"Synopsis"	"f"	"Tragedy"	"Martyr tragedy"	"f"	"f"			"http://anet.ua.ac.be/desktop/anet/core/index.phtml?language=&euser=&session=&service=opacua&robot=&deskservice=desktop&desktop=anet&workstation=&extra="	"f"		"Goran Proot, Spectacula Iesuitica Belgica Antiqua (SIBA). Pars I: Provincia Flandro-Belgica (Antwerpen, 2008), p. 1-836"		"https://anet.be/record/opacuantwerpen/c:lvd:14052876/N"						
"0bad3b14-a673-448b-811b-27975edaddbb"	"M1189"	"1721-01-01"	"1721-12-31"	"Synopsis (printed)"	"Synopsis"	"f"	"Tragedy"		"f"	"f"			"http://anet.ua.ac.be/desktop/anet/core/index.phtml?language=&euser=&session=&service=opacua&robot=&deskservice=desktop&desktop=anet&workstation=&extra="	"f"				"https://anet.be/record/opacuantwerpen/c:lvd:14029400/N"						
"4e7300ce-51c0-4a99-b56e-cd5300b25c0d"	"M1192"	"1721-01-01"	"1721-12-31"	"Synopsis (printed)"	"Synopsis"	"f"			"f"	"f"			"http://anet.ua.ac.be/desktop/anet/core/index.phtml?language=&euser=&session=&service=opacua&robot=&deskservice=desktop&desktop=anet&workstation=&extra="	"f"				"https://anet.be/record/opacuantwerpen/c:lvd:14022314/N"						
"8b832940-6782-4d92-b7bc-41dad640f7d0"	"M1193"	"1721-01-01"	"1721-12-31"	"Synopsis (printed)"	"Synopsis"	"f"			"f"	"f"			"http://anet.ua.ac.be/desktop/anet/core/index.phtml?language=&euser=&session=&service=opacua&robot=&deskservice=desktop&desktop=anet&workstation=&extra="	"f"				"https://anet.be/record/opacuantwerpen/c:lvd:14025436/N"						
"bee40ff8-eb6f-4901-8f3f-8de8b84a303c"	"M1200"	"1721-01-01"	"1721-12-31"	"Synopsis (printed)"	"Synopsis"	"f"			"f"	"f"			"http://anet.ua.ac.be/desktop/anet/core/index.phtml?language=&euser=&session=&service=opacua&robot=&deskservice=desktop&desktop=anet&workstation=&extra="	"f"		"Goran Proot, Spectacula Iesuitica Belgica Antiqua (SIBA). Pars I: Provincia Flandro-Belgica (Antwerpen, 2008), p. 1-836"		"https://anet.be/record/opacuantwerpen/c:lvd:14052767/N"						
"a60a7f05-2868-4cea-ba4b-b8cdf237f80d"	"M1202"	"1721-01-01"	"1721-12-31"	"Synopsis (printed)"	"Synopsis"	"f"			"f"	"f"			"http://anet.ua.ac.be/desktop/anet/core/index.phtml?language=&euser=&session=&service=opacua&robot=&deskservice=desktop&desktop=anet&workstation=&extra="	"f"		"Goran Proot, Spectacula Iesuitica Belgica Antiqua (SIBA). Pars I: Provincia Flandro-Belgica (Antwerpen, 2008), p. 1-836"								
"5e7ba632-4bd2-4cf7-a5d7-52e08f70dc6b"	"M2104"	"1774-01-01"	"1774-12-31"	"Synopsis (printed)"	"Synopsis"	"f"	"Tragedy"		"f"	"f"				"f"										
"22fd9f66-0a17-47bb-aa72-94323694b9ac"	"M449"	"1636-01-01"	"1636-12-31"	"Synopsis (printed)"	"Synopsis"	"f"			"f"	"f"				"f"		"Goran Proot, Spectacula Iesuitica Belgica Antiqua (SIBA). Pars I: Provincia Flandro-Belgica (Antwerpen, 2008), p. 1-836"								
"042d8765-9334-47f8-971a-f263ec32f1d0"	"M469"	"1638-01-01"	"1638-12-31"	"Synopsis (printed)"	"Synopsis"	"f"			"f"	"f"				"f"		"Goran Proot, Spectacula Iesuitica Belgica Antiqua (SIBA). Pars I: Provincia Flandro-Belgica (Antwerpen, 2008), p. 1-836"								
"bd17996c-6063-4f9b-9e77-406faa5721b9"	"M484"	"1639-01-01"	"1639-12-31"	"Synopsis (printed)"	"Synopsis"	"f"	"Tragedy"		"f"	"f"				"f"		"Goran Proot, Spectacula Iesuitica Belgica Antiqua (SIBA). Pars I: Provincia Flandro-Belgica (Antwerpen, 2008), p. 1-836"								
"ecfb36f0-8619-423f-896e-b46785948ed8"	"M670"	"1658-01-01"	"1658-12-31"	"Synopsis (printed)"	"Synopsis"	"f"			"f"	"f"				"f"							"https://catalogue.bnf.fr/ark:/12148/cb386844932"			
"d61c2976-8990-49e9-8f21-22560e0f5e96"	"M1139"	"1717-01-01"	"1717-12-31"	"Synopsis (printed)"	"Synopsis"	"f"	"Tragedy"		"f"	"f"			"http://anet.ua.ac.be/desktop/anet/core/index.phtml?language=&euser=&session=&service=opacua&robot=&deskservice=desktop&desktop=anet&workstation=&extra="	"f"				"https://anet.be/record/opacuantwerpen/c:lvd:14023920/N"						
"9ef882a2-af59-4cd7-a0f7-96cd3e7df57d"	"M1143"	"1717-01-01"	"1717-12-31"	"Synopsis (printed)"	"Synopsis"	"f"	"Tragedy"		"f"	"f"			"http://anet.ua.ac.be/desktop/anet/core/index.phtml?language=&euser=&session=&service=opacua&robot=&deskservice=desktop&desktop=anet&workstation=&extra="	"f"				"https://anet.be/record/opacuantwerpen/c:lvd:14054323/N"						
"39ffdfe8-ab15-4e56-86da-ec674e757ed0"	"M1190"	"1721-01-01"	"1721-12-31"	"Synopsis (printed)"	"Synopsis"	"f"	"Tragedy"		"f"	"f"			"http://anet.ua.ac.be/desktop/anet/core/index.phtml?language=&euser=&session=&service=opacua&robot=&deskservice=desktop&desktop=anet&workstation=&extra="	"f"				"https://anet.be/record/opacuantwerpen/c:lvd:14031514/N"						
"afc10371-4198-4f2e-a9a2-708cb4a40af9"	"M1342"	"1726-01-01"	"1726-12-31"	"Synopsis (printed)"	"Synopsis"	"f"	"Tragedy"		"f"	"f"			"http://anet.ua.ac.be/desktop/anet/core/index.phtml?language=&euser=&session=&service=opacua&robot=&deskservice=desktop&desktop=anet&workstation=&extra="	"f"		"Goran Proot, Spectacula Iesuitica Belgica Antiqua (SIBA). Pars I: Provincia Flandro-Belgica (Antwerpen, 2008), p. 1-836"		"https://anet.be/record/opacuantwerpen/c:lvd:14022493/N"						
"16a4cf1b-3b8d-4a5b-82f1-1b35b9d57bcf"	"M480"	"1639-01-01"	"1639-12-31"	"First Printing"	"Full edition"	"f"	"Tragedy"		"t"	"t"				"f"	"163912 - a1 *2 ti$Pro : a2 B6 E - b1 B7 d$ju : b2 C7 la,$ - c1 D e : c2 E7 ma"									
"c2456e50-7e4e-4063-9247-61301900cea9"	"M481"	"1639-01-01"	"1639-12-31"	"Reprint"	"Full edition"	"f"	"Tragedy"		"t"	"t"				"f"	"163912 - a1 *2 ti$Pro : a2 A E - b1 A2 aeta : b2 B5 tri - c1 B6  e : c2 E7 ma"									
"701dd15f-8816-426a-8793-365500130150"	"M135"	"1566-01-01"	"1566-12-31"	"Reprint"	"Full edition"	"f"	"Comedy"		"f"	"f"				"f"	"156608 - a1 Aij ijs$f : a2 Aiij $qua - b1 B ud : b2 Diiij nibus,"									
"fddd96ad-9895-4329-ac1a-29b06b9b6274"	"M857"	"1684-01-01"	"1684-12-31"	"Reprint"	"Full edition"	"f"			"t"	"t"				"f"						"https://lib.ugent.be/catalog/rug01:001305438"				
"8180f341-7e0f-46de-a12c-d4f56c55891e"	"M42"	"1539-01-01"	"1539-12-31"	"First Printing"	"Full edition"	"f"			"f"	"f"	"https://www.let.leidenuniv.nl/Dutch/Ceneton/Facsimiles/ZovitiusOvis1539"	"https://www.let.leidenuniv.nl/Dutch/Ceneton/ZovitiusOvis1539.html"		"f"										
"b2591dfe-a13b-490e-b5ae-c21225555402"	"M100"	"1550-01-01"	"1550-12-31"	"Reprint"	"Full edition"	"f"			"f"	"f"				"f"										
"512abea4-4e9e-4de9-b21e-87edc811f537"	"M2090"	"1772-01-01"	"1772-12-31"	"Synopsis (printed)"	"Synopsis"	"f"			"f"	"f"				"f"										
"9b4ece96-9239-4e27-997d-e6d8617591b6"	"M2103"	"1774-01-01"	"1774-12-31"	"Synopsis (printed)"	"Synopsis"	"f"	"Tragedy"		"f"	"f"				"f"										
"e225b2f0-4d71-4065-a2e0-4761869d3c10"	"M2107"	"1775-01-01"	"1775-12-31"	"Synopsis (printed)"	"Synopsis"	"f"			"t"	"t"		"https://www.let.leidenuniv.nl/Dutch/Ceneton/GentGrieseildis1775.html"		"f"										
"cc6173a2-03f8-4db9-8f7d-9a32f8ab186e"	"M2108"	"1775-01-01"	"1775-12-31"	"Synopsis (printed)"	"Synopsis"	"f"	"Tragedy"		"f"	"f"				"f"						"https://lib.ugent.be/catalog/rug01:000793171"				
"a561c531-566b-4f38-9247-af40db2bd53a"	"M2116"	"1776-01-01"	"1776-12-31"	"Synopsis (printed)"	"Synopsis"	"f"	"Tragedy"		"f"	"f"				"f"						"https://lib.ugent.be/catalog/rug01:000793172"				
"f6bd5f07-6c86-4d1d-b3e2-ca3b3d59bc6b"	"M937"	"1699-01-01"	"1699-12-31"	"Synopsis (printed)"	"Synopsis"	"f"			"f"	"f"				"f"		"Goran Proot, Spectacula Iesuitica Belgica Antiqua (SIBA). Pars I: Provincia Flandro-Belgica (Antwerpen, 2008), p. 1-836"								
"5bfb9e22-64df-401f-9fd9-4ad8534105b4"	"M884"	"1691-01-01"	"1691-12-31"	"Synopsis (printed)"	"Synopsis"	"f"	"Tragedy"		"f"	"f"			"http://anet.ua.ac.be/desktop/anet/core/index.phtml?language=&euser=&session=&service=opacua&robot=&deskservice=desktop&desktop=anet&workstation=&extra="	"f"				"https://anet.be/record/opacuantwerpen/c:lvd:14049638/N"						
"5c326541-498d-4b07-b8f5-aa01963ab8b1"	"M1731"	"1742-01-01"	"1742-12-31"	"Synopsis (printed)"	"Synopsis"	"f"			"f"	"f"	"https://www.let.leidenuniv.nl/Dutch/Ceneton/Facsimiles/SJBaasaDelensGent1742"	"https://www.let.leidenuniv.nl/Dutch/Ceneton/SJBaasaDelensGent1742.html"	"https://books.google.nl/books?id=nLw8AAAAcAAJ&printsec=frontcover&hl=nl&source=gbs_ge_summary_r&cad=0#v=onepage&q&f=false"	"f"	"000004 - a1 A2 ndu"									
"e7a1ad93-dda4-460f-80c1-16d8c952e813"	"M1732"	"1742-01-01"	"1742-12-31"	"Synopsis (printed)"	"Synopsis"	"f"			"f"	"f"	"https://www.let.leidenuniv.nl/Dutch/Ceneton/Facsimiles/SJBaasaGent1742"	"https://www.let.leidenuniv.nl/Dutch/Ceneton/SJBaasaGent1742.html"	"https://books.google.nl/books?id=m7w8AAAAcAAJ&pg=PP2&lpg=PP2&dq=Baasa+vernietigende+het+geslacht+van+Jeroboam&source=bl&ots=705pmVafsu&sig=6WYiR-PAOHWEHdUyfNdgYloU-f8&hl=nl&sa=X&ved=0ahUKEwjc3-C_24_UAhXDB8AKHWShAAAQ6AEIKzAA#v=onepage&q=Baasa%20vernietigende%20het%20geslacht%20van%20Jeroboam&f=false"	"f"										
"fbc09324-18d8-40ee-8062-d1083590200a"	"M1733"	"1742-01-01"	"1742-12-31"	"Mention"	"Fragment"	"f"	"Comedy"	"Farce"	"f"	"f"	"https://www.let.leidenuniv.nl/Dutch/Ceneton/Facsimiles/SJBaasaGent1742"	"https://www.let.leidenuniv.nl/Dutch/Ceneton/SJBaasaGent1742.html"	"https://books.google.nl/books?id=m7w8AAAAcAAJ&pg=PP2&lpg=PP2&dq=Baasa+vernietigende+het+geslacht+van+Jeroboam&source=bl&ots=705pmVafsu&sig=6WYiR-PAOHWEHdUyfNdgYloU-f8&hl=nl&sa=X&ved=0ahUKEwjc3-C_24_UAhXDB8AKHWShAAAQ6AEIKzAA#v=onepage&q=Baasa%20vernietigende%20het%20geslacht%20van%20Jeroboam&f=false"	"f"										
"c2d7d440-249a-4f18-8e8a-b6a9fb27620a"	"M1736"	"1742-01-01"	"1742-12-31"	"Synopsis (printed)"	"Synopsis"	"f"			"f"	"f"	"https://www.let.leidenuniv.nl/Dutch/Ceneton/Facsimiles/SJBaasaDelensGent1742"	"https://www.let.leidenuniv.nl/Dutch/Ceneton/SJBaasaDelensGent1742.html"	"https://books.google.nl/books?id=nLw8AAAAcAAJ&printsec=frontcover&hl=nl&source=gbs_ge_summary_r&cad=0#v=onepage&q&f=false"	"f"	"000004 - a1 A2 ndu"									
"08b93012-5286-4ed3-bc64-7a92c72ce1fb"	"M1737"	"1742-01-01"	"1742-12-31"	"Mention"	"Fragment"	"f"	"Tragedy"		"f"	"f"			"https://books.google.nl/books?id=xmRbAAAAQAAJ&printsec=frontcover&hl=nl&source=gbs_ge_summary_r&cad=0#v=onepage&q&f=false"	"f"										
"90171dec-d0ff-4dc4-948b-885dc05a4b04"	"M1743"	"1742-01-01"	"1742-12-31"	"Synopsis (printed)"	"Synopsis"	"f"	"Tragedy"		"f"	"f"	"https://www.let.leidenuniv.nl/Dutch/Ceneton/Facsimiles/SJRosaliaGent1742"			"f"		"Goran Proot, Spectacula Iesuitica Belgica Antiqua (SIBA). Pars I: Provincia Flandro-Belgica (Antwerpen, 2008), p. 1-836"								
"8c8e6a4c-a33a-49c6-8e3d-08eb9eeb57e9"	"M1763"	"1743-01-01"	"1743-12-31"	"Synopsis (printed)"	"Synopsis"	"f"	"Tragedy"		"f"	"f"				"f"		"Goran Proot, Spectacula Iesuitica Belgica Antiqua (SIBA). Pars I: Provincia Flandro-Belgica (Antwerpen, 2008), p. 1-836"	"Koppelen op M- of E-niveau aan Ceneton049490"							
"a308732e-a50a-404c-acd9-970f731deada"	"M1768"	"1744-01-01"	"1744-12-31"	"Synopsis (printed)"	"Synopsis"	"f"			"f"	"f"				"f"		"Goran Proot, Spectacula Iesuitica Belgica Antiqua (SIBA). Pars I: Provincia Flandro-Belgica (Antwerpen, 2008), p. 1-836"	"Koppelen op M- of E-niveau aan Ceneton046710 "							
"62ca8fd5-2988-4d4b-8fee-07276a29b752"	"M1779"	"1744-01-01"	"1744-12-31"	"Synopsis (printed)"	"Synopsis"	"f"			"f"	"f"				"f"		"Goran Proot, Spectacula Iesuitica Belgica Antiqua (SIBA). Pars I: Provincia Flandro-Belgica (Antwerpen, 2008), p. 1-836"	"Koppelen op M- of E-niveau aan Ceneton043040"							
"4288271a-d520-4bef-9249-d5c1a05b4d6c"	"M1785"	"1745-01-01"	"1745-12-31"	"Synopsis (printed)"	"Synopsis"	"f"			"f"	"f"				"f"						"https://lib.ugent.be/catalog/bkt01:000325952"				
"c024e294-5b5c-4b07-bc4b-3b3a276cd3d6"	"M1786"	"1745-01-01"	"1745-12-31"	"Synopsis (printed)"	"Synopsis"	"f"			"f"	"f"	"https://www.let.leidenuniv.nl/Dutch/Ceneton/Facsimiles/SJAbrahamGent1745"			"f"										
"e3bf5ce6-d97a-4139-9384-8305a515bb6e"	"M1806"	"1746-01-01"	"1746-12-31"	"Synopsis (printed)"	"Synopsis"	"f"	"Comical tragedy"		"f"	"f"				"f"		"Goran Proot, Spectacula Iesuitica Belgica Antiqua (SIBA). Pars I: Provincia Flandro-Belgica (Antwerpen, 2008), p. 1-836"	"Koppelen op M- of E-niveau aan M1802"			"https://lib.ugent.be/catalog/bkt01:000325955"				
"d61a046b-cd4e-40e2-9d3c-cbce162e216f"	"M1807"	"1747-01-01"	"1747-12-31"	"Synopsis (printed)"	"Synopsis"	"f"			"t"	"t"	"https://www.let.leidenuniv.nl/Dutch/Ceneton/Facsimiles/SJMichaelLinusGent1747"			"f"										
"37652bba-91e6-4234-b5ea-a4260220114a"	"M1818"	"1748-01-01"	"1748-12-31"	"Synopsis (printed)"	"Synopsis"	"f"	"Tragedy"		"f"	"f"				"f"						"https://lib.ugent.be/catalog/bkt01:000325958"				
"27a635d8-1546-4eb5-951e-be24d3e92007"	"M1819"	"1748-01-01"	"1748-12-31"	"Synopsis (printed)"	"Synopsis"	"f"	"Tragedy"		"f"	"f"	"https://www.let.leidenuniv.nl/Dutch/Ceneton/Facsimiles/SJJephtiasGent1748"			"f"		"Goran Proot, Spectacula Iesuitica Belgica Antiqua (SIBA). Pars I: Provincia Flandro-Belgica (Antwerpen, 2008), p. 1-836"								
"a248a764-d123-495d-8bf8-c37403e30e55"	"M1821"	"1748-01-01"	"1748-12-31"	"Synopsis (printed)"	"Synopsis"	"f"	"Tragedy"		"f"	"f"				"f"			"Koppelen op M- of E-niveau aan Ceneton069980"							
"351bd518-fe4c-4f44-926e-f75078b548db"	"M1824"	"1749-01-01"	"1749-12-31"	"Synopsis (printed)"	"Synopsis"	"f"	"Tragedy"		"f"	"f"				"f"										
"045c436c-c785-4ff5-b5de-c1bfb25fd6ee"	"M1827"	"1749-01-01"	"1749-12-31"	"Synopsis (printed)"	"Synopsis"	"f"			"f"	"f"				"f"						"https://lib.ugent.be/catalog/bkt01:000325960"				
"f0a9d290-2c3e-45d6-b659-a6e840a26048"	"M1830"	"1749-01-01"	"1749-12-31"	"Synopsis (printed)"	"Synopsis"	"f"	"Tragedy"		"f"	"f"				"f"										
"52075a9c-3efc-4a6f-819d-5e541df662ea"	"M1834"	"1749-01-01"	"1749-12-31"	"Synopsis (printed)"	"Synopsis"	"f"	"Comical tragedy"		"f"	"f"				"f"		"Goran Proot, Spectacula Iesuitica Belgica Antiqua (SIBA). Pars I: Provincia Flandro-Belgica (Antwerpen, 2008), p. 1-836"	"Koppelen op M- of E-niveau aan Ceneton049930"							
"edc2bf5b-95b6-4ce4-aff6-4cee366c2a0f"	"M1835"	"1749-01-01"	"1749-12-31"	"Synopsis (printed)"	"Synopsis"	"f"	"Comical tragedy"		"f"	"f"				"f"		"Goran Proot, Spectacula Iesuitica Belgica Antiqua (SIBA). Pars I: Provincia Flandro-Belgica (Antwerpen, 2008), p. 1-836"	"Koppelen op M- of E-niveau aan Ceneton049920"							
"fe4a01e0-2a5c-44f3-a5fd-dfc2c3df3b11"	"M1839"	"1750-01-01"	"1750-12-31"	"Synopsis (printed)"	"Synopsis"	"f"	"Comedy"		"f"	"f"				"f"										
"992bc3a9-081c-4fec-923b-7375708042b7"	"M1842"	"1750-01-01"	"1750-12-31"	"Synopsis (printed)"	"Synopsis"	"f"	"Tragedy"		"f"	"f"				"f"										
"ceba3e66-c500-49e5-8cf6-b1d1b8cef178"	"M1843"	"1750-01-01"	"1750-12-31"	"Synopsis (printed)"	"Synopsis"	"f"	"Tragedy"		"f"	"f"			"http://books.google.be/books?id=Cb08AAAAcAAJ&printsec=frontcover&hl=nl&source=gbs_ge_summary_r&cad=0#v=onepage&q&f=false"	"f"										
"e1522246-9b40-4b7f-a1cf-5c1d745e23a2"	"M1844"	"1750-01-01"	"1750-12-31"	"Synopsis (printed)"	"Synopsis"	"f"			"f"	"f"				"f"										
"1ba5ce02-8c87-4915-8e09-101502384133"	"M1848"	"1750-01-01"	"1750-12-31"	"Synopsis (printed)"	"Synopsis"	"f"			"f"	"f"				"f"										
"bb1cf574-46ab-44a2-98ed-e9c95bbfc0ae"	"M1851"	"1750-01-01"	"1750-12-31"	"Synopsis (printed)"	"Synopsis"	"f"	"Comedy"		"f"	"f"				"f"										
"60f50210-2887-4385-884c-e83cc9734a85"	"M1852"	"1750-01-01"	"1750-12-31"	"Synopsis (printed)"	"Synopsis"	"f"			"f"	"f"			"http://books.google.be/books?printsec=frontcover&id=CL08AAAAcAAJ&hl=nl#v=onepage&q&f=false"	"f"										
"0b34c62e-e838-409a-85cb-ec3df5c4cfd9"	"M1856"	"1751-01-01"	"1751-12-31"	"Synopsis (printed)"	"Synopsis"	"f"			"f"	"f"			"http://books.google.be/books?id=EL08AAAAcAAJ&printsec=frontcover&hl=nl&source=gbs_ge_summary_r&cad=0#v=onepage&q&f=false"	"f"										
"1f9e66f2-335f-4e8e-9868-d7c15872b239"	"M1858"	"1751-01-01"	"1751-12-31"	"Synopsis (printed)"	"Synopsis"	"f"			"f"	"f"			"http://books.google.be/books?id=D708AAAAcAAJ&printsec=frontcover&hl=nl&source=gbs_ge_summary_r&cad=0#v=onepage&q&f=false"	"f"										
"0b071c60-2b29-4a8e-b3f9-68ae8a88aa96"	"M1859"	"1751-01-01"	"1751-12-31"	"Synopsis (printed)"	"Synopsis"	"f"			"f"	"f"			"http://books.google.nl/books?id=Cr08AAAAcAAJ&printsec=frontcover&hl=nl&output=html_text"	"f"										
"3593f882-cb79-4574-91f8-901212b5dbe4"	"M1860"	"1751-01-01"	"1751-12-31"	"Mention"	"Fragment"	"f"	"Comedy"		"f"	"f"				"f"		"Goran Proot, Spectacula Iesuitica Belgica Antiqua (SIBA). Pars I: Provincia Flandro-Belgica (Antwerpen, 2008), p. 1-836"								
"b09e4f98-31e5-4732-a7cc-bba4e215ca88"	"M1866"	"1752-01-01"	"1752-12-31"	"Synopsis (printed)"	"Synopsis"	"f"	"Tragedy"		"f"	"f"			"http://books.google.nl/books?id=Fb08AAAAcAAJ&printsec=frontcover&hl=nl#v=onepage&q&f=false"	"f"										
"d6380f2a-883f-4ad6-b63c-666646fccdae"	"M2014"	"1766-01-01"	"1766-12-31"	"Synopsis (printed)"	"Synopsis"	"f"			"f"	"f"				"f"										
"827ef0c2-2ef9-4985-817c-20349b4d2842"	"M2240"	"1734-01-01"	"1734-12-31"	"Synopsis (printed)"	"Synopsis"	"f"			"f"	"f"				"f"		"Lies Peeters, Arbeidstijd en vrije tijd in Vlaanderen tijdens de 18de eeuw: een micro-onderzoek (Gent, 2011)"								
"933997a5-3459-4f59-a633-2310d3ae83b8"	"M1498"	"1730-01-01"	"1730-12-31"	"Synopsis (printed)"	"Synopsis"	"f"			"f"	"f"			"http://anet.ua.ac.be/desktop/anet/core/index.phtml?language=&euser=&session=&service=opacua&robot=&deskservice=desktop&desktop=anet&workstation=&extra="	"f"				"https://anet.be/record/opacuantwerpen/c:lvd:14029013/N"						
"aaff1f89-c8e4-4b01-a369-740f6445ec37"	"M1532"	"1731-01-01"	"1731-12-31"	"Synopsis"	"Synopsis"	"f"	"Comedy"		"f"	"f"				"f"										
"762804e9-03e3-4de4-90b1-467ad9ca2322"	"M1756"	"1743-01-01"	"1743-12-31"	"Synopsis (printed)"	"Synopsis"	"f"			"f"	"f"			"http://books.google.nl/books?id=sn8UAAAAQAAJ&pg=PT30&dq=APPLAUSUs+CONVIVALIS+Illustrissimo+ac+reverendissimo+Domino+D.+Guilielmo+Philippo&hl=nl&sa=X&ei=zm_wU-zhE5SY1AXiy4HwDA&ved=0CCMQ6AEwAA#v=onepage&q=APPLAUSUs%20CONVIVALIS%20Illustrissimo%20ac%20reverendissimo%20Domino%20D.%20Guilielmo%20Philippo&f=false"	"f"		"Goran Proot, Spectacula Iesuitica Belgica Antiqua (SIBA). Pars I: Provincia Flandro-Belgica (Antwerpen, 2008), p. 1-836"								
"a2beeffd-92a0-49d1-8762-571093c5ff2e"	"M1067"	"1711-01-01"	"1711-12-31"	"Synopsis (printed)"	"Synopsis"	"f"	"Tragicomedy"		"f"	"f"			"http://anet.ua.ac.be/desktop/anet/core/index.phtml?language=&euser=&session=&service=opacua&robot=&deskservice=desktop&desktop=anet&workstation=&extra="	"f"				"https://anet.be/record/opacuantwerpen/c:lvd:14025569/N"						
"ce6560d6-8deb-4e62-9c67-c6040fdcd523"	"M1068"	"1711-01-01"	"1711-12-31"	"Synopsis (printed)"	"Synopsis"	"f"			"f"	"f"			"http://anet.ua.ac.be/desktop/anet/core/index.phtml?language=&euser=&session=&service=opacua&robot=&deskservice=desktop&desktop=anet&workstation=&extra="	"f"				"https://anet.be/record/opacuantwerpen/c:lvd:14025917/N"						
"f86ba0fe-498d-40d8-935f-506a96db3a90"	"M1079"	"1712-01-01"	"1712-12-31"	"Synopsis (printed)"	"Synopsis"	"f"	"Tragicomedy"		"f"	"f"			"http://anet.ua.ac.be/desktop/anet/core/index.phtml?language=&euser=&session=&service=opacua&robot=&deskservice=desktop&desktop=anet&workstation=&extra="	"f"				"https://anet.be/record/opacuantwerpen/c:lvd:14023765/N"						
"af74cc1c-e925-416d-971d-913e92e6c0c3"	"M1087"	"1713-01-01"	"1713-12-31"	"Synopsis (printed)"	"Synopsis"	"f"	"Tragedy"		"f"	"f"			"http://anet.ua.ac.be/desktop/anet/core/index.phtml?language=&euser=&session=&service=opacua&robot=&deskservice=desktop&desktop=anet&workstation=&extra="	"f"				"https://anet.be/record/opacuantwerpen/c:lvd:14051206/N"						
"42b60cac-d595-48b8-870b-f587ba538fad"	"M1092"	"1714-01-01"	"1714-12-31"	"Synopsis (printed)"	"Synopsis"	"f"			"f"	"f"			"http://anet.ua.ac.be/desktop/anet/core/index.phtml?language=&euser=&session=&service=opacua&robot=&deskservice=desktop&desktop=anet&workstation=&extra="	"f"		"Goran Proot, Spectacula Iesuitica Belgica Antiqua (SIBA). Pars I: Provincia Flandro-Belgica (Antwerpen, 2008), p. 1-836"		"https://anet.be/record/opacuantwerpen/c:lvd:14049846/N"						
"dbcb4843-df52-45d2-8bbf-a671ffed8eb6"	"M1096"	"1714-01-01"	"1714-12-31"	"Synopsis (printed)"	"Synopsis"	"f"			"f"	"f"			"http://anet.ua.ac.be/desktop/anet/core/index.phtml?language=&euser=&session=&service=opacua&robot=&deskservice=desktop&desktop=anet&workstation=&extra="	"f"		"Goran Proot, Spectacula Iesuitica Belgica Antiqua (SIBA). Pars I: Provincia Flandro-Belgica (Antwerpen, 2008), p. 1-836"		"https://anet.be/record/opacuantwerpen/c:lvd:14024068/N"	"https://opac.kbr.be/LIBRARY/doc/SYRACUSE/18016262"					
"774c8bcb-ba2e-47e1-bcaa-2d283d4a513c"	"M1098"	"1715-01-01"	"1715-12-31"	"Synopsis (printed)"	"Synopsis"	"f"			"f"	"f"			"http://anet.ua.ac.be/desktop/anet/core/index.phtml?language=&euser=&session=&service=opacua&robot=&deskservice=desktop&desktop=anet&workstation=&extra="	"f"				"https://anet.be/record/opacuantwerpen/c:lvd:14022285/N"						
"b8930c41-c146-4ba1-8773-bd6cde297c4e"	"M1100"	"1715-01-01"	"1715-12-31"	"Synopsis (printed)"	"Synopsis"	"f"			"f"	"f"			"http://anet.ua.ac.be/desktop/anet/core/index.phtml?language=&euser=&session=&service=opacua&robot=&deskservice=desktop&desktop=anet&workstation=&extra="	"f"				"https://anet.be/record/opacuantwerpen/c:lvd:14025348/N"						
"9d39c05d-4fc7-433d-b244-95296665cdeb"	"M1101"	"1715-01-01"	"1715-12-31"	"Synopsis (printed)"	"Synopsis"	"f"	"Tragedy"		"f"	"f"			"http://anet.ua.ac.be/desktop/anet/core/index.phtml?language=&euser=&session=&service=opacua&robot=&deskservice=desktop&desktop=anet&workstation=&extra="	"f"				"https://anet.be/record/opacuantwerpen/c:lvd:14025988/N"						
"074d82bf-bcd0-44c7-a60a-4ccd671bd318"	"M1104"	"1715-01-01"	"1715-12-31"	"Synopsis (printed)"	"Synopsis"	"f"			"f"	"f"			"http://anet.ua.ac.be/desktop/anet/core/index.phtml?language=&euser=&session=&service=opacua&robot=&deskservice=desktop&desktop=anet&workstation=&extra="	"f"				"https://anet.be/record/opacuantwerpen/c:lvd:14051216/N"						
"fcbaab6f-2e22-4c88-bcab-f47e5f6d1934"	"M1105"	"1715-01-01"	"1715-12-31"	"Synopsis (printed)"	"Synopsis"	"f"			"f"	"f"			"http://anet.ua.ac.be/desktop/anet/core/index.phtml?language=&euser=&session=&service=opacua&robot=&deskservice=desktop&desktop=anet&workstation=&extra="	"f"				"https://anet.be/record/opacuantwerpen/c:lvd:14051264/N"						
"7a4d4d91-a7e2-40f7-96b2-f247515762d6"	"M1106"	"1715-01-01"	"1715-12-31"	"Synopsis (printed)"	"Synopsis"	"f"			"f"	"f"			"http://anet.ua.ac.be/desktop/anet/core/index.phtml?language=&euser=&session=&service=opacua&robot=&deskservice=desktop&desktop=anet&workstation=&extra="	"f"				"https://anet.be/record/opacuantwerpen/c:lvd:14052638/N"						
"a6726818-2542-461f-b2ab-4cfd547fed39"	"M1107"	"1715-01-01"	"1715-12-31"	"Synopsis (printed)"	"Synopsis"	"f"			"f"	"f"			"http://anet.ua.ac.be/desktop/anet/core/index.phtml?language=&euser=&session=&service=opacua&robot=&deskservice=desktop&desktop=anet&workstation=&extra="	"f"				"https://anet.be/record/opacuantwerpen/c:lvd:14052653/N"						
"d8dab5b8-c0d2-46b6-9e79-abbf6146e4c4"	"M1108"	"1715-01-01"	"1715-12-31"	"Synopsis (printed)"	"Synopsis"	"f"	"Tragedy"		"f"	"f"			"http://anet.ua.ac.be/desktop/anet/core/index.phtml?language=&euser=&session=&service=opacua&robot=&deskservice=desktop&desktop=anet&workstation=&extra="	"f"				"https://anet.be/record/opacuantwerpen/c:lvd:14052734/N"						
"69e0859e-8f5c-43fc-a52b-c7c202f3c47e"	"M1115"	"1716-01-01"	"1716-12-31"	"Synopsis (printed)"	"Synopsis"	"f"			"f"	"f"				"f"		"Goran Proot, Spectacula Iesuitica Belgica Antiqua (SIBA). Pars I: Provincia Flandro-Belgica (Antwerpen, 2008), p. 1-836"								
"53d4dbbc-931d-4f41-a889-efadc0b5a108"	"M1148"	"1718-01-01"	"1718-12-31"	"Synopsis (printed)"	"Synopsis"	"f"			"f"	"f"			"http://anet.ua.ac.be/desktop/anet/core/index.phtml?language=&euser=&session=&service=opacua&robot=&deskservice=desktop&desktop=anet&workstation=&extra="	"f"				"https://anet.be/record/opacuantwerpen/c:lvd:14022309/N"						
"8201f3d5-ce71-436a-b2c0-ef8231af7aca"	"M1177"	"1720-01-01"	"1720-12-31"	"Synopsis (printed)"	"Synopsis"	"f"			"f"	"f"			"http://anet.ua.ac.be/desktop/anet/core/index.phtml?language=&euser=&session=&service=opacua&robot=&deskservice=desktop&desktop=anet&workstation=&extra="	"f"				"https://anet.be/record/opacuantwerpen/c:lvd:14052645/N"						
"266a0fb9-b0b9-43b1-9cf1-5fdf4d888873"	"M1191"	"1721-01-01"	"1721-12-31"	"Synopsis (printed)"	"Synopsis"	"f"			"f"	"f"			"http://anet.ua.ac.be/desktop/anet/core/index.phtml?language=&euser=&session=&service=opacua&robot=&deskservice=desktop&desktop=anet&workstation=&extra="	"f"				"https://anet.be/record/opacuantwerpen/c:lvd:14031594/N"						
"014bf0b3-1d81-4ad4-ab5d-b93e2128bbaa"	"M1241"	"1723-01-01"	"1723-12-31"	"Synopsis (printed)"	"Synopsis"	"f"	"Tragedy"		"f"	"f"			"http://anet.ua.ac.be/desktop/anet/core/index.phtml?language=&euser=&session=&service=opacua&robot=&deskservice=desktop&desktop=anet&workstation=&extra="	"f"				"https://anet.be/record/opacuantwerpen/c:lvd:14022438/N"						
"95355efe-2af1-4d67-af6f-242ace76cfa3"	"M1244"	"1723-01-01"	"1723-12-31"	"Synopsis (printed)"	"Synopsis"	"f"			"f"	"f"			"http://anet.ua.ac.be/desktop/anet/core/index.phtml?language=&euser=&session=&service=opacua&robot=&deskservice=desktop&desktop=anet&workstation=&extra="	"f"				"https://anet.be/record/opacuantwerpen/c:lvd:14023955/N"						
"7e37168c-8268-47fb-b792-e71c790ed143"	"M1258"	"1723-01-01"	"1723-12-31"	"Synopsis (printed)"	"Synopsis"	"f"	"Comedy"		"f"	"f"			"http://anet.ua.ac.be/desktop/anet/core/index.phtml?language=&euser=&session=&service=opacua&robot=&deskservice=desktop&desktop=anet&workstation=&extra="	"f"				"https://anet.be/record/opacuantwerpen/c:lvd:14051249/N"						
"5e7c9510-9cd4-4a59-8273-ec522fe6b64a"	"M1259"	"1723-01-01"	"1723-12-31"	"Synopsis (printed)"	"Synopsis"	"f"			"f"	"f"			"http://anet.ua.ac.be/desktop/anet/core/index.phtml?language=&euser=&session=&service=opacua&robot=&deskservice=desktop&desktop=anet&workstation=&extra="	"f"				"https://anet.be/record/opacuantwerpen/c:lvd:14051320/N"						
"e39a3acf-807a-4df8-8259-b1ef5331cb96"	"M1261"	"1723-01-01"	"1723-12-31"	"Synopsis (printed)"	"Synopsis"	"f"			"f"	"f"			"http://anet.ua.ac.be/desktop/anet/core/index.phtml?language=&euser=&session=&service=opacua&robot=&deskservice=desktop&desktop=anet&workstation=&extra="	"f"				"https://anet.be/record/opacuantwerpen/c:lvd:14051333/N"						
"a7dfdd75-4af6-42ed-a395-3c345d36c026"	"M1343"	"1726-01-01"	"1726-12-31"	"Synopsis (printed)"	"Synopsis"	"f"			"f"	"f"			"http://anet.ua.ac.be/desktop/anet/core/index.phtml?language=&euser=&session=&service=opacua&robot=&deskservice=desktop&desktop=anet&workstation=&extra="	"f"		"Goran Proot, Spectacula Iesuitica Belgica Antiqua (SIBA). Pars I: Provincia Flandro-Belgica (Antwerpen, 2008), p. 1-836"								
"f3f791c0-4ddf-4d4c-b9ae-b26535c66181"	"M1359"	"1726-01-01"	"1726-12-31"	"Synopsis (printed)"	"Synopsis"	"f"			"f"	"f"			"http://anet.ua.ac.be/desktop/anet/core/index.phtml?language=&euser=&session=&service=opacua&robot=&deskservice=desktop&desktop=anet&workstation=&extra="	"f"				"https://anet.be/record/opacuantwerpen/c:lvd:14049722/N"						
"39ae4b9a-0ac9-4cdf-a34f-1496f6def332"	"M1508"	"1730-01-01"	"1730-12-31"	"Synopsis (printed)"	"Synopsis"	"f"	"Tragedy"		"f"	"f"	"https://www.let.leidenuniv.nl/Dutch/Ceneton/Facsimiles/SJAttiliusAntwerpen1730"			"f"	"2"	"Goran Proot, Spectacula Iesuitica Belgica Antiqua (SIBA). Pars I: Provincia Flandro-Belgica (Antwerpen, 2008), p. 1-836"								
"3923c81b-7d12-486c-9d95-5b8e4c4cf87b"	"M1574"	"1732-01-01"	"1732-12-31"	"Synopsis (printed)"	"Synopsis"	"f"			"f"	"f"				"f"	"2"									
"999451a8-c71a-4e51-bb8e-ed158b5e81f5"	"M1577"	"1732-01-01"	"1732-12-31"	"Synopsis (printed)"	"Synopsis"	"f"	"Tragedy"		"f"	"f"				"f"	"2"									
"2ece5e85-93c6-4917-991a-cfa5679bd1cf"	"M1586"	"1732-01-01"	"1732-12-31"	"Synopsis (printed)"	"Synopsis"	"f"	"Comedy"		"f"	"f"				"f"	"2"	"Goran Proot, Spectacula Iesuitica Belgica Antiqua (SIBA). Pars I: Provincia Flandro-Belgica (Antwerpen, 2008), p. 1-836"								
"e531a9ac-3eb7-43c3-88db-b4c7d7aa47c9"	"M1596"	"1732-01-01"	"1732-12-31"	"Synopsis (printed)"	"Synopsis"	"f"	"Comedy"		"f"	"f"				"f"	"2"									
"88e24d23-cff5-4d28-859e-1cf62098f0e9"	"M1599"	"1732-01-01"	"1732-12-31"	"Synopsis (printed)"	"Synopsis"	"f"	"Comedy"		"f"	"f"				"f"	"2"	"Goran Proot, Spectacula Iesuitica Belgica Antiqua (SIBA). Pars I: Provincia Flandro-Belgica (Antwerpen, 2008), p. 1-836"								
"bad627a1-52da-42f0-bd3d-a4821b38da36"	"M1631"	"1733-01-01"	"1733-12-31"	"Synopsis (printed)"	"Synopsis"	"f"	"Tragedy"		"f"	"f"				"f"	"2"									
"d4b9327e-6942-4176-818b-8a5315f1be3d"	"M1632"	"1733-01-01"	"1733-12-31"	"Synopsis (printed)"	"Synopsis"	"f"	"Tragedy"		"f"	"f"				"f"	"2"	"Goran Proot, Spectacula Iesuitica Belgica Antiqua (SIBA). Pars I: Provincia Flandro-Belgica (Antwerpen, 2008), p. 1-836"								
"c60d0d7a-0edf-43ec-834f-570109ab6406"	"M1635"	"1733-01-01"	"1733-12-31"	"Synopsis (printed)"	"Synopsis"	"f"	"Comedy"		"f"	"f"				"f"	"2"									
"080a21b1-485f-413e-aeb8-3a496ab6ee83"	"M1658"	"1733-01-01"	"1733-12-31"	"Synopsis (printed)"	"Synopsis"	"f"	"Comedy"		"f"	"f"				"f"	"4"									
"3a0ab008-6d02-4451-8de5-69acbfaae490"	"M1714"	"1740-01-01"	"1740-12-31"	"Synopsis (printed)"	"Synopsis"	"f"	"Tragedy"		"f"	"f"				"f"		"Goran Proot, Spectacula Iesuitica Belgica Antiqua (SIBA). Pars I: Provincia Flandro-Belgica (Antwerpen, 2008), p. 1-836"								
"174015bc-8745-43d5-9066-18ffe92fa271"	"M1715"	"1740-01-01"	"1740-12-31"	"Synopsis (printed)"	"Synopsis"	"f"	"Comedy"		"f"	"f"				"f"		"Goran Proot, Spectacula Iesuitica Belgica Antiqua (SIBA). Pars I: Provincia Flandro-Belgica (Antwerpen, 2008), p. 1-836"								
"0d53eab5-8dba-4c36-a932-7b269f4e867c"	"M1750"	"1743-01-01"	"1743-12-31"	"Synopsis (printed)"	"Synopsis"	"f"			"f"	"f"				"f"										
"ab97be6a-04eb-4044-818a-d7f4d2f97862"	"M1829"	"1749-01-01"	"1749-12-31"	"Synopsis (printed)"	"Synopsis"	"f"			"f"	"f"			"http://anet.ua.ac.be/desktop/anet/core/index.phtml?language=&euser=&session=&service=opacua&robot=&deskservice=desktop&desktop=anet&workstation=&extra="	"f"				"https://anet.be/record/opacuantwerpen/c:lvd:14054433/N"						
"0aa9360b-cd63-4276-9f91-a68a51b11298"	"M548"	"1643-01-01"	"1643-12-31"	"Synopsis (printed)"	"Synopsis"	"f"			"f"	"f"				"f"							"https://catalogue.bnf.fr/ark:/12148/cb370881455"			
"8995379b-e1ef-41cc-a9a9-e244b4ca29ab"	"M1125"	"1717-01-01"	"1717-12-31"	"Synopsis (printed)"	"Synopsis"	"f"	"Tragedy"		"f"	"f"				"f"	"4"	"Goran Proot, Spectacula Iesuitica Belgica Antiqua (SIBA). Pars I: Provincia Flandro-Belgica (Antwerpen, 2008), p. 1-836"								
"e3b5ddf7-8022-47aa-a7c2-a5e90eb3407b"	"M1181"	"1721-01-01"	"1721-12-31"	"Synopsis (printed)"	"Synopsis"	"f"			"f"	"f"			"http://anet.ua.ac.be/desktop/anet/core/index.phtml?language=&euser=&session=&service=opacua&robot=&deskservice=desktop&desktop=anet&workstation=&extra="	"f"		"Goran Proot, Spectacula Iesuitica Belgica Antiqua (SIBA). Pars I: Provincia Flandro-Belgica (Antwerpen, 2008), p. 1-836"								
"df77bdc3-f1a0-4925-90b2-8786cd2aa2be"	"M1201"	"1721-01-01"	"1721-12-31"	"Synopsis (printed)"	"Synopsis"	"f"			"f"	"f"			"http://anet.ua.ac.be/desktop/anet/core/index.phtml?language=&euser=&session=&service=opacua&robot=&deskservice=desktop&desktop=anet&workstation=&extra="	"f"		"Goran Proot, Spectacula Iesuitica Belgica Antiqua (SIBA). Pars I: Provincia Flandro-Belgica (Antwerpen, 2008), p. 1-836"		"https://anet.be/record/opacuantwerpen/c:lvd:14052851/N"						
"0202d81a-7145-41e6-87e3-6d6f472e4093"	"M1213"	"1722-01-01"	"1722-12-31"	"Synopsis (printed)"	"Synopsis"	"f"			"f"	"f"			"http://anet.ua.ac.be/desktop/anet/core/index.phtml?language=&euser=&session=&service=opacua&robot=&deskservice=desktop&desktop=anet&workstation=&extra="	"f"										
"e9c90d5f-e508-4166-ab9f-24c9e7f5ca4c"	"M1219"	"1722-01-01"	"1722-12-31"	"Synopsis (printed)"	"Synopsis"	"f"			"f"	"f"			"http://anet.ua.ac.be/desktop/anet/core/index.phtml?language=&euser=&session=&service=opacua&robot=&deskservice=desktop&desktop=anet&workstation=&extra="	"f"				"https://anet.be/record/opacuantwerpen/c:lvd:14025501/N"						
"dcc47f49-a7d1-42cc-b0d6-94bedbcb0586"	"M1220"	"1722-01-01"	"1722-12-31"	"Synopsis (printed)"	"Synopsis"	"f"			"f"	"f"			"http://anet.ua.ac.be/desktop/anet/core/index.phtml?language=&euser=&session=&service=opacua&robot=&deskservice=desktop&desktop=anet&workstation=&extra="	"f"				"https://anet.be/record/opacuantwerpen/c:lvd:14025602/N"						
"fde281ad-ba74-42df-85d0-edfe18b0369a"	"M1232"	"1722-01-01"	"1722-12-31"	"Synopsis (printed)"	"Synopsis"	"f"			"f"	"f"			"http://anet.ua.ac.be/desktop/anet/core/index.phtml?language=&euser=&session=&service=opacua&robot=&deskservice=desktop&desktop=anet&workstation=&extra="	"f"										
"4e24125f-a7e6-4f25-a6db-af136951c0d2"	"M1238"	"1723-01-01"	"1723-12-31"	"Synopsis (printed)"	"Synopsis"	"f"			"f"	"f"			"http://anet.ua.ac.be/desktop/anet/core/index.phtml?language=&euser=&session=&service=opacua&robot=&deskservice=desktop&desktop=anet&workstation=&extra="	"f"				"https://anet.be/record/opacuantwerpen/c:lvd:14025478/N"						
"6c1a919c-82e4-44b0-8642-09c92ae03a83"	"M1275"	"1724-01-01"	"1724-12-31"	"Synopsis (printed)"	"Synopsis"	"f"			"f"	"f"			"http://anet.ua.ac.be/desktop/anet/core/index.phtml?language=&euser=&session=&service=opacua&robot=&deskservice=desktop&desktop=anet&workstation=&extra="	"f"				"https://anet.be/record/opacuantwerpen/c:lvd:14022487/N"						
"fc490278-f3e2-48c2-892b-b12c5d183d31"	"M1284"	"1724-01-01"	"1724-12-31"	"Synopsis (printed)"	"Synopsis"	"f"			"f"	"f"			"http://anet.ua.ac.be/desktop/anet/core/index.phtml?language=&euser=&session=&service=opacua&robot=&deskservice=desktop&desktop=anet&workstation=&extra="	"f"				"https://anet.be/record/opacuantwerpen/c:lvd:14026036/N"						
"a43170d4-a730-4d10-8e81-fc285fdd7d7a"	"M1326"	"1725-01-01"	"1725-12-31"	"Synopsis (printed)"	"Synopsis"	"f"	"Tragedy"		"f"	"f"			"http://anet.ua.ac.be/desktop/anet/core/index.phtml?language=&euser=&session=&service=opacua&robot=&deskservice=desktop&desktop=anet&workstation=&extra="	"f"										
"dff3bd03-e277-4a1c-9a5e-18a73a48f899"	"M1329"	"1725-01-01"	"1725-12-31"	"Synopsis (printed)"	"Synopsis"	"f"	"Tragedy"		"f"	"f"			"http://anet.ua.ac.be/desktop/anet/core/index.phtml?language=&euser=&session=&service=opacua&robot=&deskservice=desktop&desktop=anet&workstation=&extra="	"f"				"https://anet.be/record/opacuantwerpen/c:lvd:14029202/N"						
"bc61bd47-8b24-4f3a-907b-77d52416efa3"	"M1331"	"1725-01-01"	"1725-12-31"	"Synopsis (printed)"	"Synopsis"	"f"	"Tragedy"		"f"	"f"			"http://anet.ua.ac.be/desktop/anet/core/index.phtml?language=&euser=&session=&service=opacua&robot=&deskservice=desktop&desktop=anet&workstation=&extra="	"f"				"https://anet.be/record/opacuantwerpen/c:lvd:14029419/N"						
"603f7af9-8d94-4805-b89b-fefd3adbdb8f"	"M1372"	"1727-01-01"	"1727-12-31"	"Synopsis (printed)"	"Synopsis"	"f"			"f"	"f"			"http://anet.ua.ac.be/desktop/anet/core/index.phtml?language=&euser=&session=&service=opacua&robot=&deskservice=desktop&desktop=anet&workstation=&extra="	"f"										
"444c07eb-5003-4cde-bc1f-d22f681b7aff"	"M1395"	"1727-01-01"	"1727-12-31"	"Synopsis (printed)"	"Synopsis"	"f"			"f"	"f"			"http://anet.ua.ac.be/desktop/anet/core/index.phtml?language=&euser=&session=&service=opacua&robot=&deskservice=desktop&desktop=anet&workstation=&extra="	"f"										
"2ab8dd8f-8aad-4685-901c-4ed725b0cf10"	"M1417"	"1728-01-01"	"1728-12-31"	"Synopsis (printed)"	"Synopsis"	"f"			"f"	"f"			"http://anet.ua.ac.be/desktop/anet/core/index.phtml?language=&euser=&session=&service=opacua&robot=&deskservice=desktop&desktop=anet&workstation=&extra="	"f"				"https://anet.be/record/opacuantwerpen/c:lvd:14031498/N"						
"6dcac089-7a88-403b-bd38-b2f7739545c3"	"M1462"	"1729-01-01"	"1729-12-31"	"Synopsis (printed)"	"Synopsis"	"f"	"Tragedy"		"f"	"f"			"http://anet.ua.ac.be/desktop/anet/core/index.phtml?language=&euser=&session=&service=opacua&robot=&deskservice=desktop&desktop=anet&workstation=&extra="	"f"		"Goran Proot, Spectacula Iesuitica Belgica Antiqua (SIBA). Pars I: Provincia Flandro-Belgica (Antwerpen, 2008), p. 1-836"								
"9f1beacd-5277-4df0-8517-88e38495623a"	"M1471"	"1729-01-01"	"1729-12-31"	"Synopsis (printed)"	"Synopsis"	"f"			"f"	"f"			"http://anet.ua.ac.be/desktop/anet/core/index.phtml?language=&euser=&session=&service=opacua&robot=&deskservice=desktop&desktop=anet&workstation=&extra="	"f"				"https://anet.be/record/opacuantwerpen/c:lvd:14054325/N"						
"0677eb15-aec0-4885-a867-ace61e7f621d"	"M1573"	"1732-01-01"	"1732-12-31"	"Synopsis (printed)"	"Synopsis"	"f"	"Tragedy"		"f"	"f"				"f"		"Goran Proot, Spectacula Iesuitica Belgica Antiqua (SIBA). Pars I: Provincia Flandro-Belgica (Antwerpen, 2008), p. 1-836"								
"ac261a96-7ff6-4ca6-b858-40d7b87933c0"	"M972"	"1700-01-01"	"1700-12-31"	"Synopsis (printed)"	"Synopsis"	"f"			"f"	"f"				"f"		"Goran Proot, Spectacula Iesuitica Belgica Antiqua (SIBA). Pars I: Provincia Flandro-Belgica (Antwerpen, 2008), p. 1-836"								
"d9f75a02-9614-4fd6-adb6-b8d985aa0d40"	"M986"	"1701-01-01"	"1701-12-31"	"Synopsis"	"Synopsis"	"f"			"f"	"f"				"f"										
"06058399-5f4e-4409-97c4-431f3a81641f"	"M432"	"1635-01-01"	"1635-12-31"	"First Printing"	"Full edition"	"f"	"Tragedy"		"t"	"t"	"https://www.let.leidenuniv.nl/Dutch/Ceneton/Facsimiles/GrotiusSophompaneas1635"	"https://www.let.leidenuniv.nl/Dutch/Ceneton/GrotiusSophompaneas1635.html"	"http://books.google.be/books?id=TScUAAAAQAAJ&printsec=frontcover&hl=nl&source=gbs_ge_summary_r&cad=0#v=onepage&q&f=false"	"f"	"163504 - b1 A2 erar : a2 A3 natu - b1 B r : b2 G3 imple - c1 H n : c2 X4 o$pat"									
"ea6c7c06-91e2-48c8-bff4-cd8fa3855c69"	"M443"	"1635-01-01"	"1635-12-31"	"Reprint"	"Full edition"	"f"	"Tragedy"		"f"	"f"				"f"	"163512 - a1 A2 xplo : a2 B7 nt$ - b1 C sta : b2 D3 as$ca - c1 D5 ue$par : c2 E7 octe,$"									
"b7f75767-e4f1-4c47-8ada-1d6289a6d043"	"M445"	"1632-01-01"	"1638-12-31"	"Reprint"	"Full edition"	"f"	"Tragedy"		"f"	"f"				"f"										
"8c0531f3-9f05-4cc4-8257-65b4044d6533"	"M447"	"1635-01-01"	"1635-12-31"	"Reprint"	"Full edition"	"f"	"Tragedy"		"f"	"f"				"f"	"163512 - a1 A2 xplo : a2 A4 ium$ - b1 A5 $se$in : b2 B7 nt$ - c1 C sta : c2 E7 octe,$"									
"10090f9d-85ce-4808-8a07-9c0b7c17282d"	"M203"	"1599-01-01"	"1599-12-31"	"First Printing"	"Full edition"	"f"	"Comedy"	"Farce"	"f"	"f"	"https://www.let.leidenuniv.nl/Dutch/Ceneton/Facsimiles/SchonaeusCunae1599"		"https://books.google.nl/books/ucm?id=xesMdv-53McC&pg=PA1&dq=Comoediarum+Cornelii+Schonaei+...+altera+pars:+qua+continentur,+Susanna&hl=nl&ei=aXLYX_rNFo_E-QGPnaPADA&cd=2#v=onepage&q=Comoediarum%20Cornelii%20Schonaei%20...%20altera%20pars%3A%20qua%20continentur%2C%20Susanna&f=false"	"f"	"159908 - b1 L m, : b2 M4 est,$"									
"a33f840a-4461-4d8f-a41e-f05dc98d4953"	"M204"	"1599-01-01"	"1599-12-31"	"Reprint"	"Full edition"	"f"	"Comedy"	"Sacred comedy"	"f"	"f"	"https://www.let.leidenuniv.nl/Dutch/Ceneton/Facsimiles/SchonaeusDaniel1599"		"https://books.google.nl/books/ucm?id=xesMdv-53McC&pg=PA1&dq=Comoediarum+Cornelii+Schonaei+...+altera+pars:+qua+continentur,+Susanna&hl=nl&ei=aXLYX_rNFo_E-QGPnaPADA&cd=2#v=onepage&q=Comoediarum%20Cornelii%20Schonaei%20...%20altera%20pars%3A%20qua%20continentur%2C%20Susanna&f=false"	"f"	"159908 - a1 D2 Nihi - b1 D3 odu : b2 F4 ED.$ - c1 F5 bat$ : c2 T4 oles"									
"dd11208c-6f21-446c-b59b-5b1a6e2ff3a5"	"M210"	"1599-01-01"	"1599-12-31"	"Reprint"	"Full edition"	"f"	"Comedy"	"Farce"	"f"	"f"	"https://www.let.leidenuniv.nl/Dutch/Ceneton/Facsimiles/SchonaeusPseudostratiotae1599"		"https://books.google.nl/books/ucm?id=xesMdv-53McC&pg=PA1&dq=Comoediarum+Cornelii+Schonaei+...+altera+pars:+qua+continentur,+Susanna&hl=nl&ei=aXLYX_rNFo_E-QGPnaPADA&cd=2#v=onepage&q=Comoediarum%20Cornelii%20Schonaei%20...%20altera%20pars%3A%20qua%20continentur%2C%20Susanna&f=false"	"f"	"159908 - b1 I e : b2 K5 esto"									
"5ab43da0-b1eb-4388-90ea-9ad70cf5a41c"	"M212"	"1599-01-01"	"1599-12-31"	"First Printing"	"Full edition"	"f"	"Comedy"	"Sacred comedy"	"f"	"f"	"https://www.let.leidenuniv.nl/Dutch/Ceneton/Facsimiles/SchonaeusSusanna1599"		"https://books.google.nl/books/ucm?id=xesMdv-53McC&pg=PA1&dq=Comoediarum+Cornelii+Schonaei+...+altera+pars:+qua+continentur,+Susanna&hl=nl&ei=aXLYX_rNFo_E-QGPnaPADA&cd=2#v=onepage&q=Comoediarum%20Cornelii%20Schonaei%20...%20altera%20pars%3A%20qua%20continentur%2C%20Susanna&f=false"	"f"	"159908 - a1 A2 ag : a2 A4 eli - b1A5 ,$ : b2 D m - c1 D2 Nihi : c2 T4 oles"									
"8db7dd29-49f5-407a-8443-9829ad5938f7"	"M214"	"1599-01-01"	"1599-12-31"	"First Printing"	"Full edition"	"f"	"Comedy"	"Sacred comedy"	"f"	"f"	"https://www.let.leidenuniv.nl/Dutch/Ceneton/Facsimiles/SchonaeusTriumphus1599"		"https://books.google.nl/books/ucm?id=xesMdv-53McC&pg=PA1&dq=Comoediarum+Cornelii+Schonaei+...+altera+pars:+qua+continentur,+Susanna&hl=nl&ei=aXLYX_rNFo_E-QGPnaPADA&cd=2#v=onepage&q=Comoediarum%20Cornelii%20Schonaei%20...%20altera%20pars%3A%20qua%20continentur%2C%20Susanna&f=false"	"f"	"159908 - b1 F5 at$ : b2 H5 est"									
"cfdca52b-146e-4db3-9e50-84152436538d"	"M215"	"1599-01-01"	"1599-12-31"	"First Printing"	"Full edition"	"f"	"Comedy"	"Farce"	"f"	"f"	"https://www.let.leidenuniv.nl/Dutch/Ceneton/Facsimiles/SchonaeusVitulus1599"	"https://www.let.leidenuniv.nl/Dutch/Ceneton/SchonaeusVitulus1599.html"	"https://books.google.nl/books/ucm?id=xesMdv-53McC&pg=PA1&dq=Comoediarum+Cornelii+Schonaei+...+altera+pars:+qua+continentur,+Susanna&hl=nl&ei=aXLYX_rNFo_E-QGPnaPADA&cd=2#v=onepage&q=Comoediarum%20Cornelii%20Schonaei%20...%20altera%20pars%3A%20qua%20continentur%2C%20Susanna&f=false"	"f"	"159908 - b1 M5 rut : b2 O4 ite."									
"5674b9f5-b662-4352-9824-72d5803850c4"	"M236"	"1607-01-01"	"1607-12-31"	"First Printing"	"Full edition"	"f"	"Comedy"		"t"	"t"	"https://www.let.leidenuniv.nl/Dutch/Ceneton/Facsimiles/SchonaeusAedificium1607"	"https://www.let.leidenuniv.nl/Dutch/Ceneton/SchonaeusAedificium1607.html"		"f"	"160702 - b1 A c$ : b2 E2 s$est - c1 E M : c2 E5 /$"									
"48d3228c-b137-4dec-a40d-e2a1b339f084"	"M237"	"1607-01-01"	"1607-12-31"	"First Printing"	"Full edition"	"f"			"t"	"t"	"https://www.let.leidenuniv.nl/Dutch/Ceneton/Facsimiles/SchonaeusAedificium1607"	"https://www.let.leidenuniv.nl/Dutch/Ceneton/SchonaeusAedificium1607.html"		"f"	"160702 - b1 E m : b2 E5 vol"									
"1631368b-7365-4962-9e94-01cb17644e44"	"M325"	"1624-01-01"	"1624-12-31"	"Synopsis (printed)"	"Synopsis"	"f"			"f"	"f"				"f"										
"d9f50e3e-86b2-44d5-86bd-bdc51814e947"	"M336"	"1625-01-01"	"1625-12-31"	"Synopsis (printed)"	"Synopsis"	"f"			"f"	"f"				"f"										
"670f292d-a631-467a-a8a5-d8a3240a5627"	"M337"	"1626-01-01"	"1626-12-31"	"Synopsis (printed)"	"Synopsis"	"f"			"f"	"f"				"f"										
"fd899691-4d28-4d03-9e04-d4f2a922a97a"	"M340"	"1627-01-01"	"1627-12-31"	"Synopsis (printed)"	"Synopsis"	"f"	"Tragedy"		"f"	"f"			"http://books.google.nl/books?id=z1hbAAAAQAAJ&printsec=frontcover&hl=nl&source=gbs_ge_summary_r&cad=0#v=onepage&q&f=false"	"f"										
"72f1c930-c3c4-4979-8557-9729a77685c9"	"M353"	"1628-01-01"	"1628-12-31"	"Synopsis (printed)"	"Synopsis"	"f"			"f"	"f"	"https://www.let.leidenuniv.nl/Dutch/Ceneton/Facsimiles/SJAnastasiusIeper1628"			"f"										
"a83129f8-fc2a-44f4-83f3-8858ed58a696"	"M710"	"1663-01-01"	"1663-12-31"	"Synopsis (printed)"	"Synopsis"	"f"			"f"	"f"				"f"		"Goran Proot, Spectacula Iesuitica Belgica Antiqua (SIBA). Pars I: Provincia Flandro-Belgica (Antwerpen, 2008), p. 1-836"	"Datering van Ceneton is 1633"							
"5fc50199-6b75-4d87-ae41-56b5ddb76584"	"M1"	"1511-01-01"	"1511-12-31"	"First Printing"	"Full edition"	"f"			"f"	"f"				"f"										
"53e4b9d7-fd46-49ea-b6a8-ed918fbd5edd"	"M1000"	"1702-01-01"	"1702-12-31"	"Synopsis"	"Synopsis"	"f"			"f"	"f"				"f"										
"50900b8e-0fcb-41bc-92b3-276c658dc1c7"	"M1004"	"1702-01-01"	"1702-12-31"	"Synopsis"	"Synopsis"	"f"			"f"	"f"				"f"										
"069d0ac9-4a11-4a55-a2f0-90255ed36da5"	"M1007"	"1702-01-01"	"1702-12-31"	"Synopsis (manuscript)"	"Synopsis"	"f"			"f"	"f"				"f"		"Goran Proot, Spectacula Iesuitica Belgica Antiqua (SIBA). Pars I: Provincia Flandro-Belgica (Antwerpen, 2008), p. 1-836"	"Koppelen op M- of E-niveau aan Ceneton048610"							
"52718714-9c2a-497a-aa6c-0ff75827593c"	"M1008"	"1702-01-01"	"1702-12-31"	"Manuscript"	"Full edition"	"f"			"f"	"f"				"f"			"Koppelen op M- of E-niveau aan Ceneton044380"							
"27b19b0a-e94e-4c43-8558-c70e9ff27b56"	"M1012"	"1703-01-01"	"1703-12-31"	"Synopsis (manuscript)"	"Synopsis"	"f"	"Tragicomedy"		"f"	"f"				"f"		"Goran Proot, Spectacula Iesuitica Belgica Antiqua (SIBA). Pars I: Provincia Flandro-Belgica (Antwerpen, 2008), p. 1-836"								
"9f43ed75-2fa5-4950-be55-87d825b2fb5f"	"M1014"	"1703-01-01"	"1703-12-31"	"Synopsis"	"Synopsis"	"f"	"Tragedy"		"f"	"f"				"f"		"Goran Proot, Spectacula Iesuitica Belgica Antiqua (SIBA). Pars I: Provincia Flandro-Belgica (Antwerpen, 2008), p. 1-836"	"Koppelen op M- of E-niveau aan Ceneton052090"							
"9ba1899a-9914-46eb-857c-a810b38a08e3"	"M1015"	"1703-01-01"	"1703-12-31"	"Synopsis (manuscript)"	"Synopsis"	"f"	"Comedy"		"f"	"f"				"f"		"Goran Proot, Spectacula Iesuitica Belgica Antiqua (SIBA). Pars I: Provincia Flandro-Belgica (Antwerpen, 2008), p. 1-836"								
"f13177a6-dad3-4799-be1f-bb111d7b447f"	"M1017"	"1703-01-01"	"1703-12-31"	"Synopsis (manuscript)"	"Synopsis"	"f"			"f"	"f"				"f"		"Goran Proot, Spectacula Iesuitica Belgica Antiqua (SIBA). Pars I: Provincia Flandro-Belgica (Antwerpen, 2008), p. 1-836"								
"85eae25a-0be6-4fff-b7bb-189c3401b8e5"	"M1018"	"1703-01-01"	"1703-12-31"	"Synopsis"	"Synopsis"	"f"			"f"	"f"				"f"										
"d51e4ba1-7cac-4d80-a4c1-3c8c704c300a"	"M102"	"1550-01-01"	"1550-12-31"	"Reprint"	"Full edition"	"f"			"f"	"f"				"f"										
"4c96a05a-3018-4b2c-8528-988cc18b34ea"	"M1021"	"1703-01-01"	"1703-12-31"	"Synopsis"	"Synopsis"	"f"			"f"	"f"				"f"										
"e6147971-4546-412a-9b31-84e2b72c624c"	"M1022"	"1703-01-01"	"1703-12-31"	"Synopsis"	"Synopsis"	"f"			"f"	"f"				"f"										
"5c91c4eb-0beb-4f1a-9725-f7432e1ef53e"	"M1023"	"1703-01-01"	"1703-12-31"	"Synopsis"	"Synopsis"	"f"			"f"	"f"				"f"										
"20e2180e-0b19-4017-b678-6cf2fc8eaa9a"	"M1024"	"1703-01-01"	"1703-12-31"	"Synopsis (printed)"	"Synopsis"	"f"	"Tragedy"		"f"	"f"				"f"		"Goran Proot, Spectacula Iesuitica Belgica Antiqua (SIBA). Pars I: Provincia Flandro-Belgica (Antwerpen, 2008), p. 1-836"	"Koppelen op M- of E-niveau aan Ceneton052080"							
"3d40c35e-b78a-4ba8-87e3-b0361a0a649c"	"M1025"	"1704-01-01"	"1704-12-31"	"Synopsis"	"Synopsis"	"f"	"Tragedy"		"f"	"f"				"f"										
"b27a9541-6e1f-4374-bf77-089461d8a13f"	"M1026"	"1704-01-01"	"1704-12-31"	"Synopsis"	"Synopsis"	"f"			"f"	"f"				"f"										
"782640c8-2ae1-492f-b79b-8bdbc5a20bc1"	"M1027"	"1704-01-01"	"1704-12-31"	"Synopsis (manuscript)"	"Synopsis"	"f"			"f"	"f"				"f"		"Goran Proot, Spectacula Iesuitica Belgica Antiqua (SIBA). Pars I: Provincia Flandro-Belgica (Antwerpen, 2008), p. 1-836"								
"4b17d634-fe2f-434e-955a-ca27c65463ec"	"M1032"	"1704-01-01"	"1704-12-31"	"Synopsis"	"Synopsis"	"f"	"Tragedy"		"f"	"f"				"f"										
"51478fb5-c61d-4716-b501-b6cf07f56ab6"	"M1539"	"1731-01-01"	"1731-12-31"	"Synopsis (manuscript)"	"Synopsis"	"f"			"f"	"f"				"f"	"Ms"									
"6b6cc92a-2622-4054-8c19-d3fcfd5d4e2f"	"M1036"	"1705-01-01"	"1705-12-31"	"Synopsis (manuscript)"	"Synopsis"	"f"			"f"	"f"				"f"		"Goran Proot, Spectacula Iesuitica Belgica Antiqua (SIBA). Pars I: Provincia Flandro-Belgica (Antwerpen, 2008), p. 1-836"	"Handschrift ook toegeschreven aan: Nicolaus Valkenborgh"							
"32a79da0-b12c-457e-b58b-7bd4caddcc0f"	"M1038"	"1705-01-01"	"1705-12-31"	"Synopsis"	"Synopsis"	"f"			"f"	"f"				"f"										
"3e8328c3-ab55-4195-bc98-cb0b252c5f7d"	"M1040"	"1705-01-01"	"1705-12-31"	"Synopsis"	"Synopsis"	"f"			"f"	"f"				"f"										
"fbb8f351-ada2-437d-aca8-54e820833c8d"	"M1042"	"1705-01-01"	"1705-12-31"	"Synopsis (manuscript)"	"Synopsis"	"f"	"Tragedy"		"f"	"f"				"f"	"Ms"	"Goran Proot, Spectacula Iesuitica Belgica Antiqua (SIBA). Pars I: Provincia Flandro-Belgica (Antwerpen, 2008), p. 1-836"								
"8409de94-824c-470e-bbfd-c1911c0683fd"	"M1044"	"1707-01-01"	"1707-12-31"	"Synopsis"	"Synopsis"	"f"	"Tragedy"		"f"	"f"				"f"										
"00bbf924-1c6b-49cb-b4e2-790091bfdaf8"	"M1045"	"1707-01-01"	"1707-12-31"	"Synopsis"	"Synopsis"	"f"	"Tragicomedy"		"f"	"f"				"f"										
"4c2f88c9-73d7-4cb0-8e03-f26ad96f3cba"	"M1046"	"1707-01-01"	"1707-12-31"	"Synopsis"	"Synopsis"	"f"	"Comedy"		"f"	"f"				"f"										
"98219f3e-f222-483c-9934-802f29f854b5"	"M1048"	"1708-01-01"	"1708-12-31"	"Synopsis"	"Synopsis"	"f"	"Comedy"		"f"	"f"				"f"										
"bfe1638c-b411-4213-84a0-5ce5e4dc60a5"	"M1049"	"1708-01-01"	"1708-12-31"	"Synopsis"	"Synopsis"	"f"	"Tragedy"		"f"	"f"				"f"										
"a626e57e-3c10-4861-bcda-9dbdaf5d8524"	"M1053"	"1708-01-01"	"1708-12-31"	"Synopsis (printed)"	"Synopsis"	"f"			"f"	"f"				"f"					"https://opac.kbr.be/LIBRARY/doc/SYRACUSE/18400027"					
"e9d3e791-acf9-454f-92d0-5bf0838c62b0"	"M1054"	"1709-01-01"	"1709-12-31"	"Synopsis"	"Synopsis"	"f"	"Tragedy"		"f"	"f"				"f"										
"c7810672-0368-4ab0-8dc9-eba2463ea934"	"M1056"	"1709-01-01"	"1709-12-31"	"Synopsis"	"Synopsis"	"f"	"Comedy"		"f"	"f"				"f"										
"674b17ac-a0b9-4f7c-b1e8-152c06715235"	"M1057"	"1709-01-01"	"1709-12-31"	"Synopsis"	"Synopsis"	"f"	"Tragedy"		"f"	"f"				"f"		"Goran Proot, Spectacula Iesuitica Belgica Antiqua (SIBA). Pars I: Provincia Flandro-Belgica (Antwerpen, 2008), p. 1-836"			"https://opac.kbr.be/LIBRARY/doc/SYRACUSE/18023159 "					
"59111051-936a-4ad1-bb42-fb9489483032"	"M1063"	"1711-01-01"	"1711-12-31"	"Manuscript"	"Full edition"	"f"			"f"	"f"				"f"	"Ms"									
"3e1eb858-7117-466a-8233-a646f0146637"	"M1070"	"1711-01-01"	"1711-12-31"	"Synopsis (printed)"	"Synopsis"	"f"	"Tragedy"		"f"	"f"				"f"		"Goran Proot, Spectacula Iesuitica Belgica Antiqua (SIBA). Pars I: Provincia Flandro-Belgica (Antwerpen, 2008), p. 1-836"	"Koppelen op M- of E-niveau aan Ceneton052430"							
"733c2e1f-4d18-45d9-a542-a2c5e2392ea8"	"M1078"	"1712-01-01"	"1712-12-31"	"Synopsis"	"Synopsis"	"f"	"Tragedy"		"f"	"f"			"http://anet.ua.ac.be/desktop/anet/core/index.phtml?language=&euser=&session=&service=opacua&robot=&deskservice=desktop&desktop=anet&workstation=&extra="	"f"										
"89c9c253-c320-456a-a992-fe2c719dfbbe"	"M1080"	"1712-01-01"	"1712-12-31"	"Synopsis (printed)"	"Synopsis"	"f"	"Tragedy"		"f"	"f"				"f"					"https://opac.kbr.be/LIBRARY/doc/SYRACUSE/18015999"					
"7432579e-5ac5-4863-a2ca-21cd748ff2bb"	"M1081"	"1712-01-01"	"1712-12-31"	"Synopsis (printed)"	"Synopsis"	"f"			"f"	"f"			"http://anet.ua.ac.be/desktop/anet/core/index.phtml?language=&euser=&session=&service=opacua&robot=&deskservice=desktop&desktop=anet&workstation=&extra="	"f"				"https://anet.be/record/opacuantwerpen/c:lvd:14029374/N"						
"a1f175a5-ac2e-4027-92dc-85f96fb560c9"	"M1082"	"1712-01-01"	"1712-12-31"	"Synopsis"	"Synopsis"	"f"	"Comedy"		"f"	"f"				"f"										
"c7743ff2-9e10-47cf-ad2c-69276a50f035"	"M1083"	"1712-01-01"	"1712-12-31"	"Synopsis"	"Synopsis"	"f"	"Tragedy"		"f"	"f"				"f"										
"dad3f586-2341-4d0b-8eff-74ffc667388c"	"M1084"	"1712-01-01"	"1712-12-31"	"Synopsis"	"Synopsis"	"f"			"f"	"f"			"http://anet.ua.ac.be/desktop/anet/core/index.phtml?language=&euser=&session=&service=opacua&robot=&deskservice=desktop&desktop=anet&workstation=&extra="	"f"				"https://anet.be/record/opacuantwerpen/c:lvd:14051169/N"						
"5f576659-9254-48c1-b0ca-9829ed053deb"	"M1085"	"1713-01-01"	"1713-12-31"	"Synopsis"	"Synopsis"	"f"			"f"	"f"	"https://www.let.leidenuniv.nl/Dutch/Ceneton/Facsimiles/SJJosephBrussel1713"		"http://anet.ua.ac.be/desktop/anet/core/index.phtml?language=&euser=&session=&service=opacua&robot=&deskservice=desktop&desktop=anet&workstation=&extra="	"f"										
"2d710060-fc9d-40f7-a742-0370e39876e6"	"M1089"	"1713-01-01"	"1713-12-31"	"Synopsis"	"Synopsis"	"f"			"f"	"f"			"http://anet.ua.ac.be/desktop/anet/core/index.phtml?language=&euser=&session=&service=opacua&robot=&deskservice=desktop&desktop=anet&workstation=&extra="	"f"										
"8f0b273a-4c40-4057-8b6c-aec36d23038b"	"M1094"	"1714-01-01"	"1714-12-31"	"Synopsis"	"Synopsis"	"f"	"Comedy"		"f"	"f"				"f"										
"9ca58a65-a818-4c1a-a8f5-0cb366fed1bb"	"M1095"	"1714-01-01"	"1714-12-31"	"Synopsis"	"Synopsis"	"f"	"Tragedy"		"f"	"f"				"f"										
"b512d5f2-6806-4b4b-889e-929c7191d70f"	"M11"	"1531-01-01"	"1531-12-31"	"First Printing"	"Full edition"	"f"			"f"	"f"				"f"										
"eaa83983-ad1f-4f40-9346-8afb8970b13d"	"M1102"	"1715-01-01"	"1715-12-31"	"Synopsis"	"Synopsis"	"f"	"Tragedy"		"f"	"f"				"f"										
"ed9e977f-139b-4330-be14-33dc3e61dfa3"	"M1109"	"1715-01-01"	"1715-12-31"	"Synopsis"	"Synopsis"	"f"	"Comedy"		"f"	"f"				"f"										
"d29cea07-774d-45aa-b56e-2c02a7e49b26"	"M1116"	"1716-01-01"	"1716-12-31"	"Synopsis"	"Synopsis"	"f"	"Tragedy"		"f"	"f"				"f"										
"e0bdeda5-2641-4305-b55a-bef8d8939469"	"M1117"	"1716-01-01"	"1716-12-31"	"Synopsis (printed)"	"Synopsis"	"f"	"Tragedy"		"f"	"f"				"f"										
"53d5c7cb-3e68-4edb-8464-664643527b0e"	"M1118"	"1716-01-01"	"1716-12-31"	"Synopsis"	"Synopsis"	"f"	"Comical tragedy"		"f"	"f"				"f"										
"b419c6cf-0e82-42ce-bfc3-39d72eaf7884"	"M1119"	"1716-01-01"	"1716-12-31"	"Synopsis"	"Synopsis"	"f"	"Comedy"		"f"	"f"				"f"										
"5e0d07c1-705c-4775-afea-f4ae8608f912"	"M1120"	"1716-01-01"	"1716-12-31"	"Synopsis (printed)"	"Synopsis"	"f"			"f"	"f"				"f"										
"86cdd84e-7675-4c53-88ab-936442a14630"	"M1121"	"1716-01-01"	"1716-12-31"	"Synopsis"	"Synopsis"	"f"	"Tragedy"		"f"	"f"				"f"										
"2c49aaf6-6f52-4cdd-a1b9-06945b41ee37"	"M1122"	"1716-01-01"	"1716-12-31"	"Synopsis"	"Synopsis"	"f"	"Tragedy"		"f"	"f"				"f"										
"55f3ae97-1b4b-4866-90b2-04154311c441"	"M1124"	"1717-01-01"	"1717-12-31"	"Synopsis"	"Synopsis"	"f"			"t"	"t"				"f"										
"a4935599-58cb-4ff1-bf78-5685a0477b22"	"M1126"	"1717-01-01"	"1717-12-31"	"First Printing"	"Full edition"	"f"			"f"	"f"				"f"										
"65b3a639-f77d-46f1-8648-5ce81380bf29"	"M1127"	"1717-01-01"	"1717-12-31"	"First Printing"	"Full edition"	"f"			"f"	"f"				"f"										
"272c28ca-415b-447e-9d97-18c33688345c"	"M1128"	"1717-01-01"	"1717-12-31"	"First Printing"	"Full edition"	"f"			"f"	"f"				"f"										
"3f4da1a8-72fe-4b60-b413-bb417556ae19"	"M1129"	"1717-01-01"	"1717-12-31"	"Synopsis (printed)"	"Synopsis"	"f"	"Tragedy"		"f"	"f"			"http://anet.ua.ac.be/desktop/anet/core/index.phtml?language=&euser=&session=&service=opacua&robot=&deskservice=desktop&desktop=anet&workstation=&extra="	"f"				"https://anet.be/record/opacuantwerpen/c:lvd:14022350/N"						
"c8fdf550-3649-47f8-8b6d-4f9af30f7d0b"	"M1130"	"1717-01-01"	"1717-12-31"	"First Printing"	"Full edition"	"f"			"f"	"f"				"f"										
"3a7821ee-de4b-4399-b70f-9ccacd08e77f"	"M1131"	"1717-01-01"	"1717-12-31"	"Mention"	"Fragment"	"f"			"f"	"f"				"f"										
"3f94231c-ce33-4393-b7af-09bd585c40d9"	"M1133"	"1717-01-01"	"1717-12-31"	"Synopsis (printed)"	"Synopsis"	"f"			"f"	"f"			"http://anet.ua.ac.be/desktop/anet/core/index.phtml?language=&euser=&session=&service=opacua&robot=&deskservice=desktop&desktop=anet&workstation=&extra="	"f"				"https://anet.be/record/opacuantwerpen/c:lvd:14025959/N"						
"4545c78c-c9e7-4cb2-b19e-3d1df9ff1872"	"M1134"	"1717-01-01"	"1717-12-31"	"First Printing"	"Full edition"	"f"			"f"	"f"				"f"										
"6c534395-2db1-4c29-9d89-2fddc01f8543"	"M1135"	"1717-01-01"	"1717-12-31"	"First Printing"	"Full edition"	"f"			"f"	"f"				"f"										
"b27b6a73-d17e-46f4-89d0-30b2315758fb"	"M1136"	"1717-01-01"	"1717-12-31"	"Synopsis (printed)"	"Synopsis"	"f"			"f"	"f"				"f"										
"837403a4-d09a-49dd-a5ab-87d2d7d7891e"	"M1138"	"1717-01-01"	"1717-12-31"	"First Printing"	"Full edition"	"f"			"f"	"f"				"f"										
"e575750e-862d-4eb2-898a-6da54329c98c"	"M1140"	"1717-01-01"	"1717-12-31"	"First Printing"	"Full edition"	"f"			"f"	"f"				"f"										
"b57527b5-6ab0-4771-bcee-1229a2d3f6bf"	"M1141"	"1717-01-01"	"1717-12-31"	"Synopsis"	"Synopsis"	"f"	"Tragedy"		"f"	"f"				"f"										
"5001076d-c76e-4497-a24e-bd24e780ca93"	"M1142"	"1717-01-01"	"1717-12-31"	"Synopsis"	"Synopsis"	"f"	"Tragedy"		"f"	"f"			"http://anet.ua.ac.be/desktop/anet/core/index.phtml?language=&euser=&session=&service=opacua&robot=&deskservice=desktop&desktop=anet&workstation=&extra="	"f"		"Goran Proot, Spectacula Iesuitica Belgica Antiqua (SIBA). Pars I: Provincia Flandro-Belgica (Antwerpen, 2008), p. 1-836"								
"7ca6114f-2885-4d5b-83aa-1d7f8b9dcfb4"	"M1145"	"1718-01-01"	"1718-12-31"	"Synopsis (manuscript)"	"Synopsis"	"f"			"f"	"f"			"http://anet.ua.ac.be/desktop/anet/core/index.phtml?language=&euser=&session=&service=opacua&robot=&deskservice=desktop&desktop=anet&workstation=&extra="	"f"	"Ms"	"Goran Proot, Spectacula Iesuitica Belgica Antiqua (SIBA). Pars I: Provincia Flandro-Belgica (Antwerpen, 2008), p. 1-836"		"https://anet.be/record/opacuantwerpen/c:lvd:14052812/N"						
"3a7472e5-9a08-436e-9085-21dc52cf55df"	"M1147"	"1718-01-01"	"1718-12-31"	"Synopsis"	"Synopsis"	"f"	"Tragedy"		"f"	"f"				"f"										
"085dffbb-6654-4146-a629-32f62ce58f32"	"M1149"	"1718-01-01"	"1718-12-31"	"Synopsis (printed)"	"Synopsis"	"f"	"Tragedy"		"f"	"f"				"f"		"Goran Proot, Spectacula Iesuitica Belgica Antiqua (SIBA). Pars I: Provincia Flandro-Belgica (Antwerpen, 2008), p. 1-836"			"https://opac.kbr.be/LIBRARY/doc/SYRACUSE/18016471"					
"a9ad8c5c-ffc9-49fb-9851-daa5a2b03dd0"	"M1151"	"1718-01-01"	"1718-12-31"	"Synopsis (manuscript)"	"Synopsis"	"f"	"Comedy"		"f"	"f"			"http://anet.ua.ac.be/desktop/anet/core/index.phtml?language=&euser=&session=&service=opacua&robot=&deskservice=desktop&desktop=anet&workstation=&extra="	"f"	"Ms"			"https://anet.be/record/opacuantwerpen/c:lvd:14025563/N"						
"4983a499-c536-40b4-8fd3-6f4597d42092"	"M1152"	"1718-01-01"	"1718-12-31"	"Synopsis"	"Synopsis"	"f"	"Tragedy"		"f"	"f"				"f"										
"7bcf6d9f-0e81-49d1-b7e5-f732ef30d535"	"M1153"	"1718-01-01"	"1718-12-31"	"Synopsis (printed)"	"Synopsis"	"f"			"f"	"f"				"f"										
"30f39d2f-b29e-48d3-a50d-04b9feb11c7b"	"M1155"	"1718-01-01"	"1718-12-31"	"Synopsis"	"Synopsis"	"f"	"Comedy"		"f"	"f"				"f"										
"12b988b8-a70b-4344-81ca-69efd284e095"	"M1157"	"1719-01-01"	"1719-12-31"	"Synopsis"	"Synopsis"	"f"	"Tragedy"		"f"	"f"			"http://anet.ua.ac.be/desktop/anet/core/index.phtml?language=&euser=&session=&service=opacua&robot=&deskservice=desktop&desktop=anet&workstation=&extra="	"f"										
"7d111829-6ffc-4f29-b903-54aae3e5a49e"	"M1159"	"1719-01-01"	"1719-12-31"	"Synopsis"	"Synopsis"	"f"	"Comedy"		"f"	"f"				"f"										
"f8170cc1-18df-40dc-b184-9ce308f5f271"	"M1162"	"1719-01-01"	"1719-12-31"	"Synopsis"	"Synopsis"	"f"	"Comedy"		"f"	"f"				"f"										
"b2de27d6-2b5a-4bfa-932f-5d55fae1ef35"	"M1163"	"1719-01-01"	"1719-12-31"	"Synopsis"	"Synopsis"	"f"			"f"	"f"			"http://anet.ua.ac.be/desktop/anet/core/index.phtml?language=&euser=&session=&service=opacua&robot=&deskservice=desktop&desktop=anet&workstation=&extra="	"f"										
"96538a96-fcfb-43c7-abb4-b393a136521e"	"M1165"	"1719-01-01"	"1719-12-31"	"Synopsis"	"Synopsis"	"f"	"Tragedy"		"f"	"f"				"f"										
"5583be0c-d99f-4486-b6f5-314b5f1e9f9f"	"M1167"	"1719-01-01"	"1719-12-31"	"Synopsis (printed)"	"Synopsis"	"f"			"f"	"f"			"http://anet.ua.ac.be/desktop/anet/core/index.phtml?language=&euser=&session=&service=opacua&robot=&deskservice=desktop&desktop=anet&workstation=&extra="	"f"				"https://anet.be/record/opacuantwerpen/c:lvd:14052747/N"						
"2eef61ca-74a8-41bb-a935-6ca0d0df7e6b"	"M1168"	"1719-01-01"	"1719-12-31"	"Synopsis (printed)"	"Synopsis"	"f"	"Tragedy"		"f"	"f"				"f"		"Goran Proot, 'Het toneel van de Antwerpse Augustijnen (1671-1783)' in: De Gulden Passer. Jaargang 76-77 (1998-1999), p. 183-194, via: https://www.dbnl.org/tekst/_gul005199801_01/_gul005199801_01_0008.php"								
"ab1f1e20-ca35-472d-8cb4-c26f195d9a46"	"M1169"	"1719-01-01"	"1719-12-31"	"Synopsis"	"Synopsis"	"f"	"Tragedy"		"f"	"f"				"f"										
"fe178cd2-108b-4748-8235-bd7bc0e31101"	"M1173"	"1720-01-01"	"1720-12-31"	"Synopsis"	"Synopsis"	"f"	"Tragedy"		"f"	"f"				"f"										
"9e71ed18-152f-4cdb-b1c2-05f7802c4c8d"	"M1174"	"1720-01-01"	"1720-12-31"	"Synopsis"	"Synopsis"	"f"			"f"	"f"			"http://anet.ua.ac.be/desktop/anet/core/index.phtml?language=&euser=&session=&service=opacua&robot=&deskservice=desktop&desktop=anet&workstation=&extra="	"f"										
"7e3829ab-5756-40f1-b1ca-3b95ab7cad07"	"M1176"	"1720-01-01"	"1720-12-31"	"Synopsis"	"Synopsis"	"f"	"Comedy"		"f"	"f"				"f"										
"e5a7b69b-32aa-4faa-ac2e-be1d392b7cca"	"M1183"	"1721-01-01"	"1721-12-31"	"Synopsis"	"Synopsis"	"f"	"Comedy"		"f"	"f"				"f"										
"83eeb227-6f34-4fe0-81d4-0f97d0b8f7fc"	"M1184"	"1721-01-01"	"1721-12-31"	"Synopsis"	"Synopsis"	"f"	"Tragedy"		"f"	"f"				"f"										
"baa97bad-d329-4ed4-9507-e4f3bd699ab5"	"M1187"	"1721-01-01"	"1721-12-31"	"Synopsis"	"Synopsis"	"f"			"f"	"f"			"http://anet.ua.ac.be/desktop/anet/core/index.phtml?language=&euser=&session=&service=opacua&robot=&deskservice=desktop&desktop=anet&workstation=&extra="	"f"										
"d88aeab0-5863-46ff-8864-04858ed8d6aa"	"M1188"	"1721-01-01"	"1721-12-31"	"Synopsis"	"Synopsis"	"f"			"f"	"f"			"http://anet.ua.ac.be/desktop/anet/core/index.phtml?language=&euser=&session=&service=opacua&robot=&deskservice=desktop&desktop=anet&workstation=&extra="	"f"										
"998595fe-6df0-415a-8076-f6869404aa75"	"M1195"	"1721-01-01"	"1721-12-31"	"Synopsis"	"Synopsis"	"f"	"Tragedy"		"f"	"f"			"http://anet.ua.ac.be/desktop/anet/core/index.phtml?language=&euser=&session=&service=opacua&robot=&deskservice=desktop&desktop=anet&workstation=&extra="	"f"										
"d913f0ab-b083-4507-a409-3a6739ea303c"	"M1197"	"1721-01-01"	"1721-12-31"	"Synopsis"	"Synopsis"	"f"	"Tragedy"		"f"	"f"				"f"										
"06188a5b-7f55-4c2d-9aa8-7c2bfc26c852"	"M120"	"1556-01-01"	"1556-12-31"	"First Printing"	"Full edition"	"f"	"Tragedy"	"Martyr tragedy"	"t"	"t"				"f"	"155608 - a1 Aiij I.$ : a2 Aiiij ntia$a - b1 B d : b2 Eij ti$fi"									
"12498005-2991-4dbc-b584-871df8028939"	"M1203"	"1721-01-01"	"1721-12-31"	"Synopsis (printed)"	"Synopsis"	"f"			"f"	"f"			"http://anet.ua.ac.be/desktop/anet/core/index.phtml?language=&euser=&session=&service=opacua&robot=&deskservice=desktop&desktop=anet&workstation=&extra="	"f"				"https://anet.be/record/opacuantwerpen/c:lvd:14022280/N"						
"406fd989-b5e3-4bcf-b11a-19351e423886"	"M1209"	"1722-01-01"	"1722-12-31"	"Synopsis (printed)"	"Synopsis"	"f"			"f"	"f"				"f"			"Koppelen op M- of E-niveau aan Ceneton006220"			"https://lib.ugent.be/catalog/rug01:000792951"				
"7d054c12-b536-4405-a1cf-a7e68313dc5b"	"M1210"	"1722-01-01"	"1722-12-31"	"Synopsis"	"Synopsis"	"f"	"Tragedy"		"f"	"f"				"f"										
"0547fb0a-ff9d-464e-89ee-164c5c3b1227"	"M1211"	"1722-01-01"	"1722-12-31"	"Synopsis"	"Synopsis"	"f"			"f"	"f"			"http://anet.ua.ac.be/desktop/anet/core/index.phtml?language=&euser=&session=&service=opacua&robot=&deskservice=desktop&desktop=anet&workstation=&extra="	"f"										
"ad03d52b-0a63-4955-8222-5b796a05e444"	"M1215"	"1722-01-01"	"1722-12-31"	"Synopsis"	"Synopsis"	"f"	"Tragedy"		"f"	"f"				"f"										
"92a153d4-a04d-4c40-8813-7650a64c3ab7"	"M1221"	"1722-01-01"	"1722-12-31"	"Synopsis"	"Synopsis"	"f"	"Comedy"		"f"	"f"				"f"										
"e3219ad6-1f0f-4ed3-9ae4-b03015675752"	"M1224"	"1722-01-01"	"1722-12-31"	"Synopsis"	"Synopsis"	"f"	"Comedy"		"f"	"f"				"f"										
"ff4ca61f-4bc5-4f97-a507-c8bb9824774d"	"M1225"	"1722-01-01"	"1722-12-31"	"Synopsis"	"Synopsis"	"f"	"Tragedy"		"f"	"f"				"f"										
"09f4c2b2-dbef-4360-b664-4c41259b0c1c"	"M1226"	"1722-01-01"	"1722-12-31"	"Synopsis"	"Synopsis"	"f"	"Tragedy"		"f"	"f"				"f"										
"aab2347c-78d9-4e30-bebe-8a4c9122fec2"	"M1229"	"1722-01-01"	"1722-12-31"	"Synopsis"	"Synopsis"	"f"			"f"	"f"			"http://books.google.be/books?id=n1FbAAAAQAAJ&printsec=frontcover&hl=nl&source=gbs_ge_summary_r&cad=0#v=onepage&q&f=false"	"f"										
"b4ef2bc5-11a0-4856-9a6e-bdac8d8e4d34"	"M1233"	"1722-01-01"	"1722-12-31"	"Synopsis"	"Synopsis"	"f"	"Tragedy"		"f"	"f"				"f"		"Goran Proot, 'Het toneel van de Antwerpse Augustijnen (1671-1783)' in: De Gulden Passer. Jaargang 76-77 (1998-1999), p. 183-194, via: https://www.dbnl.org/tekst/_gul005199801_01/_gul005199801_01_0008.php"								
"509fef04-581b-4517-b39d-272412089d60"	"M1234"	"1722-01-01"	"1722-12-31"	"Synopsis"	"Synopsis"	"f"	"Comedy"		"f"	"f"				"f"										
"7d3c1926-fdf9-4cf9-9904-96c412c457ac"	"M1235"	"1722-01-01"	"1722-12-31"	"Synopsis"	"Synopsis"	"f"	"Comedy"		"f"	"f"				"f"										
"111ffe44-3900-4d84-81eb-b041aeef4fc9"	"M1236"	"1722-01-01"	"1722-12-31"	"Synopsis"	"Synopsis"	"f"	"Comedy"		"f"	"f"				"f"										
"c957eaa2-4cb2-4938-86e6-ccb450180725"	"M1240"	"1723-01-01"	"1723-12-31"	"Synopsis"	"Synopsis"	"f"	"Comedy"		"f"	"f"				"f"										
"203b386b-a3b5-432d-924d-f75970e6e926"	"M1245"	"1723-01-01"	"1723-12-31"	"Synopsis"	"Synopsis"	"f"	"Tragedy"		"f"	"f"				"f"										
"780cd20b-fdca-4eab-9aea-7b7e3a878b27"	"M1246"	"1723-01-01"	"1723-12-31"	"Synopsis"	"Synopsis"	"f"	"Comedy"		"f"	"f"				"f"										
"cc588948-1126-44b2-b4f4-cd2410e2f999"	"M1247"	"1723-01-01"	"1723-12-31"	"Synopsis"	"Synopsis"	"f"	"Comedy"		"f"	"f"				"f"										
"d2bdbc99-387c-4d26-984d-246175ed6fb4"	"M1250"	"1723-01-01"	"1723-12-31"	"Synopsis"	"Synopsis"	"f"	"Tragicomedy"		"f"	"f"				"f"		"Goran Proot, 'Het toneel van de Antwerpse Augustijnen (1671-1783)' in: De Gulden Passer. Jaargang 76-77 (1998-1999), p. 183-194, via: https://www.dbnl.org/tekst/_gul005199801_01/_gul005199801_01_0008.php"								
"9c4cdaf1-8b40-4f8c-a117-7565ad93c63a"	"M1252"	"1723-01-01"	"1723-12-31"	"Synopsis"	"Synopsis"	"f"	"Tragedy"		"f"	"f"				"f"										
"7018cf5a-d67f-43a5-9f3d-3ccdd191cf9a"	"M1255"	"1723-01-01"	"1723-12-31"	"Synopsis"	"Synopsis"	"f"	"Comedy"		"f"	"f"				"f"										
"7bfd2773-5d25-496c-9cca-b4d93d27fd51"	"M1262"	"1723-01-01"	"1723-12-31"	"Synopsis"	"Synopsis"	"f"	"Comedy"		"f"	"f"				"f"										
"5b854d68-fa41-4b9e-b9c9-71eac44c0a9c"	"M1264"	"1723-01-01"	"1723-12-31"	"Synopsis"	"Synopsis"	"f"	"Comedy"		"f"	"f"				"f"										
"00772486-259e-4d9a-b97f-8aee4c8eb353"	"M1265"	"1723-01-01"	"1723-12-31"	"Synopsis"	"Synopsis"	"f"	"Tragedy"		"f"	"f"				"f"										
"7de062b5-9006-4737-9774-aadbe4952a32"	"M1266"	"1723-01-01"	"1723-12-31"	"Synopsis"	"Synopsis"	"f"	"Tragedy"		"f"	"f"				"f"										
"f14ca2b4-0244-4cab-bd03-386dd43d7969"	"M127"	"1562-01-01"	"1562-12-31"	"First Printing"	"Full edition"	"f"			"t"	"t"				"f"										
"c127deed-0e86-415a-8963-993d9a2d73e0"	"M1272"	"1724-01-01"	"1724-12-31"	"Synopsis"	"Synopsis"	"f"	"Tragedy"		"f"	"f"				"f"										
"03509955-92e5-49e7-9cc0-2af710ec8c47"	"M1274"	"1724-01-01"	"1724-12-31"	"Synopsis"	"Synopsis"	"f"	"Comedy"		"f"	"f"				"f"										
"32775d2b-ff53-41ad-b382-4a5fbfbb128c"	"M1278"	"1724-01-01"	"1724-12-31"	"Synopsis"	"Synopsis"	"f"	"Tragedy"		"f"	"f"				"f"										
"8aab3f97-5e9a-43bb-8b7f-4479a12d8519"	"M1281"	"1724-01-01"	"1724-12-31"	"Synopsis"	"Synopsis"	"f"	"Comedy"		"f"	"f"				"f"										
"157e0e28-4ec6-4e3b-b1f8-4dc002135228"	"M1282"	"1724-01-01"	"1724-12-31"	"Synopsis (printed)"	"Synopsis"	"f"	"Tragedy"		"f"	"f"				"f"		"Goran Proot, 'Het toneel van de Antwerpse Augustijnen (1671-1783)' in: De Gulden Passer. Jaargang 76-77 (1998-1999), p. 183-194, via: https://www.dbnl.org/tekst/_gul005199801_01/_gul005199801_01_0008.php"								
"9c9d2538-98ae-4518-a066-c39d1ba0f732"	"M1283"	"1724-01-01"	"1724-12-31"	"Synopsis"	"Synopsis"	"f"	"Comedy"		"f"	"f"				"f"										
"946f14cc-6ba4-4aac-97dc-22fa661f6f6e"	"M1287"	"1724-01-01"	"1724-12-31"	"Synopsis"	"Synopsis"	"f"	"Tragedy"		"f"	"f"				"f"										
"9f997f74-0c8c-495c-b075-c43fcd188d5b"	"M1290"	"1724-01-01"	"1724-12-31"	"Synopsis"	"Synopsis"	"f"	"Tragedy"		"f"	"f"				"f"										
"873e67e6-b724-4cf5-a8a6-952200aa7480"	"M1295"	"1724-01-01"	"1724-12-31"	"Synopsis"	"Synopsis"	"f"	"Comedy"		"f"	"f"				"f"										
"60a204e6-6c3d-4713-b081-f3b88eea0645"	"M1297"	"1724-01-01"	"1724-12-31"	"Synopsis"	"Synopsis"	"f"	"Tragedy"		"f"	"f"				"f"		"Goran Proot, 'Het toneel van de Antwerpse Augustijnen (1671-1783)' in: De Gulden Passer. Jaargang 76-77 (1998-1999), p. 183-194, via: https://www.dbnl.org/tekst/_gul005199801_01/_gul005199801_01_0008.php"								
"429ce736-255f-414f-9149-b4a583afca05"	"M1301"	"1724-01-01"	"1724-12-31"	"Synopsis"	"Synopsis"	"f"	"Comedy"		"f"	"f"				"f"										
"b14b4662-6b47-463e-9552-372726e13a49"	"M1302"	"1724-01-01"	"1724-12-31"	"Synopsis"	"Synopsis"	"f"	"Tragedy"		"f"	"f"			"http://anet.ua.ac.be/desktop/anet/core/index.phtml?language=&euser=&session=&service=opacua&robot=&deskservice=desktop&desktop=anet&workstation=&extra="	"f"										
"1ed83e93-4376-445f-b0b1-1120465f96e5"	"M1306"	"1724-01-01"	"1724-12-31"	"Synopsis"	"Synopsis"	"f"	"Comedy"		"f"	"f"				"f"										
"3420f6a6-6db0-48c4-9a15-ec92be398a62"	"M1322"	"1725-01-01"	"1725-12-31"	"Synopsis (printed)"	"Synopsis"	"f"	"Comedy"		"f"	"f"				"f"		"Goran Proot, 'Het toneel van de Antwerpse Augustijnen (1671-1783)' in: De Gulden Passer. Jaargang 76-77 (1998-1999), p. 183-194, via: https://www.dbnl.org/tekst/_gul005199801_01/_gul005199801_01_0008.php"								
"702edc68-ae97-4bc2-954a-1e4f0ef6a04d"	"M1338"	"1725-01-01"	"1725-12-31"	"Synopsis"	"Synopsis"	"f"	"Comedy"		"f"	"f"				"f"										
"b9dec291-51ec-486d-9002-cf6b9fb40343"	"M1347"	"1726-01-01"	"1726-12-31"	"Synopsis (manuscript)"	"Synopsis"	"f"			"f"	"f"			"http://anet.ua.ac.be/desktop/anet/core/index.phtml?language=&euser=&session=&service=opacua&robot=&deskservice=desktop&desktop=anet&workstation=&extra="	"f"	"Ms"			"https://anet.be/record/opacuantwerpen/c:lvd:14025361/N"						
"5c1dfd84-45d1-49fb-8ce8-401d70c06c6e"	"M1351"	"1726-01-01"	"1726-12-31"	"Synopsis"	"Synopsis"	"f"			"f"	"f"			"http://anet.ua.ac.be/desktop/anet/core/index.phtml?language=&euser=&session=&service=opacua&robot=&deskservice=desktop&desktop=anet&workstation=&extra="	"f"										
"5648e7e9-4ee8-4770-b8a8-55379ba400ed"	"M1356"	"1726-01-01"	"1726-12-31"	"Synopsis (printed)"	"Synopsis"	"f"	"Tragedy"		"f"	"f"				"f"		"Goran Proot, 'Het toneel van de Antwerpse Augustijnen (1671-1783)' in: De Gulden Passer. Jaargang 76-77 (1998-1999), p. 183-194, via: https://www.dbnl.org/tekst/_gul005199801_01/_gul005199801_01_0008.php"								
"2d81048f-cc01-4e42-a3e0-96191fe62faf"	"M1358"	"1726-01-01"	"1726-12-31"	"Synopsis"	"Synopsis"	"f"	"Comedy"		"f"	"f"				"f"										
"b010798f-9815-412a-a106-ce8c74c5c420"	"M1368"	"1726-01-01"	"1726-12-31"	"Synopsis"	"Synopsis"	"f"	"Tragedy"		"f"	"f"			"http://anet.ua.ac.be/desktop/anet/core/index.phtml?language=&euser=&session=&service=opacua&robot=&deskservice=desktop&desktop=anet&workstation=&extra="	"f"										
"8aaf6cac-b152-4be4-b933-900f5e0879ad"	"M1376"	"1727-01-01"	"1727-12-31"	"Synopsis"	"Synopsis"	"f"	"Comedy"		"f"	"f"				"f"										
"8d71b03b-1636-4af5-9615-f1bfb0f88f46"	"M1377"	"1727-01-01"	"1727-12-31"	"Synopsis"	"Synopsis"	"f"	"Comedy"		"f"	"f"				"f"										
"ee7aaac3-08c2-4a0a-b872-b4dd8ae3095b"	"M1378"	"1727-01-01"	"1727-12-31"	"Synopsis"	"Synopsis"	"f"	"Comedy"		"f"	"f"				"f"										
"30a6f856-5213-4ba6-9715-24a3255cc243"	"M1380"	"1727-01-01"	"1727-12-31"	"Synopsis"	"Synopsis"	"f"			"f"	"f"			"http://anet.ua.ac.be/desktop/anet/core/index.phtml?language=&euser=&session=&service=opacua&robot=&deskservice=desktop&desktop=anet&workstation=&extra="	"f"										
"735aea7a-e95a-4840-850a-5e4c27ea30f6"	"M1388"	"1727-01-01"	"1727-12-31"	"Synopsis"	"Synopsis"	"f"	"Tragedy"		"f"	"f"				"f"										
"545e534c-1912-433b-9b6f-3315ba20151f"	"M1389"	"1727-01-01"	"1727-12-31"	"Synopsis"	"Synopsis"	"f"	"Comedy"		"f"	"f"			"http://anet.ua.ac.be/desktop/anet/core/index.phtml?language=&euser=&session=&service=opacua&robot=&deskservice=desktop&desktop=anet&workstation=&extra="	"f"										
"8e9842d6-763b-45be-8643-517d85e044e5"	"M1390"	"1727-01-01"	"1727-12-31"	"Synopsis"	"Synopsis"	"f"	"Tragedy"		"f"	"f"				"f"										
"36f90257-7ad9-4c24-8273-e661d1e2df65"	"M1396"	"1727-01-01"	"1727-12-31"	"Synopsis"	"Synopsis"	"f"	"Tragedy"		"f"	"f"				"f"										
"89a99497-d058-4776-ab6a-0bcc129f206d"	"M14"	"1534-01-01"	"1534-12-31"	"First Printing"	"Full edition"	"f"			"t"	"t"				"f"										
"a184ddb2-8981-4951-a5fe-4a287a9b447c"	"M140"	"1570-01-01"	"1570-12-31"	"First Printing"	"Full edition"	"f"			"f"	"f"				"f"										
"0753037b-6b53-417d-b577-e98ae556939c"	"M1401"	"1728-01-01"	"1728-12-31"	"Synopsis"	"Synopsis"	"f"	"Tragedy"		"f"	"f"				"f"										
"cab34ba1-90e9-4a01-89a7-439aa383888e"	"M1410"	"1728-01-01"	"1728-12-31"	"Synopsis (printed)"	"Synopsis"	"f"	"Comedy"		"f"	"f"				"f"										
"4fb55a75-5127-44e1-a70e-8ba6b9a6790f"	"M1412"	"1728-01-01"	"1728-12-31"	"Manuscript"	"Full edition"	"f"			"f"	"f"			"http://anet.ua.ac.be/desktop/anet/core/index.phtml?language=&euser=&session=&service=opacua&robot=&deskservice=desktop&desktop=anet&workstation=&extra="	"f"	"Ms"	"Goran Proot, 'Het toneel van de Antwerpse Augustijnen (1671-1783)' in: De Gulden Passer. Jaargang 76-77 (1998-1999), p. 183-194, via: https://www.dbnl.org/tekst/_gul005199801_01/_gul005199801_01_0008.php"								
"16a74baf-5701-4833-8f38-08464a0b36a2"	"M142"	"1570-01-01"	"1570-12-31"	"Reprint"	"Full edition"	"f"			"f"	"f"				"f"										
"078953f4-b1a3-41be-a21c-5b5c8a114a09"	"M1420"	"1728-01-01"	"1728-12-31"	"Manuscript"	"Full edition"	"f"			"f"	"f"			"http://anet.ua.ac.be/desktop/anet/core/index.phtml?language=&euser=&session=&service=opacua&robot=&deskservice=desktop&desktop=anet&workstation=&extra="	"f"	"Ms"	"Goran Proot, 'Het toneel van de Antwerpse Augustijnen (1671-1783)' in: De Gulden Passer. Jaargang 76-77 (1998-1999), p. 183-194, via: https://www.dbnl.org/tekst/_gul005199801_01/_gul005199801_01_0008.php"								
"ec09fd4b-e8d1-4fc8-ba45-0eedf8b660c8"	"M1423"	"1728-01-01"	"1728-12-31"	"Synopsis"	"Synopsis"	"f"	"Comedy"		"f"	"f"				"f"										
"cb53bcbb-844e-42da-8000-9f22c38596ec"	"M1427"	"1728-01-01"	"1728-12-31"	"Synopsis (manuscript)"	"Synopsis"	"f"			"f"	"f"				"f"	"Ms"									
"a0c76832-6f3e-4123-9e89-2d49bf2e930d"	"M1433"	"1728-01-01"	"1728-12-31"	"Synopsis (printed)"	"Synopsis"	"f"			"f"	"f"				"f"					"https://opac.kbr.be/LIBRARY/doc/SYRACUSE/18400545"					
"1183d9fe-2223-4d1c-b95c-90a14abba754"	"M1436"	"1729-01-01"	"1729-12-31"	"Synopsis (manuscript)"	"Synopsis"	"f"			"f"	"f"				"f"	"Ms"									
"cfc519a3-5a7b-48c4-b646-1c9be8e9a45d"	"M144"	"1571-01-01"	"1571-12-31"	"Reprint"	"Full edition"	"f"			"f"	"f"				"f"										
"dfbdc387-d884-4c32-bebe-22699ab1ae81"	"M1442"	"1729-01-01"	"1729-12-31"	"Synopsis"	"Synopsis"	"f"	"Tragedy"		"f"	"f"				"f"										
"3845179d-f793-4482-9efd-be754c8dbb82"	"M1443"	"1729-01-01"	"1729-12-31"	"Synopsis"	"Synopsis"	"f"	"Tragedy"		"f"	"f"			"http://anet.ua.ac.be/desktop/anet/core/index.phtml?language=&euser=&session=&service=opacua&robot=&deskservice=desktop&desktop=anet&workstation=&extra="	"f"										
"67349a3e-32f0-4691-86a5-77ddc527ea58"	"M1444"	"1729-01-01"	"1729-12-31"	"Synopsis"	"Synopsis"	"f"	"Comedy"		"f"	"f"				"f"										
"c3bccb01-2ec2-4f8b-b9d7-88506c063900"	"M1445"	"1729-01-01"	"1729-12-31"	"Synopsis"	"Synopsis"	"f"	"Comedy"		"f"	"f"				"f"										
"3f6bd8aa-bac5-47de-928c-09da6ec71c44"	"M1447"	"1729-01-01"	"1729-12-31"	"Synopsis"	"Synopsis"	"f"	"Tragedy"		"f"	"f"				"f"										
"628e8640-c38f-4fa4-bbed-7d501d7963ff"	"M1450"	"1729-01-01"	"1729-12-31"	"Synopsis"	"Synopsis"	"f"			"f"	"f"				"f"										
"60f51f24-55cf-4367-b2a2-91f5196b3713"	"M1452"	"1729-01-01"	"1729-12-31"	"Synopsis"	"Synopsis"	"f"	"Comedy"		"f"	"f"				"f"										
"79aaf007-9ec9-435b-abd1-0b733a3122ec"	"M1454"	"1729-01-01"	"1729-12-31"	"Synopsis"	"Synopsis"	"f"	"Tragedy"		"f"	"f"				"f"										
"12d3e59a-fd68-4a1d-b4b2-8ae05f13b0e4"	"M1455"	"1729-01-01"	"1729-12-31"	"Synopsis"	"Synopsis"	"f"			"f"	"f"			"http://anet.ua.ac.be/desktop/anet/core/index.phtml?language=&euser=&session=&service=opacua&robot=&deskservice=desktop&desktop=anet&workstation=&extra="	"f"										
"01525393-dd5a-4cc5-9d3e-c0a4b7c41de7"	"M146"	"1574-01-01"	"1574-12-31"	"First Printing"	"Full edition"	"f"			"f"	"f"			"http://books.google.nl/books?id=tuRDAAAAcAAJ&printsec=frontcover&dq=scaligeri+poemata+volume+1&hl=nl&sa=X&ei=vBmWU5i9IsK5O8ywgbAD&ved=0CE8Q6AEwBTgK#v=onepage&q&f=false"	"f"										
"34a60ddb-aa55-4783-9ea6-e5266906acc3"	"M1463"	"1729-01-01"	"1729-12-31"	"Synopsis"	"Synopsis"	"f"			"f"	"f"			"http://anet.ua.ac.be/desktop/anet/core/index.phtml?language=&euser=&session=&service=opacua&robot=&deskservice=desktop&desktop=anet&workstation=&extra="	"f"										
"4f850139-bfb8-4853-b6eb-afb077b1fbff"	"M147"	"1574-01-01"	"1574-12-31"	"Reprint"	"Full edition"	"f"	"Comedy"	"Sacred comedy"	"f"	"f"				"f"								"https://opc-kb.oclc.org/DB=1/XMLPRS=Y/PPN?PPN=260102032"		
"2cd99f24-26ad-4f31-b116-8621b48c3e0d"	"M1476"	"1729-01-01"	"1729-12-31"	"Synopsis (manuscript)"	"Synopsis"	"f"			"f"	"f"			"http://anet.ua.ac.be/desktop/anet/core/index.phtml?language=&euser=&session=&service=opacua&robot=&deskservice=desktop&desktop=anet&workstation=&extra="	"f"	"Ms"	"Goran Proot, Spectacula Iesuitica Belgica Antiqua (SIBA). Pars I: Provincia Flandro-Belgica (Antwerpen, 2008), p. 1-836"	"Koppelen op M- of E-niveau aan Ceneton048040"	"https://anet.be/record/opacuantwerpen/c:lvd:14054370/N"						
"f48bba04-2f03-4848-be9d-567a7eab465d"	"M1481"	"1730-01-01"	"1730-12-31"	"Synopsis (manuscript)"	"Synopsis"	"f"	"Tragedy"		"f"	"f"				"f"	"Ms"									
"f75066e3-905d-4f28-8956-129efe89ce44"	"M1490"	"1730-01-01"	"1730-12-31"	"Synopsis (manuscript)"	"Synopsis"	"f"			"f"	"f"				"f"	"Ms"	"Goran Proot, Spectacula Iesuitica Belgica Antiqua (SIBA). Pars I: Provincia Flandro-Belgica (Antwerpen, 2008), p. 1-836"								
"28316e64-e95a-4335-9ea7-c06eb53ec7d5"	"M1492"	"1730-01-01"	"1730-12-31"	"Synopsis"	"Synopsis"	"f"	"Tragedy"		"f"	"f"				"f"										
"5bbee63a-3f9e-49ba-bbdf-1ad618955899"	"M1494"	"1730-01-01"	"1730-12-31"	"Synopsis"	"Synopsis"	"f"	"Comedy"		"f"	"f"				"f"										
"733a29e4-57c6-48e1-8d60-f5059115775a"	"M150"	"1578-01-01"	"1578-01-01"	"First Printing"	"Full edition"	"f"			"t"	"t"				"f"										
"b3f85aec-a861-488c-996a-888026d748fc"	"M1507"	"1730-01-01"	"1730-12-31"	"Manuscript"	"Synopsis"	"f"			"f"	"f"			"http://anet.ua.ac.be/desktop/anet/core/index.phtml?language=&euser=&session=&service=opacua&robot=&deskservice=desktop&desktop=anet&workstation=&extra="	"f"	"Ms"			"https://anet.be/record/opacuantwerpen/c:lvd:14031886/N"						
"06485beb-a9bc-4fcb-9e5a-98eb01d538d0"	"M151"	"1579-01-01"	"1579-01-01"	"Reprint"	"Full edition"	"f"			"t"	"t"				"f"										
"dafd2c02-98da-4cc7-868e-a701bba53015"	"M1511"	"1730-01-01"	"1730-12-31"	"Synopsis"	"Synopsis"	"f"	"Tragedy"		"f"	"f"				"f"										
"d8db9a82-8c81-43a6-aabd-586447451fe7"	"M1513"	"1730-01-01"	"1730-12-31"	"Synopsis"	"Synopsis"	"f"			"f"	"f"				"f"										
"60455bfb-ad6a-47f1-b954-36c65c57109e"	"M1514"	"1730-01-01"	"1730-12-31"	"Synopsis"	"Synopsis"	"f"	"Comedy"		"f"	"f"				"f"										
"679c3ca3-0e56-458b-a523-83e8faf85980"	"M1520"	"1730-01-01"	"1730-12-31"	"Synopsis (manuscript)"	"Synopsis"	"f"			"f"	"f"				"f"	"Ms"									
"92b4c04f-758d-4464-8395-1473ec4d51ca"	"M1521"	"1730-01-01"	"1730-12-31"	"Synopsis"	"Synopsis"	"f"	"Tragedy"		"f"	"f"				"f"										
"9c9e75a0-f52f-403f-8286-c7e161e41353"	"M1528"	"1730-01-01"	"1730-12-31"	"Synopsis"	"Synopsis"	"f"	"Comedy"		"f"	"f"				"f"										
"12d42f82-c3a7-4eea-a50f-2a7f5a515069"	"M1541"	"1731-01-01"	"1731-12-31"	"Synopsis"	"Synopsis"	"f"	"Tragedy"		"f"	"f"				"f"										
"a7f1a7ef-70e3-4779-84e5-fb90ac1e1319"	"M1546"	"1731-01-01"	"1731-12-31"	"Synopsis (printed)"	"Synopsis"	"f"			"f"	"f"				"f"										
"4c7dd379-bb91-4854-807b-8531ba708670"	"M155"	"1585-01-01"	"1585-01-01"	"Reprint"	"Full edition"	"f"			"f"	"f"				"f"										
"bbd3992e-2dca-4b01-90e3-895f7072cb22"	"M1555"	"1731-01-01"	"1731-12-31"	"Synopsis"	"Synopsis"	"f"	"Comedy"		"f"	"f"				"f"										
"4e9c12ac-69b0-4379-8250-8f48e1a88134"	"M156"	"1587-01-01"	"1587-12-31"	"First Printing"	"Full edition"	"f"			"t"	"t"				"f"										
"c3133a06-5b14-485b-8285-15fdb8293d98"	"M1567"	"1731-01-01"	"1731-12-31"	"Synopsis"	"Synopsis"	"f"			"f"	"f"				"f"										
"10c84560-9113-4d13-8cf3-5122c24c2744"	"M1568"	"1731-01-01"	"1731-12-31"	"Synopsis"	"Synopsis"	"f"	"Tragedy"		"f"	"f"				"f"										
"34b14522-b2f6-4a20-80a3-1c224c4d7de0"	"M157"	"1587-01-01"	"1587-12-31"	"First Printing"	"Full edition"	"f"			"t"	"t"				"f"										
"d920096b-966b-4ba8-a7f2-acbadae18864"	"M1578"	"1732-01-01"	"1732-12-31"	"Synopsis"	"Synopsis"	"f"	"Tragedy"		"f"	"f"				"f"										
"0ce00359-8f9a-4062-9967-a16190614f86"	"M1579"	"1732-01-01"	"1732-12-31"	"Synopsis (manuscript)"	"Synopsis"	"f"	"Comedy"		"f"	"f"				"f"	"Ms"									
"a8a82d7f-0990-44c2-8964-d908ad510f76"	"M1587"	"1732-01-01"	"1732-12-31"	"Synopsis"	"Synopsis"	"f"			"f"	"f"				"f"										
"aa749db5-c75a-43c4-8227-62a147772fcf"	"M1598"	"1732-01-01"	"1732-12-31"	"Synopsis (printed)"	"Synopsis"	"f"			"f"	"f"				"f"		"Goran Proot, Spectacula Iesuitica Belgica Antiqua (SIBA). Pars I: Provincia Flandro-Belgica (Antwerpen, 2008), p. 1-836"								
"2abe9931-4e95-45cb-989a-48b3378f22e0"	"M1601"	"1732-01-01"	"1732-12-31"	"Synopsis"	"Synopsis"	"f"	"Comedy"		"f"	"f"				"f"										
"0b5605f9-727f-4c7b-9859-3869c78ac71d"	"M1606"	"1732-01-01"	"1732-12-31"	"Synopsis"	"Synopsis"	"f"	"Tragedy"		"f"	"f"				"f"										
"efd07afc-c011-414b-944b-f83ab7679f36"	"M1607"	"1732-01-01"	"1732-12-31"	"Synopsis"	"Synopsis"	"f"	"Comedy"		"f"	"f"				"f"										
"0680291a-eb68-4035-aada-ed9b4fd81179"	"M1608"	"1732-01-01"	"1732-12-31"	"Synopsis"	"Synopsis"	"f"			"f"	"f"				"f"										
"7e8be956-bb48-4c41-9857-70e2c666fa6b"	"M161"	"1589-01-01"	"1589-12-31"	"First Printing"	"Full edition"	"f"			"t"	"t"				"f"										
"fe1c6482-0299-46dd-8d05-141ea70250ea"	"M1611"	"1732-01-01"	"1732-12-31"	"Synopsis"	"Synopsis"	"f"	"Tragedy"	"Martyr tragedy"	"f"	"f"				"f"										
"c68f3466-3c84-4f48-8316-c8dbcecc1b47"	"M1612"	"1732-01-01"	"1732-12-31"	"Synopsis"	"Synopsis"	"f"			"f"	"f"				"f"										
"22848ca5-a4cb-4916-aa48-07c8aa46df5e"	"M162"	"1590-01-01"	"1590-12-31"	"First Printing"	"Full edition"	"f"			"f"	"f"				"f"										
"d4ec10ea-222b-4032-b3b5-fcde511fcb85"	"M1620"	"1732-01-01"	"1732-12-31"	"Synopsis"	"Synopsis"	"f"			"f"	"f"			"http://books.google.be/books?id=ffxLAAAAcAAJ&printsec=frontcover&hl=nl&source=gbs_ge_summary_r&cad=0#v=onepage&q&f=false"	"f"						"https://lib.ugent.be/catalog/bkt01:000382281"				
"0be395bb-2cb3-4f89-96f0-68aa2a807813"	"M1630"	"1733-01-01"	"1733-12-31"	"Synopsis"	"Synopsis"	"f"	"Comical tragedy"		"f"	"f"				"f"										
"080e71af-360c-496f-bddc-5d838a509bf6"	"M1638"	"1733-01-01"	"1733-12-31"	"Synopsis"	"Synopsis"	"f"	"Comedy"		"f"	"f"				"f"										
"06b558b7-6ea7-487a-b40a-96d141253c87"	"M164"	"1591-01-01"	"1591-12-31"	"Reprint"	"Full edition"	"f"	"Comedy"		"f"	"f"				"f"										
"8403b361-4600-4afb-b4b1-b579773da0df"	"M1640"	"1733-01-01"	"1733-12-31"	"Synopsis"	"Synopsis"	"f"	"Tragedy"		"f"	"f"				"f"										
"d65c5aa6-9699-4028-8e8b-31816d32b269"	"M1649"	"1733-01-01"	"1733-12-31"	"Synopsis"	"Synopsis"	"f"			"f"	"f"				"f"		"Goran Proot, Spectacula Iesuitica Belgica Antiqua (SIBA). Pars I: Provincia Flandro-Belgica (Antwerpen, 2008), p. 1-836"								
"f2350764-2253-422c-b9c0-1f6308323ed4"	"M165"	"1591-01-01"	"1591-12-31"	"Reprint"	"Full edition"	"f"			"f"	"f"				"f"										
"cea15e30-7b50-44c9-9536-d7a53a8526c8"	"M1650"	"1733-01-01"	"1733-12-31"	"Synopsis"	"Synopsis"	"f"			"f"	"f"				"f"		"Goran Proot, Spectacula Iesuitica Belgica Antiqua (SIBA). Pars I: Provincia Flandro-Belgica (Antwerpen, 2008), p. 1-836"								
"4ad36b5c-4fb4-49fc-9832-84040790ea98"	"M1652"	"1733-01-01"	"1733-12-31"	"Synopsis"	"Synopsis"	"f"	"Comedy"		"f"	"f"				"f"										
"f01e419a-7cd2-45c8-b48e-af4c480da9c3"	"M1654"	"1733-01-01"	"1733-12-31"	"Synopsis"	"Synopsis"	"f"			"f"	"f"				"f"										
"addb98e3-8ee2-41dc-aee2-aa168e811037"	"M166"	"1591-01-01"	"1591-12-31"	"Reprint"	"Full edition"	"f"			"f"	"f"				"f"										
"21d0e4ae-7d04-44b4-8f9d-fb6a84be688a"	"M1665"	"1734-01-01"	"1734-12-31"	"Synopsis"	"Synopsis"	"f"	"Tragedy"		"f"	"f"				"f"										
"412296a1-c6a6-49a8-b4f7-0bd96be65732"	"M1666"	"1734-01-01"	"1734-12-31"	"Synopsis"	"Synopsis"	"f"	"Tragedy"		"f"	"f"				"f"										
"fedaed0d-97a7-4446-8d29-bbbaf9465e24"	"M1668"	"1734-01-01"	"1734-12-31"	"Synopsis"	"Synopsis"	"f"	"Comedy"		"f"	"f"				"f"										
"44bfd4d6-75a5-499e-8d28-f35d3f492e5d"	"M1669"	"1734-01-01"	"1734-12-31"	"Synopsis"	"Synopsis"	"f"	"Comedy"		"f"	"f"				"f"										
"78b4adec-600b-40e5-809b-b54899c461ef"	"M167"	"1591-01-01"	"1591-12-31"	"Reprint"	"Full edition"	"f"			"f"	"f"				"f"										
"79cdec07-84e0-4e5b-883e-39683c5e8edc"	"M1671"	"1735-01-01"	"1735-12-31"	"Synopsis"	"Synopsis"	"f"	"Tragedy"		"f"	"f"				"f"										
"cbeccaba-79bf-458e-bb51-e2155e1bb4b7"	"M1672"	"1735-01-01"	"1735-12-31"	"Synopsis"	"Synopsis"	"f"	"Comedy"		"f"	"f"				"f"										
"cc27e7cd-3118-408d-8b07-0cf15fbebd70"	"M1679"	"1735-01-01"	"1735-12-31"	"Synopsis"	"Synopsis"	"f"	"Comedy"		"f"	"f"				"f"										
"ac974a83-10e6-4ddd-9ec3-c46de58427c8"	"M1681"	"1735-01-01"	"1735-12-31"	"Synopsis"	"Synopsis"	"f"			"f"	"f"				"f"										
"407d740e-049f-408b-b238-4abb5bdc462a"	"M1683"	"1735-01-01"	"1735-12-31"	"Synopsis"	"Synopsis"	"f"	"Tragedy"		"f"	"f"				"f"										
"7acd3e14-45e7-49ba-b20f-f4613d4d9ca7"	"M1686"	"1736-01-01"	"1736-12-31"	"Synopsis"	"Synopsis"	"f"			"f"	"f"				"f"										
"5c7bc082-989e-445d-bffa-7b1db1d2efef"	"M1687"	"1736-01-01"	"1736-12-31"	"Synopsis"	"Synopsis"	"f"			"f"	"f"				"f"										
"809d33ce-ce8a-4490-beeb-2d175af8ebb8"	"M1688"	"1736-01-01"	"1736-12-31"	"Synopsis"	"Synopsis"	"f"	"Comedy"		"f"	"f"				"f"										
"609c211a-8f85-44a0-97d0-46481102d4ef"	"M1689"	"1736-01-01"	"1736-12-31"	"Synopsis"	"Synopsis"	"f"	"Comedy"		"f"	"f"				"f"										
"de1fb16e-ee67-43ea-93a5-78cbe794a75a"	"M1690"	"1736-01-01"	"1736-12-31"	"Synopsis (printed)"	"Synopsis"	"f"	"Tragedy"		"f"	"f"				"f"		"Goran Proot, 'Het toneel van de Antwerpse Augustijnen (1671-1783)' in: De Gulden Passer. Jaargang 76-77 (1998-1999), p. 183-194, via: https://www.dbnl.org/tekst/_gul005199801_01/_gul005199801_01_0008.php"								
"6efec431-d7d4-4f77-b1a3-1ebf9c4d13e7"	"M1691"	"1736-01-01"	"1736-12-31"	"Synopsis"	"Synopsis"	"f"	"Tragedy"		"f"	"f"				"f"										
"5804cac6-4df0-4173-a4dd-40df335cf660"	"M1696"	"1737-01-01"	"1737-12-31"	"Synopsis"	"Synopsis"	"f"	"Tragedy"		"f"	"f"				"f"										
"418d405c-b56a-455f-ac9c-d277530e73bc"	"M1699"	"1737-01-01"	"1737-12-31"	"Synopsis"	"Synopsis"	"f"	"Tragedy"		"f"	"f"				"f"										
"4db49bb1-7744-4893-b8f6-09c89588eb51"	"M17"	"1534-01-01"	"1534-12-31"	"First Printing"	"Full edition"	"f"			"f"	"f"				"f"										
"f39f2582-47e1-498f-b991-e43657fd594e"	"M1701"	"1737-01-01"	"1737-12-31"	"Synopsis"	"Synopsis"	"f"	"Comedy"		"f"	"f"				"f"										
"a9d4603e-f635-405a-a3db-58681b8184da"	"M1702"	"1737-01-01"	"1737-12-31"	"Synopsis"	"Synopsis"	"f"	"Comedy"		"f"	"f"				"f"										
"d1a542ac-5716-43d7-9de1-97346b3894b9"	"M1703"	"1738-01-01"	"1738-12-31"	"Synopsis"	"Synopsis"	"f"	"Tragedy"		"f"	"f"				"f"										
"f25dbb73-3e53-4824-a627-b351f98d4c00"	"M1704"	"1738-01-01"	"1738-12-31"	"Synopsis"	"Synopsis"	"f"	"Tragedy"		"f"	"f"				"f"										
"bebee030-404f-44eb-8357-372c53d09f1a"	"M1705"	"1738-01-01"	"1738-12-31"	"Synopsis"	"Synopsis"	"f"	"Comedy"		"f"	"f"				"f"										
"a9c13b6f-5ee3-4c11-96cb-aa94ac32b429"	"M1707"	"1738-01-01"	"1738-12-31"	"Synopsis"	"Synopsis"	"f"	"Comedy"		"f"	"f"				"f"										
"a54da2f8-95d5-48e5-aded-5a14eb8d3702"	"M1709"	"1739-01-01"	"1739-12-31"	"Synopsis"	"Synopsis"	"f"	"Tragedy"		"f"	"f"				"f"										
"a5259a1a-92f5-4a00-9895-87fcc9afdac6"	"M1710"	"1739-01-01"	"1739-12-31"	"Synopsis"	"Synopsis"	"f"	"Comedy"		"f"	"f"				"f"										
"1731d1ca-f891-4393-bed3-733a2e0d24ef"	"M1711"	"1739-01-01"	"1739-12-31"	"Synopsis"	"Synopsis"	"f"	"Comedy"		"f"	"f"				"f"										
"6d06ce54-34fe-4447-908e-1269dfcba932"	"M1712"	"1739-01-01"	"1739-12-31"	"Synopsis"	"Synopsis"	"f"	"Tragedy"		"f"	"f"				"f"		"Goran Proot, 'Het toneel van de Antwerpse Augustijnen (1671-1783)' in: De Gulden Passer. Jaargang 76-77 (1998-1999), p. 183-194, via: https://www.dbnl.org/tekst/_gul005199801_01/_gul005199801_01_0008.php"								
"1f4e2dc6-2992-404a-b7e0-709165ea8bf3"	"M1716"	"1740-01-01"	"1740-12-31"	"Synopsis"	"Synopsis"	"f"	"Tragedy"		"f"	"f"				"f"										
"1d6749f6-c83b-46ac-8844-6294dd8589df"	"M1717"	"1740-01-01"	"1740-12-31"	"Synopsis"	"Synopsis"	"f"	"Comedy"		"f"	"f"				"f"										
"6ba0d37e-75d5-4555-aec4-628a1c783830"	"M1718"	"1740-01-01"	"1740-12-31"	"Synopsis"	"Synopsis"	"f"	"Comedy"		"f"	"f"				"f"										
"559ff0e8-3427-44de-9cda-e7ad95b0a0ff"	"M1720"	"1740-01-01"	"1740-12-31"	"Synopsis"	"Synopsis"	"f"	"Tragedy"		"f"	"f"				"f"										
"4b14ae8b-ed38-4e32-9b0f-087c8971b2d8"	"M1725"	"1741-01-01"	"1741-12-31"	"Synopsis"	"Synopsis"	"f"	"Tragedy"		"f"	"f"				"f"										
"72254820-55b5-4791-83d8-7c42b14f1973"	"M1726"	"1741-01-01"	"1741-12-31"	"Synopsis"	"Synopsis"	"f"			"f"	"f"				"f"						"https://lib.ugent.be/catalog/bkt01:000329430"				
"008010cc-6573-490b-8a6c-77d1086d6a7a"	"M1729"	"1741-01-01"	"1741-12-31"	"Synopsis"	"Synopsis"	"f"	"Comedy"		"f"	"f"				"f"										
"1290eebf-5d80-42b5-b9ec-1a19380e49dd"	"M1735"	"1742-01-01"	"1742-12-31"	"Synopsis"	"Synopsis"	"f"			"f"	"f"				"f"										
"7da23f7c-95f5-41b1-afda-811e8d8dd396"	"M1739"	"1742-01-01"	"1742-12-31"	"Synopsis"	"Synopsis"	"f"	"Tragedy"		"f"	"f"				"f"										
"9fadb306-0274-4d61-8c1f-c989754ce916"	"M1740"	"1742-01-01"	"1742-12-31"	"Manuscript"	"Full edition"	"f"			"f"	"f"				"f"										
"62744dd3-ebc7-4c34-ac43-c6ac043d64fc"	"M1744"	"1742-01-01"	"1742-12-31"	"Synopsis"	"Synopsis"	"f"	"Comedy"		"f"	"f"				"f"										
"154fcdb7-8b83-415e-9059-fab76d0d2a90"	"M175"	"1594-01-01"	"1594-12-31"	"Manuscript"	"Full edition"	"f"			"t"	"t"				"f"										
"89bf0b78-b28b-4f28-a0a9-59e170750b1c"	"M1754"	"1743-01-01"	"1743-12-31"	"Synopsis"	"Synopsis"	"f"	"Tragedy"		"f"	"f"				"f"										
"fb350d1a-3c22-4010-93ad-8de446ba6eed"	"M1759"	"1743-01-01"	"1743-12-31"	"Manuscript"	"Full edition"	"f"			"f"	"f"				"f"										
"623ee455-167f-45b7-95cf-06b123639a73"	"M176"	"1594-01-01"	"1594-12-31"	"First Printing"	"Full edition"	"f"			"t"	"t"				"f"										
"0e91c774-cf98-4077-b62b-0af70e78cb34"	"M1762"	"1743-01-01"	"1743-12-31"	"Synopsis"	"Synopsis"	"f"	"Comedy"		"f"	"f"				"f"										
"f3f0b06c-1a30-4e79-aa32-614302883658"	"M1764"	"1743-01-01"	"1743-12-31"	"Synopsis"	"Synopsis"	"f"			"f"	"f"				"f"			"Koppelen op M- of E-niveau aan Ceneton044140"							
"44e2acfe-6219-4245-b95f-2f8b7652c7b5"	"M1767"	"1744-01-01"	"1744-12-31"	"Synopsis"	"Synopsis"	"f"	"Tragedy"		"f"	"f"	"https://www.let.leidenuniv.nl/Dutch/Ceneton/Facsimiles/SJAndronicusGent1744"			"f"						"https://lib.ugent.be/catalog/bkt01:000325949"				
"ef2cd371-db4b-4d53-aebb-0d0f93bf3ffe"	"M177"	"1594-01-01"	"1594-12-31"	"First Printing"	"Full edition"	"f"			"t"	"t"				"f"										
"b5be48ff-636e-4d86-a0bf-11064db00606"	"M1772"	"1744-01-01"	"1744-12-31"	"Synopsis"	"Synopsis"	"f"	"Tragedy"		"f"	"f"				"f"										
"bb62464a-bd87-4a6e-a5db-1fb7ebc4de73"	"M1775"	"1744-01-01"	"1744-12-31"	"Manuscript"	"Full edition"	"f"			"f"	"f"				"f"										
"3e96f1c3-29b1-48e2-b23d-d99e0729bbf1"	"M1777"	"1744-01-01"	"1744-12-31"	"Synopsis"	"Synopsis"	"f"	"Comedy"		"f"	"f"				"f"										
"10a6a158-9b5b-489f-b750-9cb19d99d0c3"	"M1787"	"1745-01-01"	"1745-12-31"	"Manuscript"	"Full edition"	"f"			"f"	"f"			"http://anet.ua.ac.be/desktop/anet/core/index.phtml?language=&euser=&session=&service=opacua&robot=&deskservice=desktop&desktop=anet&workstation=&extra="	"f"	"Ms"	"Goran Proot, Spectacula Iesuitica Belgica Antiqua (SIBA). Pars I: Provincia Flandro-Belgica (Antwerpen, 2008), p. 1-836"	"Koppelen op M- of E-niveau aan M1788"							
"af3d066f-0f71-4692-acf8-339cca086cf6"	"M1788"	"1745-01-01"	"1745-12-31"	"Synopsis (printed)"	"Synopsis"	"f"			"f"	"f"			"http://anet.ua.ac.be/desktop/anet/core/index.phtml?language=&euser=&session=&service=opacua&robot=&deskservice=desktop&desktop=anet&workstation=&extra="	"f"		"Goran Proot, Spectacula Iesuitica Belgica Antiqua (SIBA). Pars I: Provincia Flandro-Belgica (Antwerpen, 2008), p. 1-836"	"Koppelen op M- of E-niveau aan M1787"	"https://anet.be/record/opacuantwerpen/c:lvd:14022399/N"						
"2b8ccb14-8c41-4bfc-b413-143a2946dd44"	"M1790"	"1745-01-01"	"1745-12-31"	"Synopsis"	"Synopsis"	"f"			"f"	"f"				"f"										
"180805c2-2c43-4f20-adb9-59dd67817566"	"M1791"	"1745-01-01"	"1745-12-31"	"Synopsis"	"Synopsis"	"f"	"Comedy"		"f"	"f"				"f"										
"22883738-3bd3-43de-ae55-450d9c8d2d4d"	"M1792"	"1745-01-01"	"1745-12-31"	"Synopsis"	"Synopsis"	"f"	"Tragedy"		"f"	"f"				"f"										
"36f18035-7589-4ec6-8523-cbe86fee9ddd"	"M1793"	"1745-01-01"	"1745-12-31"	"Synopsis"	"Synopsis"	"f"	"Comedy"		"f"	"f"				"f"										
"e7c0938e-2eb3-4a79-a24b-bbf1717eb4d8"	"M1794"	"1745-01-01"	"1745-12-31"	"Synopsis (printed)"	"Synopsis"	"f"	"Tragedy"		"f"	"f"				"f"		"Goran Proot, 'Het toneel van de Antwerpse Augustijnen (1671-1783)' in: De Gulden Passer. Jaargang 76-77 (1998-1999), p. 183-194, via: https://www.dbnl.org/tekst/_gul005199801_01/_gul005199801_01_0008.php"								
"7ab2cfa9-a2bd-4cb7-a2e2-c21e6a483523"	"M1799"	"1746-01-01"	"1746-12-31"	"Synopsis"	"Synopsis"	"f"	"Tragedy"		"f"	"f"				"f"										
"78f7aa2b-b02b-43ba-884f-230be4fcadf4"	"M1800"	"1746-01-01"	"1746-12-31"	"Synopsis"	"Synopsis"	"f"	"Comedy"		"f"	"f"				"f"										
"d3f6be13-d794-4bc6-bd37-b5fd8d181a51"	"M1802"	"1746-01-01"	"1746-12-31"	"Synopsis (printed)"	"Synopsis"	"f"	"Comical tragedy"		"f"	"f"				"f"		"Goran Proot, Spectacula Iesuitica Belgica Antiqua (SIBA). Pars I: Provincia Flandro-Belgica (Antwerpen, 2008), p. 1-836"	"Koppelen op M- of E-niveau aan M1806"							
"5feb7c25-6f10-48ee-b889-0019b7d427df"	"M1803"	"1746-01-01"	"1746-12-31"	"Synopsis"	"Synopsis"	"f"	"Comedy"		"f"	"f"				"f"										
"0d034eba-7d20-4207-82e6-5f65979ea057"	"M1804"	"1746-01-01"	"1746-12-31"	"Synopsis (printed)"	"Synopsis"	"f"	"Tragedy"		"f"	"f"				"f"		"Goran Proot, 'Het toneel van de Antwerpse Augustijnen (1671-1783)' in: De Gulden Passer. Jaargang 76-77 (1998-1999), p. 183-194, via: https://www.dbnl.org/tekst/_gul005199801_01/_gul005199801_01_0008.php"	"Koppelen met M1805"		"https://opac.kbr.be/LIBRARY/doc/SYRACUSE/18386879"					
"f3933712-e6ea-4306-a8ef-e7b8d444093d"	"M1805"	"1746-01-01"	"1746-12-31"	"Synopsis (printed)"	"Synopsis"	"f"			"f"	"f"			"http://anet.ua.ac.be/desktop/anet/core/index.phtml?language=&euser=&session=&service=opacua&robot=&deskservice=desktop&desktop=anet&workstation=&extra="	"f"		"Goran Proot, 'Het toneel van de Antwerpse Augustijnen (1671-1783)' in: De Gulden Passer. Jaargang 76-77 (1998-1999), p. 183-194, via: https://www.dbnl.org/tekst/_gul005199801_01/_gul005199801_01_0008.php"	"Koppelen met M1804"	"https://anet.be/record/opacanet/c:lvd:14051244/N"						
"c8b46c1e-396d-4466-a031-9879f8aa080e"	"M1822"	"1748-01-01"	"1748-12-31"	"Synopsis"	"Synopsis"	"f"			"f"	"f"				"f"			"Koppelen op M- of E-niveau aan Ceneton069970"							
"6d08e44e-6a6d-4541-ba4c-5bc2813d9ad3"	"M1849"	"1750-01-01"	"1750-12-31"	"Synopsis (printed)"	"Synopsis"	"f"			"f"	"f"				"f"										
"f9defa79-8eef-48b3-921b-000f12823d69"	"M1865"	"1752-01-01"	"1752-12-31"	"Synopsis"	"Synopsis"	"f"			"f"	"f"	"https://www.let.leidenuniv.nl/Dutch/Ceneton/Facsimiles/SJAndreasBelaMechelen1752"			"f"										
"4bac8bda-ebe4-4989-86e6-ceb93b391030"	"M1868"	"1752-01-01"	"1752-12-31"	"Synopsis"	"Synopsis"	"f"			"f"	"f"	"https://www.let.leidenuniv.nl/Dutch/Ceneton/Facsimiles/SJAndreasBelaMechelen1752"			"f"										
"f7c07e96-0ac4-4783-85b8-b397df65c9f4"	"M188"	"1595-01-01"	"1595-12-31"	"Reprint"	"Full edition"	"f"			"f"	"f"				"f"										
"ff24a78a-f4bc-472c-b5fe-dbcf6daac394"	"M1888"	"1755-01-01"	"1755-12-31"	"Synopsis"	"Synopsis"	"f"	"Tragedy"		"f"	"f"				"f"					"https://opac.kbr.be/LIBRARY/doc/SYRACUSE/18020926"					
"650592bf-979f-40d0-867d-7c39e57ec85c"	"M189"	"1595-01-01"	"1595-12-31"	"Reprint"	"Full edition"	"f"			"f"	"f"				"f"										
"e3003dd0-0400-444c-8af3-ee38809708c8"	"M1890"	"1755-01-01"	"1755-12-31"	"Synopsis"	"Synopsis"	"f"	"Comedy"		"f"	"f"				"f"										
"b78bd063-aa83-4c15-983e-6673ad25532f"	"M1891"	"1755-01-01"	"1755-12-31"	"Synopsis"	"Synopsis"	"f"	"Comedy"	"Farce"	"f"	"f"				"f"										
"213d5ef2-cc8d-474e-b7fe-213139e5ff23"	"M1892"	"1755-01-01"	"1755-12-31"	"Manuscript"	"Full edition"	"f"			"f"	"f"				"f"										
"13efb100-e638-45a2-8466-fc047d41db8d"	"M1893"	"1755-01-01"	"1755-12-31"	"Manuscript"	"Full edition"	"f"			"f"	"f"				"f"										
"95369e24-edd7-4e96-b00a-d264efc1ce94"	"M1895"	"1755-01-01"	"1755-12-31"	"Synopsis (printed)"	"Synopsis"	"f"	"Tragedy"		"f"	"f"				"f"		"Goran Proot, 'Het toneel van de Antwerpse Augustijnen (1671-1783)' in: De Gulden Passer. Jaargang 76-77 (1998-1999), p. 183-194, via: https://www.dbnl.org/tekst/_gul005199801_01/_gul005199801_01_0008.php"								
"51162099-2ee5-4eca-8cc8-a18e1903bdc1"	"M1901"	"1755-01-01"	"1755-12-31"	"Manuscript"	"Full edition"	"f"			"f"	"f"				"f"										
"5a06d1df-f664-4c76-be79-0cc637d97934"	"M1903"	"1756-01-01"	"1756-12-31"	"Synopsis"	"Synopsis"	"f"	"Tragedy"		"f"	"f"				"f"										
"917bbaa9-a24d-4f71-80d4-6733095b101d"	"M1906"	"1756-01-01"	"1756-12-31"	"Synopsis (printed)"	"Synopsis"	"f"	"Comedy"		"f"	"f"				"f"		"Goran Proot, 'Het toneel van de Antwerpse Augustijnen (1671-1783)' in: De Gulden Passer. Jaargang 76-77 (1998-1999), p. 183-194, via: https://www.dbnl.org/tekst/_gul005199801_01/_gul005199801_01_0008.php"								
"8c986b53-74d4-4a0e-bdae-3b36e09a0b4e"	"M1907"	"1756-01-01"	"1756-12-31"	"Synopsis (printed)"	"Synopsis"	"f"	"Comedy"		"f"	"f"				"f"		"Goran Proot, 'Het toneel van de Antwerpse Augustijnen (1671-1783)' in: De Gulden Passer. Jaargang 76-77 (1998-1999), p. 183-194, via: https://www.dbnl.org/tekst/_gul005199801_01/_gul005199801_01_0008.php"								
"8aa475d0-8520-4dad-b416-24347207419a"	"M1910"	"1756-01-01"	"1756-12-31"	"Synopsis (printed)"	"Synopsis"	"f"	"Tragedy"		"f"	"f"				"f"		"Goran Proot, 'Het toneel van de Antwerpse Augustijnen (1671-1783)' in: De Gulden Passer. Jaargang 76-77 (1998-1999), p. 183-194, via: https://www.dbnl.org/tekst/_gul005199801_01/_gul005199801_01_0008.php"								
"c292d65d-058d-42e7-b9b9-ac77d955d370"	"M1915"	"1757-01-01"	"1757-12-31"	"Synopsis (printed)"	"Synopsis"	"f"	"Comedy"		"f"	"f"				"f"		"Goran Proot, 'Het toneel van de Antwerpse Augustijnen (1671-1783)' in: De Gulden Passer. Jaargang 76-77 (1998-1999), p. 183-194, via: https://www.dbnl.org/tekst/_gul005199801_01/_gul005199801_01_0008.php"								
"625ad9af-1ccb-46cf-a9ff-97f6edbda31a"	"M1916"	"1757-01-01"	"1757-12-31"	"Synopsis (printed)"	"Synopsis"	"f"	"Comedy"		"f"	"f"				"f"		"Goran Proot, 'Het toneel van de Antwerpse Augustijnen (1671-1783)' in: De Gulden Passer. Jaargang 76-77 (1998-1999), p. 183-194, via: https://www.dbnl.org/tekst/_gul005199801_01/_gul005199801_01_0008.php"								
"2c962fda-b7a9-4fb4-b45d-1fa1004c3a5d"	"M1917"	"1757-01-01"	"1757-12-31"	"Manuscript"	"Full edition"	"f"			"f"	"f"				"f"										
"5c96a4fc-47a1-4611-93eb-671edfbd544b"	"M1918"	"1757-01-01"	"1757-12-31"	"Synopsis (printed)"	"Synopsis"	"f"	"Tragedy"		"f"	"f"				"f"		"Goran Proot, 'Het toneel van de Antwerpse Augustijnen (1671-1783)' in: De Gulden Passer. Jaargang 76-77 (1998-1999), p. 183-194, via: https://www.dbnl.org/tekst/_gul005199801_01/_gul005199801_01_0008.php"			"https://opac.kbr.be/LIBRARY/doc/SYRACUSE/18386012 
"					
"ed532526-e0d9-4495-93a8-0927a9fe83ab"	"M1919"	"1757-01-01"	"1757-12-31"	"Synopsis"	"Synopsis"	"f"	"Tragedy"		"f"	"f"				"f"										
"8c37bc3a-713c-4730-bb92-1cfee28aa71e"	"M1924"	"1758-01-01"	"1758-12-31"	"Mention"	"Fragment"	"f"			"f"	"f"				"f"										
"f23cb138-9857-454b-8d8c-d964916c0e59"	"M1936"	"1759-01-01"	"1759-12-31"	"Synopsis"	"Synopsis"	"f"	"Pastoral play"		"f"	"f"				"f"										
"8115c375-a28a-4085-9b08-fc01ebcc69f8"	"M194"	"1596-01-01"	"1596-12-31"	"First Printing"	"Full edition"	"f"			"t"	"t"				"f"										
"2af5dffe-829f-456a-bc50-58e06ab24846"	"M196"	"1598-01-01"	"1598-12-31"	"Reprint"	"Full edition"	"f"			"f"	"f"				"f"										
"90fb4ebe-aec4-4731-9c38-f62c9fb12034"	"M197"	"1598-01-01"	"1598-12-31"	"Reprint"	"Full edition"	"f"			"f"	"f"				"f"										
"713beccc-96b7-459e-afa8-96fd42c5e613"	"M198"	"1598-01-01"	"1598-12-31"	"Reprint"	"Full edition"	"f"	"Comedy"		"f"	"f"				"f"										
"90e1ee8e-1574-4e05-b15a-5c1f66a447d4"	"M199"	"1598-01-01"	"1598-12-31"	"Reprint"	"Full edition"	"f"			"f"	"f"				"f"										
"24df915f-a567-4363-ad99-8473d6974551"	"M200"	"1598-01-01"	"1598-12-31"	"Reprint"	"Full edition"	"f"			"f"	"f"				"f"										
"91ea8723-8702-465f-aa86-4e0cc9bacc39"	"M201"	"1598-01-01"	"1598-12-31"	"Reprint"	"Full edition"	"f"			"f"	"f"				"f"										
"ee3b4ddd-7726-4976-b6e6-27551751adf5"	"M2027"	"1767-01-01"	"1767-12-31"	"Synopsis"	"Synopsis"	"t"			"f"	"f"				"f"										
"1df7b306-7168-42f0-810e-72c9ab1be948"	"M2037"	"1768-01-01"	"1768-12-31"	"Reprint"	"Full edition"	"f"			"f"	"f"				"f"	"000004 - a1 A2 Joc - b1 A3 $ex b2 Z theo - c1 Aa ripi : c2 Lll dona$"									
"b06cb625-9dc6-4366-92c4-6b9fe65b1638"	"M2043"	"1769-01-01"	"1769-12-31"	"Synopsis"	"Synopsis"	"f"			"f"	"f"				"f"										
"224913ad-577f-426a-bbfb-77eb1250fe43"	"M2068"	"1771-01-01"	"1771-12-31"	"Manuscript"	"Full edition"	"f"			"f"	"f"				"f"	"Ms"									
"233a60f4-7e1e-4e5a-92b9-8b458ff67d02"	"M2071"	"1771-01-01"	"1771-12-31"	"Synopsis"	"Synopsis"	"f"	"Comedy"		"f"	"f"				"f"										
"2e459356-f0b9-4464-9b6d-ab7ebaac444e"	"M2072"	"1771-01-01"	"1771-12-31"	"Mention"	"Fragment"	"f"	"Comedy"		"f"	"f"				"f"										
"496a56cc-c7cf-4e05-96a5-d8e165d24447"	"M2082"	"1772-01-01"	"1772-12-31"	"Synopsis (printed)"	"Synopsis"	"f"			"f"	"f"				"f"					"https://opac.kbr.be/LIBRARY/doc/SYRACUSE/18402261"					
"f493cbae-f477-4ea9-9eaf-8fba0f8dd4bc"	"M2105"	"1774-01-01"	"1774-12-31"	"Synopsis"	"Synopsis"	"t"			"f"	"f"				"f"										
"f5c5d03d-90d9-43f4-ad51-f4875a32c78d"	"M2111"	"1775-01-01"	"1775-12-31"	"First Printing"	"Full edition"	"f"			"f"	"f"				"f"										
"b6a9a5cb-022d-4dee-87da-49b4fbc97e1c"	"M2113"	"1775-01-01"	"1775-12-31"	"Reprint"	"Full edition"	"f"			"f"	"f"				"f"										
"a7c1351d-8389-4ac9-be69-eb44aa6b4254"	"M2120"	"1776-01-01"	"1776-12-31"	"Mention"	"Fragment"	"f"	"Comedy"	"Farce"	"f"	"f"				"f"										
"95e4ccc3-d5c9-42fe-81a2-f9d26636e9c7"	"M2134"	"1545-01-01"	"1555-12-31"	"Manuscript"	"Full edition"	"f"			"t"	"t"				"f"										
"e0248ff5-b57d-4b27-81aa-76226b1935f3"	"M2135"	"1545-01-01"	"1555-12-31"	"Manuscript"	"Full edition"	"f"			"t"	"t"				"f"										
"85d6d5be-0f27-439c-9af5-61da2d60dcba"	"M2136"	"1545-01-01"	"1555-12-31"	"Manuscript"	"Full edition"	"f"			"t"	"t"				"f"										
"3dd306a9-cbd9-4b81-ae31-bc16afaf44e5"	"M2137"	"1545-01-01"	"1555-12-31"	"Manuscript"	"Full edition"	"f"			"t"	"t"				"f"										
"c333cc69-8f99-4c40-bd2e-fdb39c0f4406"	"M2138"	"1545-01-01"	"1555-12-31"	"Manuscript"	"Full edition"	"f"			"t"	"t"	"https://www.let.leidenuniv.nl/Dutch/Ceneton/Facsimiles/Molanus69Salomon"	"https://www.let.leidenuniv.nl/Dutch/Ceneton/Molanus69Salomon.html"		"f"										
"509267ee-d804-41a7-a9f8-3553153003ee"	"M2139"	"1545-01-01"	"1555-12-31"	"Manuscript"	"Full edition"	"f"			"t"	"t"				"f"										
"ab750acd-fb8a-488c-8115-07864fc4bd1c"	"M2140"	"1545-01-01"	"1555-12-31"	"Manuscript"	"Full edition"	"f"			"t"	"t"				"f"										
"3566889f-4487-4850-930e-c3c1c75ad977"	"M2141"	"1557-01-01"	"1567-12-31"	"First Printing"	"Full edition"	"f"			"f"	"f"				"f"										
"4ecb0eaf-b15a-486e-9fa2-1afbf75d49a5"	"M2142"	"1560-01-01"	"1570-12-31"	"First Printing"	"Full edition"	"f"	"Comedy"		"f"	"f"				"f"										
"89f6d327-7030-4f56-b89d-a408918190d2"	"M2143"	"1560-01-01"	"1570-12-31"	"First Printing"	"Full edition"	"f"	"Comedy"		"f"	"f"				"f"										
"4137d9d9-cc0a-4803-a4a7-ab38379d1d92"	"M2144"	"1589-01-01"	"1590-12-31"	"Manuscript"	"Full edition"	"f"			"f"	"f"				"f"										
"9b22b377-5405-4e25-9f12-186dffc8c204"	"M2145"	"1594-01-01"	"1604-12-31"	"Manuscript"	"Full edition"	"t"			"f"	"f"				"f"	"Ms"									
"6026ce61-53cf-42ce-81a8-44ade54dab23"	"M2146"	"1595-01-01"	"1605-12-31"	"Manuscript"	"Full edition"	"f"			"f"	"f"				"f"	"Ms"									
"c595ea1a-a726-4704-b8d2-3962d7f03e14"	"M2147"	"1595-01-01"	"1605-12-31"	"Manuscript"	"Full edition"	"f"			"f"	"f"				"f"	"Ms"									
"91bd6c08-2982-4b8f-a7b1-d8b9db63c48a"	"M2148"	"1595-01-01"	"1605-12-31"	"First Printing"	"Full edition"	"f"			"f"	"f"				"f"										
"d52c2849-acea-40eb-8f2d-743c4968b3ac"	"M2149"	"1595-01-01"	"1605-12-31"	"First Printing"	"Full edition"	"f"			"f"	"f"				"f"										
"b9d18d3c-b8ad-4e12-b608-52742b8d7928"	"M2150"	"1595-01-01"	"1605-12-31"	"First Printing"	"Full edition"	"f"			"f"	"f"				"f"										
"6257b4a1-9b02-4730-be54-fe5b20d2e4fa"	"M2151"	"1595-01-01"	"1605-12-31"	"First Printing"	"Full edition"	"f"			"f"	"f"				"f"										
"692e2390-8b7c-40e3-80d7-cfda3022cfe9"	"M2152"	"1595-01-01"	"1605-12-31"	"First Printing"	"Full edition"	"f"			"f"	"f"				"f"										
"0a7d41e3-716d-4b00-86cf-7e9b7c6383b3"	"M2153"	"1595-01-01"	"1605-12-31"	"First Printing"	"Full edition"	"f"			"f"	"f"				"f"										
"ff765130-01c0-47a4-b1dc-fad5ddc5321d"	"M2154"	"1595-01-01"	"1605-12-31"	"First Printing"	"Full edition"	"f"			"f"	"f"				"f"										
"ab97bd74-900d-4e6b-8d05-8ef6351c5d43"	"M2155"	"1595-01-01"	"1605-12-31"	"First Printing"	"Full edition"	"f"			"f"	"f"				"f"										
"8c2de90a-02b2-4741-9b70-6ab9a93b13e7"	"M2156"	"1595-01-01"	"1605-12-31"	"First Printing"	"Full edition"	"f"			"f"	"f"				"f"										
"830d56c1-6f30-4ed5-84f2-dfbb618f63df"	"M2157"	"1595-01-01"	"1605-12-31"	"First Printing"	"Full edition"	"f"			"f"	"f"				"f"										
"ab927ad8-d130-4382-89a1-6abfea719377"	"M2158"	"1595-01-01"	"1605-12-31"	"First Printing"	"Full edition"	"f"			"f"	"f"				"f"										
"b8387d05-f34f-4506-96c5-9f060e0099fa"	"M2159"	"1595-01-01"	"1605-12-31"	"First Printing"	"Full edition"	"f"			"f"	"f"				"f"										
"fb7b2181-3c66-468b-a4c0-403ec00fe189"	"M2160"	"1595-01-01"	"1605-12-31"	"First Printing"	"Full edition"	"f"			"f"	"f"				"f"										
"41556492-31b3-41f5-a429-39577f013f87"	"M2161"	"1595-01-01"	"1605-12-31"	"First Printing"	"Full edition"	"f"			"f"	"f"				"f"										
"1e54cb68-ca06-48f3-b4da-749c57993ac3"	"M2162"	"1595-01-01"	"1605-12-31"	"First Printing"	"Full edition"	"f"			"f"	"f"				"f"										
"9702cdbc-b720-40b8-ad98-c6b90c109f20"	"M2163"	"1595-01-01"	"1605-12-31"	"First Printing"	"Full edition"	"f"			"f"	"f"				"f"										
"6972f5c8-8454-42ec-8138-eafa6632a9c0"	"M2164"	"1595-01-01"	"1605-12-31"	"Manuscript"	"Full edition"	"f"			"f"	"f"				"f"	"Ms"									
"ed42df7d-bba0-4ea5-b3f0-5ac47a4e4bfb"	"M2165"	"1595-01-01"	"1605-12-31"	"First Printing"	"Full edition"	"f"			"f"	"f"				"f"										
"30ea419d-422e-4c55-b60d-0a7286d26318"	"M2166"	"1600-01-01"	"1601-12-31"	"Manuscript"	"Full edition"	"f"			"f"	"f"				"f"	"Ms"									
"95905c57-36a3-42dc-bfa9-c01ddccec53f"	"M2167"	"1600-01-01"	"1635-12-31"	"Manuscript"	"Full edition"	"f"	"Tragedy"		"t"	"t"				"f"	"Ms"									
"50f8f2c8-ad68-4dc5-8317-9cc3861d69b0"	"M2168"	"1605-01-01"	"1615-12-31"	"Manuscript"	"Full edition"	"f"			"f"	"f"				"f"	"Ms"									
"dadb5a85-eb8a-4ec1-9751-6b509b9c1fd1"	"M2169"	"1607-01-01"	"1617-12-31"	"Mention"	"Fragment"	"f"			"t"	"t"				"f"										
"d4ca7445-f2ac-4de2-8729-3e7c4e704864"	"M2170"	"1610-01-01"	"1620-12-31"	"Manuscript"	"Full edition"	"f"			"f"	"f"				"f"										
"6d669150-7991-4bbc-a2f2-5db38420ef4f"	"M2171"	"1610-01-01"	"1620-12-31"	"Manuscript"	"Full edition"	"f"	"Tragedy"		"f"	"f"				"f"	"Ms"									
"7c5943a9-ba6d-41e1-a2e2-b9d2fd63464e"	"M2172"	"1615-01-01"	"1625-12-31"	"Manuscript"	"Full edition"	"f"			"f"	"f"				"f"	"Ms"									
"887b59ba-fb31-40f2-88da-8c48f99369d5"	"M2173"	"1616-01-01"	"1626-12-31"	"Manuscript"	"Full edition"	"f"	"Tragedy"		"f"	"f"				"f"	"Ms"									
"b5a7a489-d37a-464b-9ac6-d89eda34db87"	"M2174"	"1619-01-01"	"1629-12-31"	"Mention"	"Fragment"	"f"			"f"	"f"				"f"										
"7bb2099c-3fdd-4675-9cd1-55160e34f102"	"M2176"	"1629-01-01"	"1639-12-31"	"Manuscript"	"Full edition"	"f"			"f"	"f"				"f"	"Ms"									
"c9b44571-7df2-42d9-ae4b-05c92b9ff977"	"M2177"	"1630-01-01"	"1640-12-31"	"First Printing"	"Full edition"	"f"			"f"	"f"				"f"										
"97a904f6-bb77-476a-9a2e-5b013f3d5b4f"	"M2178"	"1645-01-01"	"1655-12-31"	"Manuscript"	"Full edition"	"f"			"f"	"f"				"f"										
"66bcd2e0-e6a2-4c6a-806e-93b4af8f51a3"	"M2179"	"1645-01-01"	"1655-12-31"	"Manuscript"	"Full edition"	"f"			"f"	"f"				"f"		"Goran Proot, Spectacula Iesuitica Belgica Antiqua (SIBA). Pars I: Provincia Flandro-Belgica (Antwerpen, 2008), p. 1-836"								
"dd29d2ea-8141-49a9-af14-6af8cbf56879"	"M2180"	"1645-01-01"	"1655-12-31"	"Synopsis (printed)"	"Synopsis"	"f"			"f"	"f"				"f"										
"20e7408d-88e1-4210-8ee6-de43f0064919"	"M2181"	"1645-01-01"	"1655-12-31"	"Manuscript"	"Full edition"	"f"			"f"	"f"				"f"		"Goran Proot, Spectacula Iesuitica Belgica Antiqua (SIBA). Pars I: Provincia Flandro-Belgica (Antwerpen, 2008), p. 1-836"								
"2acd1628-ca50-4aab-a5b5-6233cabd365b"	"M2182"	"1645-01-01"	"1655-12-31"	"Synopsis (printed)"	"Synopsis"	"f"			"f"	"f"				"f"					"https://opac.kbr.be/LIBRARY/doc/SYRACUSE/18400374"					
"f870aa2b-6ff4-43bd-be56-26968b20f4f2"	"M2183"	"1645-01-01"	"1655-12-31"	"Manuscript"	"Full edition"	"f"			"f"	"f"				"f"										
"05a37384-3ba8-432c-b4e1-1509e72a702c"	"M2184"	"1645-01-01"	"1655-12-31"	"Manuscript"	"Full edition"	"f"			"f"	"f"				"f"										
"17af4998-f191-4e10-a8ff-f5d467f5e482"	"M2186"	"1645-01-01"	"1655-12-31"	"Manuscript"	"Full edition"	"f"			"f"	"f"				"f"										
"2fbbf85b-3488-4d0f-8dc1-87b3778ad1c8"	"M2187"	"1645-01-01"	"1655-12-31"	"Manuscript"	"Full edition"	"f"			"f"	"f"				"f"										
"2c7c3ac7-3096-4cd3-85cc-0eb287ef1bfe"	"M2188"	"1645-01-01"	"1655-12-31"	"Manuscript"	"Full edition"	"f"			"f"	"f"				"f"										
"3bb524e0-9185-436a-ac41-65f7a6393565"	"M2189"	"1645-01-01"	"1655-12-31"	"Manuscript"	"Full edition"	"f"			"f"	"f"				"f"										
"e850a121-c37a-47b1-8190-3487d0f73dcc"	"M2190"	"1645-01-01"	"1655-12-31"	"Manuscript"	"Full edition"	"f"			"f"	"f"				"f"										
"36c9480a-e773-4055-a6ff-27eb5ad1309c"	"M2191"	"1645-01-01"	"1655-12-31"	"Manuscript"	"Full edition"	"f"			"f"	"f"				"f"										
"51df50b3-d869-480a-8dd3-ae9dc07f0154"	"M2192"	"1645-01-01"	"1655-12-31"	"Manuscript"	"Full edition"	"f"			"f"	"f"				"f"										
"26682441-9472-4a12-93fc-10a72f0c19d6"	"M2193"	"1645-01-01"	"1655-12-31"	"Manuscript"	"Full edition"	"f"			"f"	"f"				"f"										
"134ff5cd-eb02-4eb0-a581-8a7f517ff2b4"	"M2194"	"1650-01-01"	"1690-12-31"	"Manuscript"	"Full edition"	"f"			"f"	"f"				"f"	"Ms"									
"0f1a00bd-ddda-4235-9513-823242f4f9ed"	"M2195"	"1650-01-01"	"1690-12-31"	"Manuscript"	"Full edition"	"f"			"f"	"f"				"f"	"Ms"									
"af91a3ad-1aa5-447c-8cdb-e8e1dc18fd53"	"M2196"	"1650-01-01"	"1690-12-31"	"Manuscript"	"Full edition"	"f"			"f"	"f"				"f"	"Ms"									
"a5ba4382-0c38-490a-8629-388557cb9f3f"	"M2197"	"1650-01-01"	"1690-12-31"	"Manuscript"	"Full edition"	"f"			"f"	"f"				"f"	"Ms"									
"77d51ec4-5411-4e67-8c8b-306de7c13811"	"M2198"	"1650-01-01"	"1690-12-31"	"Manuscript"	"Full edition"	"f"			"f"	"f"				"f"	"Ms"									
"5bba3d48-cc3f-4538-8b94-ea9122c3ff29"	"M2199"	"1650-01-01"	"1690-12-31"	"Manuscript"	"Full edition"	"f"			"f"	"f"				"f"	"Ms"									
"dd2894ef-8af9-45b0-8ed4-4870c3031db5"	"M2200"	"1650-01-01"	"1690-12-31"	"Manuscript"	"Full edition"	"f"			"f"	"f"				"f"	"Ms"									
"ed68b4b3-e898-4bda-a049-3bd423fea829"	"M2201"	"1650-01-01"	"1690-12-31"	"Manuscript"	"Full edition"	"f"			"f"	"f"				"f"	"Ms"									
"b15382da-64b1-4a3d-86dd-aab074fdec2c"	"M2202"	"1650-01-01"	"1690-12-31"	"Manuscript"	"Full edition"	"f"			"f"	"f"				"f"	"Ms"									
"bbd95228-bc7a-4a4f-952d-5a4c8d6df39c"	"M2203"	"1650-01-01"	"1690-12-31"	"Manuscript"	"Full edition"	"f"			"f"	"f"				"f"	"Ms"									
"136ea0be-ff8a-4e23-a404-ea754fe7870a"	"M2204"	"1650-01-01"	"1690-12-31"	"Manuscript"	"Full edition"	"f"			"f"	"f"				"f"	"Ms"									
"225e2017-7f25-4c6c-a2f1-b6e905ce3871"	"M2205"	"1650-01-01"	"1690-12-31"	"Manuscript"	"Full edition"	"f"			"f"	"f"				"f"	"Ms"									
"de48072a-20c3-484b-ae11-4929018a2ca9"	"M2206"	"1650-01-01"	"1690-12-31"	"Manuscript"	"Full edition"	"f"			"f"	"f"				"f"	"Ms"									
"9e7014c9-c4f7-495b-906a-e6a94cb6326d"	"M2207"	"1650-01-01"	"1690-12-31"	"Manuscript"	"Full edition"	"f"			"f"	"f"				"f"	"Ms"									
"6e381270-64d5-4496-a746-ed2c598ff160"	"M2208"	"1650-01-01"	"1690-12-31"	"Manuscript"	"Full edition"	"f"			"f"	"f"				"f"	"Ms"									
"1edb49cd-23d3-47d5-bf96-d26cddeeebe1"	"M2209"	"1650-01-01"	"1690-12-31"	"Manuscript"	"Full edition"	"f"			"f"	"f"				"f"	"Ms"									
"34758890-127e-4cba-900f-167c0bc93e1d"	"M2210"	"1650-01-01"	"1690-12-31"	"Manuscript"	"Full edition"	"f"			"f"	"f"				"f"	"Ms"									
"2654f869-9759-4cbe-b01e-a0ca814aa3eb"	"M2211"	"1650-01-01"	"1690-12-31"	"Manuscript"	"Full edition"	"f"			"f"	"f"				"f"	"Ms"									
"a4258309-5dd1-437a-a245-d46f19ec91b7"	"M2212"	"1650-01-01"	"1690-12-31"	"Manuscript"	"Full edition"	"f"			"f"	"f"				"f"	"Ms"									
"fae05e34-5b6c-40b5-88cc-3c713f7a2d34"	"M2213"	"1650-01-01"	"1690-12-31"	"Manuscript"	"Full edition"	"f"			"f"	"f"				"f"	"Ms"									
"592f4008-d288-4aea-ac64-c68ecf21eace"	"M2214"	"1650-01-01"	"1690-12-31"	"Manuscript"	"Full edition"	"f"			"f"	"f"				"f"	"Ms"									
"ed21be19-1173-467c-a4dd-02f66f2c3cd6"	"M2215"	"1650-01-01"	"1690-12-31"	"Manuscript"	"Full edition"	"f"			"f"	"f"				"f"	"Ms"									
"f7f39f3f-964b-4a22-88f2-84fb350d4150"	"M2216"	"1650-01-01"	"1690-12-31"	"Manuscript"	"Full edition"	"f"			"f"	"f"				"f"	"Ms"									
"41d31849-7bdf-4a57-8511-1fd07eeac0b6"	"M2217"	"1650-01-01"	"1690-12-31"	"Manuscript"	"Full edition"	"f"			"f"	"f"				"f"	"Ms"									
"297bf307-e695-4e0f-9e7d-e778bab25e8c"	"M2218"	"1650-01-01"	"1690-12-31"	"Manuscript"	"Full edition"	"f"			"f"	"f"				"f"	"Ms"									
"f0ce0fdd-2c1f-4e50-92a3-267b2337d46c"	"M2219"	"1650-01-01"	"1690-12-31"	"Manuscript"	"Full edition"	"f"			"f"	"f"				"f"	"Ms"									
"904fdd3c-3abd-4d68-8dc7-229398784c32"	"M2220"	"1650-01-01"	"1690-12-31"	"Manuscript"	"Full edition"	"f"			"f"	"f"				"f"	"Ms"									
"e11d92ae-6f5a-4b36-bd07-ba03c283b523"	"M2221"	"1650-01-01"	"1690-12-31"	"Manuscript"	"Full edition"	"f"			"f"	"f"				"f"	"Ms"									
"9b0ca9d1-a074-44c4-95c9-f00914e582fe"	"M2222"	"1650-01-01"	"1690-12-31"	"Manuscript"	"Full edition"	"f"			"f"	"f"				"f"	"Ms"									
"ea9b8920-aba8-4ff0-9aba-7de685f9f188"	"M2223"	"1650-01-01"	"1690-12-31"	"Manuscript"	"Full edition"	"f"			"f"	"f"				"f"	"Ms"									
"1f8f9028-eb46-4f17-a54d-d6038e959636"	"M2224"	"1650-01-01"	"1690-12-31"	"Manuscript"	"Full edition"	"f"			"f"	"f"				"f"	"Ms"									
"b858d28f-e057-47b1-b5f2-2ff6483400bd"	"M2225"	"1650-01-01"	"1690-12-31"	"Manuscript"	"Full edition"	"f"			"f"	"f"				"f"	"Ms"									
"ea928417-a5f1-4cd8-bf7a-791317080a3f"	"M2226"	"1650-01-01"	"1690-12-31"	"Manuscript"	"Full edition"	"f"			"f"	"f"				"f"	"Ms"									
"a908f42b-9c99-40b4-b907-f5855c5af9c2"	"M2227"	"1650-01-01"	"1690-12-31"	"Manuscript"	"Full edition"	"f"			"f"	"f"				"f"	"Ms"									
"dca1c75a-a158-4e9b-a3d6-0c2dea271da7"	"M2228"	"1650-01-01"	"1690-12-31"	"Manuscript"	"Full edition"	"f"			"f"	"f"				"f"	"Ms"									
"42fa14c7-859a-4bff-ac77-e4eacfc3dbf8"	"M2229"	"1650-01-01"	"1690-12-31"	"Manuscript"	"Full edition"	"f"			"f"	"f"				"f"	"Ms"	"Goran Proot, Spectacula Iesuitica Belgica Antiqua (SIBA). Pars I: Provincia Flandro-Belgica (Antwerpen, 2008), p. 1-836"								
"a5376dd7-9e1c-403c-9366-b9dfe4fadfb5"	"M2230"	"1675-01-01"	"1685-12-31"	"Synopsis (manuscript)"	"Synopsis"	"f"			"f"	"f"				"f"	"Ms"	"Goran Proot, Spectacula Iesuitica Belgica Antiqua (SIBA). Pars I: Provincia Flandro-Belgica (Antwerpen, 2008), p. 1-836"								
"7b4ff92b-595e-4407-97b3-e72208542eac"	"M2231"	"1675-01-01"	"1685-12-31"	"Synopsis (manuscript)"	"Synopsis"	"f"			"f"	"f"				"f"	"Ms"	"Goran Proot, Spectacula Iesuitica Belgica Antiqua (SIBA). Pars I: Provincia Flandro-Belgica (Antwerpen, 2008), p. 1-836"								
"1f9fa614-4a26-45a2-a786-42f54f49ca4b"	"M2232"	"1675-01-01"	"1685-12-31"	"Synopsis (manuscript)"	"Synopsis"	"f"			"f"	"f"				"f"	"Ms"									
"5ba003f7-4d7c-4ff9-831f-29b051014439"	"M2233"	"1675-01-01"	"1685-12-31"	"Synopsis (manuscript)"	"Synopsis"	"f"			"f"	"f"				"f"	"Ms"	"Goran Proot, Spectacula Iesuitica Belgica Antiqua (SIBA). Pars I: Provincia Flandro-Belgica (Antwerpen, 2008), p. 1-836"								
"6b4d888c-9f73-431f-9ebb-844da74c2e67"	"M2234"	"1675-01-01"	"1685-12-31"	"Synopsis (manuscript)"	"Synopsis"	"f"			"f"	"f"				"f"	"Ms"									
"9fe76dfd-b5c1-4a9c-aa0a-939aa65c82bb"	"M2235"	"1675-01-01"	"1700-12-31"	"Synopsis (manuscript)"	"Synopsis"	"f"			"f"	"f"				"f"	"Ms"	"Goran Proot, Spectacula Iesuitica Belgica Antiqua (SIBA). Pars I: Provincia Flandro-Belgica (Antwerpen, 2008), p. 1-836"								
"d9527922-07b4-4acd-9ebf-d3095ceeb76e"	"M2236"	"1680-01-01"	"1690-12-31"	"Manuscript"	"Full edition"	"f"	"Comedy"		"f"	"f"				"f"						"https://lib.ugent.be/catalog/rug01:000792528"				
"60f68929-7a3d-48e8-aec2-2759e23ab145"	"M2239"	"1694-01-01"	"1704-12-31"	"Manuscript"	"Full edition"	"f"			"f"	"f"				"f"										
"a5e2658e-65c9-4152-b678-01f5d9093ba6"	"M2241"	"1695-01-01"	"1705-12-31"	"Manuscript"	"Full edition"	"f"	"Tragicomedy"		"f"	"f"				"f"	"Ms"	"Goran Proot, Spectacula Iesuitica Belgica Antiqua (SIBA). Pars I: Provincia Flandro-Belgica (Antwerpen, 2008), p. 1-836"								
"92ff2efa-087f-491c-8125-dac4dd780e26"	"M2242"	"1695-01-01"	"1705-12-31"	"Synopsis (manuscript)"	"Synopsis"	"f"			"f"	"f"				"f"	"Ms"									
"7aa1686f-5789-451e-b8cc-0355b94576ed"	"M2243"	"1700-01-01"	"1720-12-31"	"Synopsis (manuscript)"	"Synopsis"	"f"			"f"	"f"			"http://anet.ua.ac.be/desktop/anet/core/index.phtml?language=&euser=&session=&service=opacua&robot=&deskservice=desktop&desktop=anet&workstation=&extra="	"f"	"Ms"									
"3f8e2bbd-1ed0-4ade-ad7b-c57f42cdca2b"	"M2244"	"1701-01-01"	"1726-12-31"	"Synopsis"	"Synopsis"	"f"			"f"	"f"				"f"		"Goran Proot, Spectacula Iesuitica Belgica Antiqua (SIBA). Pars I: Provincia Flandro-Belgica (Antwerpen, 2008), p. 1-836"			"https://opac.kbr.be/LIBRARY/doc/SYRACUSE/18022999"					
"5d2ce8f5-134b-42a8-9ada-bd3a2b7c8430"	"M2245"	"1718-01-01"	"1754-12-31"	"Synopsis (printed)"	"Synopsis"	"f"			"f"	"f"				"f"					"https://opac.kbr.be/LIBRARY/doc/SYRACUSE/18400942"					
"5ef9155c-fd85-4014-b65b-52f1fd9d17df"	"M2246"	"1727-01-01"	"1737-12-31"	"Synopsis"	"Synopsis"	"f"			"f"	"f"				"f"										
"392a7dc9-bf3b-42a0-8ef2-15fcb28a935b"	"M2248"	"1765-01-01"	"1775-12-31"	"Manuscript"	"Full edition"	"f"			"f"	"f"				"f"	"Ms"									
"c6351392-5651-4f1a-9381-f26745937f61"	"M2249"	"1794-01-01"	"1804-12-31"	"Manuscript"	"Full edition"	"t"	"Tragedy"		"f"	"f"				"f"	"Ms"									
"1f5331a9-a2df-451c-b629-c117e619409b"	"M226"	"1603-01-01"	"1603-12-31"	"First Printing"	"Full edition"	"f"			"f"	"f"				"f"										
"2d6492fe-5cef-40cd-92e0-facd2482b6a0"	"M227"	"1603-01-01"	"1603-12-31"	"First Printing"	"Full edition"	"f"			"f"	"f"				"f"										
"0d50f09f-bc62-4dfd-ac0e-c58bf661dd3e"	"M245"	"1611-01-01"	"1611-12-31"	"First Printing"	"Full edition"	"f"			"t"	"t"				"f"										
"5e642f15-9ad0-441e-a5ed-9aedf7b542fa"	"M246"	"1611-01-01"	"1611-12-31"	"Synopsis"	"Synopsis"	"f"	"Comical tragedy"		"f"	"f"				"f"		"Goran Proot, Spectacula Iesuitica Belgica Antiqua (SIBA). Pars I: Provincia Flandro-Belgica (Antwerpen, 2008), p. 1-836"								
"ae239d0a-478f-4a74-a94d-288b9fec98e4"	"M247"	"1611-01-01"	"1611-12-31"	"Reprint"	"Full edition"	"f"			"f"	"f"				"f"										
"5946126b-8a5e-4b73-a96b-7f263ac8fec1"	"M261"	"1614-01-01"	"1614-12-31"	"First Printing"	"Full edition"	"f"			"f"	"f"				"f"										
"fd79633c-021c-4a2a-877a-f64ee10695ef"	"M271"	"1615-01-01"	"1615-12-31"	"Synopsis"	"Synopsis"	"f"	"Tragicomedy"		"f"	"f"				"f"					"https://opac.kbr.be/LIBRARY/doc/SYRACUSE/13540933"					
"6b246e15-5531-47f1-bb74-3828cdc52e16"	"M273"	"1612-01-01"	"1618-12-31"	"Reprint"	"Full edition"	"f"			"f"	"f"				"f"										
"1c2eb63c-f131-4b7d-bb65-c5d1ab3ed9e8"	"M277"	"1616-01-01"	"1616-12-31"	"Synopsis"	"Synopsis"	"f"			"f"	"f"				"f"										
"f79afd77-859f-410d-84b6-eacf6432fcf8"	"M280"	"1617-01-01"	"1617-12-31"	"First Printing"	"Full edition"	"f"			"t"	"t"			"http://books.google.be/books?id=sLcTAAAAQAAJ&pg=PA146&dq=patrisfamilias+surius&hl=nl&sa=X&ei=2XFtUvOQDYmO0AX3zYG4Cg&ved=0CG0Q6AEwCA#v=onepage&q=patrisfamilias%20surius&f=false"	"f"										
"f83fd1de-dc57-450a-8306-8ab2d99801e1"	"M281"	"1617-01-01"	"1617-12-31"	"First Printing"	"Full edition"	"f"			"t"	"t"			"http://books.google.be/books?id=sLcTAAAAQAAJ&pg=PA146&dq=patrisfamilias+surius&hl=nl&sa=X&ei=2XFtUvOQDYmO0AX3zYG4Cg&ved=0CG0Q6AEwCA#v=onepage&q=patrisfamilias%20surius&f=false"	"f"										
"cb9fab34-cee3-473a-ab55-75ec417d616d"	"M283"	"1617-01-01"	"1617-12-31"	"First Printing"	"Full edition"	"f"			"f"	"f"			"http://books.google.be/books?id=sLcTAAAAQAAJ&pg=PA146&dq=patrisfamilias+surius&hl=nl&sa=X&ei=2XFtUvOQDYmO0AX3zYG4Cg&ved=0CG0Q6AEwCA#v=onepage&q=patrisfamilias%20surius&f=false"	"f"										
"c10ca14b-5638-40ed-8d9c-5bd5c0d7f6af"	"M291"	"1618-01-01"	"1618-12-31"	"Synopsis"	"Synopsis"	"f"			"f"	"f"			"http://books.google.be/books?id=LcQ8AAAAcAAJ&printsec=frontcover&hl=nl&source=gbs_ge_summary_r&cad=0#v=onepage&q&f=false"	"f"										
"d06c8e19-9130-44b7-bfb9-69cc0d37369b"	"M295"	"1620-01-01"	"1620-12-31"	"First Printing"	"Full edition"	"f"	"Comical tragedy"		"f"	"f"			"http://books.google.be/books?id=i15bAAAAQAAJ&printsec=frontcover&hl=nl&source=gbs_ge_summary_r&cad=0#v=onepage&q&f=false"	"f"										
"e89a443d-eeee-45e9-8060-8311004f419c"	"M3"	"1513-01-01"	"1513-12-31"	"Reprint"	"Full edition"	"f"			"f"	"f"				"f"										
"f4e64e45-a1c2-4ca8-9772-8d999869739c"	"M302"	"1621-01-01"	"1621-12-31"	"First Printing"	"Full edition"	"f"			"t"	"t"				"f"										
"0986fdc4-5d7b-440b-837f-fa834b3c913a"	"M303"	"1621-01-01"	"1621-12-31"	"First Printing"	"Full edition"	"f"			"t"	"t"				"f"										
"8fcdccb5-3359-4f41-a4b0-32c3113db525"	"M304"	"1621-01-01"	"1621-12-31"	"First Printing"	"Full edition"	"f"			"t"	"t"				"f"										
"2873d7a0-f94c-4ed4-b473-e37c1050da1c"	"M305"	"1621-01-01"	"1621-12-31"	"First Printing"	"Full edition"	"f"			"t"	"t"				"f"										
"b5b5ed7b-7c97-41f2-88ab-d4f9c77cb4a7"	"M307"	"1621-01-01"	"1621-12-31"	"First Printing"	"Full edition"	"f"			"t"	"t"				"f"	"162108 - a1 A2 et.$"									
"de071939-57cd-401b-9649-921a1d692aad"	"M311"	"1621-01-01"	"1621-12-31"	"First Printing"	"Full edition"	"f"			"f"	"f"				"f"										
"8c944e2d-1cea-4293-ac7d-1ef657190d85"	"M313"	"1621-01-01"	"1621-12-31"	"First Printing"	"Full edition"	"f"			"f"	"f"				"f"										
"fa34c207-c25b-412a-aff4-4ed20154841c"	"M315"	"1622-01-01"	"1622-12-31"	"Synopsis"	"Synopsis"	"f"			"f"	"f"				"f"					"https://opac.kbr.be/LIBRARY/doc/SYRACUSE/13540933"					
"c56e4aed-ca61-461c-95c8-85a4a7fd4bac"	"M319"	"1623-01-01"	"1623-12-31"	"Synopsis"	"Synopsis"	"f"			"f"	"f"				"f"										
"cd2e6e63-7a61-4dd0-9c22-5248a550504b"	"M332"	"1625-01-01"	"1625-12-31"	"Synopsis"	"Synopsis"	"f"	"Comedy"		"f"	"f"				"f"		"Goran Proot, Spectacula Iesuitica Belgica Antiqua (SIBA). Pars I: Provincia Flandro-Belgica (Antwerpen, 2008), p. 1-836"								
"01827a45-2fb0-47a4-8b85-813d82ba3d99"	"M339"	"1627-01-01"	"1627-12-31"	"Mention"	"Fragment"	"f"			"f"	"f"				"f"										
"1f1b2200-b850-4764-a2d0-12c592ac148b"	"M342"	"1627-01-01"	"1627-12-31"	"Synopsis"	"Synopsis"	"f"			"f"	"f"				"f"		"Goran Proot, Spectacula Iesuitica Belgica Antiqua (SIBA). Pars I: Provincia Flandro-Belgica (Antwerpen, 2008), p. 1-836"								
"4f410fd7-f8d6-42d1-b8d8-b860aa6420af"	"M348"	"1628-01-01"	"1628-12-31"	"Reprint"	"Full edition"	"f"	"Comical tragedy"		"f"	"f"			"http://books.google.be/books?id=i15bAAAAQAAJ&printsec=frontcover&hl=nl&source=gbs_ge_summary_r&cad=0#v=onepage&q&f=false"	"f"										
"71c447d9-3903-48b9-aca0-7b85c3bd3f45"	"M358"	"1628-01-01"	"1628-12-31"	"First Printing"	"Full edition"	"f"	"Comical tragedy"		"f"	"f"			"http://books.google.be/books?id=i15bAAAAQAAJ&printsec=frontcover&hl=nl&source=gbs_ge_summary_r&cad=0#v=onepage&q&f=false"	"f"										
"a4fc2b50-1b8f-481d-b179-265559b22da0"	"M372"	"1630-01-01"	"1630-12-31"	"Synopsis (printed)"	"Synopsis"	"f"	"Tragedy"		"f"	"f"				"f"		"Goran Proot, Spectacula Iesuitica Belgica Antiqua (SIBA). Pars I: Provincia Flandro-Belgica (Antwerpen, 2008), p. 1-836"	"Auteurs worden door Proot genoemd."				"https://catalogue.bnf.fr/ark:/12148/cb38684492q"			
"40f4ff8b-187e-4a9b-97e7-84ec5b85d07f"	"M374"	"1630-01-01"	"1630-12-31"	"Synopsis"	"Synopsis"	"f"			"f"	"f"				"f"					"https://opac.kbr.be/LIBRARY/doc/SYRACUSE/13540933"					
"c6e56cd1-9fbd-4cfe-afba-0218e4b33829"	"M375"	"1630-01-01"	"1630-12-31"	"Synopsis"	"Synopsis"	"f"			"f"	"f"				"f"										
"f6a599fd-bb24-4f44-afae-7fbb0c04864e"	"M376"	"1630-01-01"	"1630-12-31"	"Reprint"	"Full edition"	"f"			"f"	"f"				"f"										
"d9a43481-7637-4443-a548-748490fa32d8"	"M378"	"1630-01-01"	"1630-12-31"	"Synopsis"	"Synopsis"	"f"	"Tragedy"		"f"	"f"				"f"					"https://opac.kbr.be/LIBRARY/doc/SYRACUSE/13540933"					
"8d6e66d6-f879-4238-a188-e9fffee0c959"	"M390"	"1631-01-01"	"1631-12-31"	"Synopsis"	"Synopsis"	"f"	"Tragedy"		"f"	"f"				"f"		"Goran Proot, Spectacula Iesuitica Belgica Antiqua (SIBA). Pars I: Provincia Flandro-Belgica (Antwerpen, 2008), p. 1-836"								
"37e2b893-12e6-4e43-84a5-b0956d2a12a7"	"M393"	"1631-01-01"	"1631-12-31"	"Synopsis (printed)"	"Synopsis"	"f"	"Comical tragedy"		"f"	"f"	"https://www.let.leidenuniv.nl/Dutch/Ceneton/Facsimiles/SJNabuchodonosorMechelen1631"	"https://www.let.leidenuniv.nl/Dutch/Ceneton/SJNabuchodonosorMechelen1631.html"		"f"										
"c3aa04c1-4ed2-430b-8e33-a8a46ebf1ccb"	"M395"	"1631-01-01"	"1631-12-31"	"Reprint"	"Full edition"	"f"			"f"	"f"				"f"										
"1e67c8fd-9b5e-44c0-b922-7db6b8e1faeb"	"M4"	"1515-01-01"	"1515-12-31"	"First Printing"	"Full edition"	"f"			"t"	"t"				"f"										
"7f97690d-694b-49d6-9f24-67e482bf68eb"	"M403"	"1632-01-01"	"1632-12-31"	"Synopsis"	"Synopsis"	"f"			"f"	"f"				"f"		"Goran Proot, Spectacula Iesuitica Belgica Antiqua (SIBA). Pars I: Provincia Flandro-Belgica (Antwerpen, 2008), p. 1-836"								
"f76e7ad3-f72c-4958-b15f-70d16292c464"	"M404"	"1632-01-01"	"1632-12-31"	"Synopsis (printed)"	"Synopsis"	"f"			"f"	"f"				"f"	"4"	"Goran Proot, Spectacula Iesuitica Belgica Antiqua (SIBA). Pars I: Provincia Flandro-Belgica (Antwerpen, 2008), p. 1-836"								
"99d85d28-644e-4bd6-8ad1-f3b2c13d7fc0"	"M406"	"1632-01-01"	"1632-12-31"	"Synopsis"	"Synopsis"	"f"	"Tragicomedy"		"f"	"f"				"f"					"https://opac.kbr.be/LIBRARY/doc/SYRACUSE/13540933"					
"43a5d574-4e58-4361-ad01-95a2331f8c6e"	"M407"	"1633-01-01"	"1633-12-31"	"Synopsis (printed)"	"Synopsis"	"f"			"f"	"f"	"https://www.let.leidenuniv.nl/Dutch/Ceneton/Facsimiles/SJAntoniusAntwerpen1633"	"https://www.let.leidenuniv.nl/Dutch/Ceneton/SJAntoniusAntwerpen1633.html"		"f"	"b1 A2 ante : A3 omi"					"https://lib.ugent.be/catalog/rug01:001237482"				
"a17ae5b7-1ae7-4765-992c-2c146ad30b28"	"M410"	"1633-01-01"	"1633-12-31"	"Synopsis (printed)"	"Synopsis"	"f"			"f"	"f"				"f"		"Goran Proot, Spectacula Iesuitica Belgica Antiqua (SIBA). Pars I: Provincia Flandro-Belgica (Antwerpen, 2008), p. 1-836"					"https://catalogue.bnf.fr/ark:/12148/cb38684483r"			
"fb9a71bd-ec0e-4aea-952a-eb78a9682a1a"	"M412"	"1633-01-01"	"1633-12-31"	"Synopsis"	"Synopsis"	"f"			"f"	"f"				"f"										
"4b1862d6-5709-4c8f-9139-b023dbcaf393"	"M414"	"1633-01-01"	"1633-12-31"	"Synopsis"	"Synopsis"	"f"	"Tragedy"		"f"	"f"				"f"		"Goran Proot, Spectacula Iesuitica Belgica Antiqua (SIBA). Pars I: Provincia Flandro-Belgica (Antwerpen, 2008), p. 1-836"								
"7bb9d8ab-f9f6-4c62-851e-8817d164f497"	"M415"	"1633-01-01"	"1633-12-31"	"Synopsis"	"Synopsis"	"f"	"Tragedy"		"f"	"f"				"f"		"Goran Proot, Spectacula Iesuitica Belgica Antiqua (SIBA). Pars I: Provincia Flandro-Belgica (Antwerpen, 2008), p. 1-836"								
"1d0eeca6-ad22-4819-b30a-774b848a060a"	"M427"	"1634-01-01"	"1634-12-31"	"Synopsis"	"Synopsis"	"f"			"f"	"f"				"f"										
"ad000f62-ada2-4b5b-bbbf-71c672184199"	"M433"	"1635-01-01"	"1635-12-31"	"Synopsis"	"Synopsis"	"f"			"f"	"f"	"https://www.let.leidenuniv.nl/Dutch/Ceneton/Facsimiles/SJMechtildisBrussel1635"			"f"	"000000 - "									
"a6cf63a2-b2e8-4711-94ce-32e8003e0c87"	"M434"	"1635-01-01"	"1635-12-31"	"Synopsis"	"Synopsis"	"f"			"f"	"f"				"f"					"https://opac.kbr.be/LIBRARY/doc/SYRACUSE/13540933"					
"d1a0dd15-1725-43bc-932c-871bdcc82ea8"	"M435"	"1635-01-01"	"1635-12-31"	"Synopsis"	"Synopsis"	"f"			"f"	"f"				"f"		"Goran Proot, Spectacula Iesuitica Belgica Antiqua (SIBA). Pars I: Provincia Flandro-Belgica (Antwerpen, 2008), p. 1-836"								
"7a558eec-f76a-4ff2-b191-bb4ea2017518"	"M436"	"1635-01-01"	"1635-12-31"	"Synopsis"	"Synopsis"	"f"			"f"	"f"				"f"					"https://opac.kbr.be/LIBRARY/doc/SYRACUSE/13540933"					
"2c7a5afe-06dd-4a83-b29c-da5c4505e461"	"M437"	"1635-01-01"	"1635-12-31"	"Synopsis"	"Synopsis"	"f"			"f"	"f"				"f"										
"04537047-7b25-40b4-bd2a-f01053688fdd"	"M438"	"1635-01-01"	"1635-12-31"	"Synopsis"	"Synopsis"	"f"			"f"	"f"				"f"							"https://catalogue.bnf.fr/ark:/12148/cb38684407n"			
"3734e0bd-493b-48ab-94f0-61f70eab2bc2"	"M441"	"1635-01-01"	"1635-12-31"	"Synopsis"	"Synopsis"	"f"	"Tragedy"		"f"	"f"				"f"					"https://opac.kbr.be/LIBRARY/doc/SYRACUSE/13540933"					
"4398a198-95a2-4940-a9c1-90fd4651ca57"	"M448"	"1636-01-01"	"1636-12-31"	"Synopsis"	"Synopsis"	"f"			"f"	"f"				"f"		"Goran Proot, Spectacula Iesuitica Belgica Antiqua (SIBA). Pars I: Provincia Flandro-Belgica (Antwerpen, 2008), p. 1-836"			"https://opac.kbr.be/LIBRARY/doc/SYRACUSE/13540933"					
"1da3cf85-52bd-4a6f-bd8e-fa541db0d1b3"	"M451"	"1636-01-01"	"1636-12-31"	"Synopsis"	"Synopsis"	"f"			"f"	"f"				"f"		"Goran Proot, Spectacula Iesuitica Belgica Antiqua (SIBA). Pars I: Provincia Flandro-Belgica (Antwerpen, 2008), p. 1-836"								
"f647f49c-364e-4bf0-b42b-e2d4e1bfad08"	"M452"	"1636-01-01"	"1636-12-31"	"Synopsis"	"Synopsis"	"f"	"Tragedy"		"f"	"f"				"f"										
"42214612-5cee-4f54-a8e1-343c52a34929"	"M454"	"1637-01-01"	"1637-12-31"	"Synopsis"	"Synopsis"	"f"			"f"	"f"				"f"		"Goran Proot, Spectacula Iesuitica Belgica Antiqua (SIBA). Pars I: Provincia Flandro-Belgica (Antwerpen, 2008), p. 1-836"								
"6cf4ea08-1f2b-4f1d-89b1-472c49a3a7be"	"M458"	"1637-01-01"	"1637-12-31"	"Synopsis"	"Synopsis"	"f"			"f"	"f"				"f"		"Goran Proot, Spectacula Iesuitica Belgica Antiqua (SIBA). Pars I: Provincia Flandro-Belgica (Antwerpen, 2008), p. 1-836"								
"b11e8bf0-e9e9-4696-9a5f-b3d3113ae529"	"M459"	"1637-01-01"	"1637-12-31"	"Synopsis"	"Synopsis"	"f"			"f"	"f"				"f"										
"906413f5-fe90-44cd-a3a7-f1017a726c26"	"M46"	"1539-01-01"	"1539-12-31"	"Reprint"	"Full edition"	"f"			"f"	"f"				"f"										
"aaaac2a9-9436-46ae-84a3-890d15b3a816"	"M460"	"1637-01-01"	"1637-12-31"	"Synopsis (printed)"	"Synopsis"	"f"			"f"	"f"				"f"										
"26a7e7c7-d5d0-4f42-bd6d-1bd2f7e64f2f"	"M461"	"1637-01-01"	"1637-12-31"	"Synopsis"	"Synopsis"	"f"			"f"	"f"				"f"					"https://opac.kbr.be/LIBRARY/doc/SYRACUSE/13540933"					
"bd160701-623b-4ea6-b2f4-d69e7b19e4af"	"M462"	"1637-01-01"	"1637-12-31"	"Synopsis"	"Synopsis"	"f"			"f"	"f"				"f"										
"c3981328-4539-4376-97bb-29dfd4645f72"	"M463"	"1637-01-01"	"1637-12-31"	"Synopsis"	"Synopsis"	"f"			"f"	"f"				"f"		"Goran Proot, Spectacula Iesuitica Belgica Antiqua (SIBA). Pars I: Provincia Flandro-Belgica (Antwerpen, 2008), p. 1-836"								
"06a73be2-58ad-4fe0-a268-39c15a935e22"	"M464"	"1638-01-01"	"1638-12-31"	"Synopsis (printed)"	"Synopsis"	"f"			"f"	"f"	"https://www.let.leidenuniv.nl/Dutch/Ceneton/Facsimiles/SJAugstinusBrussel1638"			"f"	"000004 - "									
"4d112374-ddfc-4591-a3b8-256081055a6f"	"M468"	"1638-01-01"	"1638-12-31"	"Synopsis"	"Synopsis"	"f"	"Tragicomedy"		"f"	"f"				"f"		"Goran Proot, Spectacula Iesuitica Belgica Antiqua (SIBA). Pars I: Provincia Flandro-Belgica (Antwerpen, 2008), p. 1-836"								
"d4a749b7-61c0-4e1f-bc43-11eed5560d10"	"M474"	"1638-01-01"	"1638-12-31"	"Synopsis"	"Synopsis"	"f"	"Tragedy"		"f"	"f"				"f"					"https://opac.kbr.be/LIBRARY/doc/SYRACUSE/13540933"					
"33e5b0e6-2a12-46ae-93e2-00250f877ee3"	"M475"	"1638-01-01"	"1638-12-31"	"Synopsis"	"Synopsis"	"f"	"Tragicomedy"		"f"	"f"				"f"					"https://opac.kbr.be/LIBRARY/doc/SYRACUSE/13540933"					
"7c8feb34-3e02-4432-be85-6a85a955f10e"	"M476"	"1638-01-01"	"1638-12-31"	"Synopsis"	"Synopsis"	"f"			"f"	"f"				"f"					"https://opac.kbr.be/LIBRARY/doc/SYRACUSE/13540933"					
"7a08eb2b-6a44-4b09-8391-942ca88c5ea6"	"M477"	"1638-01-01"	"1638-12-31"	"Synopsis"	"Synopsis"	"f"	"Tragedy"		"f"	"f"				"f"							"https://catalogue.bnf.fr/ark:/12148/cb38684437k"			
"bc594a80-a6dc-4504-adcf-2b66b874197a"	"M478"	"1639-01-01"	"1639-12-31"	"Synopsis"	"Synopsis"	"f"			"t"	"t"				"f"										
"4fab0818-8312-4340-8fdd-aaaf47538ef8"	"M489"	"1639-01-01"	"1639-12-31"	"Synopsis"	"Synopsis"	"f"	"Tragedy"	"Martyr tragedy"	"f"	"f"				"f"					"https://opac.kbr.be/LIBRARY/doc/SYRACUSE/13540933"					
"dce42a54-9901-4404-9a47-93cc3adafc3a"	"M493"	"1639-01-01"	"1639-12-31"	"Synopsis"	"Synopsis"	"f"			"f"	"f"				"f"										
"6ce76305-3809-4d99-b5ef-475cd087b003"	"M494"	"1639-01-01"	"1639-12-31"	"Synopsis"	"Synopsis"	"f"			"f"	"f"				"f"										
"0c0b83b5-3e13-48fd-9f64-c490481cf6f1"	"M504"	"1639-01-01"	"1639-12-31"	"Synopsis"	"Synopsis"	"f"			"f"	"f"				"f"					"https://opac.kbr.be/LIBRARY/doc/SYRACUSE/13540933"					
"e8a70a67-a9aa-4c8b-8159-1a1f5aa4db04"	"M517"	"1639-01-01"	"1639-12-31"	"Synopsis"	"Synopsis"	"f"			"f"	"f"				"f"							"https://catalogue.bnf.fr/ark:/12148/cb386844398"			
"165c36c8-abbf-451d-98b8-8eb7f1fc9dc9"	"M520"	"1640-01-01"	"1640-12-31"	"Synopsis"	"Synopsis"	"f"			"f"	"f"				"f"		"Goran Proot, Spectacula Iesuitica Belgica Antiqua (SIBA). Pars I: Provincia Flandro-Belgica (Antwerpen, 2008), p. 1-836"								
"40c4847b-be2b-4ed4-b487-074064d792d8"	"M525"	"1640-01-01"	"1640-12-31"	"Synopsis"	"Synopsis"	"f"			"f"	"f"				"f"		"Alfred Harbage, Annals of English drama 975-1700 (Padstow, 1989)"								
"ac800a66-6c8e-4d4f-945b-daac2ede5e22"	"M527"	"1640-01-01"	"1640-12-31"	"Synopsis"	"Synopsis"	"f"			"f"	"f"				"f"										
"91d46be6-4f95-46ab-9998-d7625e8a3d56"	"M528"	"1640-01-01"	"1640-12-31"	"Synopsis"	"Synopsis"	"f"			"f"	"f"				"f"										
"99364bfb-863e-4e0e-83d7-c9ca5263db11"	"M531"	"1640-01-01"	"1640-12-31"	"Synopsis"	"Synopsis"	"f"	"Tragedy"		"f"	"f"				"f"		"Alfred Harbage, Annals of English drama 975-1700 (Padstow, 1989)"								
"15943e38-3d63-4935-a1c1-2a6bd80780cd"	"M535"	"1640-01-01"	"1640-12-31"	"Synopsis"	"Synopsis"	"f"	"Tragedy"		"f"	"f"				"f"										
"128a469a-dcfe-48a2-a9fa-73bb785f0c1a"	"M536"	"1641-01-01"	"1641-12-31"	"Reprint"	"Full edition"	"f"	"Comical tragedy"		"f"	"f"			"https://books.google.be/books?id=i15bAAAAQAAJ&printsec=frontcover&hl=nl&source=gbs_ge_summary_r&cad=0#v=onepage&q&f=false"	"f"										
"53a44dfa-e2d5-4dcb-bf6c-81607e511664"	"M537"	"1641-01-01"	"1641-12-31"	"Synopsis"	"Synopsis"	"f"			"f"	"f"				"f"		"Goran Proot, Spectacula Iesuitica Belgica Antiqua (SIBA). Pars I: Provincia Flandro-Belgica (Antwerpen, 2008), p. 1-836"								
"6d0104fa-c6b5-42b2-96d5-0f23ac9b26fd"	"M540"	"1641-01-01"	"1641-12-31"	"Reprint"	"Full edition"	"f"	"Comedy"		"f"	"f"			"http://books.google.be/books?id=AnUTAAAAQAAJ&printsec=frontcover&hl=nl&source=gbs_ge_summary_r&cad=0#v=onepage&q&f=false"	"f"										
"ccc4babf-e1c2-4cb1-86e5-c53d89b51c50"	"M541"	"1641-01-01"	"1641-12-31"	"Reprint"	"Full edition"	"f"	"Comical tragedy"		"f"	"f"			"http://books.google.be/books?id=i15bAAAAQAAJ&printsec=frontcover&hl=nl&source=gbs_ge_summary_r&cad=0#v=onepage&q&f=false"	"f"										
"0d81dedf-655d-45cc-96ab-cbe8bb40dbb2"	"M542"	"1641-01-01"	"1641-12-31"	"Synopsis"	"Synopsis"	"f"			"f"	"f"				"f"										
"2b880ec8-185b-4d6c-8a1f-062dfdf3c404"	"M543"	"1642-01-01"	"1642-12-31"	"Synopsis"	"Synopsis"	"f"			"f"	"f"				"f"							"https://catalogue.bnf.fr/ark:/12148/cb386844069"			
"456c2c6e-90d3-4d94-981e-0ce12b3b7509"	"M545"	"1642-01-01"	"1642-12-31"	"Synopsis"	"Synopsis"	"f"			"f"	"f"				"f"					"https://opac.kbr.be/LIBRARY/doc/SYRACUSE/18012633 "					
"a231e744-d155-438c-8622-433416248a8c"	"M546"	"1642-01-01"	"1642-12-31"	"Synopsis (printed)"	"Synopsis"	"f"			"f"	"f"				"f"							"https://catalogue.bnf.fr/ark:/12148/cb38684449k"			
"53693430-1340-4a97-94ca-a18ebe1407d0"	"M549"	"1643-01-01"	"1643-12-31"	"Synopsis"	"Synopsis"	"f"			"f"	"f"				"f"		"Goran Proot, Spectacula Iesuitica Belgica Antiqua (SIBA). Pars I: Provincia Flandro-Belgica (Antwerpen, 2008), p. 1-836"								
"55bf97dc-fb00-40e8-8331-10a6ada2eb2e"	"M550"	"1645-01-01"	"1645-12-31"	"Synopsis (printed)"	"Synopsis"	"f"	"Tragedy"		"f"	"f"				"f"	"4"	"Goran Proot, Spectacula Iesuitica Belgica Antiqua (SIBA). Pars I: Provincia Flandro-Belgica (Antwerpen, 2008), p. 1-836"								
"560b31e4-8f91-4662-aeb7-34b18596cc46"	"M552"	"1645-01-01"	"1645-12-31"	"Synopsis (printed)"	"Synopsis"	"f"	"Comedy"		"f"	"f"				"f"	"4"	"Goran Proot, Spectacula Iesuitica Belgica Antiqua (SIBA). Pars I: Provincia Flandro-Belgica (Antwerpen, 2008), p. 1-836"								
"69614cc2-fc17-4a59-ae05-fe8b6e037446"	"M556"	"1645-01-01"	"1645-12-31"	"Synopsis"	"Synopsis"	"f"	"Comedy"		"f"	"f"				"f"										
"24d69bbf-c9dc-48ff-9be5-c9c0d802ff52"	"M6"	"1519-01-01"	"1519-12-31"	"Reprint"	"Full edition"	"f"			"t"	"t"			"https://books.google.nl/books?id=Zxc_AAAAcAAJ&pg=PP145&dq=grisellis&hl=nl&sa=X&ved=0ahUKEwiJ4sP1oYHhAhVCElAKHYz1AKQQ6AEIKzAA#v=onepage&q=grisellis&f=false"	"f"										
"f8e2c13f-12e9-4aa5-b626-69be1af7d517"	"M602"	"1649-01-01"	"1649-12-31"	"Synopsis"	"Synopsis"	"f"			"f"	"f"				"f"		"Goran Proot, Spectacula Iesuitica Belgica Antiqua (SIBA). Pars I: Provincia Flandro-Belgica (Antwerpen, 2008), p. 1-836"								
"bb38c71a-d7a2-4a8a-9eac-716aadd1a977"	"M604"	"1649-01-01"	"1649-12-31"	"Synopsis"	"Synopsis"	"f"			"f"	"f"				"f"		"Goran Proot, Spectacula Iesuitica Belgica Antiqua (SIBA). Pars I: Provincia Flandro-Belgica (Antwerpen, 2008), p. 1-836"	"Koppelen op M- of E-niveau met Latijnse versie"				"https://catalogue.bnf.fr/ark:/12148/cb38684401k"			
"da2825a2-122a-4cfd-a768-72b9f5fcbf48"	"M605"	"1649-01-01"	"1649-12-31"	"First Printing"	"Full edition"	"f"	"Tragedy"		"f"	"f"				"f"										
"3b2741d5-b660-4fd3-bab5-0a5b224290da"	"M61"	"1540-01-01"	"1540-12-31"	"Reprint"	"Full edition"	"f"			"f"	"f"				"f"	"154008 - a1 A2 ysium : a2 A3 $quide - b1 A4 ik.$scil : b2 E5 ara$"									
"de8dca27-57e2-4f10-9c0e-b88099a3abef"	"M610"	"1651-01-01"	"1651-12-31"	"Synopsis (printed)"	"Synopsis"	"f"			"f"	"f"				"f"	"000004 - b1 K2 ulo$a"									
"a91a589b-0fc4-442d-bd7c-d2f6dfebe7b0"	"M612"	"1651-01-01"	"1651-12-31"	"Synopsis"	"Synopsis"	"f"			"f"	"f"				"f"										
"4cc0a332-17cd-4931-bae2-76b5fe254d8e"	"M628"	"1653-01-01"	"1653-12-31"	"Synopsis"	"Synopsis"	"f"			"f"	"f"				"f"										
"401459e9-c2cd-467a-b752-b7fad48794d8"	"M631"	"1654-01-01"	"1654-12-31"	"Synopsis (printed)"	"Synopsis"	"f"			"f"	"f"				"f"	"000004 ; b1 A2 llec"	"Goran Proot, Spectacula Iesuitica Belgica Antiqua (SIBA). Pars I: Provincia Flandro-Belgica (Antwerpen, 2008), p. 1-836"								
"be3f007e-6cf8-4fc4-a6e7-70af201dfa37"	"M633"	"1655-01-01"	"1655-12-31"	"Synopsis"	"Synopsis"	"f"			"f"	"f"				"f"		"Goran Proot, Spectacula Iesuitica Belgica Antiqua (SIBA). Pars I: Provincia Flandro-Belgica (Antwerpen, 2008), p. 1-836"								
"a14c08f0-e651-4d47-bf22-94504aae0f6d"	"M634"	"1655-01-01"	"1655-12-31"	"Synopsis"	"Synopsis"	"f"			"f"	"f"				"f"		"Goran Proot, Spectacula Iesuitica Belgica Antiqua (SIBA). Pars I: Provincia Flandro-Belgica (Antwerpen, 2008), p. 1-836"								
"1e6d0db8-244f-4b5b-97a7-ab708d22ced7"	"M635"	"1655-01-01"	"1655-12-31"	"Synopsis"	"Synopsis"	"f"	"Tragicomedy"		"f"	"f"				"f"					"https://opac.kbr.be/LIBRARY/doc/SYRACUSE/18012883 "					
"da6a09cf-d39c-4700-92ba-ecaaacc1c3f2"	"M650"	"1656-01-01"	"1656-12-31"	"First Printing"	"Full edition"	"f"			"f"	"f"				"f"										
"1c46f7c3-9158-4199-b997-cb314d0ec6fd"	"M659"	"1657-01-01"	"1657-12-31"	"Synopsis (printed)"	"Synopsis"	"f"			"f"	"f"				"f"	"4"									
"0aff47f3-d9d9-496a-88ca-132d0a768a63"	"M664"	"1657-01-01"	"1657-12-31"	"Synopsis (printed)"	"Synopsis"	"f"			"f"	"f"				"f"	"000004 - b1 A2 atu : b2 A3 onit"									
"471cc66f-f48a-451e-98d5-0ed3a690380d"	"M668"	"1658-01-01"	"1658-12-31"	"Synopsis (printed)"	"Synopsis"	"f"			"f"	"f"				"f"	"000004 - b1 A2 ia.$"	"Goran Proot, Spectacula Iesuitica Belgica Antiqua (SIBA). Pars I: Provincia Flandro-Belgica (Antwerpen, 2008), p. 1-836"								
"5dac6454-84fe-4248-a7f7-c8f5b04b15c3"	"M672"	"1659-01-01"	"1659-12-31"	"Synopsis"	"Synopsis"	"f"			"t"	"t"				"f"							"https://catalogue.bnf.fr/ark:/12148/cb386844723"			
"7ec76bc5-f32d-423d-ba24-f89cddc62aa1"	"M2252"	"1662-01-01"	"1662-12-31"	"Synopsis"	"Synopsis"	"f"			"f"	"f"				"f"		"Goran Proot, Spectacula Iesuitica Belgica Antiqua (SIBA). Pars I: Provincia Flandro-Belgica (Antwerpen, 2008), p. 1-836"								
"ddc9aeff-51c6-428e-8847-8fb2d0ec7a0e"	"M674"	"1659-01-01"	"1659-12-31"	"Synopsis (printed)"	"Synopsis"	"f"			"f"	"f"				"f"		"Goran Proot, Spectacula Iesuitica Belgica Antiqua (SIBA). Pars I: Provincia Flandro-Belgica (Antwerpen, 2008), p. 1-836"								
"c80fc0b5-339c-4b3e-8dbe-713bd27e7655"	"M677"	"1660-01-01"	"1660-12-31"	"Synopsis"	"Synopsis"	"f"	"Tragedy"		"f"	"f"				"f"							"https://catalogue.bnf.fr/ark:/12148/cb38684473f"			
"73eb28d7-7bd2-427d-8554-96ce1ae082d7"	"M679"	"1660-01-01"	"1660-12-31"	"Synopsis (printed)"	"Synopsis"	"f"			"f"	"f"				"f"		"Goran Proot, Spectacula Iesuitica Belgica Antiqua (SIBA). Pars I: Provincia Flandro-Belgica (Antwerpen, 2008), p. 1-836"								
"1f127c03-9fe4-4c6c-8f2d-8cf986a99873"	"M680"	"1660-01-01"	"1660-12-31"	"Synopsis (printed)"	"Synopsis"	"f"			"f"	"f"				"f"	"000004 - b1 A2 dit$a"									
"5928b491-548b-4776-b955-6a4e5e709c5b"	"M682"	"1660-01-01"	"1660-12-31"	"Synopsis"	"Synopsis"	"f"			"f"	"f"				"f"										
"872829ff-0b45-4cc5-9643-3d286e43b019"	"M690"	"1661-01-01"	"1661-12-31"	"Synopsis (printed)"	"Synopsis"	"f"			"f"	"f"				"f"										
"c9cdc65b-be11-4614-bde3-c36abb8ac067"	"M691"	"1658-01-01"	"1664-12-31"	"Synopsis (printed)"	"Synopsis"	"f"			"f"	"f"				"f"										
"6f08cc22-8bc1-4fdd-8537-251bea79e2bc"	"M694"	"1661-01-01"	"1661-12-31"	"Manuscript"	"Full edition"	"f"			"f"	"f"				"f"	"Ms"									
"9143a8cd-d14b-4867-8583-0ce4755d3891"	"M702"	"1662-01-01"	"1662-12-31"	"Synopsis"	"Synopsis"	"f"			"f"	"f"				"f"										
"5129ee75-b2fe-4a70-8987-3410a7cbad77"	"M704"	"1662-01-01"	"1662-12-31"	"Synopsis (printed)"	"Synopsis"	"f"			"f"	"f"				"f"	"4"	"Goran Proot, Spectacula Iesuitica Belgica Antiqua (SIBA). Pars I: Provincia Flandro-Belgica (Antwerpen, 2008), p. 1-836"								
"850ae906-193b-4a1a-9c79-190c1890709c"	"M707"	"1662-01-01"	"1662-12-31"	"Synopsis (printed)"	"Synopsis"	"f"			"f"	"f"				"f"										
"57f926a0-a624-4fbb-a503-f6ab4a87f10b"	"M71"	"1541-01-01"	"1541-12-31"	"Reprint"	"Full edition"	"f"			"f"	"f"			"http://books.google.be/books?id=P3YTAAAAQAAJ&printsec=frontcover&hl=nl&source=gbs_ge_summary_r&cad=0#v=onepage&q&f=false"	"f"										
"3b322d0f-f941-4036-bb07-42eb6d41c7f4"	"M724"	"1663-01-01"	"1663-12-31"	"Synopsis (printed)"	"Synopsis"	"f"			"f"	"f"				"f"										
"35ee3768-2424-4638-b520-056513688ff9"	"M739"	"1664-01-01"	"1664-12-31"	"Synopsis (printed)"	"Synopsis"	"f"			"f"	"f"				"f"										
"5f9535f5-e28c-4c23-99a8-aff2fd20c9d3"	"M741"	"1665-01-01"	"1665-12-31"	"Synopsis (printed)"	"Synopsis"	"f"			"f"	"f"				"f"	"2"									
"56252a89-443a-46ee-8b4c-70985484954d"	"M753"	"1666-01-01"	"1666-12-31"	"Synopsis (printed)"	"Synopsis"	"f"			"f"	"f"				"f"		"Goran Proot, Spectacula Iesuitica Belgica Antiqua (SIBA). Pars I: Provincia Flandro-Belgica (Antwerpen, 2008), p. 1-836"								
"57857803-db84-4704-b057-494a087a0dad"	"M759"	"1666-01-01"	"1666-12-31"	"Synopsis"	"Synopsis"	"f"			"f"	"f"				"f"										
"8425b644-99a1-4d48-ad86-a5c3210d4703"	"M761"	"1666-01-01"	"1666-12-31"	"Synopsis"	"Synopsis"	"f"			"f"	"f"				"f"			"Koppelen op E-, M- of W-niveau met Ceneton049970"							
"3786fecf-6c7e-429b-8ef0-8abe4c64d291"	"M762"	"1666-01-01"	"1666-12-31"	"Manuscript"	"Full edition"	"f"			"f"	"f"				"f"	"Ms"	"Goran Proot, Spectacula Iesuitica Belgica Antiqua (SIBA). Pars I: Provincia Flandro-Belgica (Antwerpen, 2008), p. 1-836"	"Koppelen op E-, M- of W-niveau met programmaboekje Ceneton049960"							
"cb3defab-822f-4b55-b604-1509b473a91b"	"M763"	"1667-01-01"	"1667-12-31"	"Synopsis (manuscript)"	"Synopsis"	"f"			"f"	"f"				"f"	"Ms"									
"f6bed87e-5ddb-4bf8-be21-9b05c8c7dd33"	"M770"	"1668-01-01"	"1668-12-31"	"Synopsis (manuscript)"	"Synopsis"	"f"			"f"	"f"				"f"		"Goran Proot, Spectacula Iesuitica Belgica Antiqua (SIBA). Pars I: Provincia Flandro-Belgica (Antwerpen, 2008), p. 1-836"								
"dc0d601a-921f-4e47-a809-11799325dc3c"	"M771"	"1668-01-01"	"1668-12-31"	"Manuscript"	"Full edition"	"f"			"f"	"f"				"f"	"Ms"									
"42d66d6e-d003-4d0f-a71a-3d20dfd32cdf"	"M776"	"1667-01-01"	"1673-12-31"	"Synopsis"	"Synopsis"	"f"			"f"	"f"				"f"										
"03079648-2132-43ca-9ece-9ec2ae8ba1b2"	"M777"	"1670-01-01"	"1670-12-31"	"Synopsis"	"Synopsis"	"f"			"f"	"f"				"f"										
"bac3292d-26a7-44a1-851d-6a0f71083353"	"M787"	"1672-01-01"	"1672-12-31"	"Synopsis (manuscript)"	"Synopsis"	"f"			"f"	"f"				"f"	"Ms"	"Goran Proot, Spectacula Iesuitica Belgica Antiqua (SIBA). Pars I: Provincia Flandro-Belgica (Antwerpen, 2008), p. 1-836"								
"ab4741c1-43e4-49b0-86db-484912a81082"	"M8"	"1522-01-01"	"1522-12-31"	"First Printing"	"Full edition"	"f"			"t"	"t"				"f"										
"90b34833-93cf-4d47-83d9-db333f01d260"	"M803"	"1674-01-01"	"1674-12-31"	"Reprint"	"Full edition"	"f"			"f"	"f"				"f"										
"479926b2-e640-4cbe-b1c0-3b2293cbb8fb"	"M804"	"1675-01-01"	"1675-12-31"	"Synopsis (manuscript)"	"Synopsis"	"f"	"Comedy"		"f"	"f"				"f"	"Ms"	"Goran Proot, Spectacula Iesuitica Belgica Antiqua (SIBA). Pars I: Provincia Flandro-Belgica (Antwerpen, 2008), p. 1-836"								
"75c4bd8c-21a2-4155-ac1f-17d33ef248fe"	"M806"	"1677-01-01"	"1677-12-31"	"Manuscript"	"Full edition"	"f"			"f"	"f"				"f"										
"abb6ab43-99c6-4aa2-a161-d30478274ee5"	"M807"	"1678-01-01"	"1678-12-31"	"Synopsis"	"Synopsis"	"f"			"f"	"f"				"f"										
"4790c604-0cb5-49e2-a3bc-059b61c0687b"	"M808"	"1678-01-01"	"1678-12-31"	"Reprint"	"Full edition"	"f"			"f"	"f"			"http://anet.ua.ac.be/desktop/anet/core/index.phtml?language=&euser=&session=&service=opacua&robot=&deskservice=desktop&desktop=anet&workstation=&extra="	"f"										
"1fe98a1a-51f9-4593-b8f8-43718169b52b"	"M811"	"1678-01-01"	"1678-12-31"	"Manuscript"	"Full edition"	"f"			"f"	"f"				"f"		"Goran Proot, Spectacula Iesuitica Belgica Antiqua (SIBA). Pars I: Provincia Flandro-Belgica (Antwerpen, 2008), p. 1-836"								
"43d69b4e-66c2-427f-a544-1b83b7d69b80"	"M813"	"1679-01-01"	"1679-12-31"	"Mention"	"Fragment"	"f"			"f"	"f"				"f"	"Ms"									
"b7460e80-ce95-4dd9-8419-85aaccf67ee6"	"M827"	"1680-01-01"	"1680-12-31"	"Synopsis (manuscript)"	"Synopsis"	"f"			"f"	"f"				"f"	"Ms"									
"01c82e8f-321c-4060-b76d-f5d4e6d6aae6"	"M829"	"1680-01-01"	"1680-12-31"	"Synopsis (printed)"	"Synopsis"	"f"			"f"	"f"				"f"										
"f82fc0a1-ca5d-4d2f-80dd-be2c7144f140"	"M834"	"1680-01-01"	"1680-12-31"	"Synopsis (manuscript)"	"Synopsis"	"f"			"f"	"f"				"f"	"Ms"									
"c775176b-3a53-4bca-bc8c-89826d8b9c80"	"M835"	"1681-01-01"	"1681-12-31"	"Synopsis (manuscript)"	"Synopsis"	"f"			"f"	"f"				"f"	"Ms"									
"de956ae6-d707-4fe6-8212-f2cb5ff7f74d"	"M836"	"1681-01-01"	"1681-12-31"	"Synopsis (manuscript)"	"Synopsis"	"f"			"f"	"f"				"f"	"Ms"									
"c6e77c6a-9907-4c92-8e53-05a563719b76"	"M837"	"1682-01-01"	"1682-12-31"	"Synopsis (manuscript)"	"Synopsis"	"f"			"f"	"f"				"f"	"Ms"									
"044dc99b-c7d2-429d-84a8-7c43801c89b6"	"M845"	"1682-01-01"	"1682-12-31"	"Synopsis (manuscript)"	"Synopsis"	"f"			"f"	"f"				"f"	"Ms"									
"c7d0d427-a032-4ea2-a28d-1f46d83728af"	"M846"	"1682-01-01"	"1682-12-31"	"Synopsis (manuscript)"	"Synopsis"	"f"			"f"	"f"				"f"	"Ms"									
"9e910b6f-9fdc-4f9b-80f1-fd820fc3e48c"	"M848"	"1682-01-01"	"1682-12-31"	"Synopsis (printed)"	"Synopsis"	"f"			"f"	"f"				"f"										
"bc0e49cc-d714-4e6e-a8df-23361f25f664"	"M849"	"1682-01-01"	"1682-12-31"	"Synopsis"	"Synopsis"	"f"	"Tragedy"		"f"	"f"				"f"					"https://opac.kbr.be/LIBRARY/doc/SYRACUSE/15033539"					
"4ca77445-b80a-4e13-904f-2b554c9149ec"	"M850"	"1682-01-01"	"1682-12-31"	"Synopsis (manuscript)"	"Synopsis"	"f"			"f"	"f"				"f"	"Ms"									
"20b6a9b0-c768-42d1-930d-143aed48ca7c"	"M851"	"1683-01-01"	"1683-12-31"	"Synopsis (manuscript)"	"Synopsis"	"f"			"t"	"t"			"https://books.google.be/books?id=bPxLAAAAcAAJ&printsec=frontcover&dq=Ganda+ethnica,+catholica,+Hispanica&hl=nl&sa=X&ved=0ahUKEwjLgOvj65fTAhVrIcAKHRfTBicQ6AEIHjAA#v=onepage&q=Ganda%20ethnica%2C%20catholica%2C%20Hispanica&f=false"	"f"										
"b0e83f8e-5337-4f8b-a443-1b12833698d0"	"M852"	"1683-01-01"	"1683-12-31"	"Synopsis (manuscript)"	"Synopsis"	"f"			"f"	"f"				"f"	"Ms"									
"effc8248-ccbd-4435-876e-a34649f30f86"	"M854"	"1683-01-01"	"1683-12-31"	"Synopsis (manuscript)"	"Synopsis"	"f"			"f"	"f"				"f"	"Ms"									
"e768a52b-0643-4f9c-89a1-1c75e9c12108"	"M855"	"1683-01-01"	"1683-12-31"	"Synopsis (manuscript)"	"Synopsis"	"f"			"f"	"f"				"f"	"Ms"									
"79cd897d-288b-42fd-a043-86dba20804f3"	"M858"	"1685-01-01"	"1685-12-31"	"Synopsis (manuscript)"	"Synopsis"	"f"			"f"	"f"				"f"	"Ms"									
"6a4d2f18-ba83-456e-b9a9-2f742f6c3110"	"M859"	"1685-01-01"	"1685-12-31"	"Synopsis (manuscript)"	"Synopsis"	"f"			"f"	"f"				"f"	"Ms"									
"abe67196-a866-43cc-a0ed-c7e2640979c2"	"M863"	"1686-01-01"	"1686-12-31"	"Synopsis (manuscript)"	"Synopsis"	"f"			"f"	"f"				"f"	"Ms"	"Goran Proot, Spectacula Iesuitica Belgica Antiqua (SIBA). Pars I: Provincia Flandro-Belgica (Antwerpen, 2008), p. 1-836"								
"422eb572-2666-4364-b779-1aab735f1e43"	"M868"	"1687-01-01"	"1687-12-31"	"Synopsis (printed)"	"Synopsis"	"f"	"Tragicomedy"		"f"	"f"				"f"					"https://opac.kbr.be/LIBRARY/doc/SYRACUSE/18399595"					
"be88f6fc-cdfe-40c8-a9db-cf291c0b6304"	"M869"	"1688-01-01"	"1688-12-31"	"Manuscript"	"Full edition"	"f"	"Comedy"		"f"	"f"				"f"										
"f4b66100-bc39-44d8-b598-5cee5af1f913"	"M871"	"1688-01-01"	"1688-12-31"	"Manuscript"	"Full edition"	"f"			"f"	"f"				"f"	"Ms"	"Goran Proot, Spectacula Iesuitica Belgica Antiqua (SIBA). Pars I: Provincia Flandro-Belgica (Antwerpen, 2008), p. 1-836"								
"1b2e08bd-0f54-49ad-8e0e-dbd902241c80"	"M872"	"1688-01-01"	"1688-12-31"	"Synopsis (manuscript)"	"Synopsis"	"f"			"f"	"f"				"f"										
"b416e521-4957-4edc-b6e2-d9d0f01fbd89"	"M873"	"1688-01-01"	"1688-12-31"	"Synopsis"	"Synopsis"	"f"			"f"	"f"				"f"						"https://lib.ugent.be/catalog/rug01:001237484"				
"83c11f7f-ce93-4717-b236-a21b9d7cb91b"	"M874"	"1688-01-01"	"1688-12-31"	"Synopsis (printed)"	"Synopsis"	"f"			"f"	"f"				"f"					"https://opac.kbr.be/LIBRARY/doc/SYRACUSE/18399982"					
"ff06d5e2-bc41-4dea-a1d0-28ddbde25ba6"	"M880"	"1691-01-01"	"1691-12-31"	"Synopsis"	"Synopsis"	"f"	"Comedy"		"f"	"f"				"f"										
"1d49a4a0-d9c9-440d-8f2e-9a2b8535c92c"	"M885"	"1692-01-01"	"1692-12-31"	"Synopsis"	"Synopsis"	"f"	"Tragedy"		"f"	"f"				"f"										
"e8bf2a17-9334-455b-ae75-24d529adac8e"	"M886"	"1692-01-01"	"1692-12-31"	"Synopsis (manuscript)"	"Synopsis"	"f"	"Tragedy"		"f"	"f"				"f"	"Ms"									
"f6f5ceb6-a855-4646-aad7-87c13e7c9a2c"	"M890"	"1693-01-01"	"1693-12-31"	"Synopsis (manuscript)"	"Synopsis"	"f"			"f"	"f"				"f"	"Ms"									
"a1ac9dbd-3470-4d07-8ba7-7a819920311b"	"M891"	"1693-01-01"	"1693-12-31"	"Synopsis (manuscript)"	"Synopsis"	"f"	"Tragedy"		"f"	"f"				"f"	"Ms"									
"2a8b4b1c-5c34-4c56-94fa-3c1916b245a1"	"M892"	"1693-01-01"	"1693-12-31"	"Synopsis (manuscript)"	"Synopsis"	"f"	"Comedy"		"f"	"f"				"f"	"Ms"									
"c98ede7b-9eab-42df-9ffc-f09fa2ecc33e"	"M894"	"1693-01-01"	"1693-12-31"	"Synopsis"	"Synopsis"	"f"	"Tragedy"		"f"	"f"				"f"										
"e91de3a1-3001-4fd5-94c3-300d3b3687e7"	"M895"	"1693-01-01"	"1693-12-31"	"Synopsis (manuscript)"	"Synopsis"	"f"			"f"	"f"				"f"	"Ms"									
"d8aedddb-a498-4c82-9c0b-2ece99c17f99"	"M896"	"1693-01-01"	"1693-12-31"	"Synopsis (manuscript)"	"Synopsis"	"f"			"f"	"f"				"f"	"Ms"									
"28f785b7-d201-41d1-b16b-ac13130ad37f"	"M898"	"1694-01-01"	"1694-12-31"	"Synopsis (manuscript)"	"Synopsis"	"f"	"Tragedy"		"f"	"f"				"f"	"Ms"	"Goran Proot, Spectacula Iesuitica Belgica Antiqua (SIBA). Pars I: Provincia Flandro-Belgica (Antwerpen, 2008), p. 1-836"								
"88b638cb-7672-46b7-ba2a-e6adba59c27e"	"M899"	"1694-01-01"	"1694-12-31"	"Synopsis"	"Synopsis"	"f"			"f"	"f"	"https://www.let.leidenuniv.nl/Dutch/Ceneton/Facsimiles/SJJosephRoermond1694"		"http://anet.ua.ac.be/desktop/anet/core/index.phtml?language=&euser=&session=&service=opacua&robot=&deskservice=desktop&desktop=anet&workstation=&extra="	"f"										
"2095672c-32a5-4d6d-87e5-013a236d8be4"	"M901"	"1694-01-01"	"1694-12-31"	"Synopsis (manuscript)"	"Synopsis"	"f"	"Tragedy"		"f"	"f"				"f"	"Ms"	"Goran Proot, Spectacula Iesuitica Belgica Antiqua (SIBA). Pars I: Provincia Flandro-Belgica (Antwerpen, 2008), p. 1-836"								
"b23bcd91-2af0-4c71-b670-fbdd18fc2206"	"M904"	"1695-01-01"	"1695-12-31"	"Synopsis"	"Synopsis"	"f"	"Tragedy"		"f"	"f"			"http://books.google.be/books?id=l1FbAAAAQAAJ&printsec=frontcover&hl=nl&source=gbs_ge_summary_r&cad=0#v=onepage&q&f=false"	"f"										
"de773d3f-4f09-4b8e-a60c-c78280c2d9d3"	"M908"	"1696-01-01"	"1696-12-31"	"Synopsis (manuscript)"	"Synopsis"	"f"	"Tragedy"		"f"	"f"				"f"	"Ms"									
"f95a356d-8511-4e8f-8de2-e9bae1b4dc79"	"M910"	"1696-01-01"	"1696-12-31"	"Synopsis"	"Synopsis"	"f"			"f"	"f"				"f"										
"22beb5ad-9497-4172-818b-8ff3c83cb3ec"	"M911"	"1696-01-01"	"1696-12-31"	"Synopsis"	"Synopsis"	"f"			"f"	"f"				"f"										
"dc83ab12-f2c1-4387-98ef-e3419861ce7d"	"M914"	"1697-01-01"	"1697-12-31"	"Synopsis (manuscript)"	"Synopsis"	"f"			"f"	"f"				"f"	"Ms"									
"ded2512e-7b29-4764-80bc-a79b013377c2"	"M919"	"1697-01-01"	"1697-12-31"	"Synopsis (manuscript)"	"Synopsis"	"f"			"f"	"f"				"f"	"Ms"									
"f6c74bf7-735e-46a3-854f-3958be146192"	"M924"	"1698-01-01"	"1698-12-31"	"Synopsis (manuscript)"	"Synopsis"	"f"			"f"	"f"				"f"	"Ms"									
"f8e89a07-9b7c-4791-bc8d-d3cb70ffe254"	"M929"	"1698-01-01"	"1698-12-31"	"Synopsis (manuscript)"	"Synopsis"	"f"			"f"	"f"				"f"	"Ms"									
"dbb23eb6-eee0-4d14-8eee-ed4f97870a51"	"M932"	"1699-01-01"	"1699-12-31"	"Synopsis (manuscript)"	"Synopsis"	"f"			"f"	"f"				"f"	"Ms"									
"a6d335b6-53ba-4355-84b5-87bdc25d41d4"	"M933"	"1699-01-01"	"1699-12-31"	"Synopsis"	"Synopsis"	"f"			"f"	"f"				"f"										
"f3893d8a-9495-4d71-8fcd-9e9008b2ff52"	"M935"	"1699-01-01"	"1699-12-31"	"Synopsis (manuscript)"	"Synopsis"	"f"			"f"	"f"				"f"		"Goran Proot, Spectacula Iesuitica Belgica Antiqua (SIBA). Pars I: Provincia Flandro-Belgica (Antwerpen, 2008), p. 1-836"								
"1efb94c0-97e5-4a22-ba24-b4b642b31904"	"M936"	"1699-01-01"	"1699-12-31"	"Synopsis (manuscript)"	"Synopsis"	"f"			"f"	"f"				"f"		"Goran Proot, Spectacula Iesuitica Belgica Antiqua (SIBA). Pars I: Provincia Flandro-Belgica (Antwerpen, 2008), p. 1-836"								
"e95695a3-5c40-4179-88d7-e88b4cfed4f6"	"M939"	"1699-01-01"	"1699-12-31"	"Synopsis (manuscript)"	"Synopsis"	"f"			"f"	"f"				"f"	"Ms"									
"71b01b31-bbeb-4f12-bd94-38cc50ccaa1e"	"M940"	"1699-01-01"	"1699-12-31"	"Synopsis (manuscript)"	"Synopsis"	"f"			"f"	"f"				"f"	"Ms"									
"c0bd0475-69a1-4523-b1a1-9ca88616b9c4"	"M941"	"1699-01-01"	"1699-12-31"	"Synopsis (manuscript)"	"Synopsis"	"f"			"f"	"f"				"f"	"Ms"									
"f3e3e421-8d64-4890-9bff-f5f0f45cae47"	"M942"	"1699-01-01"	"1699-12-31"	"Synopsis (manuscript)"	"Synopsis"	"f"			"f"	"f"				"f"	"Ms"	"Goran Proot, Spectacula Iesuitica Belgica Antiqua (SIBA). Pars I: Provincia Flandro-Belgica (Antwerpen, 2008), p. 1-836"	"Koppelen op E-, M- of W-niveau met Ceneton043940, wel door andere jezuïetencollege opgevoerd!"							
"2252c176-b474-45cf-90c7-8a8b3de304ba"	"M943"	"1699-01-01"	"1699-12-31"	"Synopsis (manuscript)"	"Synopsis"	"f"			"f"	"f"				"f"	"Ms"									
"95c49d7f-a7a8-4d89-92e2-e4cb26bb00ee"	"M945"	"1699-01-01"	"1699-12-31"	"Synopsis"	"Synopsis"	"f"			"f"	"f"				"f"										
"0d669440-2be9-4537-ae48-2db138d4cf1c"	"M946"	"1699-01-01"	"1699-12-31"	"Synopsis"	"Synopsis"	"f"			"f"	"f"				"f"										
"179a3d72-700c-47e1-8b20-2a9b03cf35a3"	"M948"	"1699-01-01"	"1699-12-31"	"Synopsis (manuscript)"	"Synopsis"	"f"			"f"	"f"				"f"	"Ms"									
"2486f91b-77f7-4e61-bbf0-6d56b73aa357"	"M949"	"1699-01-01"	"1699-12-31"	"Synopsis (manuscript)"	"Synopsis"	"f"			"f"	"f"				"f"		"Goran Proot, Spectacula Iesuitica Belgica Antiqua (SIBA). Pars I: Provincia Flandro-Belgica (Antwerpen, 2008), p. 1-836"	"Handschrift toegeschreven aan Henricus Blesen, Dominicus Hendricks en Bernardus Baenen"							
"56f8ae12-1b63-408c-b2c8-9ff5ac2e3969"	"M950"	"1699-01-01"	"1699-12-31"	"Synopsis (manuscript)"	"Synopsis"	"f"	"Tragedy"		"f"	"f"				"f"		"Goran Proot, Spectacula Iesuitica Belgica Antiqua (SIBA). Pars I: Provincia Flandro-Belgica (Antwerpen, 2008), p. 1-836"								
"e3592b32-8cef-43c6-8acf-afd7fa0f4cd0"	"M953"	"1699-01-01"	"1699-12-31"	"Synopsis (manuscript)"	"Synopsis"	"f"			"f"	"f"				"f"	"Ms"	"Goran Proot, Spectacula Iesuitica Belgica Antiqua (SIBA). Pars I: Provincia Flandro-Belgica (Antwerpen, 2008), p. 1-836"	"Koppelen op M- of E-niveau aan Ceneton049220. Proot acht dit programmaboekje hetzelfde, maar aangezien er één manuscript tussenzit, lijkt dat onwaarschijnlijk."							
"c1d49d19-ff66-4513-b258-d1812cd2d8bf"	"M954"	"1699-01-01"	"1699-12-31"	"Synopsis"	"Synopsis"	"f"			"f"	"f"				"f"		"Goran Proot, Spectacula Iesuitica Belgica Antiqua (SIBA). Pars I: Provincia Flandro-Belgica (Antwerpen, 2008), p. 1-836"	"Koppelen op M- of E-niveau aan Ceneton049210. Proot acht dit programmaboekje hetzelfde, maar aangezien er één manuscript tussenzit, lijkt dat onwaarschijnlijk."							
"14f73b8d-f676-4593-881e-dfd641e11028"	"M956"	"1700-01-01"	"1700-12-31"	"Synopsis (manuscript)"	"Synopsis"	"f"			"f"	"f"				"f"		"Goran Proot, Spectacula Iesuitica Belgica Antiqua (SIBA). Pars I: Provincia Flandro-Belgica (Antwerpen, 2008), p. 1-836"								
"ad61ad7a-a07a-4044-b7f5-89502088ac77"	"M957"	"1697-01-01"	"1703-12-31"	"Synopsis"	"Synopsis"	"f"			"f"	"f"				"f"										
"6f7da357-b229-4052-9f9d-e088d8d921e3"	"M958"	"1700-01-01"	"1700-12-31"	"Synopsis (manuscript)"	"Synopsis"	"f"	"Tragedy"		"f"	"f"				"f"		"Goran Proot, Spectacula Iesuitica Belgica Antiqua (SIBA). Pars I: Provincia Flandro-Belgica (Antwerpen, 2008), p. 1-836"								
"e9abf5d5-0459-4db2-b4bd-a7f85fb8b4e2"	"M959"	"1700-01-01"	"1700-12-31"	"Synopsis (manuscript)"	"Synopsis"	"f"			"f"	"f"				"f"		"Goran Proot, Spectacula Iesuitica Belgica Antiqua (SIBA). Pars I: Provincia Flandro-Belgica (Antwerpen, 2008), p. 1-836"								
"5f81bd12-f50a-425b-80db-35d55faa9c89"	"M960"	"1700-01-01"	"1700-12-31"	"Synopsis"	"Synopsis"	"f"			"f"	"f"				"f"										
"5b6357c7-3b88-42ef-9102-bbdd8afcf2aa"	"M961"	"1700-01-01"	"1700-12-31"	"Synopsis"	"Synopsis"	"f"	"Interlude"		"f"	"f"				"f"										
"3a6d5ee4-bf8c-4b65-97bf-c0fecba3266d"	"M962"	"1700-01-01"	"1700-12-31"	"Synopsis (manuscript)"	"Synopsis"	"f"			"f"	"f"				"f"		"Goran Proot, Spectacula Iesuitica Belgica Antiqua (SIBA). Pars I: Provincia Flandro-Belgica (Antwerpen, 2008), p. 1-836"								
"93a31570-4d65-49ea-b8e7-ba08da257055"	"M963"	"1700-01-01"	"1700-12-31"	"Synopsis (manuscript)"	"Synopsis"	"f"			"f"	"f"				"f"										
"69462806-c205-4644-ada0-4f1ffc6fa301"	"M964"	"1700-01-01"	"1700-12-31"	"Synopsis (printed)"	"Synopsis"	"f"	"Tragedy"		"f"	"f"				"f"		"Goran Proot, Spectacula Iesuitica Belgica Antiqua (SIBA). Pars I: Provincia Flandro-Belgica (Antwerpen, 2008), p. 1-836"								
"bd926a8b-e0bc-475b-8b4f-bfe07c6c106b"	"M965"	"1700-01-01"	"1700-12-31"	"Synopsis (printed)"	"Synopsis"	"f"			"f"	"f"				"f"		"Goran Proot, Spectacula Iesuitica Belgica Antiqua (SIBA). Pars I: Provincia Flandro-Belgica (Antwerpen, 2008), p. 1-836"	"Koppelen op E-, M- of W-niveau met Ceneton048620, wel door andere jezuïetencollege opgevoerd!"							
"47104b53-7929-4584-bf8f-7f8c3f7fa032"	"M966"	"1700-01-01"	"1700-12-31"	"Synopsis (printed)"	"Synopsis"	"f"	"Tragedy"		"f"	"f"				"f"		"Goran Proot, Spectacula Iesuitica Belgica Antiqua (SIBA). Pars I: Provincia Flandro-Belgica (Antwerpen, 2008), p. 1-836"								
"87249d2c-9dc8-4a41-953f-7cc3c4e99eb1"	"M968"	"1700-01-01"	"1700-12-31"	"Synopsis"	"Synopsis"	"f"	"Tragedy"		"f"	"f"				"f"		"Goran Proot, Spectacula Iesuitica Belgica Antiqua (SIBA). Pars I: Provincia Flandro-Belgica (Antwerpen, 2008), p. 1-836"								
"ec1ffae7-d07a-463d-8e7e-8f50b9b45796"	"M969"	"1700-01-01"	"1700-12-31"	"Synopsis"	"Synopsis"	"f"			"f"	"f"				"f"										
"5884a948-22f6-4f8b-a3f0-6927f5d12146"	"M970"	"1700-01-01"	"1700-12-31"	"Synopsis (manuscript)"	"Synopsis"	"f"			"f"	"f"				"f"										
"035fba51-db0e-4ff1-abff-737f9d86dae1"	"M971"	"1700-01-01"	"1700-12-31"	"Synopsis"	"Synopsis"	"f"			"f"	"f"				"f"										
"2923e23a-94db-4d4f-a0dd-82f77792c2dd"	"M973"	"1700-01-01"	"1700-12-31"	"Synopsis"	"Synopsis"	"f"			"f"	"f"				"f"										
"c5060ccc-8572-46e7-8e5a-9dcc6dbbb584"	"M974"	"1700-01-01"	"1700-12-31"	"Synopsis (manuscript)"	"Synopsis"	"f"			"f"	"f"				"f"		"Goran Proot, Spectacula Iesuitica Belgica Antiqua (SIBA). Pars I: Provincia Flandro-Belgica (Antwerpen, 2008), p. 1-836"								
"1ce77e89-85a5-485b-bc14-2d473200a336"	"M975"	"1700-01-01"	"1700-12-31"	"Synopsis (manuscript)"	"Synopsis"	"f"			"f"	"f"				"f"		"Goran Proot, Spectacula Iesuitica Belgica Antiqua (SIBA). Pars I: Provincia Flandro-Belgica (Antwerpen, 2008), p. 1-836"								
"218b9e67-0009-47c8-a004-c0bfb0daa0bd"	"M978"	"1701-01-01"	"1701-12-31"	"Synopsis"	"Synopsis"	"f"			"f"	"f"				"f"										
"2be66ed0-a9ce-4270-9aca-78727d02f5f8"	"M983"	"1701-01-01"	"1701-12-31"	"Synopsis"	"Synopsis"	"f"			"f"	"f"				"f"										
"d3020918-46a5-4e3e-bce8-bf325c93e46c"	"M984"	"1701-01-01"	"1701-12-31"	"Synopsis (manuscript)"	"Synopsis"	"f"			"f"	"f"				"f"		"Goran Proot, Spectacula Iesuitica Belgica Antiqua (SIBA). Pars I: Provincia Flandro-Belgica (Antwerpen, 2008), p. 1-836"	"Handschrift ook toegeschreven aan: Franc[isc]us Xaver[ius]"							
"390a8900-8bb2-415b-9a82-37f673d8721d"	"M985"	"1701-01-01"	"1701-12-31"	"Synopsis"	"Synopsis"	"f"			"f"	"f"				"f"										
"3694cdf5-77b8-4b47-9122-3fde646c8008"	"M987"	"1702-01-01"	"1702-12-31"	"Synopsis"	"Synopsis"	"f"			"f"	"f"				"f"		"Goran Proot, Spectacula Iesuitica Belgica Antiqua (SIBA). Pars I: Provincia Flandro-Belgica (Antwerpen, 2008), p. 1-836"								
"ef84891e-aef2-4498-bed8-429849a9ed07"	"M991"	"1702-01-01"	"1702-12-31"	"Synopsis (manuscript)"	"Synopsis"	"f"	"Comedy"		"f"	"f"				"f"	"Ms"	"Goran Proot, Spectacula Iesuitica Belgica Antiqua (SIBA). Pars I: Provincia Flandro-Belgica (Antwerpen, 2008), p. 1-836"								
"5dec9262-c8f4-48d7-8b19-b2a792a3ef58"	"M993"	"1702-01-01"	"1702-12-31"	"Synopsis"	"Synopsis"	"f"			"f"	"f"				"f"										
"c3959a1b-74f4-459c-bd9c-61a07a79942e"	"M994"	"1702-01-01"	"1702-12-31"	"Synopsis (printed)"	"Synopsis"	"f"	"Tragedy"		"f"	"f"				"f"		"Goran Proot, Spectacula Iesuitica Belgica Antiqua (SIBA). Pars I: Provincia Flandro-Belgica (Antwerpen, 2008), p. 1-836"	"Moet gekoppeld worden aan M1922"							
"dff46df4-07d6-4218-88b8-b8aca1cd4ffc"	"M995"	"1702-01-01"	"1702-12-31"	"Synopsis"	"Synopsis"	"f"			"f"	"f"				"f"										
"5d4fb64d-0882-4357-a6ce-e035bbe37be1"	"M997"	"1702-01-01"	"1702-12-31"	"Synopsis (printed)"	"Synopsis"	"f"	"Tragicomedy"		"f"	"f"				"f"		"Goran Proot, Spectacula Iesuitica Belgica Antiqua (SIBA). Pars I: Provincia Flandro-Belgica (Antwerpen, 2008), p. 1-836"								
"2de7f3d7-b386-40c8-9b9d-a56646269d3a"	"M998"	"1702-01-01"	"1702-12-31"	"Synopsis"	"Synopsis"	"f"			"f"	"f"				"f"										
