work_id	expression_id
"7431d042-2833-45ed-82f0-dbd531ac320d"	"09ead625-5e56-4cae-b59d-92b9667bb20e"
"7431d042-2833-45ed-82f0-dbd531ac320d"	"77e4bf46-1d7f-4d24-a28b-5323101da176"
"5b6d5bd4-f3f6-4c32-8f9f-40171b35f4c8"	"2e990723-026f-4bba-8688-3048bbd31004"
"5b6d5bd4-f3f6-4c32-8f9f-40171b35f4c8"	"29afe584-1781-439d-8b36-ed0bc9d845be"
"629c437e-f9bb-4d49-8d54-0d907a1a3523"	"581f4efb-53a0-4a67-b4c6-1ec4c52125e9"
"629c437e-f9bb-4d49-8d54-0d907a1a3523"	"db428160-b695-4253-a66e-43c3682cf3c4"
"b6e43fd8-eca5-445f-a796-46bd567cf361"	"94efd0b8-0297-41cc-8db7-75192d2639a2"
"b6e43fd8-eca5-445f-a796-46bd567cf361"	"5a0b0170-e22f-46bb-bed4-be4286c62db7"
"4d1c45b2-9555-47dc-93e6-e708616c7f6a"	"df515c01-f571-4a13-af26-141085164bd5"
"4d1c45b2-9555-47dc-93e6-e708616c7f6a"	"0a1902e7-57a1-4b5e-8a25-55e4fd4e3e4d"
"a96ca7c0-9cb4-4e07-ac1d-19a7895d8177"	"b918bcf4-650b-4772-a102-d118e4260f11"
"a96ca7c0-9cb4-4e07-ac1d-19a7895d8177"	"0f7751f3-afe8-4a10-8011-0cc93ecafc51"
"68687f97-bcab-401d-b787-a7724c59fb2d"	"31dd407f-2db2-4ce1-a474-dc90ecfabf3c"
"68687f97-bcab-401d-b787-a7724c59fb2d"	"f08aa3a3-9429-420e-939f-97911768f920"
"879d7f5a-ca6a-4753-bd52-3c62268a8e06"	"80b7ba78-0dae-4e55-9779-bcf7257e7d50"
"879d7f5a-ca6a-4753-bd52-3c62268a8e06"	"ae7b7e32-5b6f-4dc8-ac0f-80ee05b136da"
"70ef4814-353c-4b05-8053-84ec29fed373"	"1ae68f78-152c-4a53-8e8a-6caf9f18ac49"
"70ef4814-353c-4b05-8053-84ec29fed373"	"9d19cc6e-5db3-4dc4-8119-f458ddd88192"
"f6090ce0-2182-4def-b91b-e0b9c64fba31"	"85e78252-c2af-4a6c-a86e-5a017756b040"
"f6090ce0-2182-4def-b91b-e0b9c64fba31"	"df1d7f79-81b0-4f50-8847-98011a665c27"
"66884069-0a48-4fd8-ba42-e67a5747c65b"	"f0985b16-3e4a-4952-87af-4aabaa5089b3"
"66884069-0a48-4fd8-ba42-e67a5747c65b"	"21d707d9-c556-4e10-b9cc-d2af76de1292"
"409e2e98-408f-4804-9580-3adf5d7ba063"	"1422e186-f0e7-4970-b9b1-fc300754b624"
"409e2e98-408f-4804-9580-3adf5d7ba063"	"2d4b136a-57b2-498d-b3bc-33f8ebaa7f70"
"69eb9380-9edf-4268-b7f6-524f18ecd199"	"7fed46d0-84fb-4f2f-9d5a-aa6a45530b6c"
"69eb9380-9edf-4268-b7f6-524f18ecd199"	"98814c78-2ecc-4786-8ac6-067863ec6d4a"
"a382dcbc-c45c-424f-b5a4-ec50a8714d12"	"44804d15-5d7e-49a4-9497-0aae7f103998"
"a382dcbc-c45c-424f-b5a4-ec50a8714d12"	"018c04e1-3b26-4df6-9c90-74980e3d6ec1"
"4464e4bd-311b-4970-acf2-31eb0f8f81d8"	"961bf8cf-12da-44cf-a763-7509fa048ca9"
"4464e4bd-311b-4970-acf2-31eb0f8f81d8"	"a6b7f735-2e08-472a-8dac-dd719eafd770"
"9f0493a2-c733-495b-8141-32fb45c0eb58"	"0d242fe4-f884-4ec8-a90c-2257a6c86161"
"9f0493a2-c733-495b-8141-32fb45c0eb58"	"50f4153a-c126-4766-8f86-43cafdf946bf"
"b6b6fb54-6977-4c60-9de7-8ac068e4cb4b"	"b8afa539-3e94-4b1c-9b79-781f07e53a33"
"b6b6fb54-6977-4c60-9de7-8ac068e4cb4b"	"d6ea7971-7540-4d14-9b3f-b73e82f475ee"
"547949c1-fe21-40a3-b69a-d4f8ca1ae144"	"85763fce-991e-48d9-9ed7-44e21212b09b"
"547949c1-fe21-40a3-b69a-d4f8ca1ae144"	"2221dac8-02c0-40f4-bb3c-0aadddf737ed"
"1653b566-334d-43fa-b4b4-a9c3dccc53fe"	"2ec0b96f-f521-4c98-81ec-8bf5b31557f4"
"1653b566-334d-43fa-b4b4-a9c3dccc53fe"	"860891f6-aa01-41b2-9888-46facb108e56"
"3437eac0-249a-4966-96b5-c8cd539ff923"	"7607ab07-4a84-4288-b8d8-34dc2dcc41e7"
"3437eac0-249a-4966-96b5-c8cd539ff923"	"2e8b0ee2-1917-40c7-8f9e-5b5f01cc06ba"
"9be71a80-3249-4d8f-9364-d7a130f08722"	"c25cce73-7655-4575-8455-5f9f78cafaa0"
"9be71a80-3249-4d8f-9364-d7a130f08722"	"b578a4dd-020d-4ec6-892b-72588d2c86e6"
"d3bf8caa-c73e-42cc-b435-8cb1c49a24ee"	"a67ecab6-bc64-4801-b738-a590efde855a"
"d3bf8caa-c73e-42cc-b435-8cb1c49a24ee"	"05af6f9a-8da1-4cbb-bb16-c91fa8cb5997"
"100e6926-e239-46b5-86c3-d37be3159dbf"	"827fdee0-62d6-445b-b8f8-74fb8fddfb31"
"100e6926-e239-46b5-86c3-d37be3159dbf"	"e40628c5-80af-4570-9a71-cd6015e09afc"
"5b94ad20-9a40-4f64-aa98-ea515fe2de5f"	"a5803c26-b4e0-4d00-9e42-ee2a4594a7d8"
"5b94ad20-9a40-4f64-aa98-ea515fe2de5f"	"50c8b1f1-15e6-4d7b-accc-4142f7045504"
"5b94ad20-9a40-4f64-aa98-ea515fe2de5f"	"a5c354ca-f3e8-4d20-86ff-5fa982fb753a"
"31b85047-5df0-4a0f-a7a9-0abd2a24420c"	"42f4171d-82e2-49f6-b08d-20ee83c3c7fc"
"31b85047-5df0-4a0f-a7a9-0abd2a24420c"	"f2661268-e9e1-4e69-8d45-0e2ccb73aed6"
"74530eb7-081f-47ac-a51b-e9f3fc07cb27"	"f2dabdf7-df3f-4c0d-8025-98e49b0fe2fa"
"74530eb7-081f-47ac-a51b-e9f3fc07cb27"	"27f4faca-f276-409b-8b9a-514f11e13fe6"
"54466284-3bca-4ec7-8234-10defdb003b5"	"a84917ee-ce73-42c1-b07f-44d32fd22de0"
"54466284-3bca-4ec7-8234-10defdb003b5"	"8ddb9c42-43ce-4f39-89c6-7f088a17a29f"
"36140cd5-7f76-437e-9660-d59157ee3d26"	"73c4ed8d-1ffa-475c-9bbe-8feb953f7253"
"36140cd5-7f76-437e-9660-d59157ee3d26"	"d7e15104-7db1-4160-aab3-004496636fc1"
"eed34f53-4c68-4935-913b-ae92531e0acf"	"096e58c1-6832-4aae-9941-615667af7fa3"
"eed34f53-4c68-4935-913b-ae92531e0acf"	"b93819df-cf93-406e-90c8-c22e2fdf9199"
"1059d04e-dda1-40aa-89a5-9003259781b5"	"b66501e0-94bd-4fff-a5b1-af8ea0eef797"
"1059d04e-dda1-40aa-89a5-9003259781b5"	"eb13c8d5-562c-4d35-a511-202a01443680"
"482538aa-118b-4b9a-bb1d-1b6b31887acc"	"d8892ccc-6154-4fe4-a280-92d8c7859ea9"
"482538aa-118b-4b9a-bb1d-1b6b31887acc"	"c08ffae2-4120-4062-b95c-ec50b731a188"
"6afec9e3-c635-45b4-af60-e9f661c8598e"	"e6d3d4be-8ab4-4357-ba6e-e2e68506c454"
"6afec9e3-c635-45b4-af60-e9f661c8598e"	"ee0de731-556e-4ea6-aea6-5365a97cfa06"
"60413b1c-911b-47d9-835d-b2c9dce836a8"	"eb053da0-0c64-4295-b87c-b232b246cc23"
"60413b1c-911b-47d9-835d-b2c9dce836a8"	"f1a97dc0-45ef-4965-87ba-582b93804c0e"
"115b95ae-84be-4138-a802-442c451fd234"	"3cff7665-d82e-4242-a9a9-8e47d8cc8604"
"115b95ae-84be-4138-a802-442c451fd234"	"ba74b5b4-ed56-4b8a-aade-97bd10421fba"
"75b9525d-7709-40c3-8620-bcda147cb3be"	"a0e653b7-a1e1-4829-91c1-622c2aac3c89"
"75b9525d-7709-40c3-8620-bcda147cb3be"	"71496036-3ed4-4e95-967b-b5829a127e95"
"12fa54c9-84ef-44a1-9a85-09a00571486f"	"ca5e3028-b8ff-4b45-8fa8-0b13a93a186a"
"12fa54c9-84ef-44a1-9a85-09a00571486f"	"977ef4aa-16b3-44e2-b38d-bf96d81ecbed"
"b6c75dc3-2beb-4113-b9a7-e244d68ce1a3"	"8f478c2c-6470-40bb-b7c6-14368722f600"
"b6c75dc3-2beb-4113-b9a7-e244d68ce1a3"	"88f6bcfc-1288-4d36-8831-17b1a8850715"
"074317ab-0b94-4939-99a6-30a542b83ed6"	"8ae8d21a-8dbc-40ab-b76f-a114c893d952"
"074317ab-0b94-4939-99a6-30a542b83ed6"	"fd35b4f2-a5d2-4188-9626-56819243835c"
"08686f23-1b3d-4554-9c44-22acb8f604d3"	"df2b2fba-a46a-45b9-b424-f28a46e32224"
"08686f23-1b3d-4554-9c44-22acb8f604d3"	"3ee254f0-b298-4a9b-91df-607e5821fd4b"
"b662f5c1-6390-4f63-bba4-1db6ac4ce8a6"	"abaf5ef8-8bab-4986-8be5-a6171abe60a3"
"21b505eb-7bcf-4a7d-a0c4-7e260d2e69ac"	"1d956c44-aeb0-479c-8eb5-3c4a0377ea4f"
"37df0bc6-fd22-43f5-9a17-7f012c74aea0"	"0df67691-b6af-4780-b929-7310b24eac03"
"b670d06f-e342-49bd-8976-53062a8e00e3"	"7e63fa02-c291-4dae-9815-0c1727a45102"
"2c7e4caf-bff2-4aa6-bd2c-765f1221bf68"	"8a4e5538-8f53-410a-aef5-4e9212675cb8"
"9cbe606a-35b0-4c9f-b67d-6411e890cf5d"	"5512f225-0a4b-4ee2-b479-062a50544f25"
"487d943f-914c-4bf4-b1c7-b7873db04e7c"	"493211cf-4acf-4b9a-b74b-3fccf6f9d1ed"
"ca392198-e86d-4ba4-9ef5-fd32ae7542a3"	"9ab7fbf8-8d11-437a-8539-7b446a91597f"
"9570df37-cdff-47d2-8515-b72f4e158f01"	"cd2a55e0-15f3-4176-a852-bbe2e187d92b"
"546f9ea8-7e17-469f-b7b4-cbfc4959dc45"	"f9252eef-92cf-452f-a85b-339fd40bb475"
"bff07a44-d5cd-41c1-a8ef-8f6d0fa32198"	"8279b6f6-d8b4-400b-9ec5-ecd326dafbf2"
"a7ab166e-5421-4528-837c-fec2a1353f76"	"f5396952-b15a-4bb8-9ceb-7e648d5c1ef3"
"dd43bacb-0a39-4265-86b2-ac147999a405"	"e6eecdf3-df88-440b-ac9d-b214cd0f7882"
"3646dfd4-5af9-4333-a7bb-9886f039bd25"	"594b569f-11f4-4c9a-bfa0-d99138a5ff83"
"c0d42b8b-857d-44f5-b778-8954faa36caa"	"ea505b47-d94f-4a39-ba70-0b2da2af4b09"
"de6d0bf4-2338-4d57-bb14-c92cddc3498e"	"a13eb0ff-7c5e-4615-ad77-71fefecfd8e9"
"2fde6597-5dff-4bf5-9913-f3a6501f94d5"	"f051f7bf-aaf8-4462-9b9a-1f2c2f4c43e3"
"99ecf62b-63bb-4ca8-8ac4-f832cb9d6471"	"01a7bad4-9819-4f36-b971-a3a69aaa9ff4"
"f98617dc-e1e6-4b5f-a67f-050333fb3d33"	"4372e856-f778-438b-9b37-685a9610e190"
"e68c24eb-d46e-49f1-9e69-c52bf596ac1e"	"8ef1a642-ca8a-4220-a931-2a164b9f5bac"
"ae2cc27b-00bb-4931-98a5-d423147c0870"	"f8961645-4ce7-487f-88ba-ff6f8570660f"
"de21f48e-83e0-4665-8402-cffaaa393f77"	"48192fa2-0888-4404-ba4e-25f004c2ed12"
"459ec578-f593-4502-bcfd-204b671874f5"	"3e16ce42-011a-464a-9285-1c2782b6a81c"
"8b999908-f52d-45f0-be89-4c76ff89adf1"	"a52008bd-9b08-49b7-a26b-f7b2656c8634"
"77192f8c-9828-44ef-be9b-ad4b2ea0a98a"	"0ea77dd7-1047-4338-8cdf-1229927138fd"
"1806b80d-b809-414f-a65a-bf26218a9e59"	"36160517-22a6-4c9a-acc6-3ca335eeb399"
"9741eb7d-3583-4c37-acee-1b9c42e338fb"	"f1197558-7cc2-4ddc-9e51-1bc7daf438a6"
"b3ae9832-10ea-41cc-a1ec-a7f67c640186"	"1264cd14-fedd-4721-8d88-ea21c3968537"
"1a73d757-feae-4d7b-b68f-696c7fde26e5"	"b095e2c4-e682-4dd6-a091-447fdd54ecef"
"1bcb194a-5c17-4c99-b8e1-2301f573453e"	"6abe3d9d-8c81-4621-b1f8-63d4230682a0"
"5e300799-e1af-4138-99fa-01437bb3bbc8"	"c46e8511-3898-4cef-9419-262c8f26dfcf"
"1a4b984b-6522-4aa7-bb4c-e7b1544ba8e8"	"dc2dea3b-d654-49dc-81d5-c8f05910468d"
"e142010f-65fa-4031-ba86-297a81e5b289"	"ce23805f-8377-4911-9e5f-d99822b25b27"
"105a6af2-b859-48f6-91ac-b447570a50fe"	"39c6b541-2e20-4f8e-896d-4b3d33f66790"
"1ce799fe-77a8-40f6-bdec-7ec09d9a234a"	"768227fe-553d-4b90-9d3a-812f5d08addc"
"ca6a6730-8ed6-4727-b6aa-593df79ae555"	"77b17d36-da4e-4e74-a93e-751a0dfcada9"
"4a27c52f-cbef-4f3c-93f9-b8742d92dfc2"	"bbcc4591-2583-4dc3-8cab-e62038022335"
"0de2de06-d60e-49c0-8e94-3e3d322079cf"	"67cf50eb-cd2b-47d6-8aa1-b10966794205"
"36c5b47a-eb8b-475f-ad1b-013cb421aef3"	"8fad081b-0765-4ab5-b2f8-f29de1445f1c"
"67c19404-3da2-4566-aebb-290ff3951afb"	"076d4c9e-edfb-4bcd-af63-ce7280736aa8"
"efb0d930-9edd-4f65-af3e-af7c3104d8a5"	"df9551b3-4e1e-4658-9ba5-5cb4d1018b7d"
"71b72a7e-dfeb-498e-8576-04c8a85a8c11"	"c9f15763-67a6-4a0c-8b43-912fb3fefa6a"
"89925e1b-5686-4a83-aceb-1ce32d9af331"	"8398b475-2c5b-4a46-9f99-26285b7ad451"
"b012e098-cd00-4f37-9bca-ed00d6575175"	"8ce91e54-b6ca-45cf-8f79-72333e745e1e"
"bd9be5ef-51e6-48b7-9f02-ae81207225b3"	"428d6b55-aa2d-4aee-9895-63d9a34b97d8"
"78fb2ec3-127e-4a8e-84b9-ff2125841576"	"bd9f93b3-fdd9-4434-b2d2-c11bd470d4f0"
"7ad49e83-4b98-4679-9e34-32166e7d4a81"	"7746743f-4ac1-43be-b985-87ba2f3e385a"
"c5ce970c-63c7-4dde-a363-2b788bef6a64"	"a56b4617-7823-41c1-ac2f-9530c6cabd62"
"29b3b200-1191-496a-8860-61bb2e036bb4"	"c6b33f3d-cd86-439c-9d5c-f034132a13e7"
"6fee332c-d960-439a-a56d-7f393e5dbfed"	"0d57e875-3d30-4c90-af2d-0a396cc7ffbd"
"3c309816-4a62-4b4d-b0f9-0598b38409ad"	"b0c8814c-01d2-4b51-b034-75ea6cc487da"
"16523125-a95b-46b4-ab95-07be49be3ae5"	"f88d6184-f39d-4064-811c-ebd0f9dd9370"
"bc603f30-02ee-4aee-8aed-0f2ad516d562"	"97999d9b-e0bd-4d9f-a786-883f90ab84c9"
"ce7649b1-b911-4776-a131-11bd7f330913"	"54be67ea-d811-4807-97a6-7a8b1c44ad4f"
"ac439b67-3724-40c9-98eb-afb52b3e2ea5"	"c24bf90b-aff1-4a25-b724-7153760cee8b"
"93091da9-c7bc-4e2c-ba86-4a17d575fac4"	"b0b3511f-1eec-449a-a6be-260ca54b7ac7"
"04ea3319-a7cb-4d6b-ac80-66e983aaa016"	"0688e362-4e69-47d2-b3fb-da86430d6a62"
"e61fd909-55bb-4d5e-94bb-3c60c774a00a"	"a38b9bef-4ad9-4568-b9b0-acf745b965f7"
"ae0e1c8f-7464-4f04-9b3c-3b165c67d8f9"	"885df60b-b633-4bf5-a785-9b46c4ea8845"
"2a00e716-8156-4fc5-95bb-802cb4d011cd"	"114aeaff-2d8b-40ce-a846-816a1c20ffc2"
"cdda843b-6598-4926-b63d-4abdb0c7ddb4"	"cc81d319-6354-4bc4-846b-69812452e6c3"
"e18c5575-1ce2-433e-b191-a4121115940c"	"01704c9e-262b-4b57-8997-1f1664e6ca0e"
"4e26e3dc-72b6-45b4-908c-a4fa1ef78115"	"ca31ca82-cdcc-46bc-b5db-15ed501414e3"
"2a86e454-3e1b-4ffd-824d-efce8281d423"	"48c99095-8a07-4690-bd51-5d8ea3dc8c7f"
"3a5bad91-831a-4b67-af00-3d968d4d6260"	"978759e2-e64b-4623-8837-8e3339afa428"
"20288772-f1bf-48a7-a890-649c2b8db373"	"533c4863-fb72-4b26-83d4-0951042b4fd3"
"54fbd465-71eb-4e4b-a360-9a7f0348bedb"	"0e98dd31-6c8c-43e6-a10f-295274d9d471"
"0b635337-c061-4c59-b4ac-79e07849445f"	"9fc19fa1-02ba-48d0-84b5-381b28479d2a"
"199e4abb-6b41-497a-a767-dec3ca587db7"	"b5a6f6cc-a53e-48d3-87db-eeaae026873a"
"bcfa2711-8cf6-449b-acaf-bb3ddd1362c2"	"5d8ba4de-fd2f-4401-9f2a-4dd66192181e"
"9065a805-268c-49db-8471-d4f3e6ac4297"	"5c1ae9e1-dd4f-4f96-90d6-4364ab28d39e"
"d0899ad4-2da4-45f9-97e4-36d48173bd93"	"3d51115d-ab68-4fe4-8c2d-ed352c711a76"
"02e5bda8-b59f-402f-bce5-83338825c615"	"3a994ca5-585d-44ca-b6ae-471f57af7924"
"b0b4a1d5-669e-4173-bc2b-a1cdea1f102e"	"021d285f-402c-425c-923d-95fd6b39a8ad"
"3244d79f-dc4d-46a1-98d4-3b4afcfd3c25"	"5a5999dc-8ab9-4d47-9568-cbb088312ab4"
"cb5bf179-2726-4635-a886-65f9fe008ce6"	"b68b712f-33ba-47ba-a9a0-7433fffb1395"
"669b4c04-57e7-4b71-a20b-c92b4e9c4a83"	"29c18c75-9ef5-4eee-8e3d-4131b7b3a57a"
"9e96f54b-7f15-43f8-9bed-6ed00496ed10"	"6f55530d-31c3-4531-9813-ff71dd403aa4"
"e2c03541-d3ce-49e4-bd07-a60eab4cdb23"	"40089298-e511-4683-98df-0a8dc39fae57"
"94bd32d9-aca4-4ff2-9641-46e7b618ee75"	"6238539f-1bc2-4201-b838-b703cafbd7c9"
"c77a503d-cfab-475c-ac4f-2627d2daf0bd"	"d9607d39-6f4f-4cce-b830-74f6cfbdbf60"
"d1073cc2-712f-4620-8107-487d180be7f8"	"16127409-02b0-4751-87c2-4add1fb18ac6"
"6e08858a-3b42-4d7f-85a6-782a17906280"	"e5b71f29-ca24-4b59-8bdc-71282caca458"
"32dfeea1-7a33-46d4-bcce-9b06d1ae9c7d"	"cbabaf87-90e5-4a26-b0c5-f24ca0be65ac"
"f46eba1c-e128-405a-8ede-350b145b54b2"	"b24179b8-dbf3-4e2a-95ae-00fb4aff3852"
"b7921e64-98a0-45bb-8c6c-9f32a5a1d3d7"	"4047a683-9174-4231-9a9a-c1c77850d026"
"4ea49b1a-736e-4cfa-9e31-86fef7909082"	"7fc641aa-68da-40ab-a111-f7dbf6ce2585"
"a7e9cade-761e-4c90-b4bf-2039195a9f2b"	"1294e415-1354-4533-a956-a60797144a05"
"b8e87e41-2773-4f02-b2ee-9dbf134ddb1d"	"0a8f9826-a2a9-491a-b928-042bd291ce8b"
"a237c8c8-8b3b-483a-8a57-59137d1decf9"	"c0fe73b7-029f-467d-9504-884a77b6e529"
"f205c2b5-6d8e-4fe5-9970-1941e0a1d989"	"1f50e944-f179-4f72-a887-842d4b64d2c4"
"d305681a-29ae-493a-b1ee-d290a0b8ee83"	"537a8509-8daa-4026-a496-5741786f7f59"
"b943f8ab-d528-4336-8d74-dd9660160756"	"512083d0-9ad1-4b52-9f10-ae56efead131"
"f4d98eea-5976-4d82-9b2c-2cb5abc4634e"	"1dd4c371-80a1-42c6-9024-64f91f740fe2"
"fa7f5652-267b-400c-bd0c-e12ec69cb954"	"e3dc658b-70a5-4083-944b-e2216a8727b5"
"40c72191-4e2f-4b0b-9e55-4c63764d1f87"	"77cd0b68-390f-4c56-b8b0-50b3380eef99"
"5d7ea7ae-b7ba-4242-b179-e3bb7e106a61"	"db5a7006-e665-481e-9088-c6bcc65f3376"
"eff75795-b704-4344-a00c-d6752e6b048c"	"3fdd7995-0b27-4320-ada6-de6b7eef5d2e"
"9038575d-6104-4ec3-a79f-a9b9950f24a3"	"b432632e-55e1-49c5-b5a2-94bd3382674f"
"d1d985ba-78c4-4e31-90f1-d7ee251c0b62"	"718780c8-8481-4b25-a2db-e8ef99fde458"
"dcdcf043-acfa-4211-9dd7-f5a479f94cd6"	"9da238f4-b8d9-4b40-ba17-d212ef0e0be5"
"fea15246-df5f-4852-94a2-dad0f8c02b24"	"0d706a0d-3561-4bd3-a670-0bc5eb583a0f"
"b8c8fc83-2714-4f30-8ded-3b87578afc7c"	"b3db0d5c-2250-432c-b9a5-dfdbd5a11922"
"0aae72b6-ab93-4d4c-9fd8-264e3394d32c"	"a03c0f58-826d-42c2-88ae-0a31f7fcf5db"
"148c2206-6e98-47ac-9e8e-67b6b6ca59f9"	"13596806-5d80-48a3-bab2-cfb50cb86068"
"bfd40dba-8514-4e24-90d7-db0cc1953133"	"1b3790a1-c714-4492-8d5e-766b087f3fbf"
"17310bc0-66cf-4c23-8bcb-675cc94a97e9"	"48d66599-4f80-4283-8cc9-aeca84951a5e"
"e500af28-3eab-4fbf-9a16-d4af9fc82575"	"7c16e4d4-59f0-4558-82a3-316ac6ab7641"
"10315b29-0469-483b-9c3e-df2f8ebd863d"	"5a793ce0-5742-4c08-bfc2-b9784f709c01"
"9b30c8e8-2dbe-4321-8119-e76d9f83cd9f"	"f289cefc-b4ad-4c6c-9efc-558a28548f34"
"d0bdff9a-9c44-4162-baa5-1b4dc2f64433"	"e31cb345-aeb0-4008-8425-5b8a740a13f3"
"7fdff4b9-80c5-4687-98c3-9451524a82db"	"ce68096e-88bf-43f4-9573-452217afe2e1"
"d10a82a8-183a-41d8-b341-7359abfea678"	"a4f44d51-3b94-40e5-8a28-a24dd686575a"
"c6d46498-f570-4c93-90f3-ee581bd8d0ae"	"d0f69f81-a274-44c5-be3f-9a819ee686a4"
"d9ea95f5-4145-4880-aeb0-2dd01403a66c"	"eee80914-45d5-4703-8ae5-4df862dd8124"
"746778a9-35f3-45a2-89dd-3b6f509aae37"	"895b8932-8308-48d2-9713-6be732128b62"
"48ae470f-8d33-4947-b0c5-70eb8dc3d3f3"	"a7c1d439-fb62-457c-b81a-d9f0160195f9"
"10034cd8-4d1b-4cc9-b20a-618ef5a2ee9e"	"5a23136c-df1a-4a1b-b7b4-8e58023a1378"
"b12a01f6-6b40-46e2-945c-f662bb4e6e9f"	"7e191580-915d-496a-89f2-f3f5bd3a0496"
"774c62a3-9ae5-4366-be2c-80ee954f2ef5"	"9c98c013-a1e0-48f3-8059-5c3af1063b60"
"6f252789-6427-49aa-9c55-3c4800441451"	"110c2812-86ef-41d6-81a8-8b83ae660a78"
"27bb3e13-3586-45dc-8e89-bad57c3bb067"	"25364afe-653e-4975-af34-ad6a6ffaa599"
"95bdcc11-b733-4aa8-8b31-55fd79747e90"	"994c80de-b18e-4319-af47-fddb6fd6c28c"
"d5a49893-014a-4cd1-9b87-1af09c0d67ab"	"f045f586-4ed3-4c2d-88a0-426d438613f1"
"ceb808b4-44c8-4a81-b795-4631f6cc1409"	"900ba3ea-7838-410a-a3f0-feb07b2df698"
"3fb90f03-b21e-44d9-8bd7-8bed4c1cf63f"	"26437504-7932-4fd7-bd2b-b077550d05d9"
"19fa7511-ee38-4456-8d29-3c6e2456a91a"	"00468d59-3b04-4561-a0de-8b746c978175"
"e8d2c376-677a-4ab4-9f28-c79130b086a0"	"51e59e0e-c26a-4bdc-ad0f-5af2ff8ef185"
"b286817a-a003-4aca-ad47-eecf30e8c78c"	"1554fff3-19f6-45c9-84a0-3e8960a69a4d"
"403f7804-7a15-4c74-abeb-16585988ea98"	"e7ea3290-6f8a-4231-94a6-5a9da4861630"
"0287789c-f933-4651-bb3e-5ea722131507"	"9b654502-e936-4d6e-a0c5-a9c0ef6263d3"
"e9fe5055-6f74-484a-bb47-03d87f723cb9"	"30c31e04-d3fb-4195-8904-9668359df466"
"f702b066-733c-43b0-a4fb-afbe80082488"	"c53cad9c-19a1-4a58-92f4-e3b86ce2dd8d"
"b3ca5a65-13e9-4ba1-b2db-12a90c21a32f"	"827dc55e-0342-417b-a484-cf938cb39b98"
"dadae08e-3c06-40cc-b00c-ba266427ee8f"	"b716e0a6-627e-4e68-b963-d68fcaf16922"
"010ca469-7c1c-4a7e-98ea-f7d8ab3631b1"	"230503ce-38fd-4ff5-8451-9e926bf63009"
"f7c4ad18-1054-4d9c-9d46-0d35544fb61a"	"db837d8e-fe10-4e70-b105-efc7a6e9433d"
"bd284021-5281-4b05-b6f9-db8abeaa9180"	"d7d7fa01-a6a0-4263-b383-c3deeb82e612"
"aa411976-47a2-476d-8a73-dd1337be9927"	"8c8f9eed-472f-470d-ae41-219d1dcde794"
"a9c9ae49-f302-415a-8745-bd44fa54b532"	"d574d581-9f8a-4ec2-8dc5-42378651dfd7"
"02fb28ef-952c-40ee-8aa5-adc3245eaf5c"	"955c6799-8e33-4156-a528-9fe1e8f9919d"
"f00af576-5ea2-48f8-9de7-fac70a40408e"	"ae914a04-2642-482d-98ef-746468e58855"
"b9c72909-011c-489e-b9e2-3d5550898f37"	"1a9b3bb3-bac3-4b4d-9650-ab5fe4fe5ac3"
"42c0232e-a788-4b68-999f-5f2bae9b2968"	"f70c854d-c5a6-4432-9533-b3653aeffeb0"
"5cbe3802-9158-46c7-93cb-bac6d10b840b"	"c58ff69b-0334-465d-9258-d861557e18ff"
"cbfecc43-1a3b-42f2-a9ae-c035536926fa"	"8f97de17-3437-4e3d-847b-8a0e4c0ea5e1"
"b928f019-8cc7-4789-83a2-b6239a0e2c03"	"4811b40a-b6b3-4a53-8bb4-4eb72d2d60d2"
"02447489-6c27-4b8a-ad3f-2e6c92a1d007"	"bd0bfd34-95e3-445a-a299-944d7ca9ac79"
"4ade08ad-1ea3-42df-9071-e66adf6b52ed"	"a93ad8fb-5fdb-49bc-9311-cf4e742359a6"
"cf576c60-74ac-46db-9303-67a5158b69e9"	"72f2fc4e-1572-4b86-a00d-bca19cebf2c0"
"73c34e46-f7c8-4080-ae88-1e2dfba9b389"	"a39ba54a-6db6-4d4f-a8c2-89a9a4eefb1a"
"d6eeed44-2bcb-4793-8468-d31d89b54638"	"882d50fa-3e98-4127-803f-7d75604a6bdf"
"9aa68882-0a54-4e59-9eee-ffd19ff1be7b"	"ad82932c-26a2-41c6-9f08-8cee981d2924"
"0fe14bba-78c2-4be0-9ea1-20bb945669f2"	"c65dd77b-4bc7-4be3-b82a-f0a57fdc7cfd"
"ef3a9f9d-2c42-4c84-9bac-6f546ea4f1f5"	"a0ab70e3-7df6-4f67-abfb-e674ff2889f6"
"fab15789-f0f5-4246-859e-f896a8caacaa"	"56964bf7-b759-484d-9d2e-2003f50c6b65"
"660c83ac-224b-40ab-a69a-74ef61192224"	"b2b7bca5-6f31-4e34-a0a0-49c60da36efb"
"4efb54a8-9a89-44b5-a1af-8cf6f1040863"	"8326ae33-2075-473b-a166-6b999a20bd2e"
"5e31b6b2-0f1e-46cc-ad9d-aedd11a74cb9"	"c2e4427e-ce8c-452d-a500-e6e379a7efd7"
"4dcf74ed-fb95-4141-b864-4762045fb41d"	"276e9f64-65e4-49be-a18c-60919eb244df"
"13ee0c26-49db-426b-8f10-a69c719c1e8c"	"1c71b98c-5c8f-4f23-9b35-745455baad71"
"dbae2ba4-d802-46b7-b565-3a7b404b61c5"	"9618d815-df26-48b0-966c-d65e3f07798c"
"e0d002c9-b152-4e6f-9b22-7dd5024015d1"	"0d9a9c67-d4ad-4017-9674-2938f3b961c2"
"9ce7cce1-d220-4f39-83a4-5ae157173ca7"	"5840e0e3-af63-4a21-9ec2-d5aee959b78d"
"ebb0ebb1-057d-4846-8423-8bae672de9d2"	"c1ce8be4-5d3f-42d7-920b-df5c0eed826e"
"a0b39ed6-e7f3-4c7a-9e5a-2cf34aa71a33"	"e6d9e6d7-2d16-4d2f-bfd8-0b27d4fdc1e9"
"48949a46-e268-4a56-a772-467893f96938"	"2693748b-8223-46f9-ae08-c18cb1295dee"
"b4e863aa-a10f-427d-a2ac-f1fbed9ea2e4"	"948c0647-859b-483e-8622-b8d2615f59ff"
"ba97a831-8ce5-48a8-9ffe-24e38b9c8dc4"	"f5919a18-3812-42e2-bf22-9ef806321602"
"0b687cf0-2eaf-4e4d-8d64-b5a280cd665b"	"fe9295f3-4981-4c19-8131-80f75e2b4025"
"7aa98a39-cf4c-4378-9e77-09a2b16e7d30"	"c2135c55-26e4-47c6-a70a-221c2303664c"
"88a756a9-4d66-4388-8960-7be56c049036"	"e647f3e1-cab9-4d6b-a014-be3c4bf6f91b"
"06c5787b-a26c-4b53-903a-033004f86550"	"24ff9c2b-8142-4b90-917a-c335651b76c8"
"f950cc4a-be52-43eb-bcc4-9d0f5ec657d8"	"13b926f3-1011-492b-806b-d3983b4b155f"
"a0c1854d-580b-4126-aa39-536efec188c9"	"ab6f5b7e-1b51-44c9-b31d-694d9a66e855"
"c0d50be2-3c15-41ed-b405-7487ecb5705a"	"37b78c49-1887-4fa9-bf48-90356a129787"
"c8b07854-1e57-42a1-97e1-09e0f5436bd5"	"4c7049f8-cf05-42fc-a665-44bb6f807436"
"97947fb0-a9a1-40f0-8135-42c31819c8f9"	"994af7fb-21e8-4ea0-b81e-134d92649500"
"73b88763-f48c-45e6-93b9-80f33406ff9a"	"8d1a9c8a-a6b6-4f12-a54c-7b4937363bc4"
"ef5bb6a3-9406-4f0d-8a8f-4c0a172e09e7"	"98954c2d-94e8-4a6f-bb21-92029efb1123"
"ddfd3aa4-448a-40b9-88ff-8b3a1ae24af3"	"249f8a62-5093-411c-8381-be437a258f52"
"bb812abf-22a6-48a2-8d34-f93690422361"	"59d3a3c0-5b7c-42e2-b0ae-0bb712c35430"
"7e9baacd-67e2-4952-8100-ff4f634e4dc9"	"ea9b1ee5-e471-43f9-83bf-c3729dc18333"
"38c5025f-193f-4e2d-af35-46d629b12021"	"ecfafa1a-7eec-49f5-883a-f8b783d0a5c9"
"d57bd62e-7cd6-4669-a3a0-0caaf54693e2"	"693e44dc-86e6-4ebe-96b8-b4868b51e1e8"
"e6aa1e6a-d995-4364-95eb-a36966176fce"	"b1b78e54-9c78-4eff-863c-caa3ae4367e2"
"793ce0e3-1648-48cf-8d11-391c9ca58b45"	"a0f401a8-fddb-40c8-84c7-ced504819eee"
"aa58127b-f584-4d01-a785-cab9efeadfd3"	"fde783b5-9c6b-4c5f-8b42-330fdfb71df4"
"f6a93099-e0b0-49d1-9eeb-8bfdb48067d7"	"dffe4d33-3105-4a4d-b577-e041df50f6d2"
"a08cf2ff-4825-47e7-b8ad-e373d0b51596"	"9b090fe5-f723-48b8-8946-d97bbcf041dd"
"c1be4845-5a00-4e46-89d5-b554ab06615e"	"04629cab-0c47-4105-82d5-4d635a2b28ea"
"5285dcf3-0ccb-4040-8813-9373d134a7ba"	"be922c7e-9c95-495e-bed7-078be6aeea6e"
"c424094a-40d2-4fb4-ae49-b559a2b11f9a"	"c251b212-4fd8-4279-a9e4-329704efd7a9"
"6b38f8ca-2e4f-43dc-b86a-0c2956b1babc"	"3d9c22b4-d7f5-43e5-a698-89807fc79df6"
"0e3ebf3a-c9f7-4653-86a7-0acf89b84aaf"	"9434eb75-41fa-445e-9393-c69dd443531c"
"71c72305-b98d-4b85-ae71-2e1906bf202c"	"1d43998c-9927-4754-80e1-9c93f704226a"
"f13b9479-c1fd-4ac2-b84d-136b8203c623"	"bf5365b9-178a-4a92-bc9a-bc25ade8df91"
"c0c4418c-ea3f-447b-a42a-89d0561c00d0"	"bd13f334-bb5a-43fd-a1ff-7a08c74c8b9b"
"2661c8aa-3561-4bef-982f-d5c09afc4c3f"	"ac4d1201-1662-459d-8a87-90d50956f9d1"
"5c77168d-1bf8-492c-8649-13c232433f6f"	"29e436ae-e180-44d2-8658-09d89978e8d4"
"612b48fa-ea7e-4e51-83a6-f17b5d7a364c"	"36713703-9d7b-4216-a29e-def78f5a8601"
"4686f2ec-2dca-42fd-b0b1-bf791b70731a"	"18e94a7e-91a5-4ea3-b3f0-7d7dd3446677"
"9b1d276e-9ec1-42f6-be49-7bc3893402cf"	"a2e5276a-5120-498e-acf0-c0f12ee1c654"
"cc000a80-38f7-48ae-8f41-9e915efeb720"	"91c0fb9d-da94-436d-8a7d-e77f857db085"
"5d3dbf6b-454d-4e4e-a714-b8af15ecd4a6"	"03eb259d-6bcd-4d78-a9e3-10325abe4e90"
"f08032e2-7114-4ab0-81cb-7e0103085079"	"fcf2c360-77aa-4023-a4d4-2b29378b9e75"
"fd510067-23ea-400f-b4be-24b063f4980a"	"61ea621f-2868-40f9-a5a8-f66a0819a47a"
"0eca691c-6aad-4df3-8b13-b0053fcf4776"	"8f8ab6ed-f7e4-41d1-9142-a3f301572e08"
"79623523-b326-46ad-9645-6420c03ef181"	"47bfba7f-e854-44e8-a202-086505bd5e2f"
"48204efc-ad6b-443c-ab0d-e417d97f3dc0"	"25aec9e1-0922-498e-aefb-c9f8305637a8"
"1352acc9-8cec-4e77-ab54-d53b1bbfec15"	"33d52a05-58cf-4aea-91b1-e54b690902f5"
"82e23ed7-3088-42dc-b48e-c8af9da7648a"	"bbcbad59-c683-45b0-8e50-03d5192e22f1"
"10b7c8cf-63a5-4ba5-872d-de5348a6bf0a"	"748db20e-146c-47b1-9571-87e0cf6d612e"
"d3a3da50-dad8-43e6-8c24-8517122c09dd"	"ee87e2e4-f8d9-4de4-bcfc-01c6745c8c2b"
"81fa9bbc-aadb-483b-8a70-c291167d1858"	"bac17082-f9b7-462c-9722-a6b28c6833e7"
"cbf0fb1f-5969-4562-905b-d9934914996a"	"48f6e03f-3322-4ef4-8cb8-c23d77fcbee7"
"8db83b82-231a-487f-9cd4-018622c46e54"	"918bfb9f-07aa-467b-9aac-41c4b5233524"
"77e88170-738b-402b-9030-3b301bf561f9"	"9179b27a-bff5-4f27-a838-8a1ca1600296"
"5e18c357-089c-49c6-9714-3d664e0ad385"	"be5fefd6-69c3-4f60-a756-865e74f4a209"
"e468a9e1-e319-4a2b-9e01-66299c002214"	"378120b3-bdd0-45bc-ae29-4e32aadca47a"
"b4eee479-12d5-4d2d-a992-8434899837ba"	"a6b5f96e-90c5-460f-9993-9c5080de59d7"
"a0bf2cc2-a3b8-4167-8e1d-1053ccd951b7"	"1f726fb8-bdb9-4e09-a249-beb4fe6bd09c"
"c56a6151-8081-4206-ba9f-a632c84d1db1"	"371e5337-7ed7-4f87-8c92-de60c8d04ac6"
"6c3d2976-0d61-47e5-bcba-f7532a6717a2"	"268aa321-3f05-4dd2-8a2d-31f28fe2a74d"
"87ae04c2-40a9-4e25-8d69-c52e4262c977"	"782b300a-c4d6-486c-84ea-e7c5d036fbb7"
"cdf902b4-b27b-476d-af33-9c7b6e554360"	"80c701ab-9cc2-4d1d-a84a-cc580818bdc4"
"e09463e9-19e4-47b6-9cb9-42db04722396"	"bdf70b92-e34a-443d-9fc9-4d9cbb8ac444"
"2010d55f-5719-459b-b937-2e4a1cea9b55"	"24b9605f-dd67-47df-9828-6847ae4179a9"
"7c8e55c0-a044-44a7-afd0-08b5030710ed"	"40d27d62-af74-48fa-9d53-5db8d7c29964"
"d92b7170-7403-46c7-8495-2bfa535f756c"	"56e6c700-e738-4fcf-8a87-13097a9928f1"
"6ddf2aeb-24f4-49b7-a0fd-03c3d39f040f"	"ae2e13a3-53d9-4dcb-aede-661ddb617c0c"
"cee63e8c-94c4-4d23-beed-bfd2b2800055"	"e3c7fd9d-4ca0-4dcb-a6f4-68a8b6701104"
"d6dbe596-f166-4e1e-9d9c-4b5ab9f1a5f5"	"d2d3b5df-d674-4c66-9127-90c1f64bd8ec"
"8b73d7b2-5cb4-48af-8f6b-ce7491ccc758"	"b71bfe56-57f2-4efa-a81d-08347e33cedf"
"f3b6311c-cd90-4da6-b415-38b0878af70c"	"cba2e0e0-0c9c-499e-8f03-cf8a87e859af"
"f18b35b4-7deb-432e-b5c4-ceb429a68eec"	"50b05c2a-6399-4a91-b023-cd2f37f22a4a"
"234afddc-4a47-4064-bba7-c97177cd8a30"	"4f30e980-cdfb-4562-a827-a25baba3d776"
"3e602ac9-880c-438d-8584-6953fe49b990"	"2a4be8c7-6759-443f-96d0-fbc74685f6e5"
"eec764e0-eab3-4f6a-962e-88bab99ea1b3"	"f88afb8e-f2ae-47e1-b26a-8b03c8e58bbc"
"df675a65-a781-4cba-af3c-ef1dbafd1053"	"b9098727-6ac3-417a-bbcb-88e005261852"
"f9f86be0-da31-4247-a94c-e148cd64c719"	"3d2c483f-2b20-4086-8336-5616a9f1c40a"
"75b99f06-a6a7-4245-88ae-63de03946233"	"89013c35-93ca-4cfe-871c-fceeab21b0de"
"f2bd8123-a789-47c6-a63e-1ab7fc62e330"	"a39ad25b-a8cb-4cf9-a36c-e500c1d9722e"
"d58ea7db-99ef-448c-bced-91814c2d6e8b"	"2050f18f-0a75-4062-9c54-6af41dd04403"
"e01b58c6-7e0d-400b-ac8b-f7dc32a63208"	"166b27ae-f586-426d-895a-bca273a1ddc0"
"27d133e9-aa10-41da-aded-0eb6bfbb525b"	"1cc7e0fe-9600-4380-a09f-439cbcbc0f58"
"91cc1778-0d50-485e-8f10-e952c8a7406d"	"c8cadf2d-d71c-4fdc-b604-96bf3262aab2"
"935ba8f4-4222-41a9-ab56-1f52fe6881c3"	"6184f4f1-de81-494e-bc42-1139eda7d2f3"
"ca9ec4d6-6f6a-4596-9b5a-338845e6710f"	"73ced822-2179-4da8-b833-9d1f2004e4f9"
"10b2cd21-7010-411e-8b6e-306d6f45701b"	"b6c25b78-218c-47dd-91f5-13798978e3b3"
"dfed1521-8da3-4d3c-ae36-65d5316939c4"	"70c6c296-1ee3-4a38-aef6-a12f601ee590"
"2deb7109-3578-4bf7-872e-2ee1599cca84"	"65802c3d-3cb1-44d9-91e7-a48d05356f8e"
"fab235a4-1dfd-48f3-bafc-675de596b6c5"	"7879e702-4a94-472c-83e5-dedf69669f7f"
"6c9dafa6-219e-48eb-b5d6-7c67de7faec8"	"561eafb2-2f0d-47aa-bace-c31c3d51ec3f"
"df974525-e93d-4cea-8450-3e9da83978b1"	"ce415599-8d89-47d8-84e0-d3af22c76203"
"87defded-47b7-40e2-a9e7-28dfaf2b7041"	"88d82b45-78fc-4dc9-baed-fd1bd6982b67"
"efc0a7b4-bd02-41d4-81a5-8710e2fdc3db"	"a46341e5-5562-487d-9083-87b44796333e"
"00d8eb01-24b5-4663-b66b-0ffdaefbbaf8"	"14b9ae2e-20b7-4115-9d7c-56676beeeafa"
"0912717b-b46a-47ec-b327-635d338083b1"	"7b9ce218-f204-48b7-aafb-9a638efc5f5c"
"1f1131b6-a844-4584-b964-cee07e977380"	"83477a88-459a-4415-a289-d8feb8b5896e"
"1f99e580-c839-4ae1-aa6f-a4fcd529fcbc"	"c9f0fac5-21bd-4149-9760-367a8bb8701e"
"dbec1b2b-058d-4a52-a0e5-764e4ac291ac"	"35d3b1f7-f1f6-40ad-a3be-01198283153d"
"9e5bbfdd-56ac-40ba-b03d-a7151ae2fe2b"	"14fed927-b074-43c9-823a-7a01f9a9eb2c"
"39741faa-599e-41f3-9ea8-3f51c5ec5cac"	"85fc6a00-7e37-43d5-ade2-390742343a54"
"763f3bd0-43d2-4a55-9df2-72dfc50e4a3a"	"b3ac1e21-4b10-46fd-ab70-9d22b41a04c4"
"596b1f68-4a12-4e26-9b77-d8c0b54e0a16"	"d30fcae2-b178-410d-a1ca-87b2d159b3b5"
"b4a114c1-e3af-45d8-8129-d59832b6a5e1"	"7c696dac-8092-40a3-94f1-0b300bc40203"
"ebd37d67-e3a6-4c04-b7bc-551c93e657b9"	"037987b2-29f0-4902-83e1-31325e5a9da7"
"79b94076-74a6-4e4a-b526-3ebabd1c742e"	"f6fb1118-c1fd-445a-8f4b-9f9008833a16"
"9b0f62ce-882d-4e95-9793-dd78840600b0"	"7d139f05-8126-4d20-b70f-9d6f2c13a36b"
"5e703085-b766-4d69-af4c-dc7a781fd172"	"ec6f3a7f-4bf1-49e9-9842-2bcd78fd6360"
"e3cb7ac5-10e5-4d26-862b-93e3cfbe8642"	"565c7918-1a2c-44fe-8c18-42e7dd3c68fc"
"aad7c933-d76b-4008-8378-8213435acc91"	"e11731c3-872e-44e3-bcfb-cfc6a5b5c2d7"
"a7cea54e-06cc-4c10-b3bb-e3e8a3c8cf0a"	"b67556f9-92b6-445d-a747-36ef42dfeca1"
"c4495f3a-612b-40e6-bd38-0689437143e6"	"e5c1e085-3dbe-477d-8ce5-c315109a1d9e"
"22bbfdea-a23f-451e-a356-476fe93d437f"	"df55f95f-dbae-46a4-b43a-3c2b29b65e66"
"4f18e8f4-a85d-485e-ad3b-b492ff8b13ab"	"55e398e2-4c09-4316-9aff-c646dbc80f45"
"458530a5-3d1f-420c-81f5-b263f50d4976"	"8f5729ca-7f7a-4ea5-85a8-e29dd39420a1"
"3f4ce002-554f-4830-b422-4a2e176e9331"	"053bca1e-dba6-4bbd-a113-138a370f286f"
"8cc12a4c-3196-4ced-a88c-a5d394487d7e"	"ebe76ccd-2ac1-45a1-a11e-b6486d2a4037"
"77a5a09c-4008-44aa-bb2f-cec73d9dbb55"	"dbcda1cc-bfcf-4bc8-952e-081cf8a0e8b4"
"e9ff53ca-1435-49fc-a4ea-5137d359ba8b"	"563d0bbd-2fe4-47a4-aacc-0e80152b8448"
"7ccf66b3-d196-4a03-8db8-17a9c252f30f"	"06b152cb-1611-4d81-ac2d-3c4af43dfb55"
"5f14d036-bc6b-44b3-93a8-bfeef1433ffd"	"75f51efc-2eed-4c74-94de-d3ef1587b1eb"
"74327f46-539b-4971-b437-4735067e3794"	"b5fe040b-22c1-4ce9-849a-046ad2712835"
"3b9a9217-3320-41e3-8d1f-d1a03baced77"	"888a8f4f-b804-4ec7-8989-e6a2a1705b3c"
"745377eb-bc66-4010-9376-acb9fd4de659"	"10404bbc-a902-4cff-9115-a1efaba888b1"
"4d4737a3-62de-4c5e-970b-3f844b306e99"	"b2453a7f-868d-4904-a6cf-3d543b3c7a28"
"9f9c095f-0c50-4de8-810e-fcf4cc50f8ef"	"4f64982f-6f16-4cc7-93db-729ae56079d6"
"17e3cd53-bcbb-488a-aaa8-4bef58962a4e"	"2de1f518-aaa4-4244-b1ba-a4a5b6f7437b"
"69f907e3-eb08-476c-b71e-ef389390f9ad"	"64ac7d15-726d-4040-b352-5ba7645bc41b"
"5f27551f-c9bf-4ef9-99a6-2938b0c07b00"	"4b776205-d272-4314-bd5b-c07ef6789a4b"
"a46b790b-e590-4bad-987d-ee29ef7dab2d"	"25306670-3d7e-4acf-aa6e-1fa3aa36f366"
"40e76dc8-421f-4df3-96ac-2ff63e0f166b"	"6bde0594-d103-4ee9-88c7-f95f924a2361"
"69e05f92-5998-4f95-b011-75891645a97e"	"795ebca3-4543-49e5-9eef-8eef816f5f67"
"085f4b13-d8a5-479e-b4fc-a4c8deb1ae43"	"1cafe0c5-e3d7-4524-9471-61b32c2dc801"
"43daf7dd-443f-4a57-a39c-a79a4f773099"	"af422514-d2d8-4932-90e5-6bc033f40f62"
"5c19e787-2b22-4500-a7e9-6bd8f69dca16"	"9fb3f39f-e6a3-4c8f-9bff-4ca2b4a57886"
"d879edfa-fe84-47bb-9797-81a9d94089e7"	"4e12ee05-96ae-4fa9-8079-abdee399d1c9"
"a92e4bc1-ddd1-44b7-b1b5-d6bd9bd9cd72"	"d58b8437-60b9-484d-be44-d9d5e7fd7d5d"
"1a84db4a-4489-47dc-9a01-a2c8af094ce9"	"5ef24e05-d283-4947-81c1-3a2f17df74ae"
"dbecf606-53f0-4cdf-bd5c-4f96a3828d9c"	"16685a56-304b-4984-a8d5-f2d29b75e5a3"
"019e75d2-0f76-4419-85ab-391366fd7eb5"	"509aad12-f378-4185-86af-903e25177e49"
"7b1d834b-ce3f-4420-b82b-3a873e58ad02"	"38902325-4ca4-4c31-ab09-32276de37792"
"4b7e0e96-efd0-4def-bbad-4dfc0e2d239c"	"9c91ac2d-297d-4574-9789-ec46fda04d89"
"095ed725-0adc-4e2c-9a87-86a859ff0b26"	"0337b8d6-31aa-4cb8-8463-ee720963065b"
"84bf8c41-f513-41b6-a2c6-ee644360c022"	"25e8050f-b12a-4fd0-ab35-89ba9a0b63fb"
"d8ea1b3f-e343-482e-94d2-deffa30dc38d"	"b0924dda-d544-423b-b479-184b9335f207"
"60f6ec53-83f6-4f53-bf91-fffe45658c09"	"9ba0a4c9-2d2b-4392-af2b-3582d5614359"
"a9b61b4e-fc23-49ab-a217-0f5ed0c85ff7"	"d188be83-2a12-47f6-848e-51153286c59d"
"9a4532ce-2a87-4d66-b284-3538ce2c9523"	"432f5957-86e4-46fc-a650-415a050e4c6d"
"d01178d7-e08e-44bd-af22-15cc6e4bdafb"	"47955fdd-aa80-4978-a69f-d66b36669c07"
"bd45e0c2-7aa6-486e-8cde-fc2d2d5c74ac"	"0f1055bf-51b0-4e72-9422-af592880a811"
"cf1203d9-225b-42be-bdd4-02687f345c20"	"8ae8a0eb-08d9-418c-8180-6093b7ff09b8"
"d32fcfd2-8919-4044-a3de-9962ae4cfb18"	"f02085a0-ad04-49c0-8fed-e7b68d7f0243"
"43936403-698e-4366-a159-4b6e2937df59"	"e1c981ac-4c4b-471c-a7c5-4691b569d810"
"9c749541-3be0-429b-9eb8-72dec7c073b8"	"bd73e8b0-c1ec-4500-b178-fa34c5b2ef9e"
"2346750e-8f7f-4d68-9395-1ff65c2a9ca4"	"d70632dd-0fbf-4ffa-9697-2aca8a717717"
"7b8af784-6bc8-43c9-973c-0d6686ed0efb"	"87933203-8880-42e7-a5eb-66da95d40b7d"
"ba950dff-8305-47f8-be9c-59d5df33a209"	"c765529d-c5b0-4e1b-a82c-08db55730954"
"05cbdd85-3810-4897-988c-7a9f72e9dd01"	"0dc4ae07-f467-408d-9dd5-4576dd2c2668"
"44479d05-d363-442c-a9c6-de9f5a3d88b9"	"24288523-31d1-4978-9e07-6099f6b86ad3"
"63a82b8a-3b2d-4d6a-95a2-a22f039162ad"	"1f72561d-1a27-4a93-97d2-b876583bee88"
"5e2b2ae2-661a-4990-b8d1-e28ed7e027ea"	"8407855b-868c-4042-a4f5-5c0111349d33"
"6559380d-be1a-4bc8-af57-0b53ff073909"	"3a7bc0ea-15df-4295-9529-08906c81ec45"
"b81ce5a6-2e43-4b4d-b97c-2baf15b47d82"	"452fb67c-328f-4b39-aa35-51631721c7ec"
"28487aca-0a48-427c-9259-aa8c60d8d0be"	"57904c1b-7e2f-4d6b-b1cc-1e65f4df1650"
"1dd17c3f-bea5-48bb-a772-94c5e3cc6af6"	"a3de29a9-0f8a-4262-a04c-500d9d0a1c54"
"ffa36a86-2ba9-4739-b0e9-12ee995612d8"	"1e015c0b-a1ad-49cf-a86a-bf8580b61986"
"4b40bc3c-8d4e-4ffd-9602-563f72828c3c"	"e33efbb4-b763-4847-a025-9d79c7835f04"
"6862e4c2-d3a2-446a-89e3-973dc1d6df85"	"70c563c7-b3ad-49e2-9380-20bdc7fa1089"
"d8ddc91c-f76f-44e6-8723-5884c701584d"	"a78b592d-0a98-4a05-af9d-f16064f9fa49"
"f808cb07-708d-4723-9689-f1bedc830f7d"	"1da30f56-3fa7-4efa-8bb6-37a001f05210"
"3e3964b4-ef55-46b5-a4ca-8b844f5b8846"	"f66bab30-8a04-486f-948c-24acd8cdb5c9"
"5d3a7947-bb33-4d1e-8778-9e28e47c596f"	"2ba29b88-73fa-43e6-a9c8-a167cc07d68f"
"935c976c-8a88-4989-ab6f-523a05c92679"	"d093f0a0-d768-4ef7-b4a3-fb74011dc216"
"71e24585-868f-4472-a857-27d5c3144cbb"	"416c8a8c-e098-4bf7-96e2-a329817aff21"
"d35714ce-39b7-4955-aba6-f6af62cc891a"	"ec9ab80e-e1b2-4d00-b19d-e8a7a8860432"
"6ea1f90e-5435-45e9-93e9-3ab99a67da6c"	"c39486f8-a28f-4e55-9cf1-1c8655574a80"
"ccbeec23-9362-46a4-9b46-be848c46c974"	"d6d40f18-e7c2-40ec-bc2b-62e91385955c"
"45549c6d-fccb-4154-94be-22f2d1cf8b82"	"a9b908c9-afa1-4375-bdaf-100610a871e7"
"933efab4-1517-40a4-87fe-9e6bfb981937"	"821cce30-3b14-4016-8b5e-0956df090b2a"
"5f52ade0-8648-4895-9f84-62d50b6c9c42"	"79ff4aec-7a83-44e4-bf38-d7ee28eb0a30"
"a06ba9b3-08c4-4094-8d5c-e18b3f66bbfb"	"373a5ee5-0565-4924-8e0d-f4ea88009596"
"1aa63216-771a-48c8-9b42-833e000e7234"	"53049c95-98bd-4721-ba84-e190015b4ed3"
"1f32d66b-d723-4d5a-8a08-ffb8c19591e3"	"bf3e115b-1c8d-4b2a-ba7f-8385c31710d6"
"7d8aa265-fc56-482b-9a37-ab4c31f986e8"	"fbab4b19-fd4c-43b3-a8f0-80b1add0f389"
"faaa0886-7fbd-4d63-8ec9-9e4d8ae10d03"	"d0f16bd9-0cf2-4270-ab7e-719838f652f7"
"b3e8bc30-dab6-4d41-8b17-50a018a99b27"	"8a86774f-8662-4ab4-ac9a-36f2c4653d36"
"11cd6a16-7e34-4113-9e26-63124cef34c5"	"c34a3c47-04db-4828-aba0-9c3277f65ba5"
"2aca8d63-cf15-4f28-bcf8-5941dc5a4aeb"	"403f2eb7-2823-4bd4-8151-e1e37bab044b"
"69bf077d-91f0-430d-8c99-52d1568e35a5"	"ff65c865-1b71-41a2-980f-1d2f6bd12f10"
"ff6913d8-18a1-4230-b35e-3994c6cbf782"	"6ab9b60d-17b6-42df-a693-b46c3937c709"
"f95fed70-26fe-475c-a7cb-693dd4c7a457"	"cad598bd-ef53-4dd3-996e-262825e55eb1"
"4fda52be-915d-4c29-9144-39ff396da7ca"	"bb39dacb-7cd3-49bc-9c0d-4d153409cde7"
"c8f88307-95bb-4abf-a40f-358d82920ec2"	"fc72f28b-8790-485a-b3d1-3e7dbad04ea4"
"66c73eeb-816a-48ae-9f76-2835d3d78e54"	"4cf43dea-9166-4c42-8ef9-c1d6edf58bb1"
"9eb70682-8ef4-426e-8f18-e4a66eb656ff"	"0e0eb470-ad0b-4059-83ed-2b470a64f175"
"aeeec073-c963-4c49-a40a-a9b0f4e24585"	"44d54f1a-4663-4c08-8b25-9fb49f531053"
"7cbf5dc3-c12e-4b3c-b951-248285982876"	"9adc89a4-3276-4114-8964-b59c40b249cc"
"b8c7f8e0-13b0-4580-ba14-0d79b1a06f87"	"75fd1a09-8f2a-4bde-a392-6003ae8abf6f"
"144356f9-1ee1-460c-bf38-37ed0704a26c"	"b3c1ebc4-4a62-46cf-ad00-c85f7f36e6c1"
"57048761-d7ef-4aef-9355-0a0aa94e3579"	"21de604c-3e1a-49c6-b0fb-9430ee55a917"
"49e7fdec-b758-45ee-9052-414d30a33098"	"45be7925-24a1-47a9-9ee9-6d8179f2b976"
"a4087807-7e76-496c-8844-435c05f8579e"	"3d6df730-a870-44a9-bce7-a6b1419ac5ce"
"d7d4f44d-c954-4801-bf8a-7543cfd04276"	"73fc99e8-4468-4f2a-a932-0229e9d8690e"
"e160346d-c32a-40e5-87a4-3791ff623349"	"9199bb6d-6836-4716-9a4d-dc529f4aa83d"
"80e30a1c-30d5-41ae-92df-a81727eadae1"	"29532de5-f269-4a6c-bae8-efc48b020360"
"7b2f12ae-f401-4cbd-9737-d68e6be8615c"	"a8037948-3234-4a10-88fa-a3e70fe949ad"
"d5c13bcd-79fa-450b-8c34-9eaa4e395d4e"	"3fba265a-f09b-4239-9898-3c7fe0730795"
"378aded3-05c7-4ebe-bb98-ac2ae9d2a9eb"	"1b672fe1-a5ac-450e-83cd-67469c7d5697"
"a8618fd7-0d54-4b15-bdfc-d13de311e124"	"5d28200e-cf9d-41df-a2ed-d43abb707dea"
"f9a645a7-2e7a-42ec-8a92-d2a1c45b9e92"	"1deb475e-22ec-4d49-aad9-20d19b2af9c5"
"1ee557bb-2958-463b-b0bd-b1cfd1c6e4b1"	"91cc63bb-5dd8-4944-abb5-a6abc32c8181"
"c1a276d8-f362-4c5e-8ad3-42f921dfe494"	"9eebb498-8e66-4890-bdf8-0613087e7ecc"
"6d862da3-b0e1-4523-a163-3bfdbf303a60"	"be07812f-9fa8-4cf1-b612-f41712e55069"
"87ad1f48-04de-43cd-b928-1a011db68e94"	"b99983dc-2b39-4ea8-a6ee-944757243d7c"
"b96f21e0-c9b7-4954-880f-482864ac8363"	"a2c551d6-88ee-48c2-b94c-f787fb0c7d84"
"eedfcad7-07b5-4ed3-9984-e52b330871ea"	"c508f767-0b12-478d-8f0b-07a5d0120826"
"cd31a434-f50f-4b0d-b022-3519874f4490"	"35608a80-cfcc-40e1-b33c-6f7939eeb4b7"
"ced52e28-4066-4be3-92cb-521cbe751413"	"bb7e73c5-f56a-468e-adac-a923a0ea03e8"
"ab9ac776-20c9-4a9e-8668-7ba7d1693528"	"671ce228-b142-457d-92bd-f9614bc91e80"
"dff4bf19-2ac4-4bff-be72-7b640f89d180"	"c17a247d-2340-40ad-a4cd-d43d0b33acb2"
"777b62fa-cecd-4bd9-aff0-94b788189fca"	"3a015852-b328-4869-a2c1-25b126b6a7fa"
"712f6455-a557-4193-8844-9305b3026fc9"	"807ad699-88a0-4648-9e35-da35181e4ba1"
"efe91301-82e3-475f-a1fc-c2ccd275acfb"	"0d66abac-cd77-49ca-a14e-5d0a405b4c14"
"5362a1c9-5cc4-4202-a9cf-6783904e6b23"	"400ccd8b-3f2f-42cb-b929-415205a58f71"
"b118e99c-5829-4744-8c46-c744b712b2b6"	"b0c9d4ce-1554-48ff-8a0c-47902080971c"
"99d369fe-ea11-4a49-abb5-7ca3bfe2ae7d"	"16c20537-dba4-4f19-838a-c90781fc635c"
"64417803-a114-4549-adc7-ad1cf40aa4f6"	"c392d082-8a3e-452c-b0de-b7c4b2641c1a"
"20e71721-208e-4656-b995-d0c43fd413f7"	"9182a7db-8047-4003-b4e0-79c7491a9942"
"563f2259-1653-408b-9132-15d85ae387dc"	"684568e5-6cfe-412b-bc90-85a39ad4a28a"
"5dab8464-a7fc-4325-90cb-02eca1dcb6fd"	"a02c6cc1-93f5-49b6-b1eb-d250b180ffab"
"9bfa9e4c-2a26-4013-93fe-46375266a32b"	"789d328a-7858-4e5b-8aa2-537603fff6f7"
"3f6a8427-8f9d-4af0-9696-7aecd6b5e292"	"88cb3082-1f32-4034-a9eb-207f1280b872"
"55c55c08-a383-422b-b4a0-34d17a6da283"	"9cfe7bbf-aca0-46de-a79b-5212999de83c"
"95cab6c4-56be-4fdf-b2ea-d5fb6ec5825b"	"ce658baa-0a41-423e-b60b-b39505e5df3c"
"7b6e9fae-d7ca-44c6-a2ad-7f2d405bfc90"	"c614b57b-bd3c-4512-bf05-303fd191b26b"
"c8a8ba23-13ad-4990-834f-f8a09532ad9b"	"c64aad2a-d997-443b-bb6e-f649d4303482"
"df7e4f0e-98c8-4632-8abd-166bbf7ecc92"	"a22b9831-a88e-4ae7-9ccf-ce922eae3ae1"
"3a48184b-0f45-4640-b45a-49c4d40b20a2"	"a91248e9-f4b3-44d1-942f-430ec3ca7b54"
"a1853f1f-1d2e-408e-908e-11ee2c758e47"	"52f1ab1e-ab78-4d1c-a686-4e4653d65ecb"
"15beef02-7c83-49ae-9505-3610bba084d5"	"239a1a9f-b8ab-41a7-9b15-ee1f03a6cba8"
"da864b2a-4236-40a0-8073-eafdf92bb45d"	"2c2ad8a5-d036-486d-a5e2-fc443f67d1a3"
"2711bd23-a6dd-41c0-876a-e85652dfb3e1"	"29bafaf5-ae3e-4a05-a64a-75679c3e7859"
"fa670d2a-bc1b-444b-af2f-f72fcfd39b4a"	"c0434550-3eec-440e-b6ec-e03cbce8660b"
"c27867b3-fd1f-4e7e-b632-651da5f20a3a"	"2b90168a-6e43-4cc5-834f-45c51eb58785"
"e8388390-5bf6-48f2-8327-20ddbf4aedd8"	"ae375082-9274-4c90-bfa0-0d2c6c283955"
"5aa02f99-9f52-458f-b0fd-0beef9e2f3d8"	"8da66b31-ede3-4586-8b34-dd687e0a0d7e"
"cf8bba3c-a8c3-46f9-8701-e6d1cc698c90"	"69cf3c27-f9b8-4234-b5f3-b26b1274c669"
"1291e6e6-e42c-41fb-a321-b93029d3f3bb"	"c13c962b-7775-4db1-a314-975185aaa950"
"0fabee78-1a38-4d1f-982d-c3d62e054757"	"85dfb166-9818-4a90-9fd9-a960aecb3a4b"
"dfa82186-0dc8-4717-b4e0-3959cabc423f"	"b219e851-6b1f-418e-a09e-4b073cd0d2af"
"0d7e2868-56ff-4151-b915-ccc7a203a943"	"b937512d-54ed-4495-baa6-d47ba5cdb3b7"
"28c5b04a-7f34-48ec-838f-79930810c7c3"	"f977a624-1e6b-4dc1-ba53-6f23d208f774"
"674ed3bb-2aa3-4415-bf81-cd574b6c3338"	"f0437763-466f-4bcd-8d85-e53f1f597dd8"
"59982008-25ac-4016-868b-537720b22bac"	"73f16e81-b286-4254-9d6b-c3844aaf6527"
"07545d17-a8ed-4958-8e13-b1ef4116a0a9"	"70fac16c-bd76-4f4a-a2d9-67268eff7fe9"
"238a8ed2-0f93-4f49-8c7b-5971eac645cc"	"d70898f1-f591-4dfd-9857-ed2cfde475f3"
"a48fcccd-c98a-4a0d-9258-161e66b11a43"	"0aa5a731-7f6d-49ab-8c6d-e02eb7372bb7"
"fe10670a-dbbd-45d1-8cf8-06a9f70ad5d6"	"3fea27f4-9e81-437b-a676-2311400f4ab2"
"66066db8-8721-4493-aa34-96e756b4948b"	"6c286af0-fb3c-4c2b-a3bb-b571952e67c3"
"8e8c0284-6ca4-4c8a-b6d8-7d8c1c26072e"	"37e63dc7-129a-4d5f-9b8b-989883e3dab8"
"203365d7-8fc0-4cdf-af62-f8ab1bb884d1"	"976c07f3-b86e-4b69-b096-df9f79f36708"
"e14913c3-772c-4be2-bd3b-df0a2967d14e"	"5d8965d7-c3d9-4b3a-b37d-162b97f7f823"
"e809e565-2d63-47eb-9d29-fbe6a9c37b94"	"77c8ab88-9336-494e-bf55-aeea92952abe"
"9f015e94-adcc-4eae-8a5d-9d5710a17b14"	"c9fd76d1-5b9b-4043-837f-60bf2ce5005c"
"5d1b9647-b58c-4527-bef7-5fdbf9bde211"	"912dd421-8a1c-4a5a-ae1e-fc03e8b99a0c"
"220c525c-d142-4898-81eb-49e631d4d672"	"6f894e23-0838-45e8-b3d3-67f537467172"
"4c12962b-2331-4d02-bf05-ffd3e516bf6a"	"a936e8aa-6e50-4ee0-85cf-d084c9dba502"
"7ca04c06-32e7-4177-8f41-05069f3cb479"	"cb8c9aa2-5013-4ccf-b0fd-2ee702e9b672"
"34f16689-62c4-4e5a-b40f-dcc00d417f61"	"6b3c40fc-366b-41e3-b25c-e05ff50c97ce"
"8c702d85-2b9d-4cda-a0fc-6cd89ecc71b8"	"fca9bb57-9698-40a8-985e-8fd172e0e445"
"458c9c54-ec74-4c7a-a6e4-ce990ca43a5f"	"7773eb73-409b-4e64-b0f9-edd96176587b"
"d910eb58-1ae5-41ab-b7ae-37549b029b84"	"ecf29375-4330-4546-8486-77eeb9b547d0"
"91b6f5aa-def6-48c5-950d-5418f290a5a0"	"6b412a20-fe13-438d-a493-fc93c411dec5"
"d33d1185-75e1-4031-945b-718c352dfdbd"	"7b64ad68-19f2-44ea-8117-9f955c7e62d7"
"221ed1dd-5b68-4ac9-b25c-321563cfaf64"	"dd07ee7b-6f51-40ba-8010-f4713da1972d"
"70e75c2d-ec19-481b-a6d6-95c71c225d43"	"d56e3211-efb6-41e3-a05b-b6bf7a7946b7"
"486a0bcb-3b2e-4862-9cb6-06e5876a2cc1"	"35ce7cb3-0cab-460b-acc0-ea955f766b91"
"f2c7c11a-a76b-456d-8f62-91a7064bdbba"	"870fbf24-ec8a-458c-aad2-44b3a49f5a52"
"a23fc5b6-7f18-49ec-bdef-a7f002e9b8ed"	"92ccf3ef-a793-42a9-a414-fa069915c99a"
"10ab1a44-0c86-4885-89ac-66eacab2f840"	"c29e93c6-7d06-4871-a617-b94b9068242c"
"e6587327-076f-4594-96f9-6d6c4f606d2b"	"23833d67-3b89-454c-a5f7-a6ac41a492d7"
"559a18ea-4db2-40af-bfcd-1d6a02cda339"	"d43c15d6-ad24-49a4-a331-7e8ef6edae98"
"da614435-0f06-490a-a065-22d5a95721e6"	"fc68dd83-07d9-496c-a1b6-c3cc77a53f7e"
"3742c2b7-ce58-44bb-af77-3f1b821818e6"	"1088f6ee-1373-49ba-aab5-552541d75ed0"
"3f65d51e-496b-4a2f-b44a-3c2300b87527"	"5443f68a-6012-4524-a5cb-eb2cdcf4b2f8"
"c9b64592-eefa-47c4-b590-d4453b6c8d8d"	"7c45ba82-1eef-4ab3-a983-4771b3013756"
"a5307b19-8878-412a-bced-98bd134f00e3"	"0b26e6d5-d977-4242-be17-7ca931738c64"
"34e0f252-a4ac-45b3-b0c8-de05e3153631"	"b7fc97fc-03ef-4b30-a7c3-03fd31b536b7"
"b33fd4ab-8661-4e3e-b9ab-2e0b2d4edbab"	"6bc66d5b-b3ec-4527-8891-1c3df57ac222"
"40dd67f2-99e7-4df8-95f9-296ad314dc61"	"9af4cc2e-a478-4dcc-be26-1d9ba4fa0b61"
"253ab543-3cfb-4792-9fdc-e6e219a7246c"	"81a37b33-be36-4804-a4d9-2a51e9f1bca0"
"48986a87-5b91-4480-bd7f-2452bd9e9e14"	"0dfdba57-ac95-4433-b031-aba9688cd19c"
"e75f66c5-98c8-4327-b4e0-fff185a36fd9"	"74a926dd-46b5-4671-8e30-9068384261a3"
"35e29f46-12fd-4866-ad9d-67dafaa2187e"	"ff4d805f-b4f4-4934-af21-91a1517de1c6"
"8112f6c5-3fe1-4fbc-a879-a7cd7e1c9f4a"	"18e4a848-fffe-4070-8ce6-b60792043126"
"d51a8cae-ce5f-44b5-9f18-a53c7a54b8e0"	"4f7bc26e-81e6-4267-bbbf-7d934fd04663"
"f2ff71d1-a0f7-45fc-8851-11d680ea0577"	"cabed9c9-2622-474b-b4ba-fa16e9a6e4bf"
"c96a969d-e156-4280-a11f-45b37b0dcb69"	"a2a37614-8e19-4fc2-9959-53646aa763bf"
"5260df89-a0b5-4742-8229-34111bc49f33"	"0168e91b-4d99-4670-9bd3-2e91400a1299"
"6f965441-ab42-4c9e-9da3-a60e626a0853"	"ea5f64da-100b-4cf2-ad68-541e9e946d11"
"5b4ca875-b849-428d-8104-c117d703b65a"	"2461421e-c066-4552-847f-86d39901b7cf"
"cafe82fe-ace0-45ee-9154-8b3dee1cc4d1"	"6e918b11-b4fa-4774-9450-38ba3de0e601"
"5a7bfce8-5078-4417-b7b2-274f2d6eb04d"	"c25fa91d-af60-41d9-94b2-c49e9b9fef48"
"ad0abfa3-1436-4434-9f9a-6b6da8584280"	"8244b3c5-8bd5-4d45-854f-88efb0766f90"
"f68333c4-e992-4cab-abba-b8bf774b3742"	"7301256b-b21a-4030-96ed-46a849571e0f"
"afbb7393-eb0e-454e-a6ef-670ce65cba97"	"4aa5c1c9-86f5-4fc9-bea0-e54ec20bfe93"
"dc752983-a8ea-4a04-b901-2f7f1def8b6d"	"cc242f61-e8a3-4df0-9ca9-73e6c151d257"
"2e3c91a3-ef50-4e11-b834-620bd943d412"	"564557cd-bf96-4ebe-a2ed-0f1b24f61209"
"71fb2dc9-a072-4782-b033-26a59ab2bb6b"	"b101fca2-e15b-462d-909a-77b10680bae4"
"0c4b6e30-df14-46fa-8b0a-cb1fb668e59e"	"8b23adea-260c-40a6-804d-145023f0a015"
"cef2626b-e20a-4f44-8f3e-9972b1559caf"	"c040e2ab-1483-47c5-a0e4-c92b3c95e62b"
"2f863e25-2500-4623-a05a-5c39b48f6b48"	"50bab886-e500-48d2-bbc4-7903b9089688"
"98920538-0bec-4a39-852b-8d9fd5db41cd"	"d2edb729-af38-416f-a310-265a884a46f7"
"2ac3fcfd-d1d3-4313-b7e9-5aa7fd62cad7"	"2f18501f-1772-4a2f-90a5-1828e460364f"
"72ad3610-8226-4835-9084-2ae162bb4067"	"75a9d8f8-0ed6-48a7-a5f3-b235dd358939"
"65f912a6-e60f-46c0-9d52-989c31c0b680"	"5fe8bd84-4d76-4523-8693-584b79c968ca"
"af3169f0-b7b5-4982-aa60-142b4f3ddbfc"	"06816a55-41de-4970-925f-5707320de3b2"
"c008be96-e97d-4d90-8270-c99c1f10781f"	"44779ae8-6b20-4983-a7a6-373859095174"
"63b85f00-fe7d-476d-be9d-366c2441fd06"	"e07b0b1b-169b-4b95-82ee-e61e643a1333"
"ffd235a2-26c5-488b-ab3b-d20ab4d27636"	"f1dcfe94-e684-4300-8d2f-a532314a8a3b"
"a9d004e9-0e84-4761-a907-c93601f27db0"	"03813cf8-ac65-4c87-ab9b-82eb11d3e400"
"68b57b2a-5f44-4150-b1d7-45d608610e16"	"969e126f-8643-4361-ade9-efb2eeba9702"
"3e3b164b-1433-4168-b213-b6425f731111"	"7c0025c8-afb5-431a-8ac1-ffa95d889f53"
"be2089c9-b2ed-4ecb-b27b-f6f51173f445"	"9ca4b19b-ae3a-45b8-9136-c49579fa3bf7"
"a6b4f6bb-a2eb-4e05-957a-76d7b1ce248a"	"1fae8972-d852-4f10-aa70-40930fe52528"
"8fac3474-e389-4074-b140-15c9cde812eb"	"77f15722-2900-4ca9-9b85-c40aa5cb7818"
"1086f89a-c066-4549-a836-8f330a662ed3"	"c0862cb8-fc70-4d35-beb2-fc549fd09a6c"
"98bfa86f-0a2e-493d-8216-beb7e3521138"	"f8b5f44c-9c35-498c-9821-265161b7e02b"
"bfdce522-5b29-4904-8d32-d5c0b9f84bb7"	"332f50df-628b-4d08-9b39-838d1469f2f8"
"72e08fda-201b-47fc-b9d1-e17e91ee09e1"	"d90bf700-6edd-4c1e-9f09-7781c8586b5d"
"11b0b444-772c-455c-b972-023b8b5849c8"	"2ea3b994-bef7-42cc-85e5-7c83fcdf468d"
"421dacb0-df7a-4f7d-93bb-9997ce042a13"	"e88cf1bc-7f7e-4b4f-8bb9-79e299959adb"
"70c83b82-366f-4add-a5c6-828f5dede0d7"	"7a646ce4-0d86-44d8-a049-0f0e8484fb2a"
"5196fa82-e544-425a-aa83-b35c2a383165"	"c6d3836a-cfc6-41a8-827f-1ddfcf0fd804"
"def793a0-9759-4b43-9e2d-3fc63b05436c"	"2e15a042-d2de-44f3-a347-6bb49f243740"
"65ef873a-90c4-4e3a-82e8-8fc09b9c6671"	"2d543ebd-ce0b-4804-9184-44516c731603"
"28c58819-d7d7-48e8-808a-023e486afd67"	"17da892a-db65-4959-824f-dc37f2e31bae"
"a16568f3-b2da-4781-bbdd-b3278514adac"	"bd6bcdd3-bc68-4ea4-9335-c230d8d5755d"
"1f6d1d11-631e-4a78-8afa-9b3f421f6a9f"	"3b32a612-5b92-4af0-a7da-d4ccf37f900b"
"9e7fb054-a513-4f23-822f-38f9c6a1d1f4"	"18efa2cd-c012-4c52-81de-cb50f71f5828"
"54550ae0-9858-4bbe-b638-1ff23df243cb"	"f3343492-cc2b-4554-9ce8-d57993d71c50"
"285f0c8f-3ea0-440d-b745-87a24737b0f9"	"847c7038-f272-40e9-a6a5-acea0f24eade"
"83b0512b-a994-42b5-a7d3-8ecb0a4e21c8"	"95c31308-b106-4565-9c67-ad1deb1aad32"
"a72631b4-a69d-460b-acda-4bcb250f8948"	"9df65b22-ab42-42ce-b326-50c449ebc014"
"ef5ce3d8-3edb-46c3-9b94-0cc4691974d5"	"5f744091-f9f8-4708-a339-eafe7752d7e1"
"f6fdf194-104e-4605-a9b5-5bd9cc526ead"	"0e0250a2-3542-4bd7-8621-1cb255b0e845"
"4f2e20e0-e640-4fb0-8103-05b995a700e1"	"77a12c41-5e5c-4b8b-b13b-5c9d1e54c8a8"
"a08f8660-8c4e-4ecd-adc1-c8a977c95bfc"	"15bb3e84-c4a9-4ea3-bfa1-a65800809542"
"b07697bb-a807-4237-88eb-7e25730db138"	"9777ef54-eb07-4285-9995-1b6cc2591d88"
"18a59865-3319-416b-aa86-e488f74b3f9b"	"dd935161-99cf-41a8-8c74-351e82109726"
"ceb968bb-8c1c-4888-8f91-4bb515a45b5d"	"5fbf277b-7688-415d-b229-ea3c22fb3152"
"627c9776-d6e4-40d5-b1cf-2169cd4e0830"	"9e43478a-7121-450c-bcf6-a0fdd9f04820"
"152d2657-e323-45c1-bc98-364775cd8338"	"b248f7de-60e9-42b9-b4c4-8ecf709e5bce"
"c7627d54-95c5-4677-accb-cb808905c7df"	"144fbe24-1409-4cf3-b14e-857211204a27"
"5ff2cb79-eb35-4f26-86ad-d9867142a1e1"	"6481e1cd-eb33-48e5-b4f4-a5b22125ce31"
"cf07b282-0f2c-46fd-8c91-ecbee57f9fcb"	"0604d559-2ecc-4e9c-9a17-3e7f337b1d51"
"551d9d49-b206-485a-a338-a3cf2f4bfd77"	"e792c4c0-5a3e-40ae-a93e-c004ed11d20e"
"ff797275-4b3b-442e-b70a-022170c878e6"	"10687316-8c4a-43ec-ad95-e173d12434a3"
"1208d053-1995-4010-8dda-bed6119d55ce"	"84380c69-0300-487a-8263-58fef7d4474e"
"1f1f325c-6e48-4b94-ab8e-4c1b2e2e3761"	"63df97cc-e49b-43cd-a315-e69f921f08fe"
"4b47da00-fbd2-43f4-9744-b1756355a88a"	"91ed790c-64c3-4021-a7ca-b89e526bb227"
"910440d3-bf10-444a-91ca-9d291c88638b"	"f6db84f5-e024-4c62-ab42-a3c0752a63ca"
"ccc3c70e-6363-4bc1-8949-824828526d67"	"2f1e9911-0c02-42d5-b4da-ca8918697ea1"
"8079c163-2db4-4548-85a6-84edf5b1a552"	"cdd6bccd-b6dd-479a-b240-2ccacb349e42"
"9405a6bf-ceb6-4b95-9d39-cc6dde3cc9ab"	"dc29f762-7cb2-4f2d-92ba-b459e0d48802"
"72e72246-4756-4dd4-a0fe-8c2de02ba431"	"a5bc3f0e-0c02-4887-8fe1-4f7659ac9b00"
"d4a4a1c6-d38e-4880-9414-736296f268c1"	"6ee85ce6-52ba-46dd-a745-f422e8e7dfd8"
"fb80f9e7-f4fc-41eb-8d2a-0b3a6b7acd22"	"ccda5d07-6509-4f1a-ba80-534d463233d3"
"7ab94c35-8add-42e3-ae5a-0ea9327843bc"	"ec0aa190-16f7-46be-b155-a5551f51adad"
"7adcf865-af1e-43b6-bf75-989806523381"	"cc5dcfef-8f01-4261-90b4-97643c420336"
"f9d82c33-5688-4f33-a985-560e95e7c947"	"9206659b-be59-4f7c-bbbc-368a60975495"
"5e205362-15d6-435a-8a95-0f8277e2bfeb"	"47ee2b1e-7589-4720-a3f2-3fe5d30c7e54"
"7615d00e-bcca-458e-8708-757fb437a6de"	"2f0a2583-b072-4229-9184-3ee20d03e554"
"749dbff3-0cc5-4741-b340-9b5a9d8f0a6c"	"d4b6e920-f416-429d-96c6-ad5d0b230ef7"
"7406b71e-eb85-411e-b3d9-d4a4fe710a0c"	"fd99bb2c-0727-462a-9f28-54f225adc3ac"
"46debd08-1fcf-451e-8018-bd5a89ca04c5"	"a56abc0a-1d4f-4b96-99d2-edeb8bd03e94"
"62145b06-8b70-44c7-b6ac-74b986dc8d17"	"808968b5-3f69-45be-979b-b831760b800a"
"6a9b4354-f9b2-4b15-8842-b0aea1e25805"	"d219e4af-03e9-4c26-8b7e-4226736182d0"
"41fcafd6-af1e-47d4-8a16-adcadc1b40c9"	"ec510b0f-6183-4869-9bf7-f1603cbba3df"
"928596cf-fc6a-4719-aa5d-08a08f6f0ec3"	"f92e1782-9bbf-4549-8812-fa2be0178791"
"6da388ce-db55-412d-9565-cadc3bc1fb3c"	"5823edb3-b924-49e6-9aef-702de7ba7542"
"7a3ec8a9-0ec6-458f-8e64-a3b7ba11cacc"	"6e584abd-f079-47d2-a149-59b44503437b"
"6e26a1b8-52f4-42f1-ba47-db9ab9c06025"	"0ef6b703-bf8d-45a7-becf-f53f55698405"
"7d8910bd-cfab-4f98-a48f-6a9f182b32be"	"57a8396e-0e02-4964-81f5-7e62c14a1085"
"35aabe94-bc27-42a7-8c5e-d655d4fd7866"	"4c4e2527-c000-48ac-a501-9d2d142cf74c"
"b4ad47e4-d98d-4219-8804-621312391e16"	"3af60ac3-d660-4119-944d-1109c9f746a8"
"114b51fa-fddb-4cbf-8c8f-8408e31ef143"	"2b29e30e-806d-4733-a127-8564428bc401"
"3f5b77aa-8558-45ee-b6d2-a7abb980e518"	"02f69a81-4840-451f-8b23-1e111cc63671"
"009a2e67-0460-46b3-85b0-59d4904a7a11"	"340fabc8-b43b-4bb6-bdd4-9840f9b7a882"
"232a17f1-2235-42cb-8ebc-ac61dd76127e"	"47df2c32-f23f-4e16-9a70-6983d0749673"
"188db7a9-c2ad-4647-b544-231b4f52f5e0"	"93a9133a-7381-495b-ad06-116c8220a215"
"6ddde238-bea3-4a0d-a29c-6f6defcb074e"	"e62478d1-3643-44d3-b794-a57d3efee4eb"
"3833a043-d44b-4c87-a2aa-df1fa65fed82"	"f18ca3fc-514c-4b12-abf6-7896022933ab"
"973ea7c1-2022-415b-b06d-a5abf4acea10"	"466be80c-ad8e-4590-9b36-d4ed589d6f77"
"1da01764-dcda-4975-8be2-081447790f6f"	"2bf456e5-1217-4587-abd4-eaedf02ec19d"
"f4090d68-4a07-4895-bcb4-bb6a043f3562"	"5e050bd2-3d06-4cd8-a2a0-888c6f671802"
"82d9c892-9dfb-4559-8a50-66a75d684d74"	"3c7c76db-fb11-48a6-957b-4b3bb812eda6"
"7e521b79-cc4f-4c6f-883c-b2e58fdabf58"	"0d816d29-ebe8-4ccf-8161-5c7fc2b6ff6b"
"b07b93ba-acd8-42b9-be95-c51600c7cd03"	"9830b045-a933-42be-a435-4a5138dd3a56"
"c3e5a00e-a494-49e4-b271-e84ebe41a1d3"	"9aee8091-cd27-41cb-b9f9-f1eccbc5ba3c"
"d40f31bf-12b2-4c0e-854f-15148a2c3755"	"c86c59d4-6b83-4cba-9009-7aa74fe6b608"
"e03c7d65-6eb3-4c2e-ac55-77787c9436e0"	"2af54594-2193-4b1d-a502-e28c566e7648"
"53f724e2-38f8-4e5e-a47f-8f10d70e671d"	"5fbad62a-da0a-485d-b6a9-ec3c8c791d82"
"e16d1ea7-3b43-455f-b0f9-d9e0cdfe4d48"	"305deba2-de39-424e-b658-c48887e372d6"
"90d337ff-6cf5-4b48-ac74-1ff04525dc7f"	"a83b1275-92c8-4ec0-981e-a448d8b0a2ef"
"f2a786ab-903d-47bf-a27d-edc8489c4682"	"e25e8637-c32c-4eb7-b10b-b52950199cc9"
"33184b85-c6a4-49f8-807f-7c1ccfee0979"	"5a7141b2-316f-4b01-b4c1-0bb54efb65d0"
"afc7510a-d89f-4151-be72-d2129f118212"	"a212ebcd-c8fc-41af-b09b-3957e0d9728e"
"ce351702-f18a-47d1-bd18-cfa2ef82d539"	"53924ac0-400a-42e6-a9be-512db0a9d928"
"837ab4cf-4cbd-42a9-96b9-61570a15a347"	"667d9408-fc72-4d6d-898e-0951a3a1b402"
"c7b077f0-4afd-4ec6-a79f-18c98fa5cfa3"	"9cb29e2d-e762-42fd-a912-b136a40ae87f"
"1e951d16-ad40-4035-899f-8e98923af592"	"a457a409-807f-41ba-ac13-24918b65241b"
"78ee78af-2c34-42f2-aeac-4c83409a6f14"	"9c3aad19-5f45-435b-8d82-bc7540b43821"
"f91c9b4a-7ce4-4c01-8958-bb7a5e46d674"	"cf8fcb0d-3177-493c-8608-726c99ce14b6"
"129763f8-d5f6-4f1a-b6fe-5dc6ff3e190c"	"f78c3160-becf-4bb5-b2b3-aa2a5d37b7d5"
"6f6259b7-2449-4e82-902a-7bb204ef66ff"	"c15a0cf6-172c-4762-bd8e-afbe7556b3d9"
"10148c2c-f5b3-4d88-aa22-b4e1647ede56"	"a4091c6c-32b6-4c71-be98-87d368d4f47d"
"d814a6ed-6766-43d8-9c88-363caff1b728"	"628f8990-a666-4f55-b365-071aa4d95eb6"
"84e1cecf-b47c-4c8a-9e1d-e94175eafc98"	"8f0da028-4706-4028-83d8-8bfbac18e0fc"
"d50f4881-047c-4970-b2b1-b07a79b4ae14"	"355df614-4f91-451c-b101-045ee7f3d5ee"
"46440de5-2bee-4ec4-b721-315438ef69c9"	"8d3a8c2e-179e-4403-a489-5c976c77f45b"
"c920e7ee-d927-42f6-a09a-4f704673580d"	"140d2c35-10c4-44fa-8c5c-b0a97ca40f03"
"405a4cb2-9440-4c8e-b7d0-d3153b992818"	"3f70cc0e-b0fc-48a0-a916-4906f623db80"
"2e88a9ee-f895-4079-98be-e582f3c47d17"	"a66f576c-969a-4ba8-961c-5daeda76a15a"
"10b6ec0e-b51a-4a4b-88bd-279700525d6e"	"9dd61086-3c64-4b57-9170-6ba3fe524a35"
"65079a23-23fb-443b-a6ff-a21b760c9495"	"51c1af2b-7c05-49fa-9502-d31a8376d8de"
"064a935d-9ef8-4a9f-acb7-0748db0e5900"	"49dbdad1-acd2-4703-bfd2-265a07619aa0"
"b0aa41be-e4e5-4e0e-8e44-c877bbc227c1"	"db26cf28-b9a2-419e-a404-f65cd550e40a"
"efd448a9-c11c-474b-9f8e-355db24a0d70"	"720bfc78-33a6-4a25-a05e-ddb043a0193d"
"8b66bbc2-bd54-422f-af0d-027cd7cac2a6"	"fefce87b-0dc7-4672-97c0-53ef759d5609"
"ca4d08bc-99dc-4ed2-888e-215b3e2dede9"	"587de36a-af10-4345-8402-8f6ad300c5da"
"775eb787-c624-4fb4-949d-a5811f3c51ca"	"9675045f-af8f-425d-8f99-5af5f25181d7"
"c3d5fc57-ec3a-442c-b7a2-12b25bb60bc4"	"24f22712-4d2a-4ec8-8497-7be9ee8ce8ee"
"6c45896a-9518-498d-ac63-57fd7cc6e53f"	"6253852f-95b4-468a-82b1-0fad46cd706b"
"f5e6eb84-3313-44f6-a5d3-6669347b8762"	"00eab702-3a25-406c-a63a-06aba9620339"
"ad2beb52-f155-4118-808d-f995fe376c8c"	"74b1d736-399f-4d13-b1df-8aab9541c811"
"5e74f077-05f5-4c3c-82f7-062c09555335"	"4523a038-fd74-4ee8-83aa-f0e17f16134a"
"a9f29746-ecf6-4d41-ac3b-98e093296a99"	"acd9f930-bf25-4017-aec7-9f08d895391d"
"43c0d676-54c0-4b2e-bd3b-77c44d41d598"	"26858646-36f9-430c-95ce-90d1f256e1b3"
"fa8dcaac-0cee-46f1-b3d0-1ff60684d323"	"8a0fa063-bcb3-4387-bada-38ead9a44f1d"
"037a8d83-26d1-4b2c-a84d-b329e35c4dae"	"5181b492-4129-45bc-bbe5-8bf9ea49ab7d"
"38f3ad38-3977-4a48-b38a-8457c37b4dca"	"e55ce84c-72a9-45eb-b625-6894f64b5a0b"
"f5c7669a-5167-48cf-a11c-b7860a487b44"	"e3650fd5-8f42-460e-9ee5-c9554fc9742e"
"23276f41-dbd1-412e-b80a-08aef41cdc12"	"b7d60749-49ba-4160-b6cd-1521e3841633"
"ef2be055-59f4-4e6f-9621-8e45e2c43089"	"e20ab9a1-9bc0-4b24-9d98-2209f7c68576"
"0867524e-3060-4896-9bbe-3d19f6751963"	"84189ea0-29a7-4b80-a4f3-335e0bfc44af"
"5640078b-9ee5-4050-9ead-fe35938d304e"	"0c2a5119-1979-4ca9-8d2c-636a18006a47"
"6a09177e-ec6c-4381-aef6-d712eb1741fb"	"844bb7b1-1182-4fbf-bd9a-2c07bf368058"
"5989474f-5979-476c-bbb8-6bdb513abfed"	"1f4bab7f-3925-4b61-a7f5-e11d798919e8"
"e644457a-72db-4621-8200-6af87cd5abf2"	"cbf5f46c-48bd-4d03-8dc2-a9a788b04bb2"
"99afb1c1-f3e4-4fb1-a090-c52b1fd20d43"	"e816dc3c-c979-43e4-953c-7d6308bb4a84"
"f3316164-1261-425d-a5dc-c529a4c0109b"	"e9235c10-c49c-4fa9-a7fb-b750f83d56fb"
"f9dedb64-3755-478e-92a3-22021cd49a49"	"36a3abc1-0024-49d2-8ef0-8537d168f258"
"5623aa61-8c47-43b1-94f1-33040f34295a"	"7d634b0a-0f0a-4590-a809-990fffb1b125"
"0d4121bb-a011-428e-9341-826a97c50435"	"6a9a5692-0c18-4383-8f0a-d30d32f2cb2b"
"b40aca8a-8ea3-45b1-bcbf-7683371f0722"	"624ce9ad-6e41-4af9-939b-e0b770799fd6"
"02fbc084-f81f-41fd-ba2a-f34f00a2f591"	"488efe7d-ea1e-4cde-9465-43daa097f50b"
"cf536802-8151-4d8c-a753-0311999a6b10"	"e5a9dff1-79b6-4ae8-909b-8b2d896c57e2"
"f8c6912a-406b-4566-a7d2-83e9fe6c2fad"	"7e047401-4b62-4477-991c-7eaa381e1d71"
"e2737c4d-3864-42bc-81b7-34edb9dc0ce7"	"07a317b8-22f1-45f1-8060-7f0e1ee3cc7b"
"ce2d2579-5681-4d0b-a112-ad99b67cf667"	"e8548316-7bba-4931-bd8f-40aac4391981"
"c138baee-915f-4504-8c6c-ac39af2e482c"	"795cfa0b-f6b9-4895-b713-f26d381a5f92"
"4da8e12c-7e0d-4ba4-8d29-ba1d11a59afd"	"789da124-015e-4f58-b272-4c22bee3ab26"
"bbd913d4-d97f-4138-a40c-2bf80c902aaa"	"535619fb-6850-4e5f-a6ad-87fe472c651b"
"a73f8fa2-bcf4-4431-957b-0a051f295b61"	"f1749d71-9ac4-4a78-9925-d376710f3ab4"
"ba69cd14-a86f-4885-a83c-e58bb3501d92"	"6876e4fa-c2d6-48a5-9f5e-8d1d064bfefa"
"655b2cbb-29d0-49a6-914a-f0a5313f53fb"	"10abdf96-5f24-4462-b9af-82d98947b654"
"b2633e89-962b-43d3-b9d0-09dcc25ec0fc"	"56745ac9-0754-4ba7-9494-9eca5ffde04f"
"dace73f5-cdd2-4690-a0ca-5980dcc272b6"	"afb7f60e-f514-4b04-ad5a-e66c32f56d66"
"39996298-1c34-42d8-bd65-35e1cd45b085"	"7c8a14ba-6037-4b35-a043-4e85607c8891"
"45e58af2-d08d-49f4-b772-5f60590d3343"	"6277c8b4-082d-41ed-958d-83e0745e4a00"
"2fc093f7-3720-46ae-b3cf-500d8997b098"	"4dbe806c-ca19-4fc2-afec-8bfe17e31526"
"113a9844-7abe-400e-9bd6-817becd8c9e9"	"089d61f5-bfe9-4a36-8470-b88dc476500d"
"c487904a-8c77-47be-b81a-d9328b9dc367"	"7589c196-7747-4803-8d78-1a60c0aae768"
"c86841db-42e9-4c2c-89d4-54425f07c1ee"	"caaf0c60-1213-458c-8340-19b07e4abd61"
"ab79fff3-c5f4-4d0d-9283-0e9730c8d601"	"bc25740b-4efd-4673-a1b4-df5fe7263426"
"93d49f8c-47f5-43de-8ccd-c58a88fd85c1"	"7b89562f-c828-45b6-a00f-447268701cad"
"0fc9d07e-75db-46cd-bb31-068f828f6150"	"c7058681-ff15-4c01-a6ae-984cfaa02d76"
"999ffb1f-b973-4766-ba97-92f967d5f216"	"0aefa4ae-9dd2-42de-9705-9d0535870ddd"
"9bcded47-8706-474d-ad67-431467384367"	"f471c9d6-fef8-41f3-8652-e20a08a2417e"
"a7bf069d-2f08-48a2-8d00-cdfa7dbef1f5"	"03e8fcd8-7417-4d3b-b647-eb57193fd046"
"d4c5217e-17b0-4415-a814-a670995ea8cc"	"cba392c2-e997-4c3d-852e-9256d3a32ee1"
"13754800-85ac-4b36-87e0-c03351f032aa"	"74351cfb-d78f-4b66-844b-8d632d39dbf8"
"bcc6ab6c-987d-49da-bdad-d4ac62e243c3"	"d46be27f-58c7-4d5d-a6e5-329a2d853edf"
"f76c8509-9fd4-435d-ae15-c66dff9cbc5d"	"d19b4d8e-7927-4a63-b521-d75d1c7222cf"
"722d89e9-764e-43c8-bf28-27c73116b307"	"2b77583c-8458-403d-9218-e44488ebfb09"
"f8e68480-e8bd-41f2-a5e8-02301e58b14d"	"c9f8deee-c05a-4c30-9a5a-452cda22ce28"
"594501c6-ab1e-4444-a00e-e6bc7e036ece"	"bb13efd4-1a5c-4a85-9dec-18517c93b9d8"
"c2c53c18-e297-4700-aff7-a7c71acc39e3"	"321f960c-ddd8-4a23-a632-1795410fab3d"
"64eb46a5-a1bb-4dc8-894b-bc6084b8b3b9"	"cb6a6c33-c62c-449e-9cda-aef7b184d189"
"a0083546-cb56-4af8-b818-30af9ee2fdf5"	"a6e825bc-1eca-406e-82f7-1ee9c7e1b793"
"7b4cc944-916a-491b-8b85-5699e2c343ee"	"c5ace6fa-f173-4a96-9a47-85193dee0918"
"e5fb44db-fe58-4593-8624-13dd7feb4e74"	"ffd386f0-495b-499c-968a-e8d0535cb32b"
"5415eb39-f839-4ce6-b03f-446d21564859"	"4fa5eb1f-d6fb-456a-8868-dd86ac72cfb8"
"ba07949d-a3d2-4951-83d0-be205f5e39ab"	"b3ce25fa-f615-4ea1-9d94-cad0e6a6ffb6"
"09426250-217b-4bbf-8787-fb4e332404bf"	"dfadbadb-1424-40c0-9f9a-ae1d52e47c89"
"950af6f7-97ac-4c90-b863-ef4c1d8d6cd8"	"7ba707ea-5101-40a7-94b7-5245bdf8a543"
"248af69d-ffbf-453c-8e3a-3e79e5b88d6a"	"b29d3a76-7ac7-49f7-8089-88a8d253037d"
"dc1b8bc3-3d96-4bdd-846a-d947a25602b1"	"098591b0-d2e7-4353-8daa-d32fa51c4f60"
"21a2be5c-7770-41a4-bc62-fa6f039dff5d"	"f4df3756-9ad7-45d2-8bbd-7e0f68d0ad8b"
"ff4abf0f-cf03-4e5e-af97-ffdb4a028d82"	"94b9efc9-e536-4a0f-9402-7f2962568838"
"cfc60525-c1fb-4ed0-9e11-1f4e9f17c186"	"125e036a-06c4-4cff-9eac-7c57346961bf"
"22f5a48a-c12a-4dd4-bd13-9bac98a53184"	"844ffc65-f6e7-4770-9a3f-dc12c4dddfb8"
"d5ea75ff-e222-491b-b92d-d34f0b47378b"	"821ebd14-8e28-4c90-ade6-5318b2aded95"
"97853e6c-7709-40aa-88d1-3395f652d5f6"	"330de17e-9559-479b-933e-7f2a350aa630"
"21a364ca-3c31-40d2-9b57-6f61c971ee71"	"b129b8a5-42f3-489a-a6e6-a8ca912fa9f8"
"8df91dd3-53df-4773-bed0-190204e01d7c"	"ba62c1e1-1591-4ee2-9c30-524a021c8856"
"22bb4bbc-e90a-481d-b0af-74e968bb0d66"	"645a82f5-2e1a-4e0e-97d5-ac90944b51dd"
"600aad11-f29b-4106-a622-5c04f5643812"	"36443f58-aeab-47ec-945f-b6bef771a8bd"
"fb05e9c1-c9c2-4f89-82e0-1d5675ad7553"	"f51bf250-5eec-41f0-bb66-173bd4c3fcfd"
"adf49761-e785-49d8-9da6-44991c5f7ebf"	"19ef1f24-0a1b-4557-9987-43b1984ce762"
"caa5a0cc-f8c6-4ccd-b258-2713f3149511"	"cbadaccd-cae6-43c2-8d0d-14a5def2c839"
"26cfce81-bafd-4ab5-8d74-54a8831ea601"	"afa946fc-3ef8-4f50-92ee-4ef73869d00b"
"1ff3e229-c1b5-4d47-904e-193c4b32aa9c"	"8e8c091a-a2bb-4c30-920a-765085c4f4ac"
"5269ca16-6e32-44df-a672-0dc87acf11e9"	"adb77bf8-12e2-4ef3-aae9-5451fdc68edd"
"7ff265b1-15e0-4c91-9ed1-b377dc51e5b0"	"c22686a3-0cf4-4f95-9174-fa1a265ec203"
"84c50d6d-5537-40c0-8fa1-4e952d7bb07a"	"967f479c-2649-41ca-98a6-8512e520ac03"
"6b663979-aaa9-4192-9285-8451373a2fab"	"01d59c63-2398-41aa-baf3-8f982ed77448"
"700495c1-e647-4b21-81f8-e771f00c7367"	"2d51beca-65af-4cf6-bd8a-fd7d67d2a99d"
"9a088634-726f-4622-bb1b-e0891750e298"	"052e215f-9a81-4813-b7a1-bfbab879723e"
"e5ea2c83-2969-4d22-aa3e-0ab95c9acd18"	"f38e2984-172a-4528-8e1a-5bffb2d4ecd4"
"c3546551-4de0-4664-a616-6c8f2ca0713b"	"9312f810-2a3b-4052-97c3-91b8daf5b1be"
"9c9a82cc-934f-4ebf-8bbd-83a4270733e9"	"f15ac99f-6975-4bc5-bcf9-8e7d3bbe1725"
"b933d961-c9db-4990-9243-8c277524fac1"	"71ace5eb-eac4-4460-b609-256d94d4cb34"
"d130405e-fb70-47e5-a7b9-c84d19575d85"	"56bc6c18-f288-4a13-80e5-a2cd65b3ce0e"
"70f90758-08ce-4822-bff0-3ca965a956ea"	"3b658600-ef7b-44d0-9bfa-6adcc8a0f49a"
"03aac62d-28bb-4306-806b-d28633976f4b"	"702c6a06-f4e8-4d8e-80db-fa6dd54a6ffe"
"1276af21-9cb2-4596-9812-b2380d735e88"	"3a0de0c6-6cc8-4a2b-812c-3b34639e6228"
"de971926-dd4a-44dd-8587-691f0bfe2fbc"	"27d996e1-9b2f-4443-b06a-d49a86564f8d"
"fd6b0ae0-921d-48c7-b27d-5312f476e6a5"	"3edb4edf-43c4-4afb-a854-6f7dfbeb32b5"
"17318462-b768-490b-ad9c-d87973eb62cf"	"13f3ee1d-3f1a-480e-989c-f34039ba681f"
"25a5564f-1795-4d88-9dde-c5afde520b2d"	"b7c48b66-8914-4f76-8ba9-496e6c48c159"
"61d65416-b725-4b17-93e1-6c59970a1d04"	"d74a9cd6-4105-429d-88b7-f9c4bbc9b816"
"53fb89eb-d485-4b34-b523-88bb0c29c784"	"4e02cfd4-bf2a-448c-8ba8-a838912ca046"
"d342788f-0603-4800-b84a-9e0047e77466"	"d3f820da-7421-4bfe-b52d-de54b2821b81"
"c8db5c9e-f598-4807-8ee2-ee391287c7d0"	"d58e0b9c-e00a-4429-b288-31e905187ab7"
"35cb787e-bdee-4095-a5f7-d628f2d8ef80"	"b3b6cd2a-70ab-4608-a91d-e1d4c6c9a1f1"
"e8b2e623-129f-4d4c-809c-5408607032bc"	"fc6b4267-2f7b-497b-a658-72fac8457f57"
"80f72c20-6067-4424-b262-c02b8975a3a8"	"82e50ef3-011c-40b5-8c7e-b7374c53199b"
"70b2888f-6d94-4ec0-bafc-a9638e368bcd"	"ac30a141-a825-40ab-87b2-152363a71573"
"8672ca0d-b067-415d-ba43-163487adb1ca"	"2537716c-0a4e-436b-9c55-471aff7e6ae5"
"81809370-9deb-4706-8685-0fad9620292f"	"dcfebd8b-65f9-49f7-b5c3-6c4b55cbefc2"
"4f99550c-eb6b-44ff-be6d-f941d7b58239"	"4ddd9f05-4a4f-43bf-babf-1b3b8334255b"
"ac06dc0b-d90e-4df9-85cd-6f455c0810e2"	"3da06833-29c4-4e37-bf2c-b88ca8130b72"
"27d251d0-0d80-457b-9dfc-c58ad0384d48"	"de6f3c39-fab2-417d-9ff2-9f5079508e14"
"964cba8f-efbe-49eb-8363-1255c25286f5"	"000d7c13-628e-4d8f-b6fc-ecfe7b2eca1e"
"67fde31d-0165-4c2b-8f10-21abc830447e"	"1aaa0df3-136c-43ab-aa22-faf98fa30c67"
"3340360d-47aa-4a5d-936b-1b5987bb4451"	"e19abdba-0f2d-407d-a897-6be2da984246"
"d456a348-a1cd-4aac-883a-46adeb5fd4b2"	"80b21c24-3daa-4a6b-ab23-30984112a3e7"
"84e58388-1f9e-49bb-a0fd-9ce75d43fdf6"	"ae6cf97f-0ac7-49ab-9148-07575b848793"
"a74fb3e0-e7b0-4571-b1a1-7b55e4a68ed7"	"aad99236-9977-40df-a38f-130a7ee839ef"
"253914bf-7452-4fe6-a9d2-4c6e70eb6bfd"	"d292dfbb-84ab-4b9e-af81-39a25125e115"
"f54f33b2-f70b-41ad-b013-c88e012e0355"	"68f130fb-6296-44c3-8867-a4acf66bc1a6"
"e71fe816-f731-4ad8-b92f-44d7ecfb8d77"	"5af856bb-850f-4868-8e4d-5401ecd76689"
"5ad29598-8acb-4bfb-b299-45b225a1d5a9"	"6539a327-5bbe-420e-b218-6d5aa9f5fa92"
"45515e5b-df8e-4b09-a534-578a423ca5aa"	"b0d933a9-b2d8-46aa-a0b2-702d03b5b82b"
"f773b074-f03e-417d-b49d-7f6c6b901a60"	"789ef327-f1c9-4c82-83fd-402d1b89976c"
"cab0ff38-217c-44db-8b2c-ef15f18eec28"	"fcccc87a-d47c-4a6d-bf8b-dbd6d6876a0e"
"a4c65f69-dd39-44de-bc56-bbf0dd1e119e"	"c9b17da1-1025-4368-9764-ceb80c1190c6"
"e576132f-9952-468d-bc90-35bfa577fd03"	"252da943-40f6-46c3-bce8-4dd0d51d14f1"
"843e2827-112c-4fc6-b040-687ea0c1de6e"	"5a1af3bc-da76-479a-bb85-a22402491bed"
"a22ad2da-444a-4235-887a-f10ac4674853"	"fb087bc0-0be0-4334-9dbf-acfea568cd99"
"a3240561-77d8-4ef7-a88a-72d5b089bc4f"	"6a889332-4bb5-4a92-913c-fe0de0fd02e6"
"c014fb19-0b8c-43cd-a4f4-508001199ad1"	"b07b0a39-38fb-416b-b5ef-108fd3642675"
"cabaa853-95f1-4a89-99d1-503ca89f424e"	"60074d27-f40a-4713-bd62-a32dc658df16"
"2088e408-0da6-4823-9833-959c5e2cd96d"	"e78f7f94-4bcc-42f1-87e5-9122a4813bb6"
"036c74b1-20e1-4a80-ac51-c8cbd8820c8e"	"9117587e-3e4a-4677-b2ba-63cb1d7ba539"
"5eba3034-d76b-41eb-b1cb-5d048c241ffb"	"b9a42c2d-7a67-411e-97d4-27ab3cd14d27"
"6f456934-8462-4997-8649-d0c42f8478bf"	"a58bbcdb-b3a3-4537-a6c1-b4bc1c4268f6"
"57e1d93a-af3f-4e48-b42a-39005580ee8a"	"2ccdd0c5-86a8-467e-875a-e1c43035a294"
"bfc4b878-6648-4c2f-9d37-18d82418142e"	"cc1b7bd0-e536-43cf-965c-6298563304bb"
"73623a81-e6d3-4317-9497-b75195494e5e"	"1b2d00c3-1a9a-4dec-abf7-30406d8a38fc"
"af7c3cf9-1bed-4fec-bb82-3f2d167a8cc5"	"6bc6ab27-ec55-4dd2-b852-5a7e9631c66c"
"7a8f98fd-0137-4500-b52b-7d8ab80edf13"	"3936c151-2391-44f5-ad54-eaabe1bf49bd"
"4c4328c9-40d1-4de4-a36e-30a754a3a0c4"	"461dd6f9-61bd-4b60-add2-0cdde39196b5"
"291dcf71-1f87-479d-8c06-cbf4dc610c4c"	"486f265a-84cb-43cd-9232-247abee75c45"
"6255dd75-5d9e-4330-aa29-f91dbcc29ae6"	"8d1a1638-a104-410b-918d-5ac6b41c4d98"
"3921cc4e-9a39-4b19-8116-26f7d90ac781"	"fcfc531e-415e-448b-8219-9419bb688cfc"
"9ecfae90-c5ff-4c16-914c-7fa34b520167"	"2fcf4c59-a26c-41bf-84b3-375d58a970a4"
"9bcd7d25-ee25-47b3-b980-51f4e00ecb69"	"7ead4e75-7780-4a59-8b9a-58b74f852424"
"57685efe-0ec4-4366-88ad-a0f55bc42f5b"	"5c04fda8-5f52-4482-9266-c7a82c2fb5bb"
"1f65c331-fb5f-481c-ad19-0a536cb9bd54"	"0fb7df59-5699-450c-9b03-2bc8c29c66db"
"a9ae89ac-9839-4c8f-9386-41105e0a097b"	"67533d33-7d6b-4d75-991e-f1aa80829c64"
"70d6ed9c-4989-4a88-b80a-fefb2efd7f34"	"dbdad39f-2aef-46f2-a0c6-712c2b253386"
"6653644d-5a63-49b4-a2f8-4a1f6f62c332"	"9a426df5-435e-4638-9e02-77d02805a754"
"40112a61-83b7-432c-9580-4c74ce49657b"	"7dad71b7-f4c8-4a8a-a780-e22224f50aad"
"48a9c0c3-8315-47e0-a0bc-5114c738d161"	"457922c5-135f-4282-9969-05872d07c241"
"e848956a-a931-4dfa-90f8-2fb921822138"	"91efe875-57f5-4334-a722-74cd2e5d843b"
"985177f2-7a68-4dd3-bff1-4266be260e95"	"71151eaa-e2bc-4e79-a105-dfb0adda3f2e"
"71fae068-07b7-472c-bef5-368f0e55d137"	"c8113909-187d-4a08-8196-ca43dc6345a7"
"7478deab-711e-4533-9cde-0211b6635e94"	"441772d1-1718-489e-b307-16f830249923"
"275940a8-b12b-4faf-ab5f-03d4ea0aea6e"	"950e2e5b-8f5b-4a32-b522-b0f7a7d3d4e3"
"44069f54-0fc4-4dc0-a245-5b35ed498aaa"	"46f982e5-e53b-4f91-b54f-4c6537193148"
"b37cf0a2-1c61-4067-b163-f1172052b1de"	"72f26bca-3d28-4c2c-822c-51967c4fcd78"
"93bdc9b8-b5a9-4e09-a484-ad8ba756e06e"	"c4b81923-f4d3-4ea7-a7af-e2fd320131c4"
"00456cb5-dd36-46f1-9301-f3bd6f30cd28"	"8d7f9b1e-5e46-4481-8b5b-ad950d5deadd"
"dac3b44d-f5fb-4590-af1c-289265c981d9"	"3d6f72b0-8be0-48cc-a555-99db2750a2d0"
"3923eace-d84f-4367-88ff-eb1a2aa33b47"	"75e8df5c-e558-4141-a8cf-5d7e081e50d1"
"6130a7cd-343f-4c83-bd48-2ceed73a7922"	"42c2dd60-c9db-4609-9312-12c73bf791e6"
"2eca1b01-0a95-4e57-9c65-1eb076937531"	"06c1ed29-4bd0-4833-994d-2985d522e8fa"
"a8659086-f767-4ea3-9579-db400ee48f1c"	"540ef428-55af-4861-a5b1-29a439f59d2e"
"eb486ff5-1921-4e3a-8cf9-bdc87723e129"	"399db991-5da5-4e9b-9d9e-a26c40218472"
"a24f19bd-bbe7-431a-b47d-4fbb58cb0551"	"df7b2e06-dda9-4b0b-a668-40f0cfb4cbfa"
"d8ea64f6-55c0-40e0-8186-b2232a9a1698"	"bb75285d-7ac1-41a9-9ac6-ddba5e7ef685"
"776eb15e-532c-44a6-bc2b-efed51cf2c58"	"5eedabfa-5a2b-4a1e-8942-f471dd086cb5"
"d89affd4-6aaa-4419-a787-df1e18f408c3"	"37f1d438-acb6-4c6f-a1a1-2640aaff9ae2"
"062a0b20-5661-4b0d-b7f0-5514343dbef5"	"cb48dc6f-998d-452f-bf93-c28b847ee4ac"
"417cfbc4-a717-42ce-9e83-460142068312"	"5f3c5feb-0cbe-47ea-bef3-28e513e36f8f"
"6a3bf57a-1a68-48f4-ad58-75d89df73c93"	"5e77ca4e-b6ac-44d6-ad39-223762cf7e12"
"a8eea351-b390-4a52-a0ae-87250505d913"	"7fa59394-b09d-473a-8ff0-0381cb9708b1"
"df730757-1992-4d86-9b18-d0a4796e1525"	"aa98ae9d-0d39-4d44-8d9c-51f4a5eadf52"
"1fa37b70-f73f-464e-9e38-fe02777dc6a8"	"9a31dd65-1c77-43dd-aacd-0db15563ad53"
"d4a03416-2609-42d4-b275-996858626d7d"	"84df5bb6-987b-453a-95d2-bd69172f4b8b"
"7190230f-f04d-4cf2-b2ac-d217fc0e58ff"	"4415dc80-8cb7-42d9-9da4-b4e41b1bec5e"
"ac3406c1-d07d-4ce0-a581-97918ade0b97"	"7a2ab168-bef1-405d-abaf-558cfd51ceda"
"a056f553-c26d-4508-9cf6-d5d36df745e2"	"ecabb6c4-9b70-4d09-8a8a-92c64f88eb8b"
"5ea9a85c-2be3-4f37-9ea7-1d95caf18e45"	"c294cfe1-0744-4dcb-8da2-1b652f2d1677"
"4dbe84dd-3984-424c-9b59-dc8fd367a83a"	"b95bfdd2-0157-4426-a7cf-1ca4de512986"
"05ba6674-3a86-4895-98b3-4a1365fbed0f"	"f38607ec-074c-4d69-ae9e-bee962da8263"
"8e8efd41-2835-4890-87ed-0701cc10f043"	"ab657c62-21c8-4bc1-b2db-b97fa6eb68ca"
"1dcb981d-3233-49bc-8052-561a17ab0fcd"	"94c6837e-8f1e-4d06-9be8-b44acbea0cd6"
"a46b965d-ca59-4104-ac2d-3f28e138529f"	"7a2bcc19-d80c-40be-bcfe-c435cd289ab2"
"3b6963e0-6dce-4674-b4da-8d55cb4d3f21"	"c7449cde-485c-4fc3-b151-1205383f0dd4"
"a2e0ca4d-a896-41be-af90-9c6b44064b5c"	"32ce470d-b70d-4e20-afb3-68b0836cbc6d"
"088eb457-49da-44bc-baab-60dfb3562ca0"	"e22a5701-c666-4b8a-8bb5-846fd91737cf"
"635ae88b-8f5e-4d74-aa67-008ae73ecfd2"	"6cd872b1-fea3-42cd-9932-3878bbdd4cdd"
"d8f94746-02f3-48ad-b77b-ea03e0dc3027"	"0deb0055-3b3e-4692-aede-4861ee9b5703"
"7730d657-1190-4d1e-8ea1-c5ba7f7b3453"	"b7280ea5-ae96-493d-a169-3ef1e146ed36"
"2f8bee50-5d26-4486-865b-eaa6ea25c682"	"253eaa75-7d34-4a6b-9efc-7aef6a58c108"
"c420f503-c770-4a91-9875-d7ff1e071cd0"	"d18c998f-7e13-41d4-a7c0-f5841fb0b217"
"73cad411-cef5-4127-9d31-4dda012562d3"	"f0037b5f-910d-465e-8086-6663a10a0a56"
"c844ca21-2172-4130-bdff-0420273d4ea0"	"c82cb746-629e-40d3-9a75-8c8d069ff66b"
"d91b084c-0c7a-4c80-9a03-dd29e7d62fb0"	"d9d90ec5-798b-4e5d-ae0e-79fbc028c222"
"d04cf5b7-9928-4c37-a7fd-8e42a48813fd"	"4d3f7731-29ca-4d17-8c38-9052d39ff40f"
"2dd0e3f8-42ba-4032-92b9-7cc07c3d4a7e"	"4bf6486d-63bf-41d3-8ede-2a4521ec45ac"
"e442bc8f-3d02-45ef-98dc-5dcc31265424"	"f2b0d7ac-d070-4e64-8042-01a461ec5850"
"600015ed-80fa-4c93-96e6-23e061b036cb"	"100f164f-b09f-493f-affa-457e12044dc6"
"af1b8b3a-e373-47c4-a996-e919901e585b"	"79aca1b1-ff35-4841-a886-8118d8ae892a"
"d9767b52-7415-4731-9046-877e77a6598c"	"150b9f72-e268-401a-af97-101c3c8ae120"
"dabac8b0-61f8-4d3f-8724-050decdd205f"	"79753a57-ad08-436c-9085-7876cf180b46"
"b07182cf-9b08-43d5-a8e1-a829ec31ef54"	"ddf88562-749c-49aa-9742-cf7ed8952ba7"
"5aa6ba98-5a21-40a5-9a4e-f96195710292"	"0bc2e5e1-37c0-4c8a-9b29-0cfe9a63258f"
"265a8cfb-8c91-45ad-8fe7-4ed89cfc143a"	"00736b17-62e8-4ac7-be44-9a7adbe3f6af"
"91d00509-5406-44eb-adc7-7bb90ba85fa3"	"54bbb682-b086-4756-ae53-adc783dadb9a"
"e412f177-47f9-4e11-85c8-ffef3299be07"	"a8ba16be-abde-4a5e-9a6a-9ea631369286"
"2efed105-efef-488f-abb8-9c1d474f302a"	"f9892334-6d4c-49ec-bf52-0b162f34ac82"
"4313a3eb-1bb4-4707-ba14-14ce50adaa72"	"4de70ba3-686c-4b4a-8680-4443d5c83e06"
"df6ede33-24b3-4865-9e7e-bcdc004937e4"	"7b1d8275-8fbc-4b53-b1f3-f077fdc80184"
"c1874b26-7510-4062-a697-e6a0ded52d7b"	"55ad5269-7520-4c80-bab7-d557ecc8c499"
"b737ac66-1323-4f67-b68f-fb850936b26f"	"c860df5b-f963-4233-893e-2d5a6ef4cfd0"
"f6354283-d243-4681-962b-192fcf5ec0dc"	"32ec84dc-bf72-4894-b703-26fcfa2724dd"
"e800815d-5d2a-477f-949c-353564c262ea"	"a8b2fad2-5bd9-4a7b-811d-ef15a00439f2"
"36f34871-d108-4aa4-b953-0bf942c391e3"	"5c8f4059-c3f6-4029-9550-253ba6d463bd"
"90d6ed0b-9957-456c-a09d-b355e07b3d1a"	"9000b75c-8203-4c5a-b93e-0aa9fc2201d1"
"21954338-78b7-49b9-ab54-e18cdbf76de2"	"f2704149-f2f4-4cb8-8e7f-8bbcaa6a937a"
"2a17fd64-a540-44ae-942f-8bf83dda89e6"	"7865b410-2015-4e87-be11-b3f6da600be5"
"6f1b8dda-87f2-4622-9b0e-13ab408ff4b3"	"7ee31da9-4819-4e60-bbfe-21541f18f9ed"
"d82dd9db-b977-4ac8-a721-cf2fc4b10828"	"c612b811-ed9d-487f-9d68-7387622884c5"
"7f8443ed-2e5a-40f6-b8d1-66e4ad656842"	"f88a3d78-4d1d-4781-b6fc-a4b47dceb665"
"869cfdfd-9597-42fc-a47d-dfd5eddda2d8"	"9b7aab1f-7fdb-4de5-9310-ce08623613a1"
"763c51a7-e0b0-4d2c-b2c8-a5d5b1846b95"	"c8559c5f-736e-48bb-bcc8-2abee89fd78e"
"bb120bd8-9a4f-4fe7-b7bf-442b166bd0a4"	"a2f69282-4ee7-4a18-a4ad-13c4be2d74e9"
"92eeb8e2-3c92-42c1-aec5-27b7a5aeada2"	"f2cdc450-cfd3-4952-8c55-995448091764"
"4cbf3955-d1eb-4184-9bb6-f7b1b5178c74"	"73d18834-c077-4a42-8509-496bf400dcc8"
"726aa5f0-207b-4127-bfd2-2707effe4faf"	"dbdd734a-9de3-4e37-8c93-9e49fa10bb26"
"f66ae963-66eb-4467-b42a-3eade49f03ac"	"5ae7732e-6c82-4c06-aa6b-ed3f1c397fcc"
"60f8f6c3-b272-40b7-a6fb-4457a4dc1c6d"	"2585b9ef-6978-4b3c-a7ff-ad6e21a7d977"
"a3bb99ce-48a0-4c80-b228-1863ff9bb0d6"	"d86a6900-1071-4b78-82f4-ef93be6245cf"
"7dc731b4-7f3c-4541-af32-0fb6a413fe0f"	"6e2a8783-6e46-4c79-8ea7-0500fa816f09"
"fa081f9f-992c-4f1d-be6c-563b8dee7aee"	"1e2ff20f-ea2e-44e2-9d75-4dd2231d45e5"
"2bc64170-852b-4c10-9f05-cf9ba86bb3cb"	"576525a0-f269-4586-b9f8-09550c8c0425"
"b10adca1-877f-41f3-9abd-3c49733c008c"	"fb64ee56-9056-461c-81b7-ec21121d2ecc"
"3617abf6-5396-4996-b939-d7fb91c34e65"	"b408c7c7-a727-4df6-a362-6f244aa70f44"
"26143aa1-eee0-4480-a618-f380dddffe9a"	"68ed1a9b-7f9f-49cf-8643-628d100a7657"
"377cc129-612d-4536-85b6-02f9e6fa2bbb"	"1b1ffc85-d15a-44ff-9218-4e0f888bf828"
"2d46b7b2-2960-47ca-9231-4646a549f0b1"	"94886dbc-1dc6-46df-85dc-97efa0b5e458"
"39d4f0ea-919e-4e49-a1e8-d9fe9825e512"	"099c1ac8-de9c-4cba-aaf7-e7a0611e4e94"
"852f86ab-99d5-4a12-8341-0bf400ca7aba"	"40b5230b-9cf6-4feb-91b7-15c010890ddd"
"7c123bd6-4a69-4e45-8a7a-f65fec66a2cd"	"59b007c9-bd9b-494d-b450-abb87d7f5e72"
"db514458-b921-4051-b1a8-7fc5291a7da1"	"9c21abc2-d68c-48ff-80ba-5605cb9cf990"
"e239d03f-8828-449b-8897-eaab7229ebdc"	"783c1556-5bb1-4d27-99e3-bf55f5628695"
"7dbd8a7a-b82c-471b-ae11-f60b5f668afe"	"f8bca817-1cff-4ad2-b14b-6a7b1feca740"
"2753195b-fd12-481e-94d7-63ae4af49182"	"3520d010-8a6a-4d74-a1f5-3d72178b07e5"
"6cb21dea-1cd6-4688-b78f-c7ba02a88ec7"	"33c58d61-6090-4e33-80a8-67a59cc3bbf8"
"ec369012-6e06-4643-b9a5-2b93ad0e97ad"	"a81b3c8d-f0c6-49ec-80d3-9e45093ae60b"
"bcb2f11d-623b-4e1a-8dc3-0278cf209480"	"8eba0e8d-1129-405d-ad98-1d3f50b402cf"
"309eadba-3afb-4c86-8eaa-5731b9688845"	"4dd200cb-8cdd-405a-8a7e-372e7575aca9"
"b4cbea20-4e9c-46ca-99d3-40386240279f"	"f503e0d9-0916-418f-9ca7-a9b244da8b74"
"f75c5b34-d899-460b-8bd8-98ede8a44cec"	"016a34fa-d5e1-44f6-a776-b34a0ba07e90"
"90c38ef5-143c-42ba-abb5-f7e998549e38"	"32d509e4-63b6-4da3-b538-796a3841e6a3"
"52ad6259-d18f-4175-b9bd-1cffeafa2b29"	"bac9a26b-526b-4a5c-9652-eac58bd6751f"
"ed779155-2c11-4a8e-8182-6211d71caaaa"	"f07864d9-b7d9-4a48-9d4a-2e146731bf88"
"6ef8a867-64b9-421d-9912-710a55b36a2b"	"c52983c4-9cfd-47c7-88b7-2a6a83af080c"
"2c17bcca-ffd3-4e72-8e73-5524be2e8328"	"99e05f42-40a5-4b00-8399-ef06cdfb24ba"
"bcd1884d-d5b9-4f41-a8ef-15b53d560685"	"a9fe3ed0-f8ff-4225-880c-a7396ed7ce26"
"48694ffc-183a-4dec-91ea-4971036e75b9"	"41abd990-0a2d-4d4d-bd2c-f74ac6409d9f"
"2a7b529b-f590-4931-919d-572f5faa7f1a"	"79971e4a-7c58-4dfa-9fe0-eb9e64122c3b"
"de1c4d1e-437c-4018-9d8e-2762ac6e4f1e"	"b24bcfbd-f149-4aec-8a95-52ff2225197a"
"6eadafa5-2f13-495f-991a-142fb8b38c88"	"85b19db0-89c0-4456-a74c-43e2eeab63f1"
"11a6f2e5-1694-4800-bae0-f4033717d1bc"	"1935c283-a403-4130-bd77-72ff70872969"
"b78ae29c-6d80-451b-9c20-bc1da56180ec"	"753a9401-6bdb-46dc-9969-25d752cb461e"
"42332749-96cc-4dda-af20-2ecb90a12185"	"ace74ff3-e772-4143-b5b5-348b4cd8c4f3"
"6a070576-3c43-43ae-870f-6b4624dd7152"	"e78b045f-615a-4ea9-bb1f-33baa1237c0a"
"50409440-3684-4022-bd0b-24beae235911"	"d1e010bc-edd0-4a34-9193-6dc3deda9c10"
"c4a195d4-348d-46ce-8701-35226d58525e"	"982ee75f-71d0-4dd6-a3a6-fb54368be12b"
"7f7d82fc-17d9-463e-8c0c-153e6f1987c2"	"2713d542-8ddb-48c8-bf01-83d3d06fef14"
"d64d33ba-a40d-41bc-952f-55698ddacbfc"	"4fe4ddda-f012-458b-9bc3-b42774a905c0"
"99aa4f01-c811-4413-926c-b5e6f6bbbe16"	"73e8db69-927b-40da-a683-3025bb051b5c"
"a8207b72-64f7-4c01-a9d4-a447985db156"	"6604e927-a8db-4e63-9a45-60d6ee266175"
"2e93e3db-dc3e-42bc-80cd-ab3b5b3c8808"	"177cb791-aab7-424e-b0d1-10f87f03a55d"
"58097a7a-301c-4bf0-93bb-5dc01c34ed7f"	"d27a7aa6-8cfc-4cf4-9eb3-defd3b536fda"
"8438c247-bbb7-4113-8fb5-94b3851ff427"	"4a088284-b715-42f8-bd13-ac5922ebd649"
"00f91c66-370f-43b4-ad32-c4be3042d170"	"8ebe54e4-3460-4ade-be01-41c3f4c374b8"
"0ae74640-85ca-454d-8434-9c9c9ffeb3fa"	"97b8662f-6b03-4f14-8033-6ab58256d31c"
"eb62c64d-098a-4f4c-b0ba-5ca01eb1f812"	"100f92d5-396e-4724-9191-4eac7bb71f40"
"835b213b-5b59-420a-a53f-518009b118c0"	"363029d2-695e-43fd-bb69-b6a7f8cc7dbb"
"47fc2701-a98d-44f0-b5c8-46fb8283f3fd"	"47befa30-401c-434d-af81-cfb0a291826e"
"6cdf8487-84cd-4b4a-933b-c5dfb4d6f278"	"208843fa-1b21-46ec-aa8d-2720411b16fa"
"b7d95ee5-5a32-4fcc-b06a-95ed5dfbf582"	"809d1a01-4e2e-4eb5-b562-69f6fcbeea5c"
"2009a386-de1b-4d14-b75d-37b63da79df9"	"b362dbf2-31c8-4a86-b18e-a56967bf086c"
"0e7f3549-2cf5-46e5-b288-836651d7adef"	"7d4380c8-2741-4ec5-815a-f31cdc21023b"
"fc22f60a-4cbd-4ef9-81b1-ebdb9b934cb1"	"0e245b63-892a-4ba9-b884-54fb04def16e"
"30a59dee-c6cb-4e49-80ff-ef1b6be5a59a"	"2e64228d-826e-4816-889e-748ed2520095"
"25cb9b31-8670-4225-b374-75f6234977d4"	"43480c4a-fafd-4120-928a-0ae7c86a262e"
"cfa1ae92-1252-4020-b933-be79489cf80e"	"13ffde54-65ee-497b-965f-f35a093ef943"
"0e54fe80-5d1e-4199-97f4-cf53c8e27972"	"0820b0de-3dce-4493-a0d1-c9167768cdd7"
"5cf49304-5b17-4894-bacd-e5e3c31d044c"	"5b637aea-71a9-4897-8dc4-bf5ee12261dc"
"91854f5a-a80a-4744-b167-66816b2e4efa"	"5f052ff3-294b-4449-9549-db5da4200420"
"b6cdc666-68a2-46e8-9d0b-6ad8288dde4c"	"df9b8e3e-bfee-4e8d-8d4c-671b91c9760e"
"ecac66c8-6ea0-4ceb-a464-c5164194f180"	"fbd542f7-fbc8-420b-ae9a-966f4cf87166"
"2ecbe91c-bab7-4642-b281-2d3afd4e482c"	"fbba66ff-a3dc-4996-8d5a-3c315b6bd57f"
"297dc3b4-2749-4123-b9b2-5a96ba432d36"	"efb16819-1305-43f3-ac49-8b97be673e34"
"7b4ff680-1546-4ab5-b7d6-cddc15105492"	"af5c5f91-93fc-4c1e-a3e2-9b262b22dd24"
"0008f64b-3d8b-4634-b8e6-443b0ebf6aa1"	"405a7745-9a17-4bb2-979f-9e3f729ab13e"
"95cbac13-a4d8-48f5-841f-e9df91f8c3d0"	"9a8860e9-c00f-488f-b780-5cae4d287de4"
"c1194c96-3d39-4088-b2d9-3a75542bc793"	"c4606b8d-0135-4516-95f9-1bab86e51831"
"204081a3-82ea-43a6-a071-7a48d7c7c417"	"12002907-3d61-4854-9d0c-1776ce90fdb6"
"2d808d3a-7975-48cc-861b-c4b3636dbed2"	"3c8dfc2c-7d57-43f9-ba51-65c02e5d06d4"
"d5bdd263-3010-4070-a69b-1b75d036e5a4"	"6122a4c6-b8e6-4722-b085-37055593d777"
"a621453e-773c-434e-846d-e0482f536f3a"	"013db72f-5a92-4f60-ae28-5778144193e4"
"b8559a18-aaaf-4351-9e1f-6fbf1411b50b"	"47b4b255-3bab-4713-8b98-38375ae7dbd9"
"3a6d7aa0-3cb6-4e7d-b3ee-138a5bbcc069"	"98fe0e07-1cef-4681-a88c-9b43b5ec49e3"
"c94d2443-4bc3-46ea-8b60-3fe48c7a8181"	"1474a703-0cca-4ad6-afc9-dda95e62d408"
"538e1e47-6dfb-4921-b321-4f7441767cea"	"394651e2-18aa-4017-b301-8261d1c6330d"
"4a8aa47d-5e3e-4799-9ade-4bd123ac7327"	"849da949-347d-44fc-a499-04934f615e55"
"1564c28f-85f7-482c-bbce-c2dfb695ef10"	"3b97b70f-4aa0-4957-95cd-96e559da6680"
"3a2123ee-5fa6-487d-bee9-4ea0f0888de4"	"0da5aeef-6238-4889-aa4a-cea2d305de84"
"14efea4a-faee-4a0c-8c84-ce12135746d8"	"99dca3cf-4a1c-4072-84e2-051b40126471"
"d0ad5d9e-3ed7-4058-8c02-90c7fb9d8ab4"	"4a22440b-99e4-4a46-a36c-5ffcca335fa1"
"08f66f4b-3a89-452d-b845-a755ebc7e0d1"	"4675679f-f26e-442b-bab2-709ee1cd235c"
"f4508b33-1a9c-4a01-b1e7-89fc54600fac"	"bfa35dc2-b80c-476d-b088-e3de6af2e713"
"0e800350-ae84-4177-94fc-4dd2f01c4d31"	"0ff41c43-83c8-4cd2-bd63-cba4431ede33"
"92bd11e7-ac59-4a36-b327-cb70c59e6838"	"6bedfef9-6095-4b34-85c8-887b8779c6c1"
"d16a7f2d-520d-48ec-b2a5-8283e9449b95"	"10dc84ef-79bb-4b91-91a5-2c86c8a843df"
"92cd6416-9620-4586-81b0-7c9410f81aae"	"1c4666c9-a930-4c81-9c7f-f3d9ede3a8b1"
"b956431b-5d22-437e-82bf-89d47f0e4957"	"a28db2bc-09b9-4b95-8c9a-f6a452d928f8"
"6a2cc45f-35c0-436f-b1f5-97c11bfd2cf9"	"a1f868fa-6760-4ce4-a809-994c519aa325"
"d587e9d0-a821-46e8-a85c-5e794f53a87d"	"75745e0a-9fe2-4ff7-9ae5-9e633da7a14b"
"9bd61a81-0cb5-4a55-bf31-f71a5dd93307"	"db3a059a-418c-4b7a-b85e-ea6dc04e93e7"
"91adc706-3b59-4c72-aaff-ea854509a694"	"62114fda-6f11-4533-a256-b821880dcef1"
"eb39ffbb-f8ef-48a6-945d-ccbfe42975cc"	"6efa94c0-2b13-4093-81c5-99ae69242e08"
"3d7f3e4c-7eb9-4893-b499-97a9afc1c28a"	"4b6c0213-20d0-4148-bff8-2e23859d16d2"
"0f032814-f2f6-43e1-af5c-725ca93e8e4e"	"444e955f-0871-4367-82c7-dade30da9690"
"e62a85a4-e55a-43a8-bde7-631ec577d87d"	"54e99f6f-1028-441d-94ef-fd0c14b0d945"
"df030998-1ddf-4496-a1aa-0762b8939137"	"e9c82c3a-d660-4e89-95cb-2ed3afa99054"
"b0703cc8-6d12-448a-92d1-334318bf7810"	"4c89b4c9-0746-42c5-87b7-b16f61038175"
"ce115720-b3d6-4518-a11a-fa2a2b314bff"	"53708b09-fef7-43e4-b1a2-7ecf6d33a0c7"
"fef04e90-921e-4386-a494-3e0df2855c9b"	"f0aba79b-87ad-4bb5-941f-34e4c96f6b76"
"242ff4a6-0209-4edf-bdc5-bdb9ec1bfc10"	"951eba0c-1a8f-43c0-bcb3-b215dcb4db37"
"d33950ad-2e63-48b5-ac95-9447a6f8cee4"	"b2f057b7-3e55-4c84-b36b-a269c193e3b7"
"8445d3c3-f7e2-4aa5-88e9-af2081f9c977"	"9ab720be-a505-4785-8d49-f77d22b46b47"
"954174bb-444b-42bd-890c-5885d14a5c16"	"18c0460f-454e-4f93-a8f6-934d97a3d19c"
"6db0b636-eef5-4106-86c3-0a8823ff8556"	"a1d38b04-ee3c-42cf-a273-e98f336f0691"
"eb36b483-a0cd-4d4a-b651-417ade13a1f4"	"0ab82156-83fc-484f-af05-e95e43b9c7e8"
"194ce1bb-3054-415e-8cdb-cf598a72049f"	"9fd9df92-d75a-424c-8575-60e380286da5"
"0b69f594-3b33-4bf5-9c75-af1ffa0ee4fb"	"6a68a17d-ff84-46e0-a584-fff89e780ac3"
"7ebb2f90-8e6c-4cc4-86dc-6f2f7f359255"	"9d2f128f-ab2a-4123-a4c5-a50567740cbf"
"e4f7b0e7-625a-47ab-8bd9-4c6b0f08e620"	"417f2da0-93d3-44b2-a5a0-ba2e0b77cb9d"
"c350303c-20b8-4105-a11e-aa935e9143fe"	"b8686e96-8d7f-4da6-b572-3accd04f432f"
"778ed941-2722-4f57-8ef1-5d338f504124"	"ce8a06f2-fddc-49d7-9bb5-02bdbd372a0f"
"3237567d-0c0c-409b-9bc4-df74aeff294e"	"91470efd-94df-442e-9806-011ce91e08a1"
"20fd0b3e-b215-4d77-aef9-1da352991e4a"	"721c3b74-266e-4b4a-9362-7050c0547ace"
"1902841f-fa30-4dc9-9cf7-509ab3ad7faf"	"b4dbad36-1585-4138-a288-fd6a35b2b524"
"b62b41dc-faa3-46fa-9d26-2cc977086ae8"	"91377644-e71f-45cc-8773-4787451e64f0"
"b5a43a08-7d37-4553-bfb4-8edabcabb64b"	"4a1e40a9-16ba-495c-9bb9-9daa20ea1847"
"09254469-43bb-48e9-ab1f-e5b87cc01801"	"ccb06465-2c31-436d-81e6-59a93f02a274"
"2e23398e-ae9d-4449-8bf4-ec3c0d27e950"	"5b79b770-830f-4bfb-a473-fc5dc5df3191"
"7d023cfe-1142-4e72-88c7-b914f8f7d0a5"	"17526738-fce9-4f6b-b3a0-58ce5d4473d4"
"e88f0e96-5130-4f08-8c3d-4270aa3f8b7d"	"544ab20c-f922-4880-a6f1-48159c4a39a8"
"1c59a54a-415d-453f-be69-95c8b2c86b03"	"2ff2dd47-a17a-4e3f-8a36-7d13ff9a2706"
"a3be5f4a-75a5-49bf-bb87-c02eb13326b2"	"fd973359-7193-43ad-988a-878d7830e24e"
"cd07d83e-6326-4de2-bd3d-c9afa4ef8594"	"b2cdccaa-1237-4ada-b8d1-60dd2e4aeee3"
"2963bc82-6a88-4c54-818b-00974a7c793c"	"a0b667e2-4ffc-4c68-9c83-b535815c2179"
"934bde02-d05f-4fd1-bf8a-95c924e84d81"	"1336df28-7444-4e23-b72c-ef0c1eca8b51"
"d7ef1849-a932-4615-9eab-a166f4b3cbc4"	"ffaf830e-6800-48e7-a501-38d37edb65d0"
"a7dc2ef8-1d90-433f-827b-f008eb847e78"	"50fcc88b-87d2-4f61-b903-47f5acf30f42"
"2fe1a393-f220-4b27-a1d1-cfac5cbb67ee"	"585da674-8693-4dcf-bcd7-fd3715a25325"
"4abd32f4-10f5-49c9-ad0a-1ebf7b94036b"	"347f1dc6-6898-424d-a0a4-452154643474"
"82e719f2-64be-4a02-8908-3fdff8a23d1e"	"6db09c7b-6e51-4e27-9b4e-705f14da1004"
"23fd813f-4fa7-4599-bb05-9dc573e5eb8d"	"0ee09d54-3423-4783-919d-9e0ce016e803"
"7e967fe6-8af0-4ff8-955a-67959a1a8c26"	"58d8086d-52ff-42cb-8b28-2525315a89a1"
"b9b333c5-5933-4862-9442-8fab5a241d74"	"dbeda139-7be7-4f93-a338-b48a0f5045eb"
"bd52e746-1a7c-4568-9fec-98aa9eeebec8"	"339d7fd8-fca0-4642-8ecb-95daf2c61116"
"cec11625-ba05-4c09-8b3f-4e0723299297"	"90b46360-389a-4e65-b795-942bd95701cc"
"0086e185-6de2-4339-abe0-125ae8fc2de5"	"04b887d0-0ced-4f2c-a2b8-9d497f77fcc2"
"5ed37ddd-ee36-49cb-ad36-21a0f91e8a79"	"f3b102cf-2bc7-4a8a-a66c-01e37d3d7c1f"
"5d739d0f-2419-4330-9a02-91c65397da04"	"140864e1-e87c-4a30-8c40-0e38d9e8843a"
"0e7199c6-77f2-4a57-ae3e-332d42d77d07"	"061a1640-176b-4da4-9308-effb716923ae"
"94ea1553-8ec1-4002-acd1-a86115980c03"	"fccce609-f113-48fd-82ac-a7c9a1e76e16"
"f8beb74a-68c8-443c-a8a1-47aaceb8deea"	"8b6b839f-60f4-4640-9ac1-ffb1135d36a3"
"00a42d8f-cee6-4935-8269-977892825fcd"	"6ff536c9-1b40-482f-8565-4f1b34ab0abc"
"6399afa0-1cb4-4c7b-818a-1770879d64c2"	"10b35bfa-ca45-4bd0-a1a6-fa8eab48be1c"
"4297a6a6-3e84-4227-b7e8-44b6c19db488"	"7ac6cd2c-6f54-4398-ace2-56f763ad59a3"
"1e77ee17-1e7e-4cd6-9991-c559a7c63b9f"	"66aad4ef-a6c6-4e95-b31b-6ec48f52b7ea"
"f6e06973-ccc1-4af1-ac2c-e7a25a3b2f6c"	"0af774cd-b4a9-489e-baa9-44d2be914c28"
"cdde2f6d-901c-44d8-8f8f-a9906b81d9e6"	"45c53bc0-d290-4f4f-9475-22d27ecf277e"
"49b84bf3-c778-4263-b707-d9eb867779ac"	"dde74f57-f380-4df4-b970-92fac8dcf4cf"
"97f181de-939b-42b7-906c-aa13f496cebe"	"d3edb9e0-f649-484d-8f0f-cfa7b24fc66a"
"0886c9f2-73c1-41ca-84a1-e4da992eb514"	"7df14523-74d0-4d88-bc20-57886e214fab"
"c87349a1-276f-4807-9ec8-4624aacf2f0b"	"215802b7-e89c-4787-a8b5-47199f3d2ce6"
"0452f6c6-878b-4ba8-9e63-18191a889bc4"	"7271aa39-5660-4d64-ab2d-43fe621bc944"
"6ddc3dbe-18f8-481b-8f02-169da0f82f87"	"399b5096-34ce-4fe1-a302-6ed2fe4c9edd"
"a7820f20-31b4-42c3-9b4d-a3600fa2ae00"	"08d3cd74-eef8-47fc-8be6-951eb5576cf0"
"83d72619-9d12-49bb-978f-17c41f3917f6"	"6d08a957-32c3-4929-8e20-79993954f2a7"
"b35db57e-5e29-4550-b65a-f0a6465bbe10"	"e92f46b2-2271-49cc-a3fe-8ded1115fd53"
"481dc7db-1b6c-4662-be94-cc67248d4275"	"bfaea25f-09cf-43a3-8628-3c4fea03c8b9"
"b184ce65-8e8c-4f0a-9b38-dba5c3e6d5e4"	"0f5774d9-cc56-4b09-9274-f5881a89bd51"
"32ca2f5d-3e1d-4070-bea5-d1e9e30c3474"	"ead9ed8c-0240-477a-978a-c17945210d96"
"2d089eb5-2931-4d97-a9f1-8aa03f75bbd8"	"9ab5b296-4f98-42b1-9ff1-edb500e1fa28"
"df1f9e70-1e5e-4e17-936c-85f963454b39"	"0d48629a-5f1a-4f66-a18b-21b4e129683d"
"d188820a-147f-40f7-9346-8e96c0ff4d28"	"507ccb58-2a22-464c-96c5-74630e35372a"
"1650ea80-1c63-4609-9382-29ac79d31c08"	"b2d809ed-d1c5-4aeb-90e7-dde7171052ed"
"64045f5e-23e6-4326-8f03-1ee96acf5b49"	"948e9fb5-6dc8-494b-a0b3-3896fe87410d"
"57153383-4bdb-40d9-b20f-b2deb9a904d1"	"351d3055-c273-48f1-b716-97e04b7f2ef5"
"41b9feab-b491-47ee-be58-a5358137c0b5"	"651a48a1-d381-4de0-be55-ca6b27b309c2"
"d506063d-47f9-47de-8c21-d930f9df95af"	"b3d7312c-a098-4068-bbf1-89dca29e72f4"
"6c38d84d-d711-4bf3-9739-bd937e45a8cb"	"59eb160c-b702-4b59-935a-e89df81763ae"
"b5e922ee-6487-4187-8eb7-7b42759e9f51"	"88097ef9-6231-4727-819f-17b1ccc832f9"
"b8a7d763-bdcf-47ad-a946-f46ebd0b1e5d"	"d4acd149-5447-462a-a640-ba4513b7f41e"
"31b65e82-b3c9-4e57-94df-ba1e0ddd1078"	"93369694-8353-47b8-9837-29fc3ffa5a51"
"74fde323-8ae9-46ff-94aa-475ab6872d71"	"08253860-7183-4d9e-bde2-43c0c023b8ed"
"c7907597-393b-4238-bd75-b3ad9910367e"	"5e73b6c8-6c9b-4384-aab5-24fb9c76d723"
"962f12b7-44db-4d61-9e89-54bebb4937bf"	"8f65fd53-f078-4d80-84a0-5f5933b13d7d"
"41f000d1-a989-4bde-af6a-ad1b6eba2b8e"	"4fdad0e5-3265-4d47-b738-55364d589730"
"ffac09f2-6a2e-4718-82cb-ed0e6a6a0554"	"af36c2ff-045d-48f6-9e7a-7fdc0f212a61"
"26a4b5ee-10b1-45c1-9493-9946ad72fe5b"	"6de26ce0-196a-4de0-9eb8-a28f24ad3463"
"bb65fa50-2a7d-476d-ac64-890812557b7f"	"362567ad-c609-4567-90d8-ad719e0e5a44"
"9f21a580-384d-4df5-ba1a-5b0c62cf0664"	"1060bc92-90cf-41d0-a4d7-eb1a86724cd9"
"a4e5f6d4-04b8-4132-8b41-50245e8ebc43"	"deccf65e-36ad-4da2-a86d-d49d1f64b4b2"
"5e2cc964-c5a9-46db-8dc9-b2ed06f745a7"	"d346146b-a382-4a7a-a49d-cb353a9b7ea4"
"e5eb0365-ead0-43d0-905a-eae951c7d3a8"	"4991e05c-8055-44c3-adfb-72396d851256"
"8526a159-745d-45fe-8936-176cacc39b40"	"07ead4ee-27e7-47fc-b095-692b40ce860d"
"b5dff19a-e12b-4cbe-a1fe-aebfba45d787"	"30c14b5b-c660-4a4e-81a8-a373a8fbe033"
"dfad886d-250f-4e47-8303-48c4e6e6d27a"	"fc80516b-5717-4dc2-9ea6-b1e5a34b00f3"
"baf8bdc5-012f-41e4-8e2c-f143bdeb67b3"	"c938edaf-4476-46b0-89f2-a965c1c56d35"
"d5b19244-e1a6-450b-a945-938923ef350e"	"b9cc5993-8807-4613-9535-df279af56476"
"55f9bcf1-b955-4fa8-a1ae-930087dd1653"	"c9635ce1-1fe6-4f27-aeb8-bc02bcc2050b"
"e11c0ad8-90c3-4363-bdc7-d1f24ad77664"	"5dc8ff23-96b3-4cb2-8f39-9d08f731fbd6"
"9802418f-aaea-42a7-9f77-2af3f928bd43"	"49d3b064-5d46-4969-872e-1c00b47d7553"
"806ed8be-ccb8-41ea-b232-89417bba0622"	"a61ac6fc-cfa9-46bc-a459-909e801641db"
"bba81f0e-4e3b-419a-9c05-d9a3ad87e681"	"96887cd5-0c18-4530-abf2-c684c49a2240"
"94cdcca3-9c64-4d64-96f6-bd0bf20bf2c6"	"35d71534-14c1-432c-84a1-12fee393daad"
"c0ce70d2-f861-4c29-998a-2e5fdf65af25"	"46f39d23-06d9-468d-a684-09469c3e203c"
"4204c783-1ea7-4877-8b41-f9406588d5cc"	"3279ff31-1bb6-4b28-b7eb-19a71936b81c"
"fef71af1-fa08-4457-9a1b-9330d7ca435b"	"6b75b80f-9489-4441-a85b-699ba19d648e"
"2e9fd556-d5e4-4519-aceb-f9006912fe43"	"7f0a5c63-516b-440c-863b-09669f7e3529"
"a0053f23-842c-4046-83fd-cd89be9f828c"	"bbf2a2bd-f604-4d05-b9b5-b983cbf25724"
"4d531f81-dda8-41cc-bf69-810857cb6553"	"5a0772b3-8e2f-4664-a62e-f9f07ef45a64"
"a942719a-a4c0-432e-ad57-64d5871f80fe"	"b51622b9-d759-4748-82c3-0b87035a37ef"
"c56686ad-2c93-4389-883b-b5460ed93cea"	"0f7a5ceb-294a-47d3-85cc-018f12ed2d9e"
"7ae1ed5e-3e17-4593-bcf6-fa8f17e599c2"	"2832ab02-7026-4878-94e9-4a6b8153a3bc"
"32a1b188-6110-4145-abaf-f740c8a27782"	"53ce0d0d-9ae6-4793-bc7f-69f5f28ab75d"
"9272f601-1334-48e2-be1d-2b6278b69f3c"	"2285b035-322e-4dca-a989-43b5e51cd83a"
"415703e2-311e-49f6-a7d0-76aa23860ae8"	"3b1e296f-7301-43fc-9fbc-dc7c17ad748a"
"c0c2c466-b440-494e-a2db-69939bf8082b"	"b75f2654-9f59-458d-9ada-429f4375165b"
"fb342685-d81a-48d4-bea8-1fb9a6ca52b9"	"64497c12-f6cc-40d6-b111-579027894e38"
"6286585c-6085-4b07-8e5c-450299ff3989"	"c450ce93-c380-4022-8f44-48723e9b78c3"
"cdd46765-eb3e-4dfb-a489-8a19b49d9703"	"146a053c-861b-43ff-bcd8-74ad5f9ee70a"
"62510952-9d48-4870-9d1e-d2117c59cb97"	"1573b584-fa50-4421-b0f2-5ddf020c41b2"
"66f1621d-3175-43d0-a285-ce1aa058d552"	"360c1e38-d74f-4152-8a1e-154d3bf4661c"
"ccb8ae29-8332-4f69-b18c-2f7c95f1900c"	"b4c971d9-fffb-456c-bc53-bccb684ca89d"
"3e913f77-eed6-4b89-8b9c-86ca263c8335"	"c018f4ef-fc65-4eb7-a8fa-e77acae18226"
"ac133440-cffa-40ab-9f27-bb02e609d160"	"1c8a1de4-4ea5-427a-b2ba-d4c12ff4373a"
"33ae7bfc-f7ae-4892-8bb8-2624577455ae"	"37a65a7b-f936-4792-bc92-e8888d34c827"
"7b5f89ee-958c-4fb9-bd4f-3896ffeb67bb"	"660ab284-b865-4974-ae9c-3dcccd2b7dee"
"91777f80-0881-4c1c-be0b-eadeab271cc6"	"a3b6eef8-cb27-4592-85b4-2af1e731263b"
"c5fe7d14-0d3f-45fd-bf52-3d51afc71f7b"	"b09448ec-0ac7-4cc6-ac71-9264400a48da"
"1c2db115-8353-43f0-aaf8-a884a54fb67b"	"cd9cb57c-e7dc-41c4-a60e-619a7b77d9f4"
"b15e751d-5ed6-473d-b5ad-d196b85f8ac3"	"483fec98-b100-454f-b924-f586bbea42ba"
"304dc8d0-0bff-416b-a3c9-7f548e417248"	"9c7185ba-e145-4ab6-9c17-87d1678a6fcf"
"1e20453b-1a5b-4dbe-be63-ee4f0089529b"	"8cf34010-224a-42c1-8840-16caa937941b"
"0338835f-7b61-44ab-b333-c12e34d5f41a"	"e2da8109-c5b8-4a51-af35-9262e9d5e813"
"2f6963f1-9e20-44ff-81bf-e1c8713488bd"	"865a2f1e-a1ec-4757-9fae-b9f64c361d7e"
"e0f92f64-0ea3-4960-b21b-80e8741a7e02"	"9f8cb05f-60dc-43c2-b288-468af78c23ce"
"20ea255e-180f-425b-9ee5-b061c0a61e89"	"5422324c-3c90-4f4e-8564-f54bd3e95bdd"
"c9090466-678e-49df-860d-76ddab515742"	"288285e4-7beb-4393-a17c-343c7ea8ad5e"
"dec92fd7-a3f6-4785-82a7-23e12497a87d"	"115db9f7-699c-4307-84e1-243e0a129d92"
"1aa031ec-40fd-44b1-a3d6-3ddf0e90860b"	"7fdb208d-17c4-49dc-b2dc-9ee062063a95"
"cc69176f-658d-497b-8e8f-25fa2f3e9690"	"82b2ee01-d4cd-4cc0-8b09-c1b6cb2eea85"
"0b9cb5a7-9a0c-466c-a220-a82c97de7eb7"	"60dd4c43-be9e-4b9d-8cb3-fb1f4e4b836f"
"24967d04-51d5-46aa-86fd-c5625b3ecb27"	"f6df6b9d-abaf-485d-8e55-8ef4f8949617"
"df4d0c9b-ab59-4678-ac42-c5cce4f8327b"	"14bb11a7-7ec4-45f8-bc3a-911362453a55"
"8f98da73-9c8b-485e-8ec5-dad9c8426ab1"	"f7dd1e33-1ba2-4e52-8383-5eaa58ab3264"
"10809df3-e96c-49a0-b321-576f9460f767"	"85e859e8-d3de-419d-a3f0-e36b5f66ac08"
"483b4df9-af57-4722-a57d-6b9a06ddffe3"	"bd8bf2a2-be11-406b-9ebf-6769c8ef0884"
"636621da-7262-4f9a-b473-665c398f86c5"	"c86bd6a8-dff8-4e94-88c1-2e8c8e0ab737"
"68767e95-ce94-4e85-9256-33c42cf18c1e"	"085e683c-83a9-4ddc-8946-d5721c5d03a3"
"adc1ebd1-ff6e-4e5d-bc77-af1377018d92"	"c057115e-9acb-4260-9fa1-37f61615ec5b"
"4a72f68e-f70e-45d5-abee-51f07fa63068"	"ee1fcb3e-7265-435e-a33b-9890f44111f2"
"d52114a3-798d-48a8-9886-0f8f634663b1"	"37968f49-e208-4f02-90d9-87db02f58667"
"5f0a70e4-4b4e-4643-a10d-1e2e5c3fd5b5"	"d747926f-b05a-451e-9901-73ec1d9394e5"
"87be2f83-987f-46fd-a402-a34ff6ac5f9b"	"0e04785a-5c52-4e93-9292-5efbcbcc6e49"
"655e30f1-1244-4558-85b1-c5b6c9090fc2"	"7cf68ecd-38c6-430f-b25b-4f0f25497ff1"
"b6296443-04be-489c-8e0d-cc97f232c27b"	"b8803578-a3aa-4d7f-b3b0-8bea870d0ae5"
"51b32a98-097b-4e89-bdd2-82f5ef0d6c17"	"d2534bad-f545-4701-be81-6c0632497e7d"
"731f54b9-4526-49cb-b742-e5290a1a5282"	"aca526d1-c77d-47b3-8733-2c0d5d6a2f68"
"5664c0f6-5147-4398-af7f-6c206cddbcdf"	"0c2f44fc-cb21-4055-abaa-9c610730fafa"
"5773fe71-4249-4d49-8551-02dabd4b30be"	"c629da0f-cfcc-4b31-9550-fc0e69aec778"
"4ef0f056-c019-41a9-97a6-e6890050737f"	"cf1469ff-5c7b-4af9-b0a1-d615ff29a0c1"
"c197610e-559a-4959-941c-a8de559f86ab"	"0f698467-9596-48ca-a793-429507bfc716"
"50ed4d41-194d-4403-a273-676028399f3f"	"1236265e-3cdd-4b50-9b66-8bc179792d8e"
"ecaeba3b-332e-4ed2-8bcf-2064a3e3a228"	"d1746b70-84ac-471e-a182-da5f7d93b8c4"
"5c4df075-a55b-4a91-a44f-2bb00a39c2d8"	"09953b5f-116a-4b9c-a844-7d2e6f042eb9"
"21f05b34-46cc-43be-b5ab-0d7238806a20"	"152a5b01-9046-44cc-b67b-996bb0150df8"
"15b9a57e-9113-4e6c-a070-7fa8430796b3"	"7d8bc8ea-fa88-4008-91f8-1b70012bf720"
"c858a063-b310-48e3-a934-b3d0d3f1dfd7"	"2312f25a-5de2-43fa-94be-ce246e2c27a0"
"e30a7525-262f-4634-859b-865168187c6a"	"1cf3c7f2-d0d5-41fe-9e16-9f821a86cfcc"
"f4e0eb56-b4e4-40af-a6ce-a403c67c9318"	"0b389afa-7afb-4890-b877-5c940330d8b9"
"8c4f100d-2db6-4052-8a5a-f529e1dc654d"	"cec1197b-fc2e-459c-8250-31ca66628fc7"
"2c2a0feb-b9f9-4f49-97ff-ad514b72122c"	"ecccfe5c-1e28-4649-8d8e-bbe60c3c1434"
"4f89ba95-b43f-49bf-84a7-fec9583d5b49"	"71be3d50-2b0c-445a-991a-62d4b3385254"
"5dadd75f-8f55-445c-91f1-05f7a7d078b0"	"fa94c08f-e008-4a59-85ca-eda62279dc5e"
"72c3a453-6187-4f01-ba3f-b160dc7a6096"	"12528b4d-0236-45f8-9f01-5c4823b32656"
"e24fbfc5-4e00-4778-a98a-895fab867977"	"b7deca90-26c6-43cd-bf88-d709addc43ec"
"3db32aa1-5277-43f5-847c-2473ac7ffb9e"	"0a2e0c4c-41e0-4736-a1b9-ee57dc3313ef"
"2667d3d6-8a1b-4eb4-a8df-c1a1b354dfb1"	"0141a4b5-929c-48b4-9262-6eac19f01479"
"489d73f7-d0e0-41e2-a60c-eeb71732a575"	"cb8c359b-0adb-462a-b517-10f3253cde55"
"51f8231d-3734-4669-8b78-588c03d4eb4f"	"eb95c9dd-ba91-49be-b035-dd786aa19b4b"
"d59ab933-90cc-4cf1-b27c-f014cefe8e7d"	"f5185762-62d1-4910-8be6-92303dcfe90d"
"4f00bd89-2c0f-414b-aba8-8ebf995a00c6"	"48f931cc-d583-4a3f-bf9f-917e1cac28cb"
"da1808f6-b013-4ced-a6ff-864f4636b8e7"	"de6dcc1b-6ae9-476f-806b-706246dbfeee"
"01cde3cd-8c76-40a0-be3d-4e4536f9737a"	"3551cf30-cdad-4c57-924f-939fa8cb048e"
"0b98a4de-7f32-4439-b116-d60e9f386db4"	"ad18f2db-448a-4228-b9bd-1574b166bcd9"
"8d439c9f-7bb3-45c0-b821-96d3bc8e6f65"	"16af21fb-b488-42a6-8d27-727e0bd14eac"
"0e2b27b9-e34c-4c12-b45b-0f35c865c58f"	"c88d10c1-a20a-42a7-8ac8-f7a59c6b54b1"
"13c4ef6e-6e7c-4a46-ba23-7e550d92c055"	"e2c87aac-ca0c-4e27-ac8a-420d6ed8284e"
"24cb700d-e0fe-4d63-a224-98d40d9d7f02"	"a662042d-4f44-40bb-a42f-4024c7ef6afc"
"96dd5457-3011-409a-9785-a2a2a138a15b"	"59672b77-e967-4ea3-83f3-3cc1bd090244"
"f23403e7-6ccc-4401-8b80-97626d4da596"	"f6988783-dbc3-42e7-ab53-6acc8aa59fd0"
"1bdc10b5-fcdd-48f0-84c9-785940481246"	"7693e919-50b2-4c89-8ab4-3c699a60e0aa"
"ff69de41-2b95-4938-9490-d9dc4292092c"	"a0ba9dd1-1011-4e6e-aaed-b594bb32e1f4"
"f27fda57-cf71-4f68-94bb-d0972668fe26"	"323baee7-7426-4cbb-bff5-f70613d6dfdc"
"4f9ba2e5-92ab-45f6-842d-066a77043dc5"	"6fc7b9ed-0520-4448-99d7-3079c5eb7b70"
"c049cfb8-b5e6-4dfe-8c4b-57fa7053f0c7"	"43e9d031-4424-4b77-b744-62b1906caa65"
"9a32ed1f-b6a1-4ea4-8667-2d761d54c2f4"	"2302ff2a-df14-44f4-8c25-795c21c866f0"
"ac02d2f9-80d0-4b6a-80a4-32858354af11"	"e14d0bcd-1f65-4edd-a995-4e647befd882"
"d5f6a59d-81e3-4d48-8c9d-b978db3b05c2"	"1f9dd316-6562-4ae9-80f3-3734f96eaecb"
"1891b078-9e5b-4594-9ce4-3f8a5e20ac2c"	"c6a55045-7b2f-425f-8648-3fa207bb96ff"
"ccf7511b-1d25-4772-8c28-e629c64292c9"	"5f09a1a2-97d9-4138-bb82-39fcafd97c24"
"78ab2df4-bb47-450e-83ef-77b7dd848c47"	"5d2fc5e3-7f81-4f6c-8935-4d08c14d7315"
"b4b5d65b-c11d-49c1-b3f8-c93a58ef415b"	"659af4f1-1adb-4e51-8aa8-1f4621408c2f"
"b77db8ce-97b5-420e-8b1b-3b318d0c9e1e"	"4d0b2298-bbee-4832-bf6a-1dd805b1cc1a"
"a94a90ed-5cef-48b3-a07e-09c9cd62a4a2"	"5440e6e4-d9d6-4552-9e89-1e69dcb45bfc"
"78843748-7dc9-4c9e-aa64-cff33ce281f9"	"2a77002e-67f8-40fe-b021-0e333d8ea4fc"
"0097c44c-8464-45a4-aa22-9dba499ad452"	"c4bb83ab-1874-4aa0-abbe-2c0bbc38b29f"
"839dc1b9-6467-4915-94f9-64ee9d2a7cdd"	"5ace8cbc-0228-45dd-8356-09933ae23c26"
"58131263-163c-479f-94e3-bd97024f1c8a"	"9c6423fc-48ae-4663-91dc-2ce31b691ca2"
"0af274a4-acca-40ad-86ee-2a925339aa4b"	"dbe12b48-52b2-49df-a983-a3f6a667a094"
"f12fa877-fe36-48d7-9eb2-3579882d493a"	"22abe83a-97ad-4a4b-ab41-b9d3c3c17d78"
"a33104ae-ff0f-437a-9798-775c4eff1868"	"b06a5070-ffdc-4eb6-8279-7154412de1f2"
"09735973-80c3-4434-a7e9-1ade8a960f28"	"cb436623-cafe-47ed-8fb9-3b8322bdf6e4"
"ccdc2960-6982-44da-b7ad-b062d74f875d"	"9add8b98-ca14-4e3f-849f-796f452f338e"
"842d913b-3102-40b3-8979-474e9a9b2c80"	"78e2b679-1525-4297-80ff-ae1fb1da852e"
"6cdfcdae-56b8-4f36-ac58-a7e63f7cdaca"	"7a515eee-9ce5-4b7c-9f41-bf7d66a33e13"
"eba28013-a03c-449c-8317-1af933aed580"	"16f04136-a00c-45be-bd1e-edf2fd86b47a"
"80b8a638-64f3-4c34-bc5b-6af1c33415df"	"9b53d615-8044-4d55-82ff-00738c66a22a"
"41f7d62a-3122-40f9-827b-0d8a1f5d022e"	"e5278c7b-ae44-4311-a77a-9e5833529947"
"e1e3bfe5-8197-4429-ab6f-dfddb81458da"	"e67a40e4-58a3-4186-bfba-9e93bc2e5e5f"
"4920fadc-c7e8-473e-aa55-5a23b041927f"	"36330336-5628-489b-9170-2db447580204"
"99cfb7ca-1f36-442d-9020-333739951c72"	"01fcfd1c-de3d-4192-ae8c-8a106b7e3db7"
"ce4c1e72-ca1b-4903-afd8-590c7859ac15"	"e9ba1500-6aec-4828-8d0d-bccdfaae0f06"
"d685848c-ac6f-4f7b-a35f-972ae8635571"	"fb6926d9-a27e-4cb6-8305-ad1f3b92d327"
"5e7d9a9c-106c-41b6-8454-c10d80ff9baf"	"12c00b34-4230-4d62-8675-1f7c05cf167c"
"aad42c7f-1f6d-483d-8a58-ae84621c92c3"	"182aaa4d-5b16-4905-99a0-12d07c1ac357"
"f5ed6552-636b-4d9b-8c2e-738caa13a15f"	"63e10704-2b33-4d32-b88f-e5126c3e09f5"
"82ebadec-1d14-447c-a8a7-13f441e47f4d"	"9317dc1a-7ea3-44aa-b821-d1592f323d4a"
"141c3a73-108a-4597-b7be-d66066f51ee2"	"c720fa19-5332-4b3f-9ee9-7753094c8aef"
"781dc726-74b3-43e3-bb3f-e6fc951fabc1"	"bfff71a4-0f59-4b93-b68f-5369ee47f140"
"7761318d-26da-45f2-88bf-342a794b4b7c"	"3d2f55ad-78f1-46e7-b31d-ae3f56c1e0f7"
"7ab0139a-425e-46f5-b086-b215d3b5c623"	"783f2dd0-46a4-48d8-a9da-9ebefc99581a"
"2db622c6-e1e7-47fe-84bc-ed87ff9e75af"	"ab090881-b8b3-40e1-a4aa-f16d5d53a945"
"0fc2ae9b-beec-4c02-bc68-95499f183c01"	"be70614f-a37d-48fd-a619-29fddb5ae5eb"
"79f0dede-edca-4a24-b3ea-df6f1d70a50d"	"138e199e-1894-4f12-9674-3947bc5f0f42"
"0932abbb-f532-4357-8735-5077ad1de4fe"	"0217786a-b0ff-401d-80c9-3139a801d224"
"075b0bee-868d-402c-8729-72448d42a2a7"	"d291e037-32be-42f5-8c30-0ab4f4105831"
"9326a976-824e-404d-9fd1-18d3662267a7"	"eb36076c-0fde-49bc-b208-4ea02ef7767e"
"ad79e8e8-84f8-41d3-893d-7394a9635638"	"e57b450d-c3e4-4f7b-8a27-5652b9ce063a"
"fb85abcc-a390-44c5-869c-add67e382b29"	"3b2b944d-1863-4e9a-ab82-98af9f6c217b"
"c2e7807a-98e0-4dee-ba29-f5a7f531d6ad"	"bf9ecac3-306b-4aad-8549-a1d0f66fd642"
"a6788a05-0bc0-4206-aef7-a9b7bf3adb3e"	"f9d557f2-a6a6-4e3b-9060-b32d512d636a"
"2986d970-8700-4e41-8c74-8d65ba820ff6"	"4c7eeb75-2483-48b1-b9fc-a006ddb60be0"
"3f65364b-1f35-43d3-af8e-c17a39049311"	"7f6dde4a-69c2-45cc-a5d4-9a505307e9a0"
"367d5966-f97b-4d7c-aed9-86011076cf52"	"af3d3506-e2ec-4ccd-89e2-9acf164b89a7"
"4057c06e-d74b-461b-938c-e5a25eab3c1d"	"57234d90-a8a8-4053-b724-f293ae31b418"
"6273f863-9a74-496c-9448-fed28095ec49"	"bfe44c7a-7a21-452b-a0e6-232c2537a07a"
"2d656403-7bb1-412b-901f-59f3d2f18dba"	"0a89af82-06ef-41a6-bd08-13558c409a0a"
"35503dca-1d0a-4e29-8a73-92cef05bf730"	"235915f1-e6c5-4378-86d8-132c6f9a3114"
"811574d7-589a-467f-a1f3-69d1016602f3"	"f6d1192f-a818-409b-b5f6-d9d7770d39ba"
"56fa7163-589b-4c3a-8219-647b318233cb"	"f74d4cc5-41c2-4a96-8d1e-0d8764d92ed3"
"dc24a792-639d-4a90-aed6-d77bc760e6b5"	"2d8d2e47-96e3-4870-9c69-92e8dcab4799"
"f24ca5c6-866f-4f84-a888-64e98bf52cb4"	"8cf8d841-1e2b-4c38-b160-ba501cc66777"
"e6774e92-bf09-4d2e-9aa8-5f9007a6fb2a"	"8bbe9a32-0587-430d-9e3c-2e1444ba7bd7"
"cfcd351a-9976-4684-af44-264bc9c02d69"	"e2f0c1b2-5a24-4b86-a54a-1bde3c7eff2d"
"7ce63c7a-153a-40a9-b30c-a818cf9bb222"	"b3236240-e62c-4e05-97b8-8b5e8f81a22c"
"527dd8a9-0101-4cd5-9bfb-a9fea4e44b0a"	"fdf509d4-d633-4a93-b1f8-beb539e85f6c"
"d8947a93-9708-4bae-a9c9-84c4c7da5a23"	"0f5217fa-ea66-4cb1-bef5-ce17ea7139ec"
"f21780b1-af1d-4d42-8680-76554bfe327b"	"42f2b09c-46a2-4d24-9baf-2e304c54c89d"
"7d01a7e1-0f70-4ff3-9de0-fdfac9a0bff9"	"53f6d62a-a6d8-4682-9bbd-2800b146f1a2"
"18a88ffb-740b-4b1f-82ac-b084321e1338"	"3190221a-f459-41f3-a25e-81957dcae328"
"ae513733-cc04-45d1-bd0a-eabdf74e9213"	"60795d46-0654-4208-a2cf-993fa1a732e8"
"1f8dfcf0-0a37-477e-8668-12423cfa773f"	"5f70ebb1-2dbd-48a7-a953-76f3ec93de39"
"72b8a4bb-4235-4211-966f-127365d771c9"	"1466ed3a-de5f-4d78-8295-d32577b2bfd8"
"24ed6be0-ae0a-4192-844b-7381bbd31718"	"fd4c65a4-fd4e-49f4-9ef9-a8ddb4197c31"
"59cb3e9b-b144-4a90-ae46-110af3e476af"	"6bb18ebd-8c28-4df2-8b6f-6789c96aacf8"
"bb027771-cf34-4add-8f03-a2561b6f8ab7"	"5b4c0e8a-0e37-4016-9c7c-0088658b6598"
"3a3c5fdf-338b-4ae0-9ea5-38eccfb48759"	"430a6622-21de-4416-97b8-a45f117b5c02"
"bf958890-03d0-4f74-aabd-bd70334a2483"	"4150780b-e965-4594-bf1b-a9ed64fdc953"
"f44eee95-d5e5-47a2-93da-b5005bd6ca8c"	"8f3b0ff2-b6d2-44df-a291-f56426293c07"
"590b0f72-eb50-44f3-a6c4-4a4276293163"	"459e3097-b76a-47f5-bca9-58159ec6cf5b"
"2601a241-7ac0-4e6f-85dd-e651852f6433"	"74c262cb-050b-4a7e-84ee-e3e731d3579b"
"ee506b8b-b0f8-4d2f-82f1-15445e47b4c0"	"e1068ce4-d1e7-4677-ac12-1e979855feeb"
"dd80f777-69f0-4aff-b7f9-1d7a253399c9"	"eda0f8a8-ce0c-47c8-b29e-8d4f748aa840"
"da51d9d6-fdea-4b0b-83e7-67a20fca4bee"	"9949f390-cade-449d-8ea2-590b07b1b579"
"59a5fe55-c41f-4e58-bb7e-30e1e13d8572"	"e2c01c43-e284-4ca2-a20e-b2ad200439e3"
"4c1eda15-648b-49a4-90df-47c6898fbeef"	"6abe64af-dd23-436d-ac14-e54b89980d90"
"74fbbe8d-24d0-4e33-8eec-00124bfa99dd"	"3a054295-3aa4-439d-8b2a-6fe53357ab15"
"bf811117-19d0-45b8-a712-d0bbd6376e46"	"49be989f-99e7-4e28-8553-5869174884e6"
"61e00ef8-cc07-43b0-934e-4393e71f8cae"	"5140f70a-b913-4010-8bbb-3237fd7e075a"
"1b2951b6-4dd6-40fe-ad3b-4c7ad002cc35"	"b2fc06b0-f455-47f2-b630-99b685cabe83"
"d3317329-adcd-40d6-8dd1-d9228b5f09d5"	"760edec6-1631-4051-b688-712c7ddf1e6c"
"c9248b0b-1552-4ede-adc2-5b0d2316a3d4"	"a7be68f5-61b5-4b71-af24-b94a03a6ce55"
"af4dd63a-087f-4325-b6ba-56fe0408e461"	"4d296b43-9e68-4629-a45b-e208efdf5eb2"
"feeef862-4a5b-4662-992e-01f43ba90f69"	"00b4c870-ba63-4e34-8a56-b099a5ad5ec7"
"c1922afd-0d8f-4c06-8843-956ec34de171"	"2329f035-f306-4055-bc55-9f23dbac9935"
"2b0555bf-5a31-4fe7-ac86-be510bd08cf6"	"c3a9b1ed-9d22-4de1-97d8-2f9f42540265"
"84a4a084-741b-4a12-bd39-adba48916a00"	"dc0331e7-a78f-4a68-a537-28b16ede6a88"
"0d7fef51-487e-41ea-95aa-9a73175c9ad1"	"670643cc-6ad9-46bc-b016-3be49e487c30"
"f0c47561-4443-4f4b-8397-58ad477e2148"	"116f3758-a7f7-4460-b6ea-e9c659c30a4e"
"82e364c9-d706-4ed2-9a50-8125c4316e89"	"f62e842e-9004-40bc-9c91-670bc88f3263"
"631e3b83-522d-493d-bed2-8bcbaa550fd4"	"545a16bf-ba14-498d-bfec-46eca745c037"
"f55b19f5-2e6e-4ae5-b06c-631ff93727c9"	"08a18c2c-0703-437e-9689-8dc8fdc2b9da"
"492ac77d-c424-453a-8c70-8664298eecd0"	"27622189-8ad1-4cc7-b16b-9e41698ad315"
"b8010c6a-5151-43f5-aa7b-cf379afc8309"	"44a7600f-c567-494f-8b0b-aaa2f371ef8a"
"8e4c56aa-9268-484c-b6ab-b884d52b729c"	"2ec94452-3dbb-4910-b149-11835fce0d07"
"f56356eb-5a34-4891-b035-5dbd18b83278"	"9890f8e8-bd83-4616-b449-755f4bd6bd02"
"638afe97-0baf-4ab6-9391-b2281a16bbc8"	"e0af6007-ef75-43d9-aa61-fec353e62e4d"
"2e9094fc-17f2-4b99-b473-68c59c177c51"	"c06ab4c9-c0d4-4124-96d3-1eb6d6c54bd2"
"d484fb5e-90b9-472d-86c2-38ecb6e72504"	"74c72197-6575-4760-8739-81df91dce651"
"1df7d7b0-3f53-45ee-b97c-02cd6378dc74"	"019c86bc-cced-4050-b73b-d4e2b0a7e878"
"0bd7964b-0af4-4fb8-871d-9521861e4967"	"6193d270-5ad7-4873-b4d1-6c69b6caf501"
"98745c5e-7d97-444e-88d0-b9a1c4852b49"	"5c51c359-422b-49ed-b213-19463a8c5184"
"aa836661-1534-43cc-a5fb-0a686bb1afeb"	"46fa8c77-98f9-4aa6-a8a8-208ffe27d845"
"f6cb5dc9-fe59-49e4-bf0d-1aa8d987462b"	"15c00dc6-7540-4e9a-b04e-45b121c275ff"
"40743a44-2488-4b25-897b-9093866c1727"	"e9836e41-3641-4df7-ac11-69eb46ec64df"
"afbb2bf1-379c-476c-ba71-aa251418385d"	"3e438920-3aef-4081-86f8-44f1ef789d1f"
"913b571c-68f1-45d2-bd60-ffdb09e058cf"	"1712c229-2ee4-4211-8a90-021d046a0288"
"7792718c-a694-4ea6-865d-74022b55e149"	"265d6d10-6c45-4835-86a2-0ead9fcc532a"
"09b2cdfb-ab18-4a25-b66a-10f7b44a31d6"	"0e32d7eb-a6b7-47c5-8373-4204528ba5d4"
"80ea6e1f-57d4-4777-885f-3212feff7476"	"481aaabb-23c6-45e6-aadb-78fdaf8e51d7"
"7af52b07-c73c-4108-a5a3-fcca96f7f364"	"9421dd3b-8b22-47e8-800a-a8d7db934a03"
"10d39d4c-e577-455e-b8c4-2a2abc17e1b3"	"699c7a44-0977-40cf-844e-d9154efe8f3d"
"e9320000-bdf9-4bfe-8fc8-62a8a74a7c91"	"173f5873-cd5b-427c-84d9-7ef5bc26ae96"
"ef3d2c41-e601-48ab-bedb-c30bbcc07c1a"	"e1408c27-1ae4-4b6a-aa71-5d8327688c7d"
"4dffd77d-ca75-4505-a2e9-97769219d39b"	"9b675bb5-6a15-49cf-9944-05735f5bfb0a"
"2c04e0bb-4b2d-4d6d-844c-e3317dfa48b9"	"cf7e01c4-218f-4317-829f-60dbdff09dde"
"5e150c4e-20b4-4f97-8b49-2821174f4a31"	"63e5ba82-fcd7-49e7-b669-d47185a89cf8"
"40930cb5-1fbe-4844-808c-f1c80b4bb76f"	"a56d527d-d11d-4d2d-ae0f-f401663a4d95"
"da1d6863-5d18-4664-9d27-1f60c91f9094"	"bbb3b83d-18cf-490e-a23d-052fbcdcd9df"
"74e802ef-feed-494f-a90e-090ac8bac6fc"	"7f80201d-9951-43ed-95f2-ba98d80a2565"
"39cc44ce-e751-43ba-b111-a840985c3992"	"f14ae5a5-ac9a-4812-9506-c1c060090389"
"12f9fa30-c5f3-4765-aee2-f156702737bf"	"c368fb13-4ea9-4bc0-86a8-85cdff362a02"
"41713902-a1ec-498d-b77d-6327e65ebee9"	"fc59cbf5-ccc6-4237-950c-7f464609e3ca"
"641f9eec-b6e0-4baa-8fb2-e3304db4c7bc"	"da14c584-765b-44f4-8abc-cd118645f791"
"effd38af-b6b3-4d29-9384-f9b9c60df8c6"	"e8e5e3b7-9be4-4860-bb19-aba07293215c"
"2829fef4-3165-467b-ba98-53fbd41f9a50"	"24efdac2-29e8-4323-a840-805eabee1323"
"fb74a5e9-96b2-4363-900a-e55345fc7d8e"	"1128a578-e3f6-4f13-ae1d-35baa828c121"
"b332f406-5779-4893-9a4e-6e72921d8386"	"628dc247-9243-4de5-a09b-ac25c0a775bd"
"5aafb1a3-0a55-460a-9124-f8c0182e8611"	"5c3f8bd3-fbe6-4c47-88d1-199b3ec43ce3"
"05492392-7104-4c4b-b5f5-f045d2804fe6"	"9c2712dc-985e-4fd6-bf4a-06bd6f1f87df"
"47955102-57a8-4088-ab48-ce1f8bd3c700"	"9581d5d8-7cc2-4acc-937f-ce34d2fe0520"
"dc7f44d6-295f-480d-a353-52dba07467b4"	"b349b4c6-b76b-4e36-89c3-62676ab5df1b"
"b6a5187f-b575-4c2e-a65c-a5de6e1d34b3"	"047f0fc8-c02d-4166-b336-78d566b2d1b9"
"f1f7f337-dc3c-4b3b-9b04-e50010a64ef7"	"2c0c3cc8-bed3-4891-bae2-46e366b5d4c1"
"68804689-e998-4909-998d-1506c34a473f"	"243a3f2e-99c5-4d18-8606-ae609a3107aa"
"b90d46fd-20cb-429f-90ca-b29402685f0c"	"0c0328c2-ae59-43fd-ad45-5c81d1ed580d"
"071446d8-be2b-4541-9f69-bd5ad1d69ed6"	"e4e1f9d6-0bff-47e8-9925-5dd9ffd8330a"
"ce2f9b55-24fe-4c83-8164-96aa8e9b95a5"	"a2b75be8-2446-4dc1-af71-389ac5f4332e"
"ad628178-accd-46b2-940e-66bae9bd424b"	"4cb4509f-cbe6-40f7-892f-04018d9c3f0f"
"4c1d1b36-67ec-4458-952f-3cb795137846"	"be4139cd-bf77-401f-8ee4-64f9973c6224"
"df699e5b-3110-40f3-a8e4-b8e9dd9447c2"	"120e47f6-8722-4b83-878c-0f9ce1a13280"
"ed720a19-b8a8-4029-b41d-949bd7ac546f"	"5a7f67a4-2afd-4d79-9c50-073859792db2"
"8b49b211-3a8e-41e5-baef-9f49d0a403a6"	"4c70015d-10f1-4322-9c6a-946166b45510"
"5837a4da-365b-45c2-9e2e-baa2ced7ea8e"	"7a879a61-4dd1-4a11-9ff3-8b5c9e28deae"
"cf9395c6-451f-43a4-9b01-b77409894818"	"d0d5996e-48e7-4940-9d5e-64edd007c87f"
"b850b134-fab0-4848-871f-d8aa6057e4e3"	"54308e82-ca8c-4808-a69d-2b0cd6222b93"
"27c3c183-62a4-436c-9ecf-d3ef25e29046"	"0f8cc3b2-aba9-48fd-b401-dc044b0e0dde"
"c98dca23-e291-48a6-a6f1-0badbec9555d"	"34e6e9e5-126f-442c-9bfd-07b1d8826075"
"4a135801-8a94-4375-92fd-b01f697297e7"	"afbab610-69ed-4d61-8111-f109193f1d01"
"7e300144-e72d-4fb6-9268-78254e7b215e"	"d5330563-a95d-4c33-bc6f-12507ec10c48"
"ed2f88c1-ef92-491e-9564-8b320195797b"	"69c0caaa-0622-46a6-96bf-713e1f8d199c"
"187be51f-f9ad-4120-82ca-cd0d6e5189af"	"9f3127cb-7917-4421-bc6c-f559cb6eb14a"
"ebff379e-2bd4-478a-adfa-b8f8a4ea8051"	"b5ecd1f3-71c6-464b-b591-514e9c873b4d"
"e85910ae-ca21-4834-bcc2-35df4340cbc4"	"d5e85535-a6fa-4d5d-96a1-b64440af2388"
"224a3965-5c88-4bf8-a4e4-20aabe02afe9"	"917606f3-40d8-4488-9d2d-b3869a0985d3"
"24579fb4-bcb3-4194-a1e6-074c11486e7d"	"45cde4d6-3973-4237-87a1-08ae24abce0b"
"b675edb3-8b4a-491f-89fa-0775aa6d8352"	"b387a24b-e0ba-47c1-9297-373f9b60b8bc"
"89f741ea-c2fe-4d82-92c8-5d3c2682d7d8"	"27fe3dc9-ac5c-4cec-bc33-ca68b4e5d995"
"cb0b1576-0ac7-4d61-a784-d48957e0daee"	"e82ba561-f48f-4ff7-a3f3-93e6353607fb"
"0479d2fd-af06-4da5-86d7-57b7f39bd8d0"	"382a244a-67cc-4a4b-9341-07629bb49677"
"736640c6-025d-4004-a9a1-441eb1ff597e"	"3a319c50-c499-4107-9b9d-afb1ff8f15e9"
"11dc5c0c-d0e2-4394-ba64-4600cac77e38"	"8ff0428a-1f71-4ba8-92a3-aced2f3bbad3"
"54269e48-c1d2-4912-b923-1dd8a2281dba"	"f853c952-93c4-4d7e-a090-32704232570d"
"7bbdf659-004a-4754-8ee3-c6bdf0f634f1"	"6e663d7a-bd8c-41fd-89e8-91a05f3fc71d"
"431e0f15-257b-43f6-95f0-962e9139a36e"	"f1f921b6-d083-4d2b-aa99-aa8a61861a37"
"2d4e095e-bc8e-4383-8492-25da52817fdc"	"adfeb048-2551-4f38-8cf0-75da50a92c64"
"e4f84fe3-33d0-4507-a989-bf4349bf307f"	"4c8c1fcc-7c27-4b0e-a02f-c1bbaa3c0e04"
"37f9e20c-d8e9-42f3-91f4-5fc71e01ac49"	"e817737a-fa83-40ec-85ad-97c268365ed7"
"6e942081-495f-48e3-9870-e88213ddcaef"	"88c90639-d7be-4e8a-b982-05728b5cc08c"
"d637e97a-92a3-46dd-84d0-d0143de17a7c"	"8d07c1da-822a-4dbf-a89a-d4b82c8aed61"
"b3e956f4-4e59-4d76-9517-6bddd202d94d"	"705ff359-4f09-4783-8f14-e4e3c938a76f"
"fd7050c6-c6cc-4829-b911-888ac129b56a"	"0b75e606-51eb-410a-816d-6d732737d21a"
"896bd0d7-1190-4e7b-b1c7-9ee9db3ecacb"	"770cf802-235b-4551-a75a-bd3fb5d9f917"
"31d51e1d-22cd-492a-a855-339073c68beb"	"1e1c162d-1070-4323-a366-a9d544fb5770"
"352af9c2-c7b3-4dc2-8d73-75ed837996f9"	"9bdde8b3-20ef-4d5a-a168-0f378be065cf"
"21d8605f-4425-4693-86a9-ad26f4d783c7"	"c15d430a-f6cd-4906-9881-282ca69928f0"
"84bbcdfd-b45b-4dbe-ab35-d936cb5f7154"	"a5acc5ef-2d0a-46fe-a65c-fa223bdcf5ab"
"b19d9c82-7f64-427f-8047-234b17cc2774"	"9e3bebed-b8ed-4d1a-bdae-2c200ccfbfa1"
"50f007f1-79c3-4e1c-af79-d7fe6f89e2b6"	"f439d0d1-01df-4730-ace7-a1a3db86dce8"
"0c9fba17-3bd4-44a9-b967-aba6ea5d9dcf"	"aba4b635-f122-4e26-a2fb-d76f1ee3088f"
"1affc2fd-caa9-4e38-b656-d26c5f8319f4"	"5a279aac-414e-4371-855a-a59ce5fd57c9"
"09e82379-1541-4d24-9685-caef53cb4a85"	"9cd90da3-0e03-4812-832c-228bf0a8f02d"
"9685d0bf-f90e-4d85-b81c-a12ded9a9004"	"91e074dc-9251-48bb-86df-ac82b4ab7fb1"
"28038aeb-9236-4bb1-995b-d4926104793f"	"5b7b1ad7-6981-461a-9d79-106f2cffcee8"
"f7367200-dc2e-4446-a311-a05add73452c"	"5f774f62-7e38-457e-8a48-02aaebbb6505"
"5a12901b-e459-4cb1-b29f-2f4742c084a4"	"6e833239-f6ab-44d0-ab64-73f0cf667ff9"
"5fbb2df2-966f-4ed4-8331-798c7ecb85f8"	"47334089-23cc-49bd-82b3-115181cca140"
"61ff81e6-d8dc-4517-846b-fca2ae37b12c"	"c5b31aea-be63-44b3-9140-6621f853d3ae"
"9a0b578a-a88f-4e84-9a37-40bd5bf4c245"	"291b3d20-c8a8-45eb-af09-9078558287cd"
"fe7c0510-a8de-4bdb-a9dc-7fc004bfaf39"	"0b9f1ea3-2481-4f39-890b-7112c09328bc"
"f188982a-a68a-417c-8c20-54409b78fcdf"	"fc8c4bf0-d185-43d2-af49-34823fa85c6b"
"a841d76d-78f3-476a-a3bb-c6ceb98ab819"	"837472de-2508-4ac7-b407-81460bf202e1"
"ee0602f5-4874-412c-b25e-cc34667faccd"	"ef92d9b5-6a7a-4b7a-a54d-e098beb623ce"
"46a12567-fc5e-4047-ab9e-b61ddeb3f33c"	"677445a1-e17b-4e83-9b54-9e63a89836bf"
"a3152a45-3b30-4350-99ca-67bc65cbfb82"	"6f7b5be7-684c-4a78-9a24-047cf0cd2647"
"47150875-d294-4a30-b091-5c2f886ee62a"	"2ed0d397-b547-4c30-88be-9e616be1ec3d"
"f2d6ce9d-2494-426e-8687-ef69ad1891f6"	"8ea68b5c-0ac1-45d1-8a65-0c7b17e69895"
"a671c06e-699a-49d8-92fc-2c92b2025516"	"c0c80168-acbd-42f7-81d6-afa85c89fb48"
"7c7213ae-2551-4b66-b2c8-7398372b7d06"	"0700afe5-4179-4f62-b6bd-cacc6d9b7a4b"
"85f11e02-3711-4f32-ae58-5e396c310a40"	"52902d68-a0e9-42c7-9d41-653eca57deda"
"84c5d9bf-c3ad-4e6f-a019-4ff337e66b86"	"fd0e2360-e7d9-489f-8294-0a6d9bbc5e2d"
"f6a881bb-9626-49d4-babd-d18154d02315"	"3c1cddef-edef-41a0-ba52-36f1c626fe33"
"9a9c93bd-314f-4b9f-91f1-08eed975acc9"	"98ab8141-7098-425f-8e1f-957c0f7c74dd"
"86f69a93-5816-4175-8338-f17f5373ca1b"	"f62b7c31-7cea-48b2-ba11-24bfe0fd1638"
"9f3be553-3607-4705-8b69-e633a44aef92"	"20a497cc-0d84-40d3-8e09-b4ad75cf3c36"
"9f260c2f-6174-45c6-b130-ddd3d2b9bd27"	"27ddd968-56ac-4476-be72-e0d5ddf1499e"
"35e21a08-d387-4827-9c42-50cf9da71e19"	"db1b8eef-fea3-4536-8b23-aa21a93c89a7"
"1e1ff217-9f3f-483e-a69e-e12164df825c"	"d5748e44-319d-432c-a8e7-c0b000780d31"
"727426f6-135c-4c9b-892f-f89d0b2057dd"	"b49c2d2c-3b0a-4b88-a27c-d1cead928274"
"51c44109-c5a8-4009-a22e-a5499d25b8ac"	"fb27fa86-6146-4cd1-a78e-b8a2e98328cf"
"6ce1ae71-2836-422c-bda3-fecb7c3ee6e5"	"1e05b928-abbb-4039-8144-b9da46a5f985"
"80b38db5-0883-4ca4-9c9a-38925f0cd570"	"9ad3c522-3a09-43d1-bbd8-f29117c1d28e"
"d6b9543a-0863-4931-a03c-ac8fa3cdbb0e"	"e9578fe2-a313-494b-9984-990e8e2698fc"
"cb0a22fe-6592-4521-baea-cfa7bd090e26"	"d729fc5d-bb3f-483d-bf94-eedcd7668a3a"
"ff906667-5df0-48e0-a0ab-4789541d0b72"	"9f4a4f7b-f168-4f46-91da-42b4bc66a2e8"
"c9eab276-9ca0-457b-8298-fbf7508d0fb3"	"748ddc09-59fc-4d9c-807a-4e939b0360c6"
"5fdf8999-184b-489e-a2af-20de6ec16728"	"e3a44ad9-2f2f-4df6-a329-ac10a180e67e"
"8fe17b74-74e3-4f6a-8cc2-0038aee7a461"	"1ed2c257-b103-4049-803c-f901a8edfedc"
"135df812-9893-4e71-baa4-47dd603207a9"	"0e9128b1-0aac-464d-bc86-e646788f8646"
"7bedcc68-d8ae-4752-92de-64de83f0d66f"	"08a926af-52ad-437c-a19f-a4f9e6ee905f"
"6e06dac2-ca79-467f-8b8b-02a09bcfc83d"	"5f50ec2c-23b4-422c-b248-9269b5002b15"
"d50b8f2f-30f0-4f7c-b7ff-4e832b9441e9"	"e5a4fb8e-7f27-4d4f-ac8f-48155486c352"
"9d62a223-0d0a-48b5-a48b-8288ac13b4db"	"21f71081-9281-4c00-9027-6271b3a61be4"
"22edf09e-e762-4381-b641-0b0bb1293d2c"	"35bd4b31-abed-44a5-9a8a-350782391a70"
"ac130db8-e80d-466b-970e-098f7b34138f"	"72d575c0-0e03-4033-82ff-f4fc9d9cec42"
"f0b28745-1f2d-45a1-b213-013d5a2786dd"	"951750c2-671b-47f9-be7f-4cfc96eff778"
"ae59458b-b717-425c-ae7a-d9ca82ca52fa"	"266d671d-69cc-440a-ada7-586925ab1030"
"7b260893-aee2-4382-99d4-31cd7186af83"	"1a3c6758-c507-42b9-afe2-74d252a87776"
"48274994-923e-4c2d-aa35-52466ddfb512"	"00241182-7286-42a5-8e61-952d9af40a3b"
"219204c9-b09a-4881-9c7c-6e28e75f6561"	"643b6cb5-91f7-4c18-b526-31a39ee9498e"
"cfb2d367-e5ee-41f6-add1-613d0eabb0f8"	"7008d1f1-c415-47ba-b380-5e9c1e63fdd9"
"089812aa-2274-42c9-9745-e4fe657e0db2"	"46499cc7-2043-4fee-b16d-efb77d2c1b90"
"a67effd4-55fe-4601-8af7-f3c6fc8abde4"	"b2ae181c-1242-41ca-8713-5cad957bfadc"
"55600172-d2cd-4da0-90a7-f1976e7addc3"	"d5902420-f987-4219-99dc-1464554c9c44"
"4e833149-4e45-45d4-b06b-20c09d6242e6"	"34ab8da7-b270-4937-af33-005c4e184299"
"89c08317-24eb-4c2c-aed6-f70a53eaedb8"	"f2b0578a-d580-4e6c-8524-1dc03d7bda59"
"ab0fb257-e383-44ef-a0bd-99198b247da3"	"851d0b2d-09bb-40f0-94b5-9e3e0dc93277"
"6ba7134d-3a71-4e26-8a13-1aef482a85c3"	"139611ef-5584-4288-8640-d5c7d4bfcad7"
"362845c4-25e1-42cd-9190-dfc0ea1135d6"	"49642efc-35e5-494a-b8e9-b947a3bce22f"
"4417b693-12b2-4ebc-80a7-c7938324758b"	"ff9631a0-521b-4c60-be06-f33407dbcf67"
"9b9fb671-d654-4c01-a1f1-f5c921cc9080"	"a74da393-6ed9-450e-8934-ef0a628fab43"
"50ef66a9-df04-46eb-adbf-0732908c15fd"	"02c26a5a-1aba-4010-9407-9a2149ffad20"
"105582d6-4825-4ce9-985a-b580e37fd87f"	"2e073882-d6cb-476b-8913-cafcf3895225"
"f51c4e8a-98fd-431c-8016-5c485dffca9a"	"72dc971d-780e-4a04-80c7-26a34501f3c9"
"3aa8419e-07b1-476d-afe1-d5d8fbb54530"	"1e8cbd5c-d118-4cb3-a7cb-9fa9c655ca40"
"248c57ea-0345-4be7-974d-5c628181ddec"	"84f9166b-b698-4d03-859e-52302e9a0fc9"
"f6989dd2-2b73-44c2-86cd-083e0b67d639"	"d4b5a35f-f70f-45ee-82d7-a706f0a85f21"
"56da731a-575c-46f1-b1e9-67b14cf83e1a"	"5f79c027-3535-42f8-993f-587a107f2aa1"
"b3d23894-4ca4-4d64-8366-5e82f6bf98db"	"a27cc86a-d6c7-4f0a-bb2c-eab481a0c450"
"931eaf41-1f78-4eb4-b1cf-7478badbb3df"	"b0140776-4c4e-4fa1-b26a-2c8614eb73f3"
"e1b6e809-0b65-4ba9-8e1e-081e94d70678"	"8d3ee035-d528-4b35-8cef-0f531999b7b8"
"c5517710-4842-4eff-a0e6-bc7e181cb385"	"7837dda9-35be-4ae0-a54e-53b692ba961c"
"7bea72ad-9a7b-4dfb-9dd7-e995fbef016d"	"15905d20-42fc-42f4-a04a-18cf45aa357d"
"a1260023-e7d3-43a8-a715-45096789165c"	"88bb483f-522b-4ec2-9412-cfcae6960f8b"
"73f739f1-de92-492a-84b7-57aaef962b50"	"efb1ac15-68e4-41b0-8a84-b4908259997a"
"3f86775c-e953-4dc8-afc8-bc4a11be13bb"	"b7c0f41e-be76-4f05-9bf5-81d15993071d"
"ac36aef5-2d09-4ac4-907f-ab5ad5ee8c10"	"f449a99e-6d8d-42ff-baf2-0728b755eb86"
"81b969c0-4505-4da7-8055-2f2e76c6f5c7"	"3b3e9160-d437-4162-b05c-0e35cf7a700b"
"0de9c9f8-3f7c-48a0-a784-2a3223eed69e"	"713ed742-021b-494b-9562-50c0d4440696"
"bec2a168-8006-49f0-a175-f90f11e0c24a"	"bad5de8c-49ed-49c4-a28a-12adce3ed495"
"211affe8-f65b-4c0e-a383-c9b5ee84d532"	"ede56af3-1230-4ea6-943b-2a0d219b7680"
"65182ef3-0c37-4b87-85a8-a971584a1c59"	"0d9bfec0-5dba-4e6f-bbbe-eaef67432fd1"
"19a55ba5-c624-49b6-80fd-f105de3bd834"	"a16496b7-092b-4aba-91e9-66b2280fe68b"
"9a1b4108-536f-452e-bf52-58ed685ce0e1"	"5f7721a2-2142-4e07-890a-17a7d96b184f"
"d60bc663-51f7-4a55-89b5-26c144f29e29"	"a24135af-0aff-46a8-8544-9d771578ea17"
"1e0dc4ae-465d-4e1b-b3a2-147298f209c0"	"ce23b063-687b-4645-baec-c174a01706a1"
"7caddcc9-e601-4f5c-a852-5641754dcd41"	"8fa6e271-c539-4e19-b2b0-70e30ed81df0"
"3821e443-caa7-4506-86d4-df960a30d3c1"	"17e3be7f-fee2-4bc1-8599-903e376d7b3e"
"11f3412a-51bc-4bd3-acdd-4b58f63d2d71"	"bcae67be-2b72-4da7-bced-55c9e922bbbb"
"6311b730-5e4f-4381-8956-37cb59605184"	"70459b92-f665-4c8a-a328-864ad63b95b7"
"0c49d4bc-ec90-4948-8bb3-a87c2012f658"	"6611b80f-53c3-4254-9558-6596d793177c"
"ba8e34dd-520f-4e8f-a46d-2b7894d2179f"	"2e29fbb6-1e08-4f7d-987e-056a99826a05"
"117245d9-9796-413f-bae8-db2f1b91fee8"	"3595c05a-bea0-4347-b3f2-f64d69e45710"
"fd192e26-fb1a-4f0f-bfd6-1b948c7ffbcb"	"5e2e8489-7de5-4c5d-927a-45ad48696b2d"
"7f467542-fe8e-4011-bccf-402e2506f805"	"17efbd28-e0ab-4e5e-b6e2-2a52ada78056"
"2610bfb7-8357-4f8d-87f3-d006ddd70eda"	"ca7ec10d-67f4-4b82-bca1-ed6c7a04b25f"
"a8754192-db55-4345-a4df-04fca1035771"	"0ccbfd14-2933-4c80-bcc8-585946d16b82"
"a2a64073-c794-4310-a40b-b9b69831cc08"	"c966c3b8-f235-4dbe-8f88-c030530e7bad"
"73e68afe-1307-4ce0-a384-b3b955d5c7c5"	"d1fdabc0-6681-47e7-bcc3-e604ac411bb6"
"b1552c77-a68d-4801-8e99-a46fb763bc2b"	"680681a6-2fbc-4a0c-a23f-ff7d19bcd563"
"e8c9570c-a7cb-47a5-913d-d8143848822e"	"d9972711-4017-40ee-a526-3b2c9bfe5987"
"9c761589-c0ee-40b3-b412-76bab0059829"	"b6bafaaa-aaaf-436c-a36c-72183ed53e40"
"fb9dc855-2be7-4e30-bdeb-49ed77aa2ebd"	"0541714a-ff78-4ef6-9305-ad961f6f4029"
"958578da-7601-4bd3-9d0f-c00fce029a9a"	"249c13ac-0e21-463f-82d3-b4b1f947d2af"
"7e78239e-e341-4cad-9fec-14a849beb6cb"	"d0c15481-2ebb-4773-ae60-e809df7d02e3"
"3d57bd13-e80a-4d24-905b-c5b14cf22471"	"d9b5c28e-7aa9-4127-8129-dc263a457d02"
"9c1756bb-5535-413e-ad54-5cfe6f58fa5d"	"fad3db36-9952-4f57-a4dc-0d4c8732ebba"
"f6a9a9b4-fc19-4eb7-913b-e3ba9195c773"	"aaf0b1ef-1124-4275-8c94-dd62d16427e5"
"4960a071-e955-4c08-8deb-2f2c05c15f5f"	"f25fd18a-5deb-4935-83a3-03b5c975d9da"
"4bb07534-8356-4aa8-9fdd-759abae86fbf"	"64753f57-f5eb-4d5d-b19e-facd1712d1e4"
"0407eb0d-a70c-490e-bb1d-5e9506d9d114"	"623770ca-94d3-4f2c-a535-18527c48dc42"
"12d04066-f7e4-4950-a343-43adbe7210cc"	"b52c0483-f1b4-4770-bb48-65ba1b6bea60"
"07f80101-393f-4eb0-be2e-5d57957c283a"	"573163ce-0c33-43b8-a460-8230519e43ca"
"b229e9da-4d44-426c-b576-3c0bd3ef8f8c"	"99d67b89-31b9-41c9-b96e-085eca2cbfae"
"76d8d923-a027-4bea-a3da-863af578018d"	"c0962952-1ef4-4938-b37e-6978ca83023f"
"2fac22c7-1638-44d8-9493-fa23da438391"	"a78702b4-0845-4fac-a99f-dd1727968e3f"
"8d4271a2-771a-4c68-bbbf-0551d7d665b4"	"6edd3fef-3053-417d-88e1-323c9241c7c6"
"ae2776e2-e274-4f05-a9e6-481af76de1e8"	"13f8ce12-bb96-4682-9a87-6510915a5894"
"e45e1212-2c1c-4dda-bdfb-6d858ffc7247"	"4bd9d8e4-f2f0-456a-ae5f-752d56a4b6e1"
"074cb74d-9544-4319-b503-c74e03a437e4"	"2442bb78-c6c3-4e3d-bdc6-679b65d7cf60"
"d116b818-e65d-4f85-9146-9c0a1d36e32b"	"6c7a7e8d-28ee-49be-ae67-530a2527c796"
"d16d1691-ab45-4678-b13a-ae8f9b24c3ec"	"e8dc849a-d1f2-4b91-b5f3-a74387965ba1"
"b2eb569e-2053-4d28-a25e-7965fa6236d5"	"624e5f8a-0333-4ee1-af0e-41954fe9bd75"
"781d8669-2db4-4671-85e7-66e40b9a37b1"	"7c34bba1-b5e0-4324-9ce0-f97ec84c5551"
"7148df5e-2b49-444c-9372-172e2e2db216"	"dfee249d-f4ec-48eb-8476-644843afac11"
"fe3bba8c-feb2-4363-9cb8-fa24c5ae98bb"	"e422dea4-85a3-4996-9e7c-e7ab5b23c21c"
"0ef505f7-2120-48ef-a2d2-808819533cc2"	"23457482-340b-4965-8ebf-c1e692b08974"
"5eb1d0c6-8948-4889-bf87-42591e0e1566"	"f2e0cafd-34ad-41d2-87e7-f4a7b7a40620"
"0ab78ef0-b713-471e-bae0-8e060aff173c"	"cd4c0682-81d7-4351-8478-1b43591c2e52"
"072a1aff-4df4-4b25-a2c3-a9415de2acf0"	"2fede5ab-58f3-4512-b6d8-d177b076ade0"
"4630792c-111f-4ad7-976b-07a13d5464bd"	"ebd2d9a4-b639-4e9a-b3cc-a66ff32c98f4"
"1a617e72-0fcb-459b-a8f6-61df3ef02105"	"c8187150-3236-4fff-9293-e999dd36af9e"
"2d0029f5-2ea2-4462-a3ef-dd9bd904da2c"	"012c736f-2c1b-44a8-b3c7-6d0c1d8bee63"
"eb427e16-add2-48d0-baa6-2aa1deba74ef"	"750f4617-4079-40b4-b076-77c5af85d21f"
"b1592429-bc06-46e1-bc15-5e3675a9f9f9"	"ac0cd793-bf3c-4bf3-b45f-15ca4826e686"
"3cd0b9f9-577d-4d1f-b1b1-896007855125"	"db6eda07-0a66-4cef-997f-b81c35d6d1a0"
"22e7cbe7-168f-423c-8849-7a60238c1fc4"	"5835641b-08d9-4ed3-b7a6-b05ab2164b79"
"27b3d17f-23ad-4dcc-ad91-482e051558d5"	"42598fd6-1729-4614-baf6-422c1e723101"
"269a2b9a-ae5b-4196-a1c0-65698cc4a0c2"	"8d19a5c6-a924-4d6f-b85a-681b79fc679d"
"2cea66a8-d469-4df7-93ba-e118711500c6"	"6cade4a1-7a14-419a-98b0-fd7118bc25ac"
"67f4865b-9397-4a08-ad1c-139a0af2fa13"	"780bc035-2ac1-471c-9532-af42c438442c"
"395cb464-cbbd-4e68-bdbb-b6629e8c9448"	"54d1a13e-b8e5-46a2-a64d-4b535773cba2"
"72dcf9b8-487c-4298-94a7-cc1e29574768"	"ab97ba06-4bc5-4bbd-a525-9545e3e324c0"
"42f99077-758f-4166-91f1-447ba986cb21"	"b32cb19d-2800-4478-b633-cb48609e25b1"
"a1d74673-c2c7-4caa-a270-fd1f1305eb33"	"cd27ac07-1d9e-4dde-9207-a32a212c951e"
"1c0cfd29-2907-4320-a26e-72e0b4c65c35"	"ba30d634-2bfb-4b4e-804d-ece2d4a25226"
"95ab01a0-374f-4816-90c0-21e45deb65d3"	"2b5680c7-a4f6-4efc-b8e3-f6c6f4a17578"
"a8dfbbc4-063e-4595-80b2-b2016a3fc44a"	"465f3fbd-a342-4ac8-be61-4ea1573e9097"
"0d258df5-8d42-4374-b486-b82665e967a2"	"ac323f0d-be87-4d75-95c0-b1042601bb1f"
"fb8e570f-388c-4067-aa3e-7fd3b4ba8821"	"91f83828-7bd9-48a2-a890-89272db7757c"
"cd4201f3-cafa-43f0-9ea1-f727edbbb022"	"428b22b7-22c3-4958-9024-938281a4a943"
"40886227-4f5e-47ef-95fb-f3e3c57708de"	"e9657148-c3d7-45db-ba38-595bcd04cfee"
"31fcffca-ad75-4728-aeb4-cb08c53a42fe"	"e589b76a-cc9c-4826-ba42-0d7d41262367"
"9c52d318-0caf-4523-a5a0-351bf0554c1e"	"2d65ee62-df90-4f1b-afc1-8060c8452662"
"a536079b-09f8-43e8-8818-2dc525df0782"	"234b0ef2-380b-41c6-9b52-2d9a0d356f8b"
"09d42323-d1a7-46a8-9632-3940153a0527"	"175a364a-ab04-4f9d-ac79-96354fb0dac3"
"fab80fd1-cecb-4136-893f-7ead6a68e0d4"	"8f32615a-6643-4961-85a2-fb5286721e68"
"b98c8ac0-0bd2-41da-b563-3dfddee920af"	"df6de119-1e25-4ac4-84d5-48501c0a741d"
"2f2395bf-4fc4-46f3-8fb7-1709cfdbb778"	"4046cc22-fe9b-4bac-9c8c-ff717bfb08b0"
"58af955e-a032-411c-872c-76714e8a1365"	"dbdc3095-70eb-443a-8d43-39e170fbd08a"
"0e08f6b9-5907-45a8-9e2d-84cb18c131c2"	"5599df7c-79e4-47c5-94bc-47bb6972cf94"
"2adcf82a-b81f-49d9-847a-d8d21077d563"	"a3ad7ecf-a73f-44c9-b729-3ca3bb5ee00a"
"7117eb39-7ae0-45cc-9110-149fdf95429d"	"79143877-00f4-4796-a42d-10abbcd75fb1"
"ed3eeafe-02ad-4259-aa27-700063f03cda"	"4428e795-9ee8-465c-8ca8-7cc1179fa9eb"
"7f1c18c1-0463-473e-8d43-325f7ca2cd01"	"d50087c2-1e75-46e6-8d1c-ae0684efe07a"
"5309c5d9-a292-470a-8b98-6b686d0adb9a"	"5d373983-a052-4588-b7db-ccf101f606ab"
"4b113700-ae5a-411a-99bf-24e331b96fae"	"2c6af24f-6eda-4ca2-98e8-5141c5478b30"
"5ad02bc8-6865-4f18-8da1-bc16cc1ff53a"	"50436200-b064-47c7-a159-ff43cc849d10"
"e1b4e44a-7847-4388-8934-cb3d485997cc"	"5e4d6ff6-1aea-4fc0-b8b7-8d2df27efc6f"
"5900f185-0bae-4ad9-9e66-9ec9e6ad59db"	"a8836a72-b701-49d7-858b-1a12fc92e1eb"
"9087be85-a4f2-431f-8482-fff6f14aafb6"	"693eb41c-3eb9-4ac8-b70a-89211bdf81e0"
"cd7fc23f-1202-425b-a0f0-46b9c136ea6d"	"afc09b09-4c07-4048-83a5-17b82af5101a"
"c6df00c2-144a-40f4-b8d3-bf62fe820125"	"926e485a-c916-4e13-829f-d52be0b25d6b"
"39ebef61-f897-429e-8a7b-e70e165dc0fd"	"69fccd80-517d-42ba-bca4-c9048d4aa507"
"f4043d91-e49f-4094-b561-f66ae1b28363"	"26b0246d-2724-4e33-8f20-4ce0dfaa1f1e"
"710c55ad-b201-429f-bde0-cc984ba28f3c"	"6c7cc10c-cb1e-4eb8-a9c2-3c62bfd37918"
"42f37081-f625-4055-9040-cba957d3e5cc"	"fa27d41d-5023-42e4-b440-ce35495ef93f"
"f236a467-9a73-4315-a728-6c7b4713dc11"	"84866de8-61a3-4fb2-9ae7-4647c2afba9c"
"94ef326c-5003-4809-a375-5377a1b23912"	"0c5f12b1-c6b5-465f-bc11-90ab8800e400"
"b2f59f30-b846-457b-86dc-5efed5b5ca8b"	"3c9e814f-6e36-4806-806a-98baa5f003f8"
"346cd546-d0dd-4b52-b69b-cc99ce07f5bc"	"2cd5508a-5156-4085-aecf-f988733e9bd4"
"e1b28363-e3fd-45bc-b787-a8cd371e1f83"	"36827fd3-b73b-4816-bf85-182896192718"
"c3e2654e-6e73-4e59-b436-076b70a90445"	"c4e4bf1f-0a08-40c9-a949-24bda4d40766"
"4b9c35ce-f485-4b0a-9c2b-06dc337d98e7"	"8b3bfa8a-8519-4ea5-aa97-f5bcbb83a17b"
"874183fd-515b-4612-bbbe-6fe723d296ac"	"962984ac-87ad-40e7-ac62-ba263bd37b30"
"bbbbac81-485a-4d29-8899-77cd30e7b5e9"	"4ccb3c96-c509-4dc5-ab30-aee281513e7f"
"87d25e09-c2f3-4041-af0a-112262408837"	"8c57ff0e-d4a8-4063-9448-e8b3f11fdeca"
"1dfb0a75-b605-47a0-a51a-e7b5ac15848d"	"46931d48-2829-48cf-8a16-ddff17876dea"
"46307e7b-c5a4-4a50-9e16-b658276cb833"	"8a9e42d4-8118-4596-bd27-e61057ce4392"
"f06038eb-3c91-4b31-980e-1924d5bbcb4c"	"b018c092-0f88-4439-8764-db7d465bc580"
"8a03dc36-4164-452c-a99e-28bf3bdb76d0"	"21310408-79d6-4a48-aef6-c4ac30b31953"
"6320f9cf-37e8-4e76-8169-7eb85eec57f5"	"3dfc831f-91d3-4e6b-8f6f-3e3aff0d998c"
"5e60f99c-44f2-4de4-bfb4-12c562e4cef7"	"f85cfe96-7297-4671-9e2c-1b328558ef95"
"5a6f2cfd-536a-4cc8-8aa8-20fe4210742f"	"8c93a0e2-81d9-4274-bb08-5e1160fa5cc7"
"057db8d0-8d14-416b-9d3f-d4c838b81494"	"c61b61b6-7020-4da3-ac0a-750c9bfc4131"
"215f8767-91d4-4d48-bdf2-ba77e1579a85"	"b6fd963f-fa69-47a7-83da-78bd630cf23e"
"27ec684f-01e1-47c4-9718-6b015c95302b"	"902ba5fb-b616-43df-ade7-4c36abb074a2"
"89d21631-aa64-4d5f-ab7e-f78d9f23b935"	"556e3e3e-adc5-43bc-9eee-a9c8bd920c02"
"a6f9cfe8-9fa6-494b-803e-8d6b4dc4160b"	"abc9db72-f0ac-4e4e-87dd-ec6ed8559364"
"9d33c2cf-ab37-49ea-b517-a769045c80a6"	"4daef8f0-9036-4980-940d-1f6c466d381f"
"02f5e65c-cd07-4498-80fd-7143d2bb980b"	"9f137049-abb3-4414-94f8-5cbca87738ec"
"7082baa9-556f-43f9-9dfb-d1284948846e"	"38f092ce-9f41-4dfe-9878-26acb4f19a5d"
"ed8e215f-ae29-4f22-b05c-9de30ce1b7cf"	"bc3477d3-a6b3-4b87-96c4-06d39b0a2eae"
"f9f58211-5cf9-425d-8946-3d7f61fb79a7"	"43d4acf1-1d6e-4cce-be45-b98194a9d8e5"
"c88fea1e-9a6b-46e8-bd5f-2d05982f3c5c"	"404fc335-9632-4f63-97a0-4eb8d47a3e8e"
"f62e5585-f7c9-4455-9069-141ace531542"	"9c4f9799-72a9-4424-941d-c1d9536bfb70"
"9a536e87-89e1-4da5-bcdf-44403af23d6c"	"ae50275b-c915-41c5-b4d0-c1eee3be0877"
"883f440c-657f-4fbe-b3d3-0b46330acb2c"	"ad476ce1-7b14-4c48-8abd-8688456b06cc"
"e53b648a-64e3-47d5-9d1a-989808cd1c9b"	"16b5c299-fdc2-4cea-8156-eeccbae3d013"
"d3e7f09b-8fa0-45a8-9932-a3c379a79c98"	"ca6bef4a-dc6b-4894-b463-249b45188802"
"e552ee90-5269-4c6c-9c1a-10eea6d45709"	"e9d1dea8-2e31-49c1-b4a9-2e36ea925a57"
"7de9f8c1-5017-44c5-a96b-7decc0d9dc48"	"ac77fb20-9791-4b1c-8460-334023dd0a8e"
"7790d3cc-5ae6-4de4-b634-a7e5657c3598"	"631301e0-711b-4b6c-8699-fb6b8937cfc6"
"b486f55d-b7d1-48cb-86c6-a39e63eb375f"	"1dfefb49-f858-4932-b984-94cbd51d2f92"
"d9107e8e-bfdd-4a25-bd66-25e8148ea031"	"2e70210a-0a85-44c9-b3e2-12ed027f4e1b"
"6ea4f216-52f5-4fb6-89ec-504c675cd115"	"cedc8ee4-f425-4ae1-b871-b4459fea506a"
"ba6a1af6-09c1-4b3d-b167-51f2eace89e0"	"8bcfeffe-b9ec-4204-ab4b-a1a615246209"
"aed6d4b7-c266-450e-91ab-c73e2a1b435b"	"47af23d0-f298-43ed-be5a-c450919693ca"
"b853942e-f414-4130-b87b-14d5a93ec968"	"3abbb52c-1336-454a-8fb2-dc466e44192d"
"b03b194b-0a70-417f-a3bc-094d738c8304"	"7fca6dac-aaae-4192-8dbc-52f1b8f7beef"
"ed8d8c1b-ddde-476b-85ec-d389ff561d5c"	"8e410b98-67f3-4235-b8e6-8ae3e9da9534"
"50809040-43d8-4773-b85f-7df2a3ef96dc"	"16dd04ca-c2c8-482d-afce-102864010e1e"
"dfdad74f-a625-4f37-a2a7-4cbde42c60d9"	"371ef4d4-83c7-4865-a5a3-854d48565f34"
"7eb3d072-f127-4be1-9172-848949868502"	"56fe7d94-93bb-4dd2-a23a-4fca291015e7"
"7d655277-c35b-4b12-85f4-78b5d71bd1ec"	"2726871f-870d-4aaf-befd-29ff7522e6d6"
"67709822-d803-4af7-85d3-0ef1c99779dc"	"b25e6c55-858d-4ebe-af11-a7abc5f24d8f"
"9f218a01-2ec0-4145-8176-4b6be8bdfac0"	"aa9d0af9-c761-4d25-8af9-c7ee7fa9915a"
"6c11abdd-49da-4095-9f4e-0fa4482615c8"	"deb6c21a-662d-4b53-a03e-78d30af334ae"
"37b5e62c-91d2-4623-ae63-c343b1833791"	"d74d220a-ddaa-4bec-9ec9-01acc4a743e4"
"5cfe472f-0bdb-4e79-849d-dab7761da418"	"0aa4abfb-25fa-4273-b868-539d268bf71f"
"c2a91cf0-3de4-498a-8404-4f5d7ade95d4"	"75ac1407-066d-4510-ad09-0dc8537337bb"
"353944e5-0084-43dd-a0f3-fabdd85b2536"	"be7a422f-3f0f-45b5-b123-fed8b66a4142"
"759027eb-b44d-404d-b661-8e398f0bccfd"	"bedb69ea-8479-4b2e-ae0b-24f061f9362d"
"f12b3e42-3ab6-4875-b8b8-a8c42ef4c5b8"	"eebff43b-a254-430d-bfb1-69be961fca70"
"f4576794-68ce-4b9a-b620-3e3b32829a80"	"40586170-3ab9-40fc-b6f7-b06bb0333f2a"
"1dfe5623-d8f2-487e-97a5-dbabc4c74d87"	"8d665c25-6a37-4151-a92d-dfe7fbba971a"
"5b7a0fcf-7848-4e07-80c4-0911c22bde07"	"667ba07b-c1cc-43dd-82fd-bced348dc339"
"7468448c-f046-4ce2-a31b-530000aef4ca"	"417b3ebe-0a3d-44b2-9876-81420468a4cd"
"92f4259c-11ee-47fe-991f-407640608a77"	"9cd6ac24-a0d8-4b4f-9aee-c0a640eb6911"
"82fa3d7b-d04a-427d-87de-6e4e23b30d3f"	"8fb1888a-8d28-4b39-80cd-1a94e57a656c"
"57dd4772-b8bd-488b-a78e-a21329946f3d"	"029fa114-f7a1-4e47-8289-e7eaaa846b33"
"33635b39-c02e-424e-a2f7-1ad851635817"	"ab55fd33-9324-4e5f-8477-80ad0ffc58b6"
"d19dadd4-569c-4e59-8606-d03f5db95f6d"	"82b0b7fa-9572-4084-8efa-4b336eac4661"
"ac37455e-fc7f-4443-a9ec-9562a322ab94"	"125dcbf2-6738-4431-95d0-e7cd7e1f5061"
"f430dc0c-ea6e-4a0a-800f-e91f2a51a176"	"b7ceab5e-1efd-4dcf-b956-a334387f93d0"
"3d9e7e14-7aa7-43ef-ac6c-c13de3b78639"	"b29f4111-a470-44c1-8eca-cbe3f5e96655"
"15943ca9-6feb-4b37-b579-b97a0779e482"	"d3e5e742-0251-49d9-8d84-ad6b8ba45e7c"
"e59177af-c094-4551-89db-0fcef6b6a7c1"	"ba2eabe2-7437-4a1f-bd45-148d151025d6"
"f8b8e059-a91f-4f19-af29-0308295fe396"	"3ff59676-93e5-4942-9c26-1a2953a2c2c7"
"07127c5a-e585-41d2-8e84-37d060b0e19f"	"835a0cbb-270f-48b6-bc3b-e45a439e8d17"
"bfa3a0e4-f5e0-4e60-99a8-9ab07528cc75"	"a886f81c-fc63-4874-b85d-c5622d560ae8"
"4d9055d6-4d30-4ec4-bf4b-73cfafc5d87a"	"d8ec09ee-bc49-46bf-9d8f-fa8c2ef9817a"
"43774b8c-80fb-4904-b18c-7644613a39b0"	"3d769675-dfd6-42e0-9b60-cad373b068ed"
"4eabbc50-0cd7-41cd-a942-0b2f9fb96350"	"1a195ce9-c67e-444b-ae9e-9bd5970afc64"
"c8161eef-6583-4126-882e-776a5b8a5dd5"	"397e6b9d-5b8b-4845-aaff-d8809072e69b"
"422ab969-84f1-4bec-8bf7-e95b2765ca45"	"a3cf0af9-2104-4e45-9122-5ea9369a8235"
"7a1b172d-8e02-421a-9959-c7df25f3cef0"	"72b76866-4e83-4621-afb2-33121b4ed961"
"d49ebe76-c078-44d7-9c29-ea0a7247d951"	"e4b96f32-48e6-41f9-865b-40eaf15b4ecf"
"f8c653eb-b774-4238-b568-8cb78fb8bcc9"	"d2bfc3f7-3f86-43ac-840e-01d49570a10d"
"efa14931-d326-4ebc-a0ed-f6fc74ac74d3"	"fba6fb38-b43c-4a73-b277-73bd74f38f79"
"d81a243a-c3e2-4cf5-a7fd-c51a94909c6f"	"ae953f6a-0afb-4f9f-8a58-6d7102944ff8"
"27dae979-b324-4897-8b35-1ae39a6b94dd"	"449cfc45-f820-421e-aa5b-977930c9ccae"
"feb21cc4-6d95-43bd-a614-07c5daabbb0d"	"104dc95f-67c6-4909-80fc-d03e897220e4"
"ff7ec46c-0344-487d-bd55-4baf0a7f1888"	"94a6e1cb-0465-497b-a0e2-da6da0bc0c74"
"ea1b3c05-2c25-4362-9951-9af757f2f01e"	"f9c63bdb-8d17-4018-9426-c7f63474ab46"
"15a1e04f-6116-42e8-b2fb-21848b451093"	"f8c87306-2e93-4ed7-8a64-dfec36736d7f"
"efba433a-9787-4659-8356-6948b0788964"	"103310b9-6f4e-42d4-8e4e-f562af69d1c9"
"d630736b-e1f5-4938-aca3-fade9ff0a2ac"	"dc460021-938e-4d8c-8bc1-4a039e370f74"
"2047a857-bb99-445d-bdcd-87abcf622bc6"	"ec15e92c-cf18-429b-88ee-99e80fab91fa"
"ee878af3-0ff3-498f-85d7-da1b83190301"	"a033566a-ecd4-4cca-9a7d-a8ce0f844e08"
"3ce0d674-bdde-47a1-bfe0-e71cdefc45cd"	"b1b4b946-9f29-44ac-a65c-1764fb5460d1"
"52226c7e-c4a3-437c-9bf1-e684c6a1e441"	"6430d630-13f0-46a3-a505-e6c9270eff04"
"f2f00709-a8b8-40aa-b292-986b01814e31"	"8a907837-16d9-45fc-996f-ff26e6e654fa"
"cac9401d-c846-481a-bc0e-094329d7f1f5"	"da3fb245-abd3-4e2b-b35b-4e97535a4a6d"
"34861c15-7931-4424-bd90-f47e059e8fe0"	"400ad1c2-a92c-48f3-8980-80293da3a45b"
"ced13515-755c-48d7-a3d9-c3c5bfa76588"	"0e254ee5-8b26-47b3-a88c-f706688cb491"
"f2052433-658d-4937-8a23-ac6e89fbda2f"	"4f045e3c-23ed-47a3-9153-2cb6350550ad"
"76b51089-5b2d-4c97-b8a2-ba42023b3a74"	"ad3d9020-e5cf-4fc8-b124-2363cc695fd6"
"8d5f904a-cfd3-494f-b4b7-8317d4e26074"	"81ad01c7-3f4e-48f9-8739-6ab4ea8dec21"
"82eca8a5-9b84-4ebd-8cfe-b3fa720b1a28"	"518f9218-01c2-46fd-a3f1-6a258ddb38b7"
"4d181fd9-4a26-4ab3-9ee8-aed27b88f525"	"b562831a-9062-423f-adba-933940b34860"
"18e88f34-7fba-4473-a382-033eb182cd1c"	"0f624add-3af1-48b4-95ce-e715c078adfb"
"871ddfe9-bde4-479f-bc10-ae4cf26473c9"	"f793ee00-55b8-44d7-a470-c0d11d6b368e"
"851c09e6-68d7-49f6-aac8-54be266e9bfa"	"f0e9540d-a355-43b2-ac0d-798ee59b1724"
"a4f94926-0131-49c1-9c27-f98fa8f3f5e3"	"33728796-16b9-4096-ae54-c80673a4d8ae"
"6cd69146-3025-4453-99bd-f526aa19225a"	"b4320a16-badb-4f7a-8c92-296442384741"
"ae3f0e97-793a-4343-b1b7-89373fbfd2d4"	"c466b15d-3ae6-47f4-b949-63ff2b7956f7"
"25f6eb4e-8b0f-4af6-9106-af2b5bb02d51"	"34c1720b-648c-41f8-a0c3-54aee643a53b"
"af6b6903-3c06-410f-962e-0dcd53810276"	"1a6aae9c-2d01-417f-b621-af82daef8ec1"
"060bf75b-fdf9-41dc-9535-77b1bc6ab70b"	"5e07e130-c21c-4b6e-8905-4c4d60490b6c"
"925e775f-7d8c-471a-a326-dd86b4a389bf"	"a4aa2bfa-15b8-4021-9c76-f92b8fb31067"
"97ef95cd-abb6-4291-8161-7e398c83bd83"	"251ec1a3-8bc3-4272-9189-4ea1e7a84166"
"480650c1-b53f-4353-a8ef-508a911fda60"	"88c8ed6e-3115-434d-a5a3-3c3ff6acdc7b"
"8d9e36bc-e8e0-4807-a6d2-f9ba4e126456"	"f0d6389b-f22d-4a60-9f4e-48c66a7c1a63"
"a21a09c2-30b7-490f-bba1-70753b47340a"	"f6915724-96fc-481b-9391-159ad6ce4064"
"3a54bde1-e18e-4807-bb17-4efc9caa47b2"	"b3c8be01-23fd-4a25-8a08-1bb99a105727"
"158d5188-1667-46e8-b74a-82ed5163d4ed"	"7efacaf6-6b20-4954-944c-2f3463a7fd72"
"35b33db8-a7a6-49db-8799-ef0a5c6271a3"	"88331b1f-b250-4db2-b016-f8815b5f5a3b"
"081636d9-0137-49cb-84e9-2ae96196c4cb"	"168f07e1-0f55-4b4f-87e8-34674862a7ee"
"0c7e657b-7cd7-4da2-a765-7c15ee60e737"	"e8a816b9-d37e-49e1-94e0-abb30289b477"
"fc9264be-5426-4108-b2ba-0c4df2593ee0"	"09f9b3e5-74e9-4044-965e-5a122f8025f1"
"327fa43b-4346-44ec-952c-3f9dd636c484"	"797d4db4-d895-43ca-b7cc-63bde66acb44"
"6e61b3e0-9285-41a0-b601-f7875bfc490b"	"e802fada-e190-44a3-b7a0-60402aeacb59"
"d3db1879-7f32-45b4-a47c-0b91ed5acbda"	"7ef66856-3e64-4ee4-b59d-be149330065f"
"5d52eeeb-cece-4edd-bf21-ed2cb7711a66"	"a87a2ce7-2f80-4c77-8948-744064ab64ec"
"677aa071-0c67-40ac-b07a-bf8c1d88189b"	"ffff585c-aac4-42cf-a052-ccc525e46b01"
"a5e9c24a-b7c1-49e8-be19-a68a36a8d7ca"	"65ecc477-a438-446e-b121-9cc135aa1675"
"d13dbe0b-7129-4f4b-b145-a7d06fa7f223"	"2cd6c9eb-974d-4e11-8c3f-86630d2d801f"
"2ea509c6-0a1d-4955-b2dd-f575c82eb392"	"d6ab3d8d-17e0-4324-b8cc-0a7656972f56"
"6b9c1c65-fafb-4d03-9138-477c45553480"	"6a21aee1-75aa-4f04-9ab1-b6b6c1bdba99"
"300750a0-6248-4b79-b698-8a598290a9f0"	"14718ab1-5606-4202-b056-13b6bcde0350"
"a391cfaa-50e7-47e3-b4a5-40b311a0095e"	"dcdcf70a-cf94-4657-9f49-0159fb2e24da"
"93f09eb0-a0e6-450a-bfdb-c9cc551793df"	"d860ee7a-1b17-451a-8ad9-5b0ab4b657dc"
"d85f0138-6b77-4c69-a5b9-3a257441b375"	"b1a3dfdc-1438-488f-9002-db985f5e64e1"
"178b9d01-2448-4931-b736-cc129e106058"	"3d5b82b0-03f3-424e-a12f-4ecb88508fe1"
"d94e9c76-a3a9-4d04-8c61-929277d533cf"	"49cf9f3d-1862-420f-981a-8ccbbe4c9277"
"5e0ff25c-a09c-4346-a58e-46bbd3b9de04"	"4cc37522-5fdb-4a57-a3f5-4913579c8bab"
"d4f9ef36-0b58-4e8d-9945-1749a901721b"	"16373435-e83d-4293-a157-746ce93ebe38"
"ace724fb-5dc1-431a-8b93-212140b56593"	"3f1ab2d6-86a9-4549-918c-ce931b32ce3b"
"980b5be0-3f79-4cea-bbf2-ad6e8da827a9"	"3c583e3b-167b-4077-9fdf-bf32031b858c"
"34286fee-b59f-4672-838a-7b28494c7fd1"	"6a25a515-b092-440c-b75a-761eca3171ed"
"d88f32db-b8b9-4127-885c-bc4852b62b61"	"93db75ed-bc09-429b-8cde-9000779b5e6a"
"9298aa65-7da0-42e6-82c0-bccbccb299c4"	"bb7260ac-f0f2-4691-afe6-b252b01bd2a0"
"80fa8201-6a49-4ff3-8ece-dc759cea32a7"	"b3ea79ed-9d9b-44b8-8aeb-e33c1e51ee52"
"e8d02705-5b80-434a-9d34-2203b54a3808"	"a1cedbd5-df74-4dec-967d-f2a11a5ab8af"
"6f37699a-736f-4747-9dc2-a85cc9b023c3"	"c3afa410-2d26-409e-94ad-2cac12b7d77d"
"c2e15760-3b83-419a-b299-84ae7d2bbb8d"	"0ec95e28-e618-42fc-9f64-d2d5c42c67c1"
"4df36f9f-bb77-4cc8-b1a6-5f256166553b"	"c71c1636-fade-43e9-86fd-709cf271ae7c"
"6a8780da-dda7-4c84-b199-1b4204a0e0f2"	"99ee8902-3001-4012-a174-ac1ea7942a07"
"17a65322-a3b6-46c0-98d6-e2d25791de29"	"d626c8e8-7b57-47cc-bb01-384638149f35"
"24515ff9-8e39-4e0d-89f2-effa5fb9c6d4"	"fd33e8e8-32cd-4299-ba48-92c314143de4"
"50ba9244-112b-420e-aa3b-cc69bda1f33d"	"4e378da1-9b98-4711-91a7-a4d31893df98"
"5249febf-c2d7-43bf-9b70-2ed88628be72"	"3310cc55-907a-40b8-a715-4313a5deeac9"
"cbda1f0c-56ae-4d71-9cd4-e8a6479e9a8b"	"3f75f7da-e02d-4881-a26f-5e297e0fbd1b"
"02144cd4-4b00-486b-88b6-2997783749fa"	"420b9c19-f4a8-44f2-93e6-cc04065b378b"
"0efddccc-d557-4f99-ae83-8cd2de206873"	"5b0ce791-32ca-4fe0-ba5c-0953dd0a0d6e"
"078785ee-5e8f-4eaf-b08d-6c596cc8902c"	"48623ebf-780e-4699-916e-8542bbd6add8"
"3750c68b-d013-4419-8d5b-c1eb0af871d6"	"dc9f5cda-bc51-440a-a93b-4798b9c9e7a4"
"1b03bbd0-9d0b-4800-8013-5a0fb92bf7ce"	"d2a672a2-181e-4a35-b678-d9317f8f7bc5"
"68a911c1-e7f9-4936-affb-7868169c60f0"	"206fdc2f-4c79-4c10-bc19-1a6604512613"
"ef82244b-aeed-4383-b393-901536d6f50d"	"192069cd-0e66-4c20-a745-32b95bfaa7d5"
"1e3a78d1-1d7a-428f-b793-fe644f11a602"	"bcf010e4-61c4-47cd-95b7-fa6ae6db36e8"
"33441022-7a6a-408d-8461-c6dc8db0f451"	"c6e444c4-941e-4290-b172-53faa8eae8c5"
"6371fec2-cff7-4964-aa62-87ed04f23f22"	"d95f3dd8-98c6-48a2-8db6-2de3fecdec6b"
"187398cc-753d-4ab0-96ae-f1495483053c"	"9648328c-bf1d-4ebb-8899-dcba54cafd44"
"245b042b-bd26-4014-ad43-f31a2423adf0"	"d2757d46-f5a9-4df8-ab8e-5ef2ff21f5bf"
"a799c075-20d3-41d8-809b-e2bd7ae9fd3d"	"9a63e9ee-ae01-4cca-9a25-b9c20ac2a336"
"46a9eb71-6b18-4668-88d6-2cdf9d7bde49"	"cc146438-e727-44fa-b301-eace7aff430a"
"c6834e88-6ae0-4df0-8678-97e2eb913421"	"2f7bd29b-c26f-4d74-8b97-98496fec5a71"
"62d3610b-5f84-494f-92d1-5733b3c74c8b"	"55d4b52e-c7f9-4ce5-bb43-e18d49a48dea"
"b45064c4-6683-4b8c-8724-4e66b2a574bc"	"1eae1342-4299-4a90-becb-9b91f1f71804"
"3779b6a5-0ed5-4e8c-a54c-3bc67d3eaa10"	"4acc2d82-3335-4ecd-a05e-3cd5c1a63226"
"39eb49bc-d5b0-4150-9a3e-a8296b90bc4b"	"dc74f031-5d17-43f6-acba-afe7dfb20797"
"2a3c6b99-60e5-4ae8-8889-455362217ce3"	"0fd5a3df-f31f-4f32-a8a1-aedb469f42a2"
"c5dd268e-dc9b-4476-82b7-136a93ffb94d"	"b093f981-2090-402f-92a3-af5071d4c960"
"9856cd03-66fc-4c7e-81d0-9348d21c6a99"	"c7cb52e0-70cf-4fd4-8ffc-d2742b6bf756"
"bb434a37-359d-4e76-9468-a2addf3a7bab"	"d26917b6-9afd-456d-9ccb-edbcd01c9991"
"848854f1-743c-4aa3-a002-fc789a6c5698"	"a0eaeca7-bd17-4f27-b88b-f4f1ac6e6d18"
"c4db3639-87a5-4a99-8234-2100874d4e3d"	"aa7728d7-1dba-4e33-a844-fed8a4b71104"
"c2e5eb42-2236-4232-828f-af4656353214"	"8e52309a-74e9-4a98-bed5-c97607bb0048"
"d036b156-9aba-4e05-9ac2-059359af08ca"	"b39991b7-cfc4-4e7b-a93c-69cc19120ccf"
"aaf61038-569e-4797-b239-fd07c5f7dccd"	"8e0028ca-0cbf-4ad5-b6ae-e3374a834432"
"218e5eb9-4085-495f-92cb-8f35b8122d67"	"3f7f44a8-5cf3-4564-b55c-a3dd41ee454d"
"fbb615c0-c455-4ba1-b523-693ff751d3ba"	"814538c3-25dd-4eb0-94cb-c571907ff5aa"
"fd758cc2-4cb6-422e-87a1-fc021aa4d4ad"	"6ea8e82e-fe7a-46ef-aaaf-7f5c8808346e"
"8b773302-7c63-4aba-b4f9-67f129be5593"	"81c61bcd-a860-47ec-9a5c-88a65e8d5b43"
"d926bc4f-61ff-469f-9df8-016a576d600f"	"ca59eb37-1a52-4a47-8170-3df6f9e27735"
"5837cf7c-7ab1-43ae-a944-f86c35a0207b"	"7e4f993c-0283-406e-8354-a5f3c202c2ea"
"a38c7315-570d-4984-a756-1dbe5dc20f9f"	"37a0d64e-4864-4fb9-8b13-6767dcbc6124"
"fef7a187-618b-4b6d-9916-b83021d2bdbc"	"af0249aa-a88b-4ea0-a7e0-2fad5ba3be3f"
"9b00dd10-8a09-46d6-8619-1a20cbac04a7"	"447f4748-2815-4045-92f6-e273c2592f63"
"df02d57e-1587-4b33-b5cf-55027909f538"	"5ddfef22-54e2-45b6-b82a-ff5692d6ee0c"
"fc5ced81-c0b4-4963-8c5f-de6e488430b9"	"f20e22ba-4732-4411-bf4a-7c06c07b1467"
"d81af026-0543-4a7c-a5a9-f1ee46ae1168"	"55a81ffb-3dfa-47e1-ba49-4639aa29a682"
"9e42e231-e3aa-43ce-8402-d10274df9cea"	"74de5dd1-22f0-45e2-9a13-4d6d0a1913ea"
"777fa0c7-b8c9-4fa4-bf63-134f7c6d6d87"	"e915c6f0-3236-4622-8a93-09b0ca6cfdb9"
"e4300542-d45a-4523-8520-1fad94317dce"	"e2755a83-94bb-40f9-be5a-3843b6f656cd"
"19dd7760-e705-4738-8c08-85d536d00f49"	"c2955c7f-1924-42e7-a434-f2292fd71210"
"9e799745-ec56-4881-ba3c-5c83766581ae"	"1983bbf2-7990-40ed-9037-0d13f23d219d"
"8de6fe6a-3b9d-4a35-8ff7-8a8b6db9a7d5"	"f78296a7-fe05-430d-853f-3e1838e2d5c0"
"4c2148de-7533-497c-b214-f6974c5676e7"	"a2420392-0dbf-4c8d-84ba-2d51817b738c"
"1dbfec0a-7f3b-41b3-8133-524ee6bc79e4"	"7be9b75f-9b32-434f-b0bb-9d441fc6af03"
"e6e95971-cfa4-470a-82d5-15e48ef18b12"	"f20787dd-fc9a-4fe2-ad65-c01d1c3b40b1"
"29055199-c1ad-4a05-ab3f-f5515982d1a3"	"1b67c0ec-51ac-4155-94c3-c3fa2fa8770b"
"78e2bb57-aeba-45c7-8a86-7b27f95455c2"	"ed84ddbf-7fe2-4deb-86b9-00b653678581"
"40cc472b-21b1-451d-93ea-2f4daeb8d013"	"9421be21-930c-45a0-aab8-37717e439845"
"d4f66614-2679-497f-a744-1f9df35ed36c"	"769c15d4-f9a3-45e5-b3f6-30b3a6dbab28"
"9588a432-82f5-4b5c-8afe-65c58f83d2b4"	"4a626c5b-cb63-4bd9-8603-61f3a94b7ee4"
"6caae9e6-6213-4bb3-82d1-9933d3671ce5"	"29ac0404-cc02-411e-984e-df8b63f7aeac"
"4989d2f1-ee03-4320-81dd-efb770f7b0d1"	"6e8676bd-facb-49aa-a95a-de1bec523436"
"9026eb8c-3bf3-4cd4-baa3-093117f82908"	"f8fc6fb0-78e7-4901-a486-a11fe36bfc49"
"535e6215-f958-4180-8d93-516c32f1b389"	"8427e156-7283-4506-b281-0b4c0c2e5cd6"
"b94dba00-e9c5-40f8-a4b8-14a4f7f7d9fb"	"80b1369e-992f-4ebb-b7fb-b0b7938f7b2e"
"6f65a16e-5116-4f3c-b40f-b1aaa43acd67"	"54076564-3750-4e4e-bb3b-2951886d83c1"
"82d8b451-2604-4238-9ced-0d3eaeea0a64"	"51c9fcb1-77dc-44b0-8b33-5b7269691733"
"676a1252-8e99-4df0-9ab8-b440281610e6"	"e9389b43-f858-4a3c-8583-a7d5b7b5072e"
"97964c51-4a8f-44da-8aa9-c70342abc0d9"	"bbea641f-4025-4817-9c75-2e4075bc93f5"
"b5ed074d-365b-41e5-9d96-7b3ff4ec1579"	"2a630fd4-765e-469c-a238-b25470d5f946"
"e574a400-e570-4593-b01f-dc5406d32259"	"cb6daaf3-58b0-4c7f-9397-02e5204bfef4"
"38c35ffa-c4a6-4f07-8f00-733089735a16"	"609d7ac5-bd23-47ec-b26c-c48b6eefce0e"
"38c49af3-1ed4-4e2b-813f-a99560cab5e4"	"ff47b35b-b565-47a1-aab6-0b721a752598"
"9f1e889c-eea4-4ff6-b8de-93cf5d7272a5"	"69e0fe44-0573-4ab1-b93a-abeba63e8389"
"b13b035f-9789-4107-ab75-914651ad06f0"	"8de982e8-3188-4cf8-8845-c2f44c33d2d1"
"8ec962ba-a32d-45be-bd5b-842b555e3a1f"	"3ff79d4f-15b9-481d-93d7-5e0cd3d2abc1"
"7a6ddbed-1b38-4552-b03a-63284d9e7bb7"	"3da709fd-3fc5-4b52-9888-32a5cd724724"
"6260b535-4d2d-4917-b98d-9202057aa73a"	"437f1d64-12f4-4bef-b2f7-9705c5fd811f"
"114aafc2-99f8-43ce-8644-1d322f23f301"	"04c80b1a-1fb2-4cd0-a4ae-2f29e630ae6e"
"0d9b54d5-7bda-499f-b491-53b65c01892f"	"750268d4-7cf3-4ce5-86d4-a65b8faf7370"
"c3a99342-81af-4308-a661-a055281de426"	"baba84ea-c74c-4307-9209-73194bb89172"
"b6ed8ade-9df6-4e41-9e1f-1ede712b5c3f"	"61643f29-aa0a-41db-b563-fcae920345f2"
"332f6314-aecf-4bbb-bcba-cb1dbf002748"	"6de5e9ce-7fc0-46fc-895e-edd7014c5d62"
"d783fecd-3af5-44df-810a-5f41e9841f07"	"06f0b838-baa5-4b9c-9d91-0acab3549485"
"f2fb275a-dc2b-43a3-a71b-55e4e19dbd3c"	"b8d852e8-6ba5-4ff3-acee-97e18897dd12"
"48deff10-51bb-4153-a4c1-d5d519cf5a65"	"3716bf64-5add-4100-80e2-df0962222d8f"
"03bf3c76-327b-4daa-9854-c9ec50650ac0"	"670abdcb-3937-413f-a898-e6457a60db6f"
"0af3eae5-182b-4b1b-8fd9-4e988f96cfdc"	"3396c827-b75f-45b3-b1d2-b5d58922b936"
"d6c9e31b-9a66-495f-b114-ab8d5638b611"	"ec19bf46-94c8-4f1c-9ce7-39525e3ec7a1"
"dff12b71-40ad-4355-a9f8-2af9e70c53d1"	"81a3d83d-b571-4178-9c55-4f766849e5e9"
"53a0b737-3158-4eaf-8abb-d70d6074992a"	"d29f56f4-3966-4295-8818-1cf62698b54b"
"0aeb34f8-c49c-4a8e-813f-1641b4df9a2f"	"04f0d655-a27a-4c64-9612-5dd9da6cd7a9"
"ad957afa-9247-4340-9d6a-791ca10436ae"	"721da2d2-4d91-4631-821a-7954ad96e9ff"
"72551b37-010f-4dcf-8355-368274191823"	"6aaff28a-c4c5-4d17-be25-0f0b6d098847"
"4c07c431-6ccd-40fb-ad3d-6964c514e9b5"	"d46b9c10-1495-44e9-bb27-574cf41f8d5d"
"e27a0515-ef76-4eed-95a9-514286b289f7"	"475b047b-7405-4081-b5ff-0187d50b38e7"
"22bc3bfc-b18e-4422-b3da-0943a43d32aa"	"6ed55d34-9fc5-49e1-ae05-1485c2ea446d"
"8fd4e043-1bc4-4ce7-a445-c6e8d90fd195"	"8fbfac4d-f62e-4eae-be84-8b48032f975f"
"f8d87dc4-473e-4848-b49c-52a5aeef574e"	"09bb55ab-736e-4f95-a791-42783724c2b2"
"24636b04-6f18-4b4a-ae12-25c00d4ececa"	"4e43d853-8138-4575-9a15-0c1d927ec0b8"
"682a41a2-bb2a-4499-8ba4-d76993b9e571"	"eb65b560-81b5-4bf5-a3a6-e92efa1184ac"
"8c03b364-9724-4b64-b7b3-873485b9f50c"	"35311633-6f13-4a25-9b9d-48cbb50e7dc1"
"54593f1d-096c-4ae1-8617-afc7f293532b"	"fff23478-6ed5-4055-90db-86e657083247"
"82717974-14e3-46e5-889f-56be00f4dd56"	"ae37fa65-a8b5-4cba-a564-9e4f7e684a74"
"b003dc5c-ed71-4271-8bf6-37c77d2f3390"	"93adc460-fb58-4018-9079-21db090e5d02"
"023fb0fb-ed63-4ee8-9284-e8989cbecb6c"	"8ec521f2-4298-4bf9-a263-1395e22e2f33"
"7ad0b3ac-6f58-46b8-8abd-567145ecb01b"	"310078f7-0310-4db3-b20a-4d5944f3377c"
"d8ad2067-b435-4f87-8504-46d452365cef"	"75beb4cf-0d1e-4839-bb36-d9928196a3d3"
"f6e0ad37-fe47-4451-9bd0-3a0b967cc584"	"acd30dea-2ecf-4b8a-a979-38b994490c2a"
"973b5290-b77d-4196-b322-125a593a70c5"	"f965dd20-1b13-4488-9a31-efc928efa9e6"
"9871721e-2aec-4cfc-8ccd-af86866b23ab"	"9e6ef6c1-998c-40c0-ac8a-fc8692d36827"
"08401170-8cce-40a5-86cd-28d78ca52f51"	"f71996df-fbee-4836-bbb6-9e5fa83dccb9"
"1e9a9aa2-0e80-416d-aeb4-48b020ccb041"	"dc0249e6-99b8-487e-849a-cc625d0126a8"
"2a120b7b-7510-4ccd-92d6-cbaeb7268dc1"	"e622a4cc-a32e-4033-be51-fcca0c83f728"
"cea8a346-fddc-453a-aff8-94bcf93e733e"	"b1273234-0ecb-45df-9195-bbaa7ed6a300"
"d60980d0-0fdd-4608-b228-030ea5d5414e"	"05427c16-2f8a-4744-87b5-5973db75097a"
"7d41f02e-0c49-417c-a38c-f225b0520cc9"	"6f2a6c60-7838-4d63-9177-324486f5ed87"
"88b9e34a-1dec-4dc6-97d1-09a365c463a7"	"432d65ac-2eb1-41ef-a073-17e5c1c75d0f"
"3dc03f2b-7e1a-41e4-a80f-92af2863b4e8"	"79a208de-a528-4930-8726-9b0fe33613f8"
"b4b660a2-be43-411f-9648-d1aadad9635a"	"c476fe92-2244-4e83-84c6-642c298b9f9f"
"d6756dea-66db-4ca0-a9e3-e09c71d20c06"	"1ec09385-211a-49e9-8a9c-0fe6090095a6"
"86310c4a-9358-42ec-ab2d-d98606e631e1"	"ef0181b1-66fc-4c75-824b-023ecf1fd613"
"03228669-8a42-4cd8-9351-de06e3c64777"	"ccc725c3-f31c-4079-b476-f68bdd571f0f"
"dd067944-a2e3-4993-994b-babe582ff9a0"	"04b2d050-778e-4464-b6a8-6186533456f1"
"47f042bc-58de-423f-8b2b-940cacc12735"	"72447076-3e5a-482d-b929-7746964240f5"
"22b7299d-0d4d-416f-9256-59dc40d8b54e"	"d3dac4e1-4879-4b7f-b458-55d320e6821b"
"75dd9952-9a47-4af0-b7af-f018ae415f31"	"dec02672-6c13-4f1c-97d1-170bd21794ed"
"242e34c6-ae19-4721-af81-5188e1d46385"	"6cf8448a-785c-44b7-a1a2-3e803cdcc893"
"08345b9f-b680-43c5-a6b4-d623e3cbd280"	"cb81f11e-6fc3-4a41-befd-0a135d4b8c39"
"05d20cf4-3a05-41eb-94e8-aa4a7eedc3c1"	"18890b56-076c-4d15-98f6-80914c41c680"
"2dc53d77-7b99-41ff-8a86-bcaa02ecbd9e"	"267a9bf8-1649-4a22-a71e-b195ea7c41d3"
"60b274a8-3ba3-45fc-8951-5d4963230917"	"84b38e6b-7e4d-47e2-968c-2e59298f2328"
"93899422-d110-4071-959f-46607546cac4"	"d75c52aa-d8af-4ba1-8526-d03669d916a7"
"aa73edb9-cf76-4e7e-bd5c-680aaf92358c"	"004b3718-573c-4883-aa6e-698a600ff736"
"336260c9-2046-4167-be68-9e9c08f01345"	"47b43010-0f5a-4dc6-b775-2deaeef78baa"
"fd76b032-1393-4e54-a4b5-1e0ba938d221"	"1e86d511-9469-4086-8fae-a7ba00fc7fbe"
